"CRN","ARRIVAL_TM","AUTOMOBILE_COUNT","BELTED_DEATH_COUNT","BELTED_SUSP_SERIOUS_INJ_COUNT","BICYCLE_COUNT","BICYCLE_DEATH_COUNT","BICYCLE_SUSP_SERIOUS_INJ_COUNT","BUS_COUNT","CHLDPAS_DEATH_COUNT","CHLDPAS_SUSP_SERIOUS_INJ_COUNT","COLLISION_TYPE","COMM_VEH_COUNT","CONS_ZONE_SPD_LIM","COUNTY","CRASH_MONTH","CRASH_YEAR","DAY_OF_WEEK","DEC_LATITUDE","DEC_LONGITUDE","DISPATCH_TM","DISTRICT","DRIVER_COUNT_16YR","DRIVER_COUNT_17YR","DRIVER_COUNT_18YR","DRIVER_COUNT_19YR","DRIVER_COUNT_20YR","DRIVER_COUNT_50_64YR","DRIVER_COUNT_65_74YR","DRIVER_COUNT_75PLUS","EST_HRS_CLOSED","FATAL_COUNT","HEAVY_TRUCK_COUNT","HORSE_BUGGY_COUNT","HOUR_OF_DAY","ILLUMINATION","INJURY_COUNT","INTERSECTION_RELATED","INTERSECT_TYPE","LANE_CLOSED","LATITUDE","LN_CLOSE_DIR","LOCATION_TYPE","LONGITUDE","MAX_SEVERITY_LEVEL","MCYCLE_DEATH_COUNT","MCYCLE_SUSP_SERIOUS_INJ_COUNT","MOTORCYCLE_COUNT","MUNICIPALITY","NONMOTR_COUNT","NONMOTR_DEATH_COUNT","NONMOTR_SUSP_SERIOUS_INJ_COUNT","NTFY_HIWY_MAINT","PED_COUNT","PED_DEATH_COUNT","PED_SUSP_SERIOUS_INJ_COUNT","PERSON_COUNT","POLICE_AGCY","POSSIBLE_INJ_COUNT","RDWY_SURF_TYPE_CD","RELATION_TO_ROAD","ROADWAY_CLEARED","ROAD_CONDITION","SCH_BUS_IND","SCH_ZONE_IND","SECONDARY_CRASH","SMALL_TRUCK_COUNT","SPEC_JURIS_CD","SUSP_MINOR_INJ_COUNT","SUSP_SERIOUS_INJ_COUNT","SUV_COUNT","TCD_FUNC_CD","TCD_TYPE","TFC_DETOUR_IND","TIME_OF_DAY","TOTAL_UNITS","TOT_INJ_COUNT","UNBELTED_OCC_COUNT","UNB_DEATH_COUNT","UNB_SUSP_SERIOUS_INJ_COUNT","UNK_INJ_DEG_COUNT","UNK_INJ_PER_COUNT","URBAN_RURAL","VAN_COUNT","VEHICLE_COUNT","WEATHER1","WEATHER2","WORKERS_PRES","WORK_ZONE_IND","WORK_ZONE_LOC","WORK_ZONE_TYPE","WZ_CLOSE_DETOUR","WZ_FLAGGER","WZ_LAW_OFFCR_IND","WZ_LN_CLOSURE","WZ_MOVING","WZ_OTHER","WZ_SHLDER_MDN","WZ_WORKERS_INJ_KILLED"
"2011006353","","1","0","0","0","0","0","0","0","0","0","0","","02","1","2011","4","40.552226","-80.082298","","11","0","0","0","0","1","0","0","0","","0","0","0","10","","0","","2","","40 33:08.013","","0","80 04:56.272","0","0","0","0","2215","0","0","0","N","0","0","0","1","02215","0","","4.0","","7","N","N","","0","","0","0","0","","0","","1004","1","0","0","0","0","0","0","2","0","1","","","","N","","","","","","","","","",""
"2011008058","","1","0","0","0","0","0","0","0","0","7","0","","02","1","2011","4","40.50264","-80.103185","","11","0","0","1","0","0","0","0","0","","0","0","0","02","","0","","0","","40 30:09.504","","0","80 06:11.466","0","0","0","0","2110","0","0","0","N","0","0","0","1","02215","0","","5.0","","7","N","N","","0","","0","0","0","","0","","0255","1","0","0","0","0","0","0","2","0","1","","","","N","","","","","","","","","",""
"2011008108","","2","0","0","0","0","0","0","0","0","1","0","","02","1","2011","6","40.429494","-79.877013","","11","0","0","0","1","0","2","0","0","","0","0","0","13","","1","","0","","40 25:46.177","","0","79 52:37.246","3","0","0","0","2426","0","0","0","N","0","0","0","3","68B03","0","","1.0","","1","N","N","","0","","1","0","0","","0","","1350","3","1","0","0","0","0","0","2","1","3","","","","N","","","","","","","","","",""
"2011007375","","1","0","0","0","0","0","0","0","0","7","0","","02","1","2011","3","40.382781","-79.976854","","11","0","0","0","0","0","0","0","1","","0","0","0","10","","1","","2","","40 22:58.011","","0","79 58:36.674","8","0","0","0","2301","0","0","0","N","0","0","0","2","02301","0","","5.0","","2","N","N","","0","","0","0","0","","0","","1050","1","1","1","0","0","1","0","2","0","1","","","","N","","","","","","","","","",""
"2011006008","","2","0","0","0","0","0","0","0","0","4","0","","02","1","2011","3","40.506548","-79.989519","","11","0","0","0","0","0","1","0","0","1","0","0","0","22","","1","","0","","40 30:23.573","1","3","79 59:22.268","4","0","0","0","2116","0","0","0","N","0","0","0","2","02116","1","","1.0","","7","N","N","","0","","0","0","0","","0","N","2218","2","1","0","0","0","0","0","2","0","2","","","","N","","","","","","","","","",""
"2011007114","","2","0","0","0","0","0","0","0","0","4","0","","02","1","2011","2","40.344606","-79.948311","","11","0","0","0","0","0","0","1","0","","0","0","0","12","","0","","0","","40 20:40.580","","0","79 56:53.920","0","0","0","0","2473","0","0","0","N","0","0","0","2","02473","0","","1.0","","1","N","N","","0","","0","0","0","","0","","1224","2","0","1","0","0","0","0","2","0","2","","","","N","","","","","","","","","",""
"2011002536","","2","0","0","0","0","0","0","0","0","4","0","","02","1","2011","4","40.457173","-79.937665","","11","0","0","0","0","0","0","0","0","","0","0","0","12","","0","","0","","40 27:25.822","","0","79 56:15.593","0","0","0","0","2301","0","0","0","N","0","0","0","3","02301","0","","1.0","","1","N","N","","0","","0","0","0","","0","","1240","2","0","1","0","0","0","0","2","0","2","","","","N","","","","","","","","","",""
"2011007271","","0","0","0","0","0","0","0","0","0","7","0","","02","1","2011","2","40.442232","-80.008561","","11","0","0","0","0","0","0","0","0","1","0","0","0","23","","1","","0","","40 26:32.035","2","2","80 00:30.820","8","0","0","0","2301","0","0","0","N","0","0","0","1","02301","0","","2.0","","2","N","N","","0","","0","0","1","","0","Y","2342","1","1","1","0","0","1","0","2","0","1","","","","N","","","","","","","","","",""
"2011007379","","1","0","0","0","0","0","0","0","0","7","0","","02","1","2011","1","40.544582","-79.919059","","11","0","1","0","0","0","0","0","0","1","0","0","0","22","","0","","0","","40 32:40.496","5","0","79 55:08.614","0","0","0","0","2209","0","0","0","N","0","0","0","2","02209","0","","2.0","","1","N","N","","0","","0","0","0","","0","N","2216","1","0","0","0","0","0","0","2","0","1","","","","N","","","","","","","","","",""
"2011006011","","1","0","0","0","0","0","0","0","0","7","0","","02","1","2011","4","40.456914","-79.938523","","11","0","0","0","0","0","0","0","0","3","0","0","0","20","","0","","1","","40 27:24.891","3","0","79 56:18.684","9","0","0","0","2301","0","0","0","N","0","0","0","2","02301","0","","2.0","","7","N","N","","0","","0","0","1","","0","Y","2015","2","0","0","0","0","0","1","2","0","2","","","","N","","","","","","","","","",""
"2011007116","","1","0","0","0","0","0","0","0","0","1","0","","02","1","2011","1","40.493246","-79.958289","","11","0","0","0","0","0","0","0","0","1","0","0","0","99","","1","","0","","40 29:35.687","1","0","79 57:29.839","8","0","0","0","2118","0","0","0","N","0","0","0","3","02118","0","","1.0","","1","N","N","","1","","0","0","0","","0","N","9999","2","1","0","0","0","1","0","2","0","2","","","","N","","","","","","","","","",""
"2011007380","","1","0","0","0","0","0","0","0","0","7","0","","02","1","2011","2","40.584272","-79.881622","","11","0","0","0","0","0","0","0","0","","0","0","0","16","","0","","0","","40 35:03.380","","0","79 52:53.838","0","0","0","0","2209","0","0","0","N","0","0","0","1","02209","0","","2.0","","1","N","N","","0","","0","0","0","","0","","1609","1","0","0","0","0","0","0","2","0","1","","","","N","","","","","","","","","",""
"2011008938","","1","0","0","0","0","0","0","0","0","5","0","","02","1","2011","4","40.409011","-80.014608","","11","0","0","1","0","0","0","0","1","1","0","0","0","20","","0","","0","","40 24:32.441","2","0","80 00:52.589","0","0","0","0","2301","0","0","0","N","0","0","0","2","02301","0","","1.0","","2","N","N","","0","","0","0","1","","0","N","2055","2","0","0","0","0","0","0","2","0","2","","","","N","","","","","","","","","",""
"2011006679","","1","0","0","0","0","0","0","0","0","8","0","","02","1","2011","7","40.436308","-79.984353","","11","0","0","0","0","0","0","0","0","","0","0","0","04","","1","","10","","40 26:10.708","","7","79 59:03.670","4","0","0","0","2301","1","0","0","N","1","0","0","2","02301","1","","1.0","","9","N","N","","0","","0","0","0","","0","","0455","2","1","0","0","0","0","0","2","0","1","","","","N","","","","","","","","","",""
"2011007273","","3","0","0","0","0","0","0","0","0","4","0","","02","1","2011","2","40.444472","-79.929206","","11","0","0","0","0","0","1","0","0","1","0","0","0","23","","0","","0","","40 26:40.100","7","0","79 55:45.140","0","0","0","0","2301","0","0","0","N","0","0","0","1","02301","0","","6.0","","2","N","N","","0","","0","0","0","","0","N","2355","3","0","0","0","0","0","0","2","0","3","","","","N","","","","","","","","","",""
"2011008062","","1","0","0","0","0","0","0","0","0","7","0","","02","1","2011","7","40.514007","-80.095339","","11","0","0","0","0","0","0","0","0","1","0","0","0","00","","0","","2","","40 30:50.424","7","0","80 05:43.219","0","0","0","0","2429","0","0","0","N","0","0","0","1","02215","0","","5.0","","1","N","N","","0","","0","0","0","","3","N","0008","1","0","0","0","0","0","0","2","0","1","","","","N","","","","","","","","","",""
"2011007313","","3","0","0","0","0","0","0","0","0","4","0","","02","1","2011","2","40.504997","-80.027934","","11","0","0","0","0","0","0","0","0","2","0","0","0","08","","0","","0","","40 30:17.989","5","0","80 01:40.561","0","0","0","0","2116","0","0","0","N","0","0","0","3","02116","0","","1.0","","1","N","N","","0","","0","0","0","","0","Y","0824","3","0","0","0","0","0","0","2","0","3","","","","N","","","","","","","","","",""
"2011007381","","1","0","0","0","0","0","0","0","0","1","0","","02","1","2011","2","40.355851","-80.028223","","11","0","0","0","0","0","1","0","0","","0","0","0","08","","1","","2","","40 21:21.063","","0","80 01:41.601","4","0","0","0","2407","0","0","0","N","0","0","0","2","02407","1","","1.0","","1","N","N","","0","","0","0","1","","2","","0855","2","1","0","0","0","0","0","2","0","2","","","","N","","","","","","","","","",""
"2011007118","","1","0","0","0","0","0","0","0","0","7","0","","02","1","2011","1","40.352278","-79.904503","","11","0","0","0","0","0","0","0","0","","0","0","0","02","","0","","0","","40 21:08.200","","0","79 54:16.210","0","0","0","0","2473","0","0","0","N","0","0","0","1","02473","0","","5.0","","1","N","N","","0","","0","0","0","","0","","0240","1","0","0","0","0","0","0","2","0","1","","","","N","","","","","","","","","",""
"2011008690","","1","0","0","0","0","0","0","0","0","7","0","","02","1","2011","7","40.585204","-79.882395","","11","0","0","0","0","0","0","0","0","2","0","0","0","05","","0","","0","","40 35:06.733","3","0","79 52:56.621","0","0","0","0","2209","0","0","0","N","0","0","0","1","02209","0","","5.0","","9","N","N","","0","","0","0","0","","0","N","0519","1","0","0","0","0","0","0","2","0","1","","","","N","","","","","","","","","",""
"2011006441","","1","0","0","0","0","0","1","0","0","4","1","","02","1","2011","6","40.430302","-80.000609","","11","0","0","0","0","0","0","0","0","","0","0","0","15","","0","","2","","40 25:49.087","","0","80 00:02.192","0","0","0","0","2301","0","0","0","N","0","0","0","3","02503","0","","1.0","","9","N","N","","0","","0","0","0","","3","","1538","2","0","1","0","0","0","0","2","0","2","","","","N","","","","","","","","","",""
"2011007274","","1","0","0","0","0","0","0","0","0","7","0","","02","1","2011","3","40.483656","-79.837431","","11","0","0","0","0","0","1","0","0","","0","0","0","00","","0","","0","","40 29:01.163","","0","79 50:14.752","0","0","0","0","2301","0","0","0","N","0","0","0","1","02301","0","","2.0","","2","N","N","","0","","0","0","0","","0","","0012","1","0","0","0","0","0","0","2","0","1","","","","N","","","","","","","","","",""
"2011007382","","1","0","0","0","0","0","0","0","0","4","0","","02","1","2011","7","40.305314","-80.031202","","11","0","0","0","0","0","0","0","0","1","0","0","0","23","","0","","0","","40 18:19.132","2","0","80 01:52.326","0","0","0","0","2407","0","0","0","N","0","0","0","2","02407","0","","1.0","","9","N","N","","1","","0","0","0","","0","N","2313","2","0","0","0","0","0","0","2","0","2","","","","N","","","","","","","","","",""
"2011006652","","0","0","0","0","0","0","0","0","0","2","0","","02","1","2011","6","40.615681","-80.094185","","11","0","0","0","0","0","1","0","0","","0","0","0","05","","0","","1","","40 36:56.450","","2","80 05:39.065","0","0","0","0","2481","0","0","0","N","0","0","0","2","02481","0","","1.0","","9","N","N","","2","","0","0","0","","2","","0550","2","0","0","0","0","0","0","2","0","2","","","","N","","","","","","","","","",""
"2011002469","","1","0","0","0","0","0","0","0","0","1","0","","02","1","2011","4","40.440012","-80.078609","","11","0","0","0","0","0","1","0","0","","0","0","0","18","","0","","0","","40 26:24.044","","0","80 04:42.991","0","0","0","0","2421","0","0","0","N","0","0","0","2","02421","0","","1.0","","1","N","N","","1","","0","0","0","","0","","1800","2","0","0","0","0","0","0","2","0","2","","","","N","","","","","","","","","",""
"2011008691","","2","0","0","0","0","0","0","0","0","1","0","","02","1","2011","5","40.339695","-80.043309","","11","0","0","0","0","0","1","1","0","1","0","0","0","17","","1","","0","","40 20:22.903","1","0","80 02:35.911","3","0","0","0","2407","0","0","0","N","0","0","0","3","02407","0","","1.0","","9","N","N","","0","","1","0","1","","0","Y","1719","3","1","0","0","0","0","0","2","0","3","","","","N","","","","","","","","","",""
"2011006443","","2","0","0","0","0","0","0","0","0","4","0","","02","1","2011","6","40.34889","-79.939012","","11","0","0","0","0","0","2","0","0","","0","0","0","16","","2","","3","","40 20:56.003","","0","79 56:20.443","4","0","0","0","2473","0","0","0","N","0","0","0","5","02473","2","","1.0","","9","N","N","","0","","0","0","0","","0","","1658","2","2","0","0","0","0","0","2","0","2","","","","N","","","","","","","","","",""
"2011007383","","1","0","0","0","0","0","0","0","0","6","0","","02","1","2011","6","40.331276","-80.052771","","11","0","0","0","1","0","1","0","0","1","0","0","0","16","","0","","2","","40 19:52.594","5","0","80 03:09.976","0","0","0","0","2407","0","0","0","N","0","0","0","2","02407","0","","1.0","","9","N","N","","0","","0","0","1","","3","N","1610","2","0","0","0","0","0","0","2","0","2","","","","N","","","","","","","","","",""
"2011007120","","1","0","0","0","0","0","0","0","0","7","0","","02","1","2011","2","40.522335","-79.990862","","11","0","0","0","0","0","1","0","0","2","0","0","0","06","","0","","2","","40 31:20.406","3","0","79 59:27.103","0","0","0","0","2116","0","0","0","N","0","0","0","1","02116","0","","5.0","","2","N","N","","0","","0","0","0","","0","Y","0640","1","0","0","0","0","0","0","2","0","1","","","","N","","","","","","","","","",""
"2011007277","","1","0","0","0","0","0","0","0","0","7","0","","02","1","2011","3","40.438366","-80.012184","","11","0","0","0","0","0","0","0","0","","0","0","0","01","","0","","6","","40 26:18.117","","2","80 00:43.863","0","0","0","0","2301","0","0","0","N","0","0","0","1","02301","0","","2.0","","2","N","N","","0","","0","0","0","","0","","0103","1","0","0","0","0","0","0","2","0","1","","","","N","","","","","","","","","",""
"2011008065","","0","0","0","0","0","0","0","0","0","1","0","","02","1","2011","3","40.488405","-80.078412","","11","0","0","0","0","0","2","0","0","1","0","0","0","06","","1","","0","","40 29:18.257","1","0","80 04:42.282","4","0","0","0","2122","0","0","0","N","0","0","0","2","02122","1","","1.0","","9","N","N","","0","","0","0","0","","0","N","0608","2","1","0","0","0","0","0","2","1","2","","","","N","","","","","","","","","",""
"2011007316","","4","0","0","0","0","0","0","0","0","5","0","","02","1","2011","3","40.466203","-79.964774","","11","0","0","0","0","0","0","0","0","2","0","0","0","06","","0","","0","","40 27:58.330","5","0","79 57:53.185","0","0","0","0","2301","0","0","0","N","0","0","0","1","02301","0","","6.0","","2","N","N","","0","","0","0","0","","0","Y","0629","5","0","1","0","0","0","0","2","0","5","","","","N","","","","","","","","","",""
"2011007384","","0","0","0","0","0","0","0","0","0","1","0","","02","1","2011","7","40.330527","-80.022053","","11","0","0","1","0","0","0","0","0","1","0","0","0","14","","0","","5","","40 19:49.897","4","0","80 01:19.389","0","0","0","0","2407","0","0","0","N","0","0","0","4","02407","0","","1.0","","1","N","N","","0","","0","0","2","","2","N","1405","2","0","0","0","0","0","0","2","0","2","","","","N","","","","","","","","","",""
"2011002471","","0","0","0","0","0","0","0","0","0","7","0","","02","1","2011","4","40.456749","-79.96508","","11","0","0","0","0","0","1","0","0","2","0","0","0","20","","1","","2","","40 27:24.296","7","0","79 57:54.288","8","0","0","0","2301","0","0","0","N","0","0","0","1","02301","0","","5.0","","1","N","N","","1","","0","0","0","","0","Y","2008","1","1","0","0","0","1","0","2","0","1","","","","N","","","","","","","","","",""
"2011007121","","2","0","0","0","0","0","0","0","0","4","0","","02","1","2011","1","40.448652","-80.002304","","11","0","0","0","0","0","1","0","0","","0","0","0","03","","2","","1","","40 26:55.147","","0","80 00:08.294","4","0","0","0","2301","0","0","0","N","0","0","0","5","02301","2","","1.0","","1","N","N","","0","","0","0","0","","1","","0310","2","2","0","0","0","0","0","2","0","2","","","","N","","","","","","","","","",""
"2011007246","","0","0","0","0","0","0","0","0","0","7","0","","02","1","2011","7","40.619575","-80.082758","","11","0","0","0","0","0","0","0","0","2","0","0","0","16","","1","","0","","40 37:10.469","6","0","80 04:57.929","8","0","0","0","2212","0","0","0","N","0","0","0","1","02505","0","","5.0","","1","N","N","","0","","0","0","1","","0","N","1644","1","1","0","0","0","1","0","2","0","1","","","","N","","","","","","","","","",""
"2011007385","","1","0","0","0","0","0","0","0","0","7","0","","02","1","2011","5","40.335753","-80.005224","","11","0","0","0","0","1","0","0","0","","0","0","0","04","","1","","0","","40 20:08.709","","0","80 00:18.808","4","0","0","0","2407","0","0","0","N","0","0","0","1","02407","1","","2.0","","2","N","N","","0","","0","0","0","","0","","0456","1","1","0","0","0","0","0","2","0","1","","","","N","","","","","","","","","",""
"2011002472","","1","0","0","0","0","0","0","0","0","7","0","","02","1","2011","4","40.338876","-79.95532","","11","0","0","0","1","0","0","0","0","4","0","0","0","15","","2","","0","","40 20:19.954","1","0","79 57:19.153","2","0","0","0","2454","0","0","0","N","0","0","0","2","02454","0","","5.0","","1","N","N","","0","","0","1","0","","0","Y","1545","1","2","2","0","1","1","0","2","0","1","","","","N","","","","","","","","","",""
"2011008753","","2","0","0","0","0","0","0","0","0","1","0","","02","1","2011","2","40.498859","-80.279805","","11","0","0","0","0","0","0","0","0","","0","0","0","09","","0","","2","","40 29:55.892","","2","80 16:47.297","0","0","0","0","2203","0","0","0","N","0","0","0","2","68B01","0","","1.0","","1","N","N","","0","","0","0","0","","3","","0909","2","0","0","0","0","0","0","1","0","2","","","","N","","","","","","","","","",""
"2011008067","","1","0","0","0","0","0","0","0","0","4","0","","02","1","2011","5","40.455043","-79.890435","","11","0","0","0","0","0","0","0","0","1","0","1","0","06","","0","","1","","40 27:18.155","4","0","79 53:25.566","0","0","0","0","2301","0","0","0","N","0","0","0","3","02301","0","","1.0","","9","N","N","","0","","0","0","0","","2","Y","0620","2","0","1","0","0","0","0","2","0","2","","","","N","","","","","","","","","",""
"2011006656","","1","0","0","0","0","0","0","0","0","7","0","","02","1","2011","6","40.528122","-79.879993","","11","0","0","0","0","0","0","0","0","","0","0","0","05","","0","","3","","40 31:41.239","","6","79 52:47.974","9","0","0","0","2432","0","0","0","N","0","0","0","1","02432","0","","5.0","","7","N","N","","0","","0","0","0","","3","","0520","1","0","0","0","0","0","1","2","0","1","","","","N","","","","","","","","","",""
"2011006363","","1","0","0","0","0","0","0","0","0","7","0","","02","1","2011","3","40.423906","-79.886199","","11","0","0","0","0","0","0","0","0","","0","0","0","14","","0","","0","","40 25:26.061","","0","79 53:10.316","0","0","0","0","2463","0","0","0","N","0","0","0","1","02463","0","","4.0","","2","N","N","","0","","0","0","0","","0","","1440","1","0","0","0","0","0","0","2","0","1","","","","N","","","","","","","","","",""
"2011007933","","1","0","0","0","0","0","0","0","0","7","0","","02","1","2011","4","40.570922","-79.792351","","11","0","0","0","0","0","0","0","0","","0","0","0","14","","0","","0","","40 34:15.319","","0","79 47:32.464","0","0","0","0","2206","0","0","0","N","0","0","0","1","68D02","0","","5.0","","2","N","N","","0","","0","0","0","","0","","1430","1","0","0","0","0","0","0","2","0","1","","","","N","","","","","","","","","",""
"2011008754","","1","0","0","0","0","0","0","0","0","7","0","","02","1","2011","2","40.429569","-80.106868","","11","0","0","0","0","0","0","0","0","","0","0","0","23","","1","","6","","40 25:46.447","","2","80 06:24.726","4","0","0","0","2115","0","0","0","N","0","0","0","1","68B03","1","","4.0","","2","N","N","","0","","0","0","0","","0","","2336","1","1","0","0","0","0","0","2","0","1","","","","N","","","","","","","","","",""
"2011007319","","2","0","0","0","0","0","0","0","0","4","0","","02","1","2011","2","40.365396","-80.043242","","11","0","1","0","0","0","0","0","0","","0","0","0","10","","0","","0","","40 21:55.425","","7","80 02:35.672","0","0","0","0","2109","0","0","0","N","0","0","0","3","02109","0","","1.0","","1","N","N","","0","","0","0","0","","0","","1044","2","0","0","0","0","0","0","2","0","2","","","","N","","","","","","","","","",""
"2011008947","","0","0","0","0","0","0","0","0","0","7","0","","02","1","2011","4","40.502232","-79.974462","","11","0","0","0","0","0","0","0","0","1","0","0","0","99","","1","","0","","40 30:08.035","5","0","79 58:28.063","4","0","0","0","2118","0","0","0","N","0","0","0","1","02118","1","","5.0","","2","N","N","","0","","0","0","1","","0","Y","9999","1","1","0","0","0","0","0","2","0","1","","","","N","","","","","","","","","",""
"2011006657","","3","0","0","0","0","0","0","0","0","1","0","","02","1","2011","2","40.350637","-79.924567","","11","0","0","0","0","0","0","1","0","1","0","0","0","12","","0","","2","","40 21:02.294","4","0","79 55:28.441","0","0","0","0","2473","0","0","0","N","0","0","0","5","02473","0","","1.0","","2","N","N","","0","","0","0","0","","0","N","1222","3","0","0","0","0","0","0","2","0","3","","","","N","","","","","","","","","",""
"2011006019","","0","0","0","0","0","0","0","0","0","4","0","","02","1","2011","5","40.434255","-79.952218","","11","0","0","0","0","1","1","0","0","","0","0","0","15","","1","","1","","40 26:03.319","","0","79 57:07.985","8","0","0","0","2301","0","0","0","N","0","0","0","2","02301","0","","1.0","","1","N","N","","0","","0","0","2","","3","","1510","2","1","0","0","0","1","0","2","0","2","","","","N","","","","","","","","","",""
"2011002547","","0","0","0","0","0","0","0","0","0","4","0","","02","1","2011","5","40.376456","-80.06749","","11","0","0","0","0","0","0","0","0","1","0","0","0","07","","0","","0","","40 22:35.241","4","0","80 04:02.964","0","0","0","0","2109","0","0","0","N","0","0","0","2","02109","0","","1.0","","9","N","N","","0","","0","0","2","","0","N","0745","2","0","0","0","0","0","0","2","0","2","","","","N","","","","","","","","","",""
"2011008603","","1","0","0","0","0","0","0","0","0","4","0","","02","1","2011","4","40.417346","-80.035896","","11","0","0","0","0","0","0","0","0","","0","0","0","08","","1","","2","","40 25:02.445","","0","80 02:09.225","4","0","0","0","2301","0","0","0","N","0","0","0","3","02301","1","","1.0","","9","N","N","","0","","0","0","1","","3","","0830","2","1","0","0","0","0","0","2","0","2","","","","N","","","","","","","","","",""
"2011006364","","2","0","0","0","0","0","0","0","0","4","0","","02","1","2011","6","40.378225","-80.064701","","11","0","0","0","0","0","0","0","1","1","0","0","0","09","","2","","1","","40 22:41.611","5","0","80 03:52.925","4","0","0","0","2109","0","0","0","N","0","0","0","3","02109","1","","1.0","","1","N","N","","0","","0","0","1","","2","Y","0913","3","2","0","0","0","1","0","2","0","3","","","","N","","","","","","","","","",""
"2011007934","","1","0","0","0","0","0","0","0","0","7","1","","02","1","2011","5","40.612602","-79.758354","","11","0","0","0","0","0","0","0","0","1","0","1","0","16","","0","","0","","40 36:45.366","1","0","79 45:30.076","0","0","0","0","2464","0","0","0","N","0","0","0","2","68D02","0","","4.0","","1","N","N","","0","","0","0","0","","0","N","1620","2","0","0","0","0","0","0","2","0","2","","","","N","","","","","","","","","",""
"2011007320","","1","0","0","0","0","0","0","0","0","7","1","","02","1","2011","3","40.246426","-79.873859","","11","0","0","0","0","0","0","0","0","3","0","1","0","14","","2","","0","","40 14:47.134","1","0","79 52:25.894","8","0","0","0","2204","0","0","0","N","0","0","0","2","02204","0","","3.0","","7","N","N","","0","","0","0","0","","0","N","1436","2","2","0","0","0","2","0","1","0","2","","","","N","","","","","","","","","",""
"2011007469","","1","0","0","0","0","0","0","0","0","7","0","","02","1","2011","7","40.551828","-80.086476","","11","0","0","0","1","0","0","0","0","","0","0","0","03","","1","","0","","40 33:06.581","","0","80 05:11.314","3","0","0","0","2215","0","0","0","Y","0","0","0","1","68B03","0","","3.0","","9","N","N","","0","","1","0","0","","0","","0330","1","1","0","0","0","0","0","2","0","1","","","","N","","","","","","","","","",""
"2011002478","","1","0","0","0","0","0","0","0","0","7","0","","02","1","2011","4","40.596934","-79.98209","","11","0","0","0","0","0","0","0","0","2","0","0","0","20","","1","","2","","40 35:48.963","1","0","79 58:55.525","4","0","0","0","2207","0","0","0","Y","0","0","0","1","02207","1","","2.0","","1","N","N","","0","","0","0","0","","3","N","2025","1","1","0","0","0","0","0","2","0","1","","","","N","","","","","","","","","",""
"2011007125","","1","0","0","0","0","0","0","0","0","7","0","","02","1","2011","7","40.374842","-80.094736","","11","0","0","0","0","0","0","0","0","","0","0","0","00","","0","","2","","40 22:29.431","","0","80 05:41.049","0","0","0","0","2117","0","0","0","N","0","0","0","1","02117","0","","2.0","","1","N","N","","0","","0","0","0","","0","","0015","1","0","0","0","0","0","0","2","0","1","","","","N","","","","","","","","","",""
"2011008070","","0","0","0","0","0","0","0","0","0","7","0","","02","1","2011","7","40.421082","-79.749639","","11","0","0","0","0","0","0","0","0","2","0","0","0","03","","0","","0","","40 25:15.895","5","0","79 44:58.700","0","0","0","0","2446","0","0","0","N","0","0","0","1","02446","0","","5.0","","9","N","N","","1","","0","0","0","","0","Y","0334","1","0","0","0","0","0","0","2","0","1","","","","N","","","","","","","","","",""
"2011008949","","1","0","0","0","0","0","0","0","0","7","0","","02","1","2011","6","40.511234","-80.056518","","11","0","0","0","0","0","0","0","0","","0","0","0","04","","0","","0","","40 30:40.441","","0","80 03:23.464","0","0","0","0","2116","0","0","0","N","0","0","0","1","02116","0","","5.0","","7","N","N","","0","","0","0","0","","0","","0430","1","0","0","0","0","0","0","2","0","1","","","","N","","","","","","","","","",""
"2011006696","","0","0","0","0","0","0","0","0","0","7","0","","02","1","2011","5","40.44394","-79.766495","","11","0","0","0","0","0","1","0","0","1","0","0","0","15","","1","","0","","40 26:38.185","3","0","79 45:59.383","3","0","0","0","2446","0","0","0","N","0","0","0","1","68B03","0","","2.0","","9","N","N","","0","","1","0","1","","0","N","1530","1","1","0","0","0","0","0","2","0","1","","","","N","","","","","","","","","",""
"2011007470","","3","0","0","0","0","0","0","0","0","1","0","","02","1","2011","1","40.417363","-80.056277","","11","0","0","0","0","0","1","0","0","1","0","0","0","16","","4","","0","","40 25:02.507","3","0","80 03:22.596","3","0","0","0","2435","0","0","0","N","0","0","0","11","68B01","2","","1.0","","1","N","N","","0","","2","0","1","","0","N","1636","4","4","0","0","0","0","0","2","0","4","","","","N","","","","","","","","","",""
"2011006367","","1","0","0","0","0","0","0","0","0","4","0","","02","1","2011","5","40.470198","-79.963247","","11","0","0","1","0","0","0","1","0","","0","0","0","13","","0","","2","","40 28:12.712","","0","79 57:47.689","0","0","0","0","2301","0","0","0","N","0","0","0","2","02301","0","","1.0","","1","N","N","","0","","0","0","1","","0","","1350","2","0","1","0","0","0","0","2","0","2","","","","N","","","","","","","","","",""
"2011007936","","1","0","0","0","0","0","0","0","0","7","0","","02","1","2011","7","40.4922","-79.8953","","11","0","0","0","0","0","0","0","0","","0","0","0","20","","0","","7","","40 29:31.920","","2","79 53:43.080","0","0","0","0","2432","0","0","0","N","0","0","0","2","68D02","0","","5.0","","1","N","N","","0","","0","0","0","","0","","2050","1","0","0","0","0","0","0","2","0","1","","","","N","","","","","","","","","",""