"CRN","ARRIVAL_TM","AUTOMOBILE_COUNT","BELTED_DEATH_COUNT","BELTED_SUSP_SERIOUS_INJ_COUNT","BICYCLE_COUNT","BICYCLE_DEATH_COUNT","BICYCLE_SUSP_SERIOUS_INJ_COUNT","BUS_COUNT","CHLDPAS_DEATH_COUNT","CHLDPAS_SUSP_SERIOUS_INJ_COUNT","COLLISION_TYPE","COMM_VEH_COUNT","CONS_ZONE_SPD_LIM","COUNTY","CRASH_MONTH","CRASH_YEAR","DAY_OF_WEEK","DEC_LATITUDE","DEC_LONGITUDE","DISPATCH_TM","DISTRICT","DRIVER_COUNT_16YR","DRIVER_COUNT_17YR","DRIVER_COUNT_18YR","DRIVER_COUNT_19YR","DRIVER_COUNT_20YR","DRIVER_COUNT_50_64YR","DRIVER_COUNT_65_74YR","DRIVER_COUNT_75PLUS","EST_HRS_CLOSED","FATAL_COUNT","HEAVY_TRUCK_COUNT","HORSE_BUGGY_COUNT","HOUR_OF_DAY","ILLUMINATION","INJURY_COUNT","INTERSECTION_RELATED","INTERSECT_TYPE","LANE_CLOSED","LATITUDE","LN_CLOSE_DIR","LOCATION_TYPE","LONGITUDE","MAX_SEVERITY_LEVEL","MCYCLE_DEATH_COUNT","MCYCLE_SUSP_SERIOUS_INJ_COUNT","MOTORCYCLE_COUNT","MUNICIPALITY","NONMOTR_COUNT","NONMOTR_DEATH_COUNT","NONMOTR_SUSP_SERIOUS_INJ_COUNT","NTFY_HIWY_MAINT","PED_COUNT","PED_DEATH_COUNT","PED_SUSP_SERIOUS_INJ_COUNT","PERSON_COUNT","POLICE_AGCY","POSSIBLE_INJ_COUNT","RDWY_SURF_TYPE_CD","RELATION_TO_ROAD","ROADWAY_CLEARED","ROAD_CONDITION","SCH_BUS_IND","SCH_ZONE_IND","SECONDARY_CRASH","SMALL_TRUCK_COUNT","SPEC_JURIS_CD","SUSP_MINOR_INJ_COUNT","SUSP_SERIOUS_INJ_COUNT","SUV_COUNT","TCD_FUNC_CD","TCD_TYPE","TFC_DETOUR_IND","TIME_OF_DAY","TOTAL_UNITS","TOT_INJ_COUNT","UNBELTED_OCC_COUNT","UNB_DEATH_COUNT","UNB_SUSP_SERIOUS_INJ_COUNT","UNK_INJ_DEG_COUNT","UNK_INJ_PER_COUNT","URBAN_RURAL","VAN_COUNT","VEHICLE_COUNT","WEATHER1","WEATHER2","WORKERS_PRES","WORK_ZONE_IND","WORK_ZONE_LOC","WORK_ZONE_TYPE","WZ_CLOSE_DETOUR","WZ_FLAGGER","WZ_LAW_OFFCR_IND","WZ_LN_CLOSURE","WZ_MOVING","WZ_OTHER","WZ_SHLDER_MDN","WZ_WORKERS_INJ_KILLED"
"2011012391","","2","0","0","0","0","0","0","0","0","4","0","","02","1","2011","5","40.351601","-79.86509","","11","0","0","0","0","0","0","0","0","1","0","0","0","08","","1","","2","","40 21:05.762","4","0","79 51:54.325","4","0","0","0","2304","0","0","0","N","0","0","0","3","02304","1","","1.0","","6","N","N","","0","","0","0","0","","2","N","0827","2","1","0","0","0","0","0","2","0","2","","","","N","","","","","","","","","",""
"2011014775","","1","0","0","0","0","0","0","0","0","7","0","","02","2","2011","4","40.370066","-80.098429","","11","0","0","0","1","0","0","0","0","","0","0","0","21","","0","","0","","40 22:12.237","","1","80 05:54.344","0","0","0","0","2117","0","0","0","N","0","0","0","1","02117","0","","4.0","","2","N","N","","0","","0","0","0","","0","","2120","1","0","0","0","0","0","0","2","0","1","","","","N","","","","","","","","","",""
"2011006931","","1","0","0","0","0","0","0","0","0","1","0","","02","1","2011","6","40.543032","-80.013843","","11","0","0","0","0","1","1","0","0","","0","0","0","14","","0","","0","","40 32:34.915","","0","80 00:49.835","0","0","0","0","2116","0","0","0","","0","0","0","3","02116","0","","1.0","","1","","","","0","","0","0","0","","2","","1449","2","0","1","0","0","0","0","2","1","2","","","","N","","","","","","","","","",""
"2011006329","","1","0","0","0","0","0","0","0","0","2","1","","02","1","2011","6","40.393852","-80.046304","","11","0","0","0","0","0","0","0","0","2","0","1","0","05","","0","","0","","40 23:37.868","6","0","80 02:46.694","0","0","0","0","2109","0","0","0","N","0","0","0","2","02109","0","","1.0","","7","N","N","","0","","0","0","0","","0","Y","0525","2","0","0","0","0","0","0","2","0","2","","","","N","","","","","","","","","",""
"2011007087","","0","0","0","0","0","0","0","0","0","7","0","","02","1","2011","5","40.628013","-80.023654","","11","1","0","0","0","0","0","0","0","","0","0","0","21","","0","","0","","40 37:40.848","","0","80 01:25.153","0","0","0","0","2216","0","0","0","N","0","0","0","1","02505","0","","5.0","","2","N","N","","0","","0","0","1","","0","","2112","1","0","0","0","0","0","0","1","0","1","","","","N","","","","","","","","","",""
"2011013168","","1","0","0","0","0","0","0","0","0","1","0","","02","1","2011","1","40.432154","-79.801235","","11","0","0","0","0","0","1","0","0","2","0","0","0","12","","0","","0","","40 25:55.753","3","3","79 48:04.447","0","0","0","0","2446","0","0","0","N","0","0","0","8","02446","0","","1.0","","9","N","N","","0","","0","0","1","","0","N","1248","3","0","0","0","0","0","0","2","1","3","","","","N","","","","","","","","","",""
"2011014009","","1","0","0","0","0","0","0","0","0","7","0","","02","1","2011","2","40.522597","-80.082259","","11","0","0","0","0","0","0","0","0","1","0","0","0","20","","1","","0","","40 31:21.349","6","0","80 04:56.132","8","0","0","0","2215","0","0","0","N","0","0","0","1","02215","0","","2.0","","1","N","N","","0","","0","0","0","","0","Y","2005","1","1","0","0","0","1","0","2","0","1","","","","N","","","","","","","","","",""
"2011014777","","0","0","0","0","0","0","0","0","0","1","0","","02","2","2011","4","40.415192","-80.011773","","11","0","0","0","0","0","0","0","0","1","0","0","0","22","","1","","6","","40 24:54.692","1","2","80 00:42.382","4","0","0","0","2301","0","0","0","N","0","0","0","4","02301","1","","1.0","","9","N","N","","0","","0","0","2","","2","Y","2215","2","1","0","0","0","0","0","2","0","2","","","","N","","","","","","","","","",""
"2011013171","","0","0","0","0","0","0","0","0","0","7","0","","02","1","2011","6","40.658469","-79.994891","","11","0","0","0","0","0","0","0","0","1","0","0","0","07","","0","","0","","40 39:30.487","3","0","79 59:41.609","0","0","0","0","2216","0","0","0","N","0","0","0","1","02505","0","","4.0","","6","N","N","","0","","0","0","1","","0","N","0726","1","0","0","0","0","0","0","1","0","1","","","","N","","","","","","","","","",""
"2011014778","","2","0","0","0","0","0","0","0","0","2","0","","02","1","2011","2","40.474082","-79.708381","","11","0","0","0","0","0","0","0","0","2","0","0","0","05","","0","","0","","40 28:26.695","3","0","79 42:30.171","0","0","0","0","2466","0","0","0","N","0","0","0","1","02466","0","","1.0","","2","N","N","","0","","0","0","0","","0","N","0556","2","0","0","0","0","0","0","2","0","2","","","","N","","","","","","","","","",""
"2011012475","","1","0","0","0","0","0","0","0","0","7","0","","02","1","2011","5","40.542033","-80.013164","","11","0","0","0","0","0","1","0","0","1","0","0","0","19","","0","","2","","40 32:31.320","2","7","80 00:47.389","0","0","0","0","2116","0","0","0","N","0","0","0","1","02116","0","","2.0","","7","N","N","","0","","0","0","0","","2","N","1919","1","0","0","0","0","0","0","2","0","1","","","","N","","","","","","","","","",""
"2011012492","","3","0","0","0","0","0","0","0","0","1","0","","02","1","2011","5","40.486952","-79.916318","","11","0","0","0","0","0","0","0","1","1","0","0","0","16","","1","","3","","40 29:13.026","3","3","79 54:58.743","4","0","0","0","2301","0","0","0","N","0","0","0","5","02301","1","","1.0","","1","N","N","","0","","0","0","0","","0","N","1615","3","1","0","0","0","0","0","2","0","3","","","","N","","","","","","","","","",""
"2011006825","","3","0","0","0","0","0","0","0","0","4","1","","02","1","2011","2","40.438067","-79.922993","","11","0","0","0","0","0","0","0","0","","0","1","0","14","","0","","1","","40 26:17.041","","0","79 55:22.774","0","0","0","0","2301","0","0","0","N","0","0","0","1","02301","0","","1.0","","1","N","N","","0","","0","0","0","","2","","1445","4","0","0","0","0","0","0","2","0","4","","","","N","","","","","","","","","",""
"2011014764","","1","0","0","0","0","0","0","0","0","1","0","","02","1","2011","1","40.416141","-79.847897","","11","0","0","0","0","0","0","0","0","1","0","0","0","14","","0","","2","","40 24:58.108","3","0","79 50:52.429","0","0","0","0","2431","0","0","0","N","0","0","0","2","02431","0","","1.0","","9","N","N","","0","","0","0","0","","2","N","1421","2","0","0","0","0","0","0","2","1","2","","","","N","","","","","","","","","",""
"2011014013","","1","0","0","0","0","0","0","0","0","1","0","","02","1","2011","2","40.354153","-79.842223","","11","0","0","0","0","0","1","0","0","","0","0","0","09","","1","","2","","40 21:14.949","","8","79 50:32.004","8","0","0","0","2304","0","0","0","N","0","0","0","3","02304","0","","1.0","","1","N","N","","0","","0","0","0","","0","","0933","2","1","0","0","0","1","0","2","1","2","","","","N","","","","","","","","","",""
"2011006860","","2","0","0","0","0","0","0","0","0","4","0","","02","1","2011","6","40.471335","-80.060997","","11","0","0","0","0","0","0","1","0","","0","0","0","16","","2","","1","","40 28:16.807","","0","80 03:39.588","8","0","0","0","2444","0","0","0","N","0","0","0","2","02444","0","","1.0","","1","N","N","","0","","0","0","0","","2","","1638","2","2","0","0","0","2","0","2","0","2","","","","N","","","","","","","","","",""
"2011006936","","0","0","0","0","0","0","0","0","0","8","0","","02","1","2011","7","40.487231","-79.772689","","11","0","0","0","0","0","0","0","0","1","0","0","0","22","","1","","0","","40 29:14.031","7","0","79 46:21.680","8","0","0","0","2466","1","0","0","N","1","0","0","2","02466","0","","9.0","","1","N","N","","0","","0","0","0","","0","N","2229","2","1","0","0","0","1","1","2","0","1","","","","N","","","","","","","","","",""
"2011014765","","0","0","0","0","0","0","0","0","0","7","0","","02","2","2011","4","40.327627","-79.816027","","11","0","0","0","0","0","1","0","0","1","0","0","0","16","","0","","0","","40 19:39.456","3","0","79 48:57.698","0","0","0","0","2304","0","0","0","N","0","0","0","1","02304","0","","5.0","","2","N","N","","1","","0","0","0","","0","N","1654","1","0","0","0","0","0","0","2","0","1","","","","N","","","","","","","","","",""
"2011006938","","1","0","0","0","0","0","0","0","0","7","0","","02","1","2011","3","","","","11","0","0","0","0","0","0","1","0","1","0","0","0","11","","1","","0","","","4","0","","8","0","0","0","2473","0","0","0","N","0","0","0","1","02473","0","","2.0","","1","N","N","","0","","0","0","0","","0","Y","1148","1","1","0","0","0","1","0","1","0","1","","","","N","","","","","","","","","",""
"2011007093","","2","0","0","0","0","0","0","0","0","2","0","","02","1","2011","1","40.455059","-79.9415","","11","0","0","0","0","0","1","0","0","","0","0","0","21","","0","","1","","40 27:18.212","","0","79 56:29.400","0","0","0","0","2301","0","0","0","N","0","0","0","2","02301","0","","1.0","","1","N","N","","0","","0","0","0","","2","","2121","2","0","1","0","0","0","0","2","0","2","","","","N","","","","","","","","","",""
"2011014782","","1","0","0","0","0","0","0","0","0","4","0","","02","2","2011","5","40.428669","-79.989837","","11","0","0","0","0","0","0","0","0","1","0","0","0","00","","0","","1","","40 25:43.210","3","0","79 59:23.412","0","0","0","0","2301","0","0","0","N","0","0","0","2","02301","0","","1.0","","1","N","N","","0","","0","0","1","","3","N","0025","2","0","0","0","0","0","0","2","0","2","","","","N","","","","","","","","","",""
"2011006338","","1","0","0","0","0","0","0","0","0","8","0","","02","1","2011","6","40.506036","-79.7236","","11","0","0","0","0","0","0","0","0","","0","0","0","05","","1","","2","","40 30:21.729","","0","79 43:24.960","8","0","0","0","2466","1","0","0","N","1","0","0","2","02466","0","","1.0","","9","N","N","","0","","0","0","0","","0","","0515","2","1","0","0","0","1","0","1","0","1","","","","N","","","","","","","","","",""
"2011014767","","0","0","0","0","0","0","0","0","0","7","0","","02","2","2011","4","40.425015","-80.031086","","11","0","0","0","0","0","1","0","0","","0","0","0","19","","0","","7","","40 25:30.055","","2","80 01:51.908","0","0","0","0","2301","0","0","0","N","0","0","0","3","02301","0","","2.0","","2","N","N","","0","","0","0","1","","0","","1940","1","0","0","0","0","0","0","2","0","1","","","","N","","","","","","","","","",""
"2011006043","","2","0","0","0","0","0","0","0","0","2","0","","02","1","2011","5","40.388205","-80.089851","","11","0","0","0","0","0","0","1","0","","0","0","0","15","","0","","1","","40 23:17.538","","0","80 05:23.463","0","0","0","0","2437","0","0","0","N","0","0","0","2","02437","0","","1.0","","1","N","N","","0","","0","0","0","","2","","1500","2","0","0","0","0","0","0","2","0","2","","","","N","","","","","","","","","",""
"2011006942","","3","0","0","0","0","0","0","0","0","1","0","","02","1","2011","1","40.432199","-80.003988","","11","0","0","0","0","0","0","0","0","","0","0","0","00","","0","","1","","40 25:55.915","","0","80 00:14.358","0","0","0","0","2301","0","0","0","N","0","0","0","3","02301","0","","1.0","","1","N","N","","0","","0","0","0","","2","","0055","3","0","0","0","0","0","0","2","0","3","","","","N","","","","","","","","","",""
"2011006339","","0","0","0","0","0","0","1","0","0","4","1","","02","1","2011","5","40.483865","-79.814614","","11","0","0","0","0","0","2","0","0","1","0","0","0","14","","1","","2","","40 29:01.915","5","0","79 48:52.609","3","0","0","0","2113","0","0","0","N","0","0","0","38","02113","0","","1.0","","9","Y","N","","0","","1","0","0","","3","N","1427","2","1","1","0","0","0","31","2","1","2","","","","N","","","","","","","","","",""
"2011007096","","1","0","0","0","0","0","0","0","0","7","0","","02","1","2011","7","40.551056","-79.958936","","11","0","0","0","0","0","0","0","0","1","0","0","0","99","","0","","0","","40 33:03.802","2","0","79 57:32.170","0","0","0","0","2118","0","0","0","N","0","0","0","1","02118","0","","2.0","","2","N","N","","0","","0","0","0","","0","N","9999","1","0","0","0","0","0","0","2","0","1","","","","N","","","","","","","","","",""
"2011014784","","1","0","0","0","0","0","0","0","0","7","0","","02","1","2011","4","40.319762","-79.833397","","11","0","0","0","0","0","0","0","0","1","0","0","0","22","","0","","2","","40 19:11.143","1","0","79 50:00.229","0","0","0","0","2469","0","0","0","N","0","0","0","0","02469","0","","5.0","","7","N","N","","0","","0","0","0","","0","N","2230","1","0","0","0","0","0","0","2","0","1","","","","N","","","","","","","","","",""
"2011006044","","0","0","0","0","0","0","0","0","0","4","0","","02","1","2011","5","40.454967","-79.945198","","11","0","0","0","0","0","1","0","0","","0","0","0","16","","0","","1","","40 27:17.882","","0","79 56:42.711","0","0","0","0","2301","0","0","0","N","0","0","0","2","02301","0","","1.0","","9","N","N","","0","","0","0","2","","2","","1600","2","0","0","0","0","0","0","2","0","2","","","","N","","","","","","","","","",""
"2011006340","","2","0","0","0","0","0","0","0","0","2","0","","02","1","2011","6","40.448413","-79.934205","","11","0","0","0","0","0","0","0","0","","0","0","0","","","0","","2","","40 26:54.286","","0","79 56:03.138","0","0","0","0","2301","0","0","0","N","0","0","0","2","02301","0","","1.0","","6","N","N","","0","","0","0","0","3","2","","","2","0","0","0","0","0","0","2","0","2","","","","N","","","","","","","","","",""
"2011013925","","1","0","0","0","0","0","0","0","0","7","0","","02","1","2011","2","40.437562","-79.895528","","11","0","0","1","0","0","0","0","0","","0","0","0","","","0","","2","","40 26:15.223","","0","79 53:43.900","0","0","0","0","2301","0","0","0","","0","0","0","1","02301","0","","4.0","","9","N","N","","0","","0","0","0","0","0","","","1","0","0","0","0","0","0","2","0","1","","","","N","","","","","","","","","",""
"2011013201","","1","0","0","0","0","0","0","0","0","7","0","","02","1","2011","7","40.439739","-79.943498","","11","0","0","0","0","0","0","0","0","","0","0","0","","","0","","2","","40 26:23.060","","0","79 56:36.592","0","0","0","0","2301","0","0","0","N","0","0","0","1","02301","0","","5.0","","7","N","N","","0","","0","0","0","0","0","","","1","0","0","0","0","0","0","2","0","1","","","","N","","","","","","","","","",""
"2011006045","","1","0","0","0","0","0","0","0","0","2","0","","02","1","2011","5","40.455324","-79.976372","","11","0","0","0","0","0","0","0","0","2","0","0","0","","","1","","2","","40 27:19.166","1","0","79 58:34.939","4","0","0","0","2301","0","0","0","N","0","0","0","2","02301","1","","1.0","","1","N","N","","0","","0","0","1","0","0","N","","2","1","0","0","0","0","0","2","0","2","","","","N","","","","","","","","","",""
"2011006191","","1","0","0","0","0","0","0","0","0","7","0","","02","1","2011","3","40.503505","-79.788792","","11","0","0","0","0","0","0","0","0","","0","0","0","","","1","","0","","40 30:12.618","","0","79 47:19.652","4","0","0","0","2466","0","0","0","N","0","0","0","2","68T02","1","","2.0","","7","N","N","","0","","0","0","0","0","0","","","1","1","0","0","0","0","0","2","0","1","","","","N","","","","","","","","","",""
"2011013202","","0","0","0","0","0","0","0","0","0","8","0","","02","1","2011","3","40.440284","-80.068863","","11","0","0","0","0","0","0","0","0","","0","0","0","","","1","","2","","40 26:25.023","","7","80 04:07.907","8","0","0","0","2421","1","0","0","N","1","0","0","2","02421","0","","1.0","","9","N","N","","0","","0","0","1","0","0","","","2","1","0","0","0","1","0","2","0","1","","","","N","","","","","","","","","",""
"2011012500","","1","0","0","0","0","0","1","0","0","1","1","","02","1","2011","5","40.506733","-80.006887","","11","0","0","0","0","0","0","0","0","","0","0","0","","","1","","1","","40 30:24.237","","0","80 00:24.793","8","0","0","0","2116","0","0","0","","0","0","0","2","02503","0","","1.0","","9","","","","0","","0","0","0","0","0","","","2","1","0","0","0","1","0","2","0","2","","","","N","","","","","","","","","",""
"2011006806","","0","0","0","0","0","0","0","0","0","7","0","","02","1","2011","7","40.452738","-80.10461","","11","0","0","0","0","0","0","0","0","","0","0","0","","","0","","3","","40 27:09.856","","0","80 06:16.596","0","0","0","0","2126","0","0","0","N","0","0","0","1","02126","0","","2.0","","1","N","N","","0","","0","0","1","0","0","","","1","0","1","0","0","0","0","2","0","1","","","","N","","","","","","","","","",""
"2011006946","","1","0","0","0","0","0","0","0","0","7","0","","02","1","2011","7","40.6574","-79.744737","","11","0","0","0","0","0","0","0","0","","0","0","0","","","1","","0","","40 39:26.640","","3","79 44:41.054","3","0","0","0","2301","0","0","0","N","0","0","0","1","02301","0","","1.0","","1","N","N","","0","","1","0","0","0","0","","","1","1","1","0","0","0","0","1","0","1","","","","N","","","","","","","","","",""
"2011006217","","1","0","0","0","0","0","0","0","0","1","0","","02","1","2011","5","40.370066","-80.098429","","11","0","0","0","0","0","0","1","0","","0","0","0","","","0","","0","","40 22:12.237","","0","80 05:54.344","0","0","0","0","2117","0","0","0","Y","0","0","0","2","02117","0","","1.0","","98","N","N","","1","","0","0","0","0","0","","","2","0","0","0","0","0","0","2","0","2","","","","N","","","","","","","","","",""
"2011013928","","0","0","0","0","0","0","0","0","0","4","0","","02","1","2011","2","40.355992","-80.050403","","11","0","0","0","1","0","0","0","0","2","0","0","0","","","2","","0","","40 21:21.570","5","0","80 03:01.452","8","0","0","0","2109","0","0","0","N","0","0","0","2","02109","0","","1.0","","1","N","N","","0","","0","0","2","0","0","N","","2","2","0","0","0","2","0","2","0","2","","","","N","","","","","","","","","",""
"2011012404","","1","0","0","0","0","0","0","0","0","7","0","","02","1","2011","5","40.472511","-79.941275","","11","0","0","0","0","0","0","0","0","","0","0","0","","","1","","0","","40 28:21.040","","0","79 56:28.590","4","0","0","0","2301","0","0","0","N","0","0","0","1","02301","1","","2.0","","2","N","N","","0","","0","0","0","0","0","","","1","1","0","0","0","0","0","2","0","1","","","","N","","","","","","","","","",""
"2011006835","","0","0","0","0","0","0","0","0","0","7","0","","02","1","2011","7","40.347903","-79.854848","","11","0","0","0","0","0","0","0","0","2","0","0","0","","","2","","2","","40 20:52.450","7","0","79 51:17.452","4","0","0","0","2304","0","0","0","N","0","0","0","2","02304","2","","2.0","","6","N","N","","0","","0","0","1","3","3","Y","","1","2","0","0","0","0","0","2","0","1","","","","N","","","","","","","","","",""
"2011006949","","1","0","0","0","0","0","0","0","0","7","0","","02","1","2011","1","40.436415","-80.03864","","11","0","0","0","0","0","0","0","0","2","0","0","0","","","0","","2","","40 26:11.094","1","0","80 02:19.104","0","0","0","0","2301","0","0","0","N","0","0","0","1","02301","0","","2.0","","2","N","N","","0","","0","0","0","0","0","N","","1","0","0","0","0","0","0","2","0","1","","","","N","","","","","","","","","",""
"2011008574","","1","0","0","0","0","0","0","0","0","4","0","","02","1","2011","3","40.666363","-80.003435","","11","0","0","0","0","0","1","0","0","1","0","0","0","","","0","","0","","40 39:58.908","1","0","80 00:12.367","0","0","0","0","2216","0","0","0","N","0","0","0","3","02505","0","","1.0","","2","N","N","","1","","0","0","0","0","0","Y","","2","0","0","0","0","0","0","1","0","2","","","","N","","","","","","","","","",""
"2011012432","","1","0","0","0","0","0","0","0","0","4","0","","02","1","2011","5","40.411035","-79.753617","","11","0","0","1","0","0","1","0","0","","0","0","0","","","0","","2","","40 24:39.726","","0","79 45:13.021","9","0","0","0","2446","0","0","0","N","0","0","0","3","02446","0","","1.0","","9","N","N","","0","","0","0","1","3","2","","","2","0","0","0","0","0","2","2","0","2","","","","N","","","","","","","","","",""
"2011006051","","1","0","0","0","0","0","0","0","0","7","0","","02","1","2011","7","40.370066","-80.098429","","11","0","0","0","0","0","0","0","0","","0","0","0","","","0","","0","","40 22:12.237","","0","80 05:54.344","0","0","0","0","2117","0","0","0","Y","0","0","0","1","02117","0","","2.0","","98","N","N","","0","","0","0","0","0","0","","","1","0","0","0","0","0","0","2","0","1","","","","N","","","","","","","","","",""
"2011006950","","1","0","0","0","0","0","0","0","0","5","0","","02","1","2011","1","40.460759","-79.915919","","11","0","1","0","0","0","0","0","0","","0","0","0","","","0","","1","","40 27:38.732","","0","79 54:57.308","0","0","0","0","2301","0","0","0","N","0","0","0","5","02301","0","","1.0","","9","N","N","","0","","0","0","1","3","2","","","2","0","0","0","0","0","0","2","0","2","","","","N","","","","","","","","","",""
"2011006219","","0","0","0","0","0","0","0","0","0","7","0","","02","1","2011","4","40.488059","-79.80153","","11","0","0","0","0","0","0","0","0","","0","0","0","","","0","","0","","40 29:17.011","","7","79 48:05.507","0","0","0","0","2113","0","0","0","N","0","0","0","1","02113","0","","5.0","","2","N","N","","0","","0","0","1","0","0","","","1","0","0","0","0","0","0","2","0","1","","","","N","","","","","","","","","",""
"2011007010","","1","0","0","0","0","0","0","0","0","1","0","","02","1","2011","7","40.438739","-79.752328","","11","0","0","0","0","0","0","0","0","","0","0","0","","","0","","0","","40 26:19.462","","0","79 45:08.381","0","0","0","0","2446","0","0","0","N","0","0","0","4","02446","0","","1.0","","1","N","N","","0","","0","0","1","0","0","","","2","0","0","0","0","0","0","2","0","2","","","","N","","","","","","","","","",""
"2011013184","","2","0","0","0","0","0","0","0","0","4","0","","02","1","2011","7","40.599405","-79.807896","","11","0","0","0","0","0","0","0","0","1","0","0","0","","","1","","1","","40 35:57.859","4","0","79 48:28.426","4","0","0","0","2206","0","0","0","N","0","0","0","2","02206","1","","1.0","","9","N","N","","0","","0","0","0","3","3","N","","3","1","0","0","0","0","0","1","1","3","","","","N","","","","","","","","","",""
"2011012503","","2","0","0","0","0","0","0","0","0","2","0","","02","1","2011","5","40.642674","-80.067651","","11","0","0","0","0","0","0","0","0","1","0","0","0","","","1","","1","","40 38:33.627","2","0","80 04:03.542","4","0","0","0","2216","0","0","0","N","0","0","0","2","02505","1","","1.0","","9","N","N","","0","","0","0","0","3","2","N","","2","1","0","0","0","0","0","2","0","2","","","","N","","","","","","","","","",""
"2011006809","","1","0","0","0","0","0","0","0","0","4","0","","02","1","2011","2","40.383138","-79.827649","","11","0","0","0","0","0","1","0","0","2","0","0","0","","","2","","1","","40 22:59.298","5","0","79 49:39.538","3","0","0","0","2111","0","0","0","N","0","0","0","3","02111","0","","1.0","","1","N","N","","1","","1","0","0","3","2","N","","2","2","3","0","0","1","0","2","0","2","","","","N","","","","","","","","","",""
"2011006951","","2","0","0","0","0","0","0","0","0","5","0","","02","1","2011","1","40.393872","-79.986493","","11","0","0","0","0","0","1","0","0","","0","0","0","","","1","","0","","40 23:37.939","","0","79 59:11.374","3","0","0","0","2301","0","0","0","N","0","0","0","1","02301","0","","2.0","","1","N","N","","0","","1","0","1","0","0","","","3","1","0","0","0","0","0","2","0","3","","","","N","","","","","","","","","",""
"2011006220","","1","0","0","0","0","0","0","0","0","7","0","","02","1","2011","3","40.432832","-80.059865","","11","1","0","0","0","0","0","0","0","","0","0","0","","","0","","2","","40 25:58.195","","0","80 03:35.514","9","0","0","0","2421","0","0","0","N","0","0","0","1","02421","0","","5.0","","2","N","N","","0","","0","0","0","3","3","","","1","0","0","0","0","0","1","2","0","1","","","","N","","","","","","","","","",""
"2011006977","","1","0","0","0","0","0","1","0","0","1","1","","02","1","2011","6","40.312398","-79.794152","","11","0","0","0","0","0","0","1","0","1","0","0","0","","","0","","0","","40 18:44.632","2","0","79 47:38.947","0","0","0","0","2105","0","0","0","N","0","0","0","15","02105","0","","1.0","","1","Y","N","","0","","0","0","0","0","0","N","","2","0","0","0","0","0","0","2","0","2","","","","N","","","","","","","","","",""
"2011014722","","2","0","0","0","0","0","0","0","0","2","0","","02","1","2011","6","40.506861","-80.059238","","11","0","0","0","0","0","1","0","0","2","0","0","0","","","2","","0","","40 30:24.698","5","0","80 03:33.258","3","0","0","0","2404","0","0","0","N","0","0","0","2","02404","1","","1.0","","9","N","N","","0","","1","0","0","0","0","Y","","2","2","1","0","0","0","0","2","0","2","","","","N","","","","","","","","","",""
"2011012504","","0","0","0","0","0","0","0","0","0","4","0","","02","1","2011","7","40.482052","-80.126535","","11","0","0","0","0","0","1","1","0","","0","0","0","","","0","","2","","40 28:55.387","","0","80 07:35.526","0","0","0","0","2115","0","0","0","N","0","0","0","2","02115","0","","1.0","","1","N","N","","1","","0","0","1","3","3","","","2","0","0","0","0","0","0","2","0","2","","","","N","","","","","","","","","",""
"2011006221","","1","0","0","0","0","0","0","0","0","7","0","","02","1","2011","2","40.312214","-80.012481","","11","0","0","0","0","0","0","0","0","","0","0","0","","","0","","0","","40 18:43.972","","0","80 00:44.930","0","0","0","0","2219","0","0","0","N","0","0","0","3","02501","0","","5.0","","6","N","N","","0","","0","0","0","0","0","","","1","0","0","0","0","0","0","2","0","1","","","","N","","","","","","","","","",""
"2011013208","","1","0","0","0","0","0","0","0","0","7","0","","02","1","2011","7","40.47275","-79.857953","","11","0","0","0","0","0","1","0","0","1","0","0","0","","","1","","0","","40 28:21.900","5","0","79 51:28.631","4","0","0","0","2113","0","0","0","N","0","0","0","2","02113","1","","5.0","","7","N","N","","0","","0","0","0","0","0","Y","","1","1","0","0","0","0","0","2","0","1","","","","N","","","","","","","","","",""
"2011006201","","0","0","0","0","0","0","1","0","0","4","1","","02","1","2011","5","40.459214","-79.927463","","11","0","0","0","0","0","0","0","0","","0","0","0","","","0","","1","","40 27:33.170","","0","79 55:38.866","0","0","0","0","2301","0","0","0","","0","0","0","2","02503","0","","1.0","","6","","","","0","","0","0","1","3","3","","","2","0","0","0","0","0","0","2","0","2","","","","N","","","","","","","","","",""
"2011013934","","1","0","0","0","0","0","0","0","0","6","0","","02","1","2011","2","","","","11","0","0","0","0","0","0","0","0","","0","0","0","","","0","","0","","","","7","","0","0","0","0","2301","0","0","0","N","0","0","0","2","02301","0","","1.0","","1","N","N","","0","","0","0","1","0","0","","","2","0","0","0","0","0","0","1","0","2","","","","N","","","","","","","","","",""
"2011006843","","2","0","0","0","0","0","0","0","0","1","0","","02","1","2011","7","40.363451","-80.045817","","11","0","0","0","0","0","0","1","0","1","0","0","0","","","2","","0","","40 21:48.422","4","0","80 02:44.940","4","0","0","0","2109","0","0","0","N","0","0","0","4","02109","2","","1.0","","1","N","N","","1","","0","0","0","0","0","N","","3","2","0","0","0","0","0","2","0","3","","","","N","","","","","","","","","",""
"2011006256","","1","0","0","0","0","0","0","0","0","7","0","","02","1","2011","5","40.451457","-79.766627","","11","0","0","0","0","0","1","0","0","","0","0","0","","","0","","0","","40 27:05.244","","0","79 45:59.856","0","0","0","0","2446","0","0","0","N","0","0","0","1","02446","0","","4.0","","7","N","N","","0","","0","0","0","0","0","","","1","0","0","0","0","0","0","2","0","1","","","","N","","","","","","","","","",""