"CRN","ARRIVAL_TM","AUTOMOBILE_COUNT","BELTED_DEATH_COUNT","BELTED_SUSP_SERIOUS_INJ_COUNT","BICYCLE_COUNT","BICYCLE_DEATH_COUNT","BICYCLE_SUSP_SERIOUS_INJ_COUNT","BUS_COUNT","CHLDPAS_DEATH_COUNT","CHLDPAS_SUSP_SERIOUS_INJ_COUNT","COLLISION_TYPE","COMM_VEH_COUNT","CONS_ZONE_SPD_LIM","COUNTY","CRASH_MONTH","CRASH_YEAR","DAY_OF_WEEK","DEC_LATITUDE","DEC_LONGITUDE","DISPATCH_TM","DISTRICT","DRIVER_COUNT_16YR","DRIVER_COUNT_17YR","DRIVER_COUNT_18YR","DRIVER_COUNT_19YR","DRIVER_COUNT_20YR","DRIVER_COUNT_50_64YR","DRIVER_COUNT_65_74YR","DRIVER_COUNT_75PLUS","EST_HRS_CLOSED","FATAL_COUNT","HEAVY_TRUCK_COUNT","HORSE_BUGGY_COUNT","HOUR_OF_DAY","ILLUMINATION","INJURY_COUNT","INTERSECTION_RELATED","INTERSECT_TYPE","LANE_CLOSED","LATITUDE","LN_CLOSE_DIR","LOCATION_TYPE","LONGITUDE","MAX_SEVERITY_LEVEL","MCYCLE_DEATH_COUNT","MCYCLE_SUSP_SERIOUS_INJ_COUNT","MOTORCYCLE_COUNT","MUNICIPALITY","NONMOTR_COUNT","NONMOTR_DEATH_COUNT","NONMOTR_SUSP_SERIOUS_INJ_COUNT","NTFY_HIWY_MAINT","PED_COUNT","PED_DEATH_COUNT","PED_SUSP_SERIOUS_INJ_COUNT","PERSON_COUNT","POLICE_AGCY","POSSIBLE_INJ_COUNT","RDWY_SURF_TYPE_CD","RELATION_TO_ROAD","ROADWAY_CLEARED","ROAD_CONDITION","SCH_BUS_IND","SCH_ZONE_IND","SECONDARY_CRASH","SMALL_TRUCK_COUNT","SPEC_JURIS_CD","SUSP_MINOR_INJ_COUNT","SUSP_SERIOUS_INJ_COUNT","SUV_COUNT","TCD_FUNC_CD","TCD_TYPE","TFC_DETOUR_IND","TIME_OF_DAY","TOTAL_UNITS","TOT_INJ_COUNT","UNBELTED_OCC_COUNT","UNB_DEATH_COUNT","UNB_SUSP_SERIOUS_INJ_COUNT","UNK_INJ_DEG_COUNT","UNK_INJ_PER_COUNT","URBAN_RURAL","VAN_COUNT","VEHICLE_COUNT","WEATHER1","WEATHER2","WORKERS_PRES","WORK_ZONE_IND","WORK_ZONE_LOC","WORK_ZONE_TYPE","WZ_CLOSE_DETOUR","WZ_FLAGGER","WZ_LAW_OFFCR_IND","WZ_LN_CLOSURE","WZ_MOVING","WZ_OTHER","WZ_SHLDER_MDN","WZ_WORKERS_INJ_KILLED"
"2011012758","","2","0","0","0","0","0","0","0","0","4","0","","02","1","2011","3","40.492911","-80.274589","","11","0","0","0","0","0","0","1","0","","0","0","0","","","0","","0","","40 29:34.480","","0","80 16:28.521","0","0","0","0","2203","0","0","0","N","0","0","0","4","68B03","0","","1.0","","7","N","N","","0","","0","0","0","0","0","","","2","0","0","0","0","0","0","2","0","2","","","","N","","","","","","","","","",""
"2011013647","","1","0","0","0","0","0","0","0","0","8","0","","02","1","2011","1","40.427504","-79.974375","","11","0","0","0","0","0","0","0","0","1","0","0","0","","","1","","0","","40 25:39.014","4","0","79 58:27.750","4","0","0","0","2301","1","0","0","N","1","0","0","2","02301","1","","1.0","","9","N","N","","0","","0","0","0","0","0","N","","2","1","0","0","0","0","0","2","0","1","","","","N","","","","","","","","","",""
"2011013439","","1","0","0","0","0","0","0","0","0","7","0","","02","1","2011","1","40.444503","-79.975633","","11","0","0","0","0","0","0","0","0","","0","0","0","","","0","","0","","40 26:40.210","","0","79 58:32.278","0","0","0","0","2301","0","0","0","N","0","0","0","3","02301","0","","5.0","","7","N","N","","0","","0","0","0","0","0","","","1","0","0","0","0","0","0","2","0","1","","","","N","","","","","","","","","",""
"2011014371","","1","0","0","0","0","0","0","0","0","7","0","","02","2","2011","3","40.487724","-79.920112","","11","0","0","0","0","0","0","0","0","","0","0","0","","","0","","0","","40 29:15.807","","0","79 55:12.404","0","0","0","0","2301","0","0","0","N","0","0","0","1","02301","0","","5.0","","2","N","N","","0","","0","0","0","0","0","","","1","0","0","0","0","0","0","2","0","1","","","","N","","","","","","","","","",""
"2011012099","","1","0","0","0","0","0","0","0","0","4","0","","02","1","2011","1","40.604786","-79.926968","","11","0","0","0","0","0","1","0","0","","0","0","0","","","0","","0","","40 36:17.229","","0","79 55:37.084","0","0","0","0","2207","0","0","0","N","0","0","0","4","02207","0","","1.0","","9","N","N","","0","","0","0","1","0","0","","","2","0","0","0","0","0","0","2","0","2","","","","N","","","","","","","","","",""
"2011014395","","1","0","0","0","0","0","0","0","0","2","0","","02","1","2011","2","40.641305","-80.108271","","11","0","0","0","0","0","1","0","0","","0","0","0","","","1","","2","","40 38:28.698","","0","80 06:29.774","8","0","0","0","2212","0","0","0","N","0","0","0","2","02505","0","","1.0","","1","N","N","","0","","0","0","1","3","3","","","2","1","0","0","0","1","0","2","0","2","","","","N","","","","","","","","","",""
"2011014825","","2","0","0","0","0","0","0","0","0","1","0","","02","2","2011","4","40.593649","-79.964815","","11","0","0","0","0","0","0","0","0","","0","0","0","","","0","","2","","40 35:37.138","","0","79 57:53.333","0","0","0","0","2207","0","0","0","N","0","0","0","3","02207","0","","1.0","","9","N","N","","0","","0","0","0","3","3","","","2","0","0","0","0","0","0","2","0","2","","","","N","","","","","","","","","",""
"2011014919","","2","0","0","0","0","0","0","0","0","4","0","","02","2","2011","5","","","","11","0","0","0","0","0","0","0","0","1","0","0","0","","","2","","7","","","4","3","","8","0","0","0","2301","0","0","0","N","0","0","0","2","02301","0","","1.0","","1","N","N","","0","","0","0","0","3","2","Y","","2","2","0","0","0","2","0","1","0","2","","","","N","","","","","","","","","",""
"2011013481","","2","0","0","0","0","0","0","0","0","99","0","","02","1","2011","7","40.518004","-80.028879","","11","0","0","0","0","0","0","0","0","","0","0","0","","","0","","0","","40 31:04.813","","0","80 01:43.965","0","0","0","0","2474","0","0","0","N","0","0","0","2","02474","0","","1.0","","9","N","N","","0","","0","0","0","0","0","","","2","0","1","0","0","0","0","2","0","2","","","","N","","","","","","","","","",""
"2011014921","","1","0","0","0","0","0","0","0","0","8","0","","02","2","2011","5","40.430886","-79.923331","","11","0","0","0","0","0","0","0","0","","0","0","0","","","1","","0","","40 25:51.189","","0","79 55:23.991","4","0","0","0","2301","1","0","0","N","1","0","0","2","02301","1","","1.0","","1","N","N","","0","","0","0","0","0","0","","","2","1","0","0","0","0","0","2","0","1","","","","N","","","","","","","","","",""
"2011012122","","1","0","0","0","0","0","0","0","0","7","0","","02","1","2011","7","40.507092","-80.047961","","11","0","0","0","0","0","0","0","0","1","0","0","0","","","0","","0","","40 30:25.530","4","0","80 02:52.660","0","0","0","0","2116","0","0","0","N","0","0","0","1","02116","0","","5.0","","2","N","N","","0","","0","0","0","0","0","N","","1","0","0","0","0","0","0","2","0","1","","","","N","","","","","","","","","",""
"2011012123","","1","0","0","0","0","0","0","0","0","7","0","","02","1","2011","4","40.354942","-79.835011","","11","0","0","0","0","0","1","0","0","2","0","0","0","","","0","","0","","40 21:17.791","2","0","79 50:06.039","0","0","0","0","2304","0","0","0","N","0","0","0","2","02304","0","","5.0","","9","N","N","","0","","0","0","0","0","0","N","","1","0","2","0","0","0","0","2","0","1","","","","N","","","","","","","","","",""
"2011014923","","1","0","0","0","0","0","0","0","0","8","0","","02","2","2011","5","40.371945","-79.846448","","11","0","0","0","0","0","0","0","1","","0","0","0","","","1","","1","","40 22:19.002","","0","79 50:47.212","4","0","0","0","2303","1","0","0","N","1","0","0","2","02303","1","","1.0","","1","N","N","","0","","0","0","0","3","3","","","2","1","0","0","0","0","0","2","0","1","","","","N","","","","","","","","","",""
"2011012671","","2","0","0","0","0","0","0","0","0","4","0","","02","1","2011","5","40.480295","-79.9533","","11","0","0","0","0","0","1","0","0","2","0","0","0","","","1","","0","","40 28:49.062","4","0","79 57:11.880","4","0","0","0","2301","0","0","0","N","0","0","0","1","02301","1","","1.0","","2","N","N","","1","","0","0","0","0","0","Y","","3","1","0","0","0","0","0","2","0","3","","","","N","","","","","","","","","",""
"2011012715","","2","0","0","0","0","0","0","0","0","4","0","","02","1","2011","6","40.435891","-79.958078","","11","0","0","0","0","2","0","0","0","3","0","0","0","","","2","","5","","40 26:09.209","4","0","79 57:29.081","4","0","0","0","2301","0","0","0","N","0","0","0","4","02301","2","","1.0","","7","N","N","","0","","0","0","0","3","2","N","","2","2","0","0","0","0","0","2","0","2","","","","N","","","","","","","","","",""
"2011013488","","1","0","0","0","0","0","0","0","0","7","0","","02","1","2011","1","40.505222","-79.997242","","11","0","0","0","1","0","0","0","0","2","0","0","0","","","1","","0","","40 30:18.799","4","0","79 59:50.072","8","0","0","0","2116","0","0","0","Y","0","0","0","2","02116","0","","5.0","","6","N","N","","0","","0","0","0","0","0","N","","1","1","2","0","0","1","0","2","0","1","","","","N","","","","","","","","","",""
"2011012280","","0","0","0","0","0","0","0","0","0","7","0","","02","1","2011","4","40.560028","-80.024539","","11","0","0","0","0","0","0","0","0","","0","0","0","","","0","","0","","40 33:36.101","","0","80 01:28.339","0","0","0","0","2108","0","0","0","N","0","0","0","3","02108","0","","4.0","","7","N","N","","1","","0","0","0","0","0","","","1","0","0","0","0","0","0","2","0","1","","","","N","","","","","","","","","",""
"2011009516","","1","0","0","0","0","0","0","0","0","7","0","","02","1","2011","6","40.550685","-80.099304","","11","0","0","0","0","0","0","0","0","","0","0","0","","","0","","0","","40 33:02.465","","0","80 05:57.493","0","0","0","0","2215","0","0","0","N","0","0","0","1","02215","0","","2.0","","2","N","N","","0","","0","0","0","0","0","","","1","0","0","0","0","0","0","2","0","1","","","","N","","","","","","","","","",""
"2011012281","","1","0","0","0","0","0","0","0","0","7","0","","02","1","2011","3","40.559984","-80.010393","","11","0","0","1","0","0","0","0","0","2","0","0","0","","","0","","0","","40 33:35.942","1","0","80 00:37.414","0","0","0","0","2108","0","0","0","N","0","0","0","1","02108","0","","5.0","","7","N","N","","0","","0","0","0","0","0","N","","1","0","0","0","0","0","0","2","0","1","","","","N","","","","","","","","","",""
"2011014638","","0","0","0","0","0","0","0","0","0","0","0","","02","2","2011","3","40.467898","-79.913234","","11","0","0","0","0","0","0","0","0","1","0","0","0","","","1","","0","","40 28:04.431","2","0","79 54:47.644","8","0","0","1","2301","0","0","0","N","0","0","0","1","02301","0","","1.0","","2","N","N","","0","","0","0","0","0","0","N","","1","1","0","0","0","1","0","2","0","1","","","","N","","","","","","","","","",""
"2011013660","","1","0","0","0","0","0","0","0","0","1","0","","02","1","2011","6","40.624647","-80.053952","","11","0","1","0","0","0","1","0","0","1","0","0","0","","","0","","0","","40 37:28.729","2","0","80 03:14.228","0","0","0","0","2216","0","0","0","N","0","0","0","5","02505","0","","1.0","","1","N","N","","1","","0","0","0","0","0","N","","2","0","0","0","0","0","0","2","0","2","","","","N","","","","","","","","","",""
"2011014586","","2","0","0","0","0","0","0","0","0","4","0","","02","1","2011","2","40.575045","-80.075417","","11","0","0","0","0","0","1","0","1","","0","0","0","","","2","","1","","40 34:30.163","","0","80 04:31.501","4","0","0","0","2481","0","0","0","N","0","0","0","2","02481","2","","1.0","","1","N","N","","0","","0","0","0","3","3","","","2","2","0","0","0","0","0","2","0","2","","","","N","","","","","","","","","",""
"2011013053","","1","0","0","0","0","0","0","0","0","7","0","","02","1","2011","4","40.384742","-80.2034","","11","0","0","0","0","0","0","0","0","1","0","0","0","","","1","","0","","40 23:05.071","5","0","80 12:12.240","4","0","0","0","2119","0","0","0","N","0","0","0","1","02119","1","","5.0","","2","N","N","","0","","0","0","0","0","0","N","","1","1","0","0","0","0","0","2","0","1","","","","N","","","","","","","","","",""
"2011013820","","1","0","0","0","0","0","0","0","0","6","0","","02","1","2011","2","40.585605","-80.069082","","11","0","0","0","0","0","0","0","0","1","0","0","0","","","0","","2","","40 35:08.178","3","0","80 04:08.695","0","0","0","0","2481","0","0","0","N","0","0","0","2","02481","0","","1.0","","2","N","N","","1","","0","0","0","3","3","N","","2","0","0","0","0","0","0","2","0","2","","","","N","","","","","","","","","",""
"2011012356","","1","0","0","0","0","0","0","0","0","7","0","","02","1","2011","2","40.216768","-79.836153","","11","0","0","0","0","0","0","0","0","2","0","0","0","","","1","","0","","40 13:00.366","6","0","79 50:10.151","8","0","0","0","2105","0","0","0","N","0","0","0","1","02105","0","","5.0","","9","N","N","","0","","0","0","0","0","0","Y","","1","1","0","0","0","1","0","1","0","1","","","","N","","","","","","","","","",""
"2011012940","","1","0","0","0","0","0","0","0","0","1","0","","02","1","2011","6","40.412495","-79.989418","","11","0","0","0","0","0","0","1","0","1","0","0","0","","","1","","0","","40 24:44.982","2","0","79 59:21.904","8","0","0","0","2301","0","0","0","N","0","0","0","1","02301","0","","6.0","","9","N","N","","0","","0","0","1","0","0","N","","2","1","0","0","0","1","0","2","0","2","","","","N","","","","","","","","","",""
"2011013054","","2","0","0","0","0","0","0","0","0","4","0","","02","1","2011","6","40.618931","-79.945015","","11","0","0","0","0","0","1","0","0","","0","0","0","","","0","","0","","40 37:08.150","","0","79 56:42.053","0","0","0","0","2217","0","0","0","N","0","0","0","2","02505","0","","1.0","","9","N","N","","0","","0","0","0","0","0","","","2","0","0","0","0","0","0","2","0","2","","","","N","","","","","","","","","",""
"2011014589","","1","0","0","0","0","0","0","0","0","4","0","","02","1","2011","2","40.470082","-80.216215","","11","0","0","0","0","0","0","0","0","","0","0","0","","","0","","1","","40 28:12.295","","0","80 12:58.374","0","0","0","0","2203","0","0","0","N","0","0","0","2","02203","0","","1.0","","1","N","N","","0","","0","0","1","3","3","","","2","0","0","0","0","0","0","2","0","2","","","","N","","","","","","","","","",""
"2011013908","","2","0","0","0","0","0","0","0","0","1","0","","02","1","2011","2","40.425159","-80.001968","","11","0","0","0","0","0","1","0","0","1","0","0","0","","","1","","0","","40 25:30.574","1","4","80 00:07.085","4","0","0","0","2301","0","0","0","Y","0","0","0","5","02301","1","","1.0","","1","N","N","","0","","0","0","1","0","0","N","","4","1","0","0","0","0","0","2","1","4","","","","N","","","","","","","","","",""
"2011009376","","1","0","0","0","0","0","0","0","0","7","0","","02","1","2011","5","40.350762","-79.866575","","11","0","0","0","0","0","0","0","0","1","0","0","0","","","1","","0","","40 21:02.743","4","0","79 51:59.670","8","0","0","0","2304","0","0","0","N","0","0","0","2","02304","0","","5.0","","7","N","N","","0","","0","0","0","0","0","Y","","1","1","2","0","0","1","0","2","0","1","","","","N","","","","","","","","","",""
"2011009521","","0","0","0","0","0","0","0","0","0","7","0","","02","1","2011","3","40.392683","-80.016404","","11","0","0","0","0","0","0","0","0","","0","0","0","","","0","","1","","40 23:33.658","","0","80 00:59.054","0","0","0","0","2301","0","0","0","N","0","0","0","1","02301","0","","5.0","","2","N","N","","0","","0","0","1","0","0","","","1","0","0","0","0","0","0","2","0","1","","","","N","","","","","","","","","",""
"2011012943","","1","0","0","0","0","0","0","0","0","7","0","","02","1","2011","1","40.330672","-80.053438","","11","0","0","0","0","0","0","1","0","","0","0","0","","","0","","0","","40 19:50.420","","0","80 03:12.377","0","0","0","0","2407","0","0","0","N","0","0","0","1","02407","0","","2.0","","9","N","N","","0","","0","0","0","0","0","","","1","0","0","0","0","0","0","2","0","1","","","","N","","","","","","","","","",""
"2011013057","","1","0","0","0","0","0","0","0","0","7","0","","02","1","2011","6","40.452373","-79.844197","","11","0","0","0","0","0","0","0","0","","0","0","0","","","0","","0","","40 27:08.542","","0","79 50:39.110","0","0","0","0","2113","0","0","0","N","0","0","0","1","02113","0","","5.0","","7","N","N","","0","","0","0","0","0","0","","","1","0","0","0","0","0","0","2","0","1","","","","N","","","","","","","","","",""
"2011013666","","1","0","0","0","0","0","0","0","0","4","0","","02","1","2011","2","40.374842","-80.094736","","11","0","0","0","0","0","0","0","0","","0","0","0","","","0","","2","","40 22:29.431","","0","80 05:41.049","0","0","0","0","2117","0","0","0","Y","0","0","0","2","02117","0","","1.0","","98","N","N","","0","","0","0","1","0","0","","","2","0","0","0","0","0","0","2","0","2","","","","N","","","","","","","","","",""
"2011012944","","1","0","0","0","0","0","0","0","0","7","0","","02","1","2011","2","40.348995","-80.023593","","11","0","0","0","0","0","0","0","0","1","0","0","0","","","0","","0","","40 20:56.382","1","0","80 01:24.934","0","0","0","0","2407","0","0","0","Y","0","0","0","1","02407","0","","4.0","","9","N","N","","0","","0","0","0","0","0","N","","1","0","0","0","0","0","0","2","0","1","","","","N","","","","","","","","","",""
"2011009379","","2","0","0","0","0","0","0","0","0","7","0","","02","1","2011","7","40.43794","-79.778297","","11","0","0","0","0","1","1","0","0","","0","0","0","","","0","","0","","40 26:16.585","","7","79 46:41.868","0","0","0","0","2446","0","0","0","N","0","0","0","2","02446","0","","5.0","","9","N","N","","0","","0","0","0","0","0","","","2","0","0","0","0","0","0","2","0","2","","","","N","","","","","","","","","",""
"2011013669","","0","0","0","0","0","0","0","0","0","7","0","","02","1","2011","5","40.648504","-80.110934","","11","0","0","0","0","0","0","0","0","1","0","0","0","","","0","","3","","40 38:54.616","6","0","80 06:39.363","0","0","0","0","2212","0","0","0","N","0","0","0","1","02505","0","","5.0","","7","N","N","","0","","0","0","1","0","0","Y","","1","0","0","0","0","0","0","2","0","1","","","","N","","","","","","","","","",""
"2011013827","","2","0","0","0","0","0","0","0","0","2","0","","02","1","2011","2","40.398542","-80.096363","","11","0","0","0","0","0","1","0","0","1","0","0","0","","","0","","0","","40 23:54.751","6","0","80 05:46.906","0","0","0","0","2117","0","0","0","N","0","0","0","1","02117","0","","4.0","","1","N","N","","0","","0","0","0","0","0","Y","","2","0","0","0","0","0","0","2","0","2","","","","N","","","","","","","","","",""
"2011013829","","0","0","0","0","0","0","0","0","0","1","0","","02","1","2011","2","40.461622","-79.948973","","11","0","0","0","0","0","0","0","0","","0","0","0","","","1","","1","","40 27:41.839","","0","79 56:56.302","8","0","0","0","2301","0","0","0","N","0","0","0","6","02301","0","","1.0","","1","N","N","","0","","0","0","1","3","2","","","3","1","0","0","0","1","2","2","2","3","","","","N","","","","","","","","","",""
"2011010181","","0","0","0","0","0","0","0","0","0","99","0","","02","1","2011","6","40.443936","-80.064878","","11","0","0","1","0","0","0","0","0","","0","0","0","","","0","","2","","40 26:38.169","","0","80 03:53.560","0","0","0","0","2439","0","0","0","N","0","0","0","3","02439","0","","1.0","","1","N","N","","1","","0","0","1","3","3","","","2","0","0","0","0","0","0","2","0","2","","","","N","","","","","","","","","",""
"2011013830","","1","0","0","0","0","0","0","0","0","1","0","","02","1","2011","2","40.382205","-79.995981","","11","0","0","0","0","0","0","0","0","","0","0","0","","","1","","1","","40 22:55.939","","0","79 59:45.533","8","0","0","0","2301","0","0","0","N","0","0","0","2","02301","0","","1.0","","2","N","N","","0","","0","0","1","3","2","","","2","1","0","0","0","1","0","2","0","2","","","","N","","","","","","","","","",""
"2011012370","","1","0","0","0","0","0","0","0","0","4","0","","02","1","2011","5","40.427954","-79.752325","","11","0","0","0","0","0","0","0","1","1","0","0","0","","","1","","0","","40 25:40.634","5","0","79 45:08.370","8","0","0","0","2446","0","0","0","N","0","0","0","2","02446","0","","1.0","","9","N","N","","0","","0","0","1","0","0","N","","2","1","0","0","0","1","0","2","0","2","","","","N","","","","","","","","","",""
"2011011794","","0","0","0","0","0","0","0","0","0","6","0","","02","1","2011","3","40.389047","-80.055549","","11","0","1","0","0","0","0","0","0","","0","0","0","","","0","","0","","40 23:20.569","","0","80 03:19.976","0","0","0","0","2109","0","0","0","N","0","0","0","4","02109","0","","1.0","","2","N","N","","1","","0","0","1","0","0","","","2","0","0","0","0","0","0","2","0","2","","","","N","","","","","","","","","",""
"2011009528","","1","0","0","0","0","0","0","0","0","7","0","","02","1","2011","6","40.489147","-80.0798","","11","0","0","0","0","0","0","0","0","","0","0","0","","","1","","2","","40 29:20.928","","3","80 04:47.279","4","0","0","0","2110","0","0","0","N","0","0","0","1","02215","1","","1.0","","6","N","N","","0","","0","0","0","0","0","","","1","1","0","0","0","0","0","2","0","1","","","","N","","","","","","","","","",""
"2011009384","","0","0","0","0","0","0","0","0","0","7","0","","02","1","2011","5","40.437953","-80.053855","","11","0","0","0","0","0","1","0","0","","0","0","0","","","1","","3","","40 26:16.632","","0","80 03:13.877","8","0","0","0","2301","0","0","0","N","0","0","0","1","02301","0","","5.0","","7","N","N","","0","","0","0","1","0","0","","","1","1","0","0","0","1","0","2","0","1","","","","N","","","","","","","","","",""
"2011010156","","1","0","0","0","0","0","0","0","0","8","0","","02","1","2011","7","40.495612","-80.055528","","11","0","0","0","0","0","0","0","0","","0","0","0","","","1","","1","","40 29:44.203","","0","80 03:19.900","8","0","0","0","2404","1","0","0","","1","0","0","2","02404","0","","1.0","","1","N","","","0","","0","0","0","3","2","","","2","1","0","0","0","1","0","2","0","1","","","","N","","","","","","","","","",""
"2011011795","","1","0","0","0","0","0","1","0","0","2","1","","02","1","2011","7","40.438163","-79.975903","","11","0","0","0","0","0","0","0","0","","0","0","0","","","0","","2","","40 26:17.386","","0","79 58:33.250","0","0","0","0","2301","0","0","0","N","0","0","0","2","02503","0","","1.0","","1","N","N","","0","","0","0","0","3","3","","","2","0","0","0","0","0","0","2","0","2","","","","N","","","","","","","","","",""
"2011009529","","2","0","0","0","0","0","0","0","0","2","0","","02","1","2011","2","40.527289","-80.03553","","11","0","0","0","0","0","1","0","1","2","0","0","0","","","1","","0","","40 31:38.242","2","0","80 02:07.909","3","0","0","0","2116","0","0","0","N","0","0","0","3","02116","0","","1.0","","2","N","N","","0","","1","0","0","0","0","N","","2","1","0","0","0","0","0","2","0","2","","","","N","","","","","","","","","",""
"2011014599","","0","0","0","0","0","0","0","0","0","7","0","","02","2","2011","3","40.457017","-80.021229","","11","0","0","0","0","0","1","0","0","","0","0","0","","","0","","3","","40 27:25.261","","0","80 01:16.424","0","0","0","0","2301","0","0","0","N","0","0","0","1","02301","0","","5.0","","9","N","N","","0","","0","0","1","0","0","","","1","0","0","0","0","0","0","2","0","1","","","","N","","","","","","","","","",""
"2011013065","","1","0","0","0","0","0","0","0","0","7","0","","02","1","2011","7","40.427924","-79.963857","","11","0","0","0","0","0","0","0","0","","0","0","0","","","0","","2","","40 25:40.526","","0","79 57:49.885","0","0","0","0","2301","0","0","0","","0","0","0","3","02301","0","","5.0","","9","","","","0","","0","0","0","3","3","","","1","0","0","0","0","0","0","2","0","1","","","","N","","","","","","","","","",""
"2011013833","","2","0","0","0","0","0","0","0","0","4","0","","02","1","2011","2","40.445679","-79.994173","","11","0","0","0","0","0","0","0","0","","0","0","0","","","1","","2","","40 26:44.444","","0","79 59:39.022","8","0","0","0","2301","0","0","0","N","0","0","0","2","02301","0","","1.0","","1","N","N","","0","","0","0","0","3","2","","","2","1","0","0","0","1","0","2","0","2","","","","N","","","","","","","","","",""
"2011010234","","0","0","0","0","0","0","0","0","0","7","0","","02","1","2011","1","","","","11","0","0","0","0","0","0","0","0","2","0","0","0","","","0","","6","","","3","1","","0","0","0","0","2301","0","0","0","N","0","0","0","0","02301","0","","5.0","","1","N","N","","1","","0","0","0","3","2","Y","","1","0","0","0","0","0","0","1","0","1","","","","N","","","","","","","","","",""
"2011013067","","1","0","0","0","0","0","0","0","0","7","0","","02","1","2011","6","40.552573","-80.219012","","11","0","0","0","0","0","0","0","0","1","0","0","0","","","0","","0","","40 33:09.261","1","0","80 13:08.444","0","0","0","0","2103","0","0","0","N","0","0","0","1","02103","0","","4.0","","7","N","N","","0","","0","0","0","0","0","N","","1","0","0","0","0","0","0","2","0","1","","","","N","","","","","","","","","",""
"2011013834","","1","0","0","0","0","0","0","0","0","4","0","","02","1","2011","2","40.455097","-79.814353","","11","0","0","0","0","0","0","0","0","1","0","0","0","","","0","","1","","40 27:18.350","1","0","79 48:51.670","0","0","0","0","2113","0","0","0","N","0","0","0","2","02113","0","","1.0","","9","N","N","","0","","0","0","1","3","3","N","","2","0","0","0","0","0","0","2","0","2","","","","N","","","","","","","","","",""
"2011012373","","4","0","0","0","0","0","0","0","0","1","0","","02","1","2011","5","40.482221","-79.952305","","11","0","0","1","0","0","0","0","0","","0","0","0","","","1","","0","","40 28:55.996","","0","79 57:08.299","8","0","0","0","2301","0","0","0","N","0","0","0","1","02301","0","","6.0","","9","N","N","","0","","0","0","1","3","2","","","5","1","0","0","0","1","0","2","0","5","","","","N","","","","","","","","","",""
"2011010235","","1","0","0","0","0","0","0","0","0","7","0","","02","1","2011","1","40.447183","-79.991762","","11","0","0","0","0","0","0","0","0","1","0","0","0","","","0","","0","","40 26:49.858","3","0","79 59:30.343","0","0","0","0","2301","0","0","0","N","0","0","0","3","02301","0","","5.0","","2","N","N","","0","","0","0","0","0","0","N","","1","0","0","0","0","0","0","2","0","1","","","","N","","","","","","","","","",""
"2011010187","","1","0","0","0","0","0","0","0","0","7","0","","02","1","2011","7","40.477228","-80.040206","","11","0","0","0","0","0","0","0","0","","0","0","0","","","0","","1","","40 28:38.020","","0","80 02:24.741","0","0","0","0","2301","0","0","0","N","0","0","0","1","02301","0","","5.0","","1","N","N","","0","","0","0","0","0","0","","","1","0","0","0","0","0","0","2","0","1","","","","N","","","","","","","","","",""
"2011010237","","1","0","0","0","0","0","0","0","0","7","0","","02","1","2011","7","40.391298","-79.934081","","11","0","0","0","0","0","0","0","0","","0","0","0","","","0","","6","","40 23:28.673","","2","79 56:02.692","9","0","0","0","2301","0","0","0","N","0","0","0","1","02301","0","","2.0","","9","N","N","","0","","0","0","0","0","0","","","1","0","0","0","0","0","1","2","0","1","","","","N","","","","","","","","","",""
"2011009533","","1","0","0","0","0","0","0","0","0","7","0","","02","1","2011","6","40.467123","-79.905865","","11","0","0","0","0","0","1","0","0","","0","0","0","","","0","","1","","40 28:01.642","","0","79 54:21.114","0","0","0","0","2301","0","0","0","N","0","0","0","2","02301","0","","5.0","","7","N","N","","0","","0","0","0","3","3","","","1","0","0","0","0","0","0","2","0","1","","","","N","","","","","","","","","",""
"2011014604","","2","0","0","0","0","0","0","0","0","4","0","","02","2","2011","3","40.524656","-79.962624","","11","0","0","0","0","0","0","1","1","","0","0","0","","","1","","0","","40 31:28.761","","0","79 57:45.445","4","0","0","0","2118","0","0","0","N","0","0","0","2","02118","1","","1.0","","9","N","N","","0","","0","0","0","0","0","","","2","1","0","0","0","0","1","2","0","2","","","","N","","","","","","","","","",""
"2011011656","","2","0","0","0","0","0","0","0","0","4","0","","02","1","2011","3","40.395344","-79.997486","","11","0","0","0","0","0","0","0","0","","0","0","0","","","2","","2","","40 23:43.237","","0","79 59:50.949","4","0","0","0","2301","0","0","0","N","0","0","0","4","02301","2","","1.0","","1","N","N","","0","","0","0","0","3","3","","","2","2","1","0","0","0","0","2","0","2","","","","N","","","","","","","","","",""
"2011010189","","1","0","0","0","0","0","0","0","0","7","0","","02","1","2011","7","40.438326","-79.904504","","11","0","1","0","0","0","0","0","0","","0","0","0","","","0","","0","","40 26:17.975","","0","79 54:16.213","0","0","0","0","2301","0","0","0","N","0","0","0","2","02301","0","","5.0","","2","N","N","","0","","0","0","0","0","0","","","1","0","0","0","0","0","0","2","0","1","","","","N","","","","","","","","","",""
"2011014437","","2","0","0","0","0","0","0","0","0","4","0","","02","2","2011","3","40.440466","-79.991536","","11","0","0","0","0","0","0","0","0","1","0","0","0","","","1","","1","","40 26:25.678","2","6","79 59:29.530","8","0","0","0","2301","0","0","0","N","0","0","0","6","02301","0","","1.0","","9","N","N","","0","","0","0","0","3","2","Y","","2","1","3","0","0","1","0","2","0","2","","","","N","","","","","","","","","",""