"CRN","ARRIVAL_TM","AUTOMOBILE_COUNT","BELTED_DEATH_COUNT","BELTED_SUSP_SERIOUS_INJ_COUNT","BICYCLE_COUNT","BICYCLE_DEATH_COUNT","BICYCLE_SUSP_SERIOUS_INJ_COUNT","BUS_COUNT","CHLDPAS_DEATH_COUNT","CHLDPAS_SUSP_SERIOUS_INJ_COUNT","COLLISION_TYPE","COMM_VEH_COUNT","CONS_ZONE_SPD_LIM","COUNTY","CRASH_MONTH","CRASH_YEAR","DAY_OF_WEEK","DEC_LATITUDE","DEC_LONGITUDE","DISPATCH_TM","DISTRICT","DRIVER_COUNT_16YR","DRIVER_COUNT_17YR","DRIVER_COUNT_18YR","DRIVER_COUNT_19YR","DRIVER_COUNT_20YR","DRIVER_COUNT_50_64YR","DRIVER_COUNT_65_74YR","DRIVER_COUNT_75PLUS","EST_HRS_CLOSED","FATAL_COUNT","HEAVY_TRUCK_COUNT","HORSE_BUGGY_COUNT","HOUR_OF_DAY","ILLUMINATION","INJURY_COUNT","INTERSECTION_RELATED","INTERSECT_TYPE","LANE_CLOSED","LATITUDE","LN_CLOSE_DIR","LOCATION_TYPE","LONGITUDE","MAX_SEVERITY_LEVEL","MCYCLE_DEATH_COUNT","MCYCLE_SUSP_SERIOUS_INJ_COUNT","MOTORCYCLE_COUNT","MUNICIPALITY","NONMOTR_COUNT","NONMOTR_DEATH_COUNT","NONMOTR_SUSP_SERIOUS_INJ_COUNT","NTFY_HIWY_MAINT","PED_COUNT","PED_DEATH_COUNT","PED_SUSP_SERIOUS_INJ_COUNT","PERSON_COUNT","POLICE_AGCY","POSSIBLE_INJ_COUNT","RDWY_SURF_TYPE_CD","RELATION_TO_ROAD","ROADWAY_CLEARED","ROAD_CONDITION","SCH_BUS_IND","SCH_ZONE_IND","SECONDARY_CRASH","SMALL_TRUCK_COUNT","SPEC_JURIS_CD","SUSP_MINOR_INJ_COUNT","SUSP_SERIOUS_INJ_COUNT","SUV_COUNT","TCD_FUNC_CD","TCD_TYPE","TFC_DETOUR_IND","TIME_OF_DAY","TOTAL_UNITS","TOT_INJ_COUNT","UNBELTED_OCC_COUNT","UNB_DEATH_COUNT","UNB_SUSP_SERIOUS_INJ_COUNT","UNK_INJ_DEG_COUNT","UNK_INJ_PER_COUNT","URBAN_RURAL","VAN_COUNT","VEHICLE_COUNT","WEATHER1","WEATHER2","WORKERS_PRES","WORK_ZONE_IND","WORK_ZONE_LOC","WORK_ZONE_TYPE","WZ_CLOSE_DETOUR","WZ_FLAGGER","WZ_LAW_OFFCR_IND","WZ_LN_CLOSURE","WZ_MOVING","WZ_OTHER","WZ_SHLDER_MDN","WZ_WORKERS_INJ_KILLED"
"2011013071","","1","0","0","0","0","0","0","0","0","7","0","","02","1","2011","6","40.44796","-79.947695","","11","0","0","0","0","0","0","0","0","","0","0","0","","","1","","2","","40 26:52.656","","0","79 56:51.702","4","0","0","0","2301","0","0","0","N","0","0","0","2","02301","1","","5.0","","9","N","N","","0","","0","0","0","3","3","","","1","1","0","0","0","0","0","2","0","1","","","","N","","","","","","","","","",""
"2011012379","","1","0","0","0","0","0","0","0","0","4","0","","02","1","2011","5","40.448785","-79.9101","","11","0","0","0","0","0","0","0","1","","0","0","0","","","0","","1","","40 26:55.627","","0","79 54:36.360","0","0","0","0","2301","0","0","0","N","0","0","0","2","02301","0","","1.0","","9","N","N","","1","","0","0","0","3","2","","","2","0","2","0","0","0","0","2","0","2","","","","N","","","","","","","","","",""
"2011010165","","1","0","0","0","0","0","0","0","0","2","0","","02","1","2011","6","40.428669","-79.989837","","11","0","0","0","0","0","1","0","0","1","0","0","0","","","1","","1","","40 25:43.210","5","0","79 59:23.412","4","0","0","0","2301","0","0","0","N","0","0","0","4","02301","1","","1.0","","9","N","N","","0","","0","0","0","3","3","Y","","2","1","1","0","0","0","0","2","1","2","","","","N","","","","","","","","","",""
"2011009411","","0","0","0","0","0","0","0","0","0","7","0","","02","1","2011","6","40.452373","-79.844197","","11","0","0","0","0","0","1","0","0","","0","0","0","","","0","","0","","40 27:08.542","","0","79 50:39.110","0","0","0","0","2113","0","0","0","N","0","0","0","1","02113","0","","2.0","","7","N","N","","1","","0","0","0","0","0","","","1","0","0","0","0","0","0","2","0","1","","","","N","","","","","","","","","",""
"2011009535","","7","0","0","0","0","0","0","0","0","0","0","","02","1","2011","3","40.410033","-80.02369","","11","0","0","0","0","0","0","0","0","4","0","0","0","","","1","","0","","40 24:36.118","5","0","80 01:25.284","8","0","0","0","2301","0","0","0","N","0","0","0","2","02301","0","","5.0","","2","N","N","","0","","0","0","0","0","0","Y","","7","1","0","0","0","1","0","2","0","7","","","","N","","","","","","","","","",""
"2011014438","","1","0","0","0","0","0","0","0","0","1","0","","02","1","2011","5","40.372372","-79.982024","","11","0","0","1","0","0","1","0","0","1","0","0","0","","","1","","0","","40 22:20.538","2","0","79 58:55.285","4","0","0","0","2413","0","0","0","N","0","0","0","4","02413","1","","1.0","","1","N","N","","0","","0","0","1","0","0","N","","2","1","2","0","0","0","0","2","0","2","","","","N","","","","","","","","","",""
"2011014606","","1","0","0","0","0","0","0","0","0","1","0","","02","2","2011","3","40.455598","-79.992068","","11","0","0","0","0","0","0","0","0","1","0","0","0","","","0","","1","","40 27:20.154","1","0","79 59:31.443","0","0","0","0","2301","0","0","0","N","0","0","0","2","02301","0","","7.0","","9","N","N","","0","","0","0","1","0","0","N","","2","0","0","0","0","0","0","2","0","2","","","","N","","","","","","","","","",""
"2011010166","","1","0","0","0","0","0","0","0","0","8","0","","02","1","2011","7","40.391258","-80.028673","","11","0","0","0","0","0","0","0","0","","0","0","0","","","1","","1","","40 23:28.528","","0","80 01:43.222","8","0","0","0","2301","1","0","0","N","1","0","0","2","02301","0","","1.0","","1","N","N","","0","","0","0","0","0","0","","","2","1","0","0","0","1","1","2","0","1","","","","N","","","","","","","","","",""
"2011010191","","0","0","0","0","0","0","0","0","0","7","0","","02","1","2011","7","40.314995","-79.832374","","11","0","0","0","0","0","0","0","0","","0","0","0","","","1","","0","","40 18:53.982","","0","79 49:56.546","3","0","0","0","2469","0","0","0","N","0","0","0","2","02469","0","","5.0","","7","N","N","","0","","1","0","1","0","0","","","1","1","2","0","0","0","0","2","0","1","","","","N","","","","","","","","","",""
"2011009536","","2","0","0","0","0","0","0","0","0","6","0","","02","1","2011","6","40.564103","-79.971438","","11","0","0","0","0","0","0","0","0","1","0","0","0","","","0","","0","","40 33:50.772","3","0","79 58:17.177","0","0","0","0","2207","0","0","0","N","0","0","0","2","02207","0","","1.0","","7","N","N","","0","","0","0","0","0","0","N","","2","0","1","0","0","0","0","2","0","2","","","","N","","","","","","","","","",""
"2011014607","","1","0","0","0","0","0","0","0","0","1","0","","02","2","2011","3","40.434169","-79.995845","","11","0","0","0","0","0","0","0","0","1","0","0","0","","","0","","6","","40 26:03.007","3","1","79 59:45.042","0","0","0","0","2301","0","0","0","N","0","0","0","2","02301","0","","1.0","","9","N","N","","0","","0","0","1","3","2","N","","2","0","0","0","0","0","0","2","0","2","","","","N","","","","","","","","","",""
"2011013841","","2","0","0","0","0","0","0","0","0","4","1","","02","1","2011","2","40.548666","-80.036979","","11","0","0","0","0","0","0","1","1","1","0","1","0","","","1","","1","","40 32:55.197","4","0","80 02:13.125","3","0","0","0","2116","0","0","0","N","0","0","0","3","02116","0","","1.0","","1","N","N","","0","","1","0","0","3","2","N","","3","1","0","0","0","0","0","2","0","3","","","","N","","","","","","","","","",""
"2011014660","","1","0","0","0","0","0","0","0","0","8","0","","02","2","2011","4","40.425905","-79.953779","","11","0","0","0","0","0","0","0","0","","0","0","0","","","1","","2","","40 25:33.259","","0","79 57:13.605","4","0","0","0","2301","1","0","0","N","1","0","0","2","02301","1","","1.0","","9","N","N","","0","","0","0","0","0","0","","","2","1","0","0","0","0","0","2","0","1","","","","N","","","","","","","","","",""
"2011009413","","1","0","0","0","0","0","0","0","0","7","0","","02","1","2011","3","40.505623","-79.995251","","11","0","0","0","0","0","0","0","0","","0","0","0","","","0","","1","","40 30:20.243","","0","79 59:42.903","0","0","0","0","2116","0","0","0","N","0","0","0","1","02116","0","","2.0","","2","N","N","","0","","0","0","0","0","0","","","1","0","1","0","0","0","0","2","0","1","","","","N","","","","","","","","","",""
"2011010192","","0","0","0","0","0","0","0","0","0","2","0","","02","1","2011","7","40.599405","-79.807896","","11","0","0","0","0","0","0","0","0","2","0","0","0","","","2","","1","","40 35:57.859","7","0","79 48:28.426","3","0","0","0","2206","0","0","0","N","0","0","0","2","02206","1","","1.0","","9","N","N","","1","","1","0","1","3","3","Y","","2","2","0","0","0","0","0","1","0","2","","","","N","","","","","","","","","",""
"2011009537","","2","0","0","0","0","0","0","0","0","1","0","","02","1","2011","2","40.527289","-80.03553","","11","0","0","0","0","0","1","0","0","2","0","0","0","","","1","","0","","40 31:38.242","2","0","80 02:07.909","3","0","0","0","2116","0","0","0","N","0","0","0","3","02116","0","","1.0","","2","N","N","","0","","1","0","0","0","0","N","","2","1","0","0","0","0","0","2","0","2","","","","N","","","","","","","","","",""
"2011009538","","1","0","0","0","0","0","0","0","0","7","0","","02","1","2011","3","40.45791","-79.727575","","11","0","0","0","0","0","0","0","0","1","0","0","0","","","1","","0","","40 27:28.476","5","0","79 43:39.271","4","0","0","0","2466","0","0","0","Y","0","0","0","1","02466","1","","4.0","","2","N","N","","0","","0","0","0","0","0","N","","1","1","0","0","0","0","0","2","0","1","","","","N","","","","","","","","","",""
"2011014442","","1","0","0","0","0","0","0","0","0","7","0","","02","1","2011","6","40.520844","-80.19225","","11","0","0","0","0","0","0","0","0","","0","0","0","","","0","","2","","40 31:15.038","","0","80 11:32.100","0","0","0","0","2213","0","0","0","N","0","0","0","1","02213","0","","4.0","","9","N","N","","0","","0","0","0","3","3","","","1","0","0","0","0","0","0","2","0","1","","","","N","","","","","","","","","",""
"2011013075","","1","0","0","0","0","0","0","0","0","7","0","","02","1","2011","7","40.53312","-79.715311","","11","0","0","0","0","0","0","0","0","1","0","0","0","","","0","","0","","40 31:59.233","2","0","79 42:55.120","0","0","0","0","2466","0","0","0","Y","0","0","0","1","02466","0","","4.0","","2","N","N","","0","","0","0","0","0","0","N","","1","0","0","0","0","0","0","1","0","1","","","","N","","","","","","","","","",""
"2011012994","","1","0","0","0","0","0","0","0","0","7","0","","02","1","2011","2","40.411876","-80.07873","","11","0","0","0","0","0","0","0","0","","0","0","0","","","0","","0","","40 24:42.755","","2","80 04:43.427","0","0","0","0","2117","0","0","0","N","0","0","0","1","68B03","0","","2.0","","1","N","N","","0","","0","0","0","0","0","","","1","0","0","0","0","0","0","2","0","1","","","","N","","","","","","","","","",""
"2011010172","","0","0","0","0","0","0","0","0","0","4","0","","02","1","2011","7","40.456533","-79.970143","","11","0","0","0","0","0","0","1","0","","0","0","0","","","0","","1","","40 27:23.518","","0","79 58:12.514","0","0","0","0","2301","0","0","0","N","0","0","0","3","02301","0","","1.0","","1","N","N","","0","","0","0","1","0","0","","","2","0","0","0","0","0","0","2","1","2","","","","N","","","","","","","","","",""
"2011011682","","1","0","0","0","0","0","0","0","0","7","0","","02","1","2011","3","40.324831","-80.112671","","11","1","0","0","0","0","0","0","0","1","0","0","0","","","0","","0","","40 19:29.392","6","0","80 06:45.614","0","0","0","0","2119","0","0","0","N","0","0","0","1","02119","0","","5.0","","9","N","N","","0","","0","0","0","0","0","N","","1","0","0","0","0","0","0","2","0","1","","","","N","","","","","","","","","",""
"2011010245","","2","0","0","0","0","0","0","0","0","1","0","","02","1","2011","7","40.360485","-79.90769","","11","0","1","0","0","0","0","0","0","1","0","0","0","","","0","","2","","40 21:37.746","3","0","79 54:27.685","0","0","0","0","2473","0","0","0","N","0","0","0","2","02473","0","","1.0","","1","N","N","","0","","0","0","0","3","2","N","","2","0","0","0","0","0","0","2","0","2","","","","N","","","","","","","","","",""
"2011009540","","2","0","0","0","0","0","0","0","0","4","0","","02","1","2011","6","40.429377","-79.992294","","11","0","0","0","0","0","1","0","0","","0","0","0","","","0","","2","","40 25:45.757","","0","79 59:32.258","0","0","0","0","2301","0","0","0","N","0","0","0","3","02301","0","","1.0","","7","N","N","","0","","0","0","0","3","3","","","2","0","0","0","0","0","0","2","0","2","","","","N","","","","","","","","","",""
"2011012995","","1","0","0","0","0","0","0","0","0","0","0","","02","1","2011","2","40.42855","-79.935476","","11","0","0","0","0","0","0","0","0","","0","0","0","","","0","","0","","40 25:42.779","","0","79 56:07.715","0","0","0","0","2301","0","0","0","N","0","0","0","2","68B03","0","","1.0","","1","N","N","","1","","0","0","0","0","0","","","2","0","0","0","0","0","0","2","0","2","","","","N","","","","","","","","","",""
"2011013077","","2","0","0","0","0","0","0","0","0","4","0","","02","1","2011","1","40.479107","-80.067444","","11","0","0","0","0","0","1","0","0","2","0","0","0","","","3","","0","","40 28:44.785","5","0","80 04:02.798","8","0","0","0","2444","0","0","0","N","0","0","0","7","02444","0","","1.0","","1","N","N","","0","","0","0","0","0","0","N","","2","3","0","0","0","3","0","2","0","2","","","","N","","","","","","","","","",""
"2011014667","","2","0","0","0","0","0","0","0","0","4","0","","02","2","2011","4","40.439902","-79.920651","","11","0","0","0","0","0","0","0","0","","0","0","0","","","1","","2","","40 26:23.647","","0","79 55:14.343","8","0","0","0","2301","0","0","0","N","0","0","0","3","02301","0","","1.0","","9","N","N","","0","","0","0","0","0","0","","","2","1","0","0","0","1","0","2","0","2","","","","N","","","","","","","","","",""
"2011011665","","1","0","0","0","0","0","0","0","0","7","0","","02","1","2011","3","40.428533","-79.931577","","11","0","0","0","0","0","0","0","0","","0","0","0","","","0","","0","","40 25:42.718","","2","79 55:53.677","9","0","0","0","2301","0","0","0","Y","0","0","0","1","02301","0","","2.0","","1","N","N","","0","","0","0","0","0","0","","","1","0","0","0","0","0","1","2","0","1","","","","N","","","","","","","","","",""
"2011009397","","10","0","0","0","0","0","0","0","0","3","0","","02","1","2011","3","40.4279","-79.924977","","11","0","0","0","0","0","1","1","0","3","0","0","0","","","0","","2","","40 25:40.439","6","0","79 55:29.918","0","0","0","0","2301","0","0","0","N","0","0","0","4","02301","0","","4.0","","2","N","N","","1","","0","0","0","0","0","Y","","11","0","0","0","0","0","0","2","0","11","","","","N","","","","","","","","","",""
"2011010246","","2","0","1","0","0","0","0","0","0","1","0","","02","1","2011","6","40.43899","-79.762496","","11","0","0","0","0","0","2","2","0","2","0","0","0","","","1","","2","","40 26:20.364","4","7","79 45:44.986","2","0","0","0","2446","0","0","0","N","0","0","0","5","02446","0","","1.0","","1","N","N","","0","","0","1","0","3","2","N","","4","1","0","0","0","0","0","2","2","4","","","","N","","","","","","","","","",""
"2011012996","","1","0","0","0","0","0","0","0","0","4","0","","02","1","2011","2","40.571081","-80.090713","","11","0","0","0","0","0","1","0","0","","0","0","0","","","0","","0","","40 34:15.890","","0","80 05:26.565","0","0","0","0","2481","0","0","0","N","0","0","0","2","68B03","0","","1.0","","1","N","N","","1","","0","0","0","0","0","","","2","0","0","0","0","0","0","2","0","2","","","","N","","","","","","","","","",""
"2011013848","","1","0","0","0","0","0","0","0","0","4","0","","02","1","2011","2","40.517267","-80.148706","","11","0","0","0","1","0","0","0","0","","0","0","0","","","2","","2","","40 31:02.161","","0","80 08:55.341","4","0","0","0","2110","0","0","0","N","0","0","0","2","02215","2","","1.0","","1","Y","N","","0","","0","0","1","3","3","","","2","2","2","0","0","0","0","2","0","2","","","","N","","","","","","","","","",""
"2011010247","","1","0","0","0","0","0","0","0","0","7","0","","02","1","2011","6","40.658398","-79.994542","","11","0","0","0","0","0","0","0","0","1","0","0","0","","","0","","0","","40 39:30.231","4","0","79 59:40.351","0","0","0","0","2216","0","0","0","N","0","0","0","1","02505","0","","5.0","","6","N","N","","0","","0","0","0","0","0","N","","1","0","0","0","0","0","0","1","0","1","","","","N","","","","","","","","","",""
"2011011811","","0","0","0","0","0","0","0","0","0","8","0","","02","1","2011","4","40.465593","-79.965139","","11","0","0","0","0","0","0","0","0","","0","0","0","","","1","","2","","40 27:56.133","","0","79 57:54.501","2","0","0","0","2301","1","0","1","N","1","0","1","2","02301","0","","1.0","","9","N","N","","1","","0","1","0","3","3","","","2","1","0","0","0","0","0","2","0","1","","","","N","","","","","","","","","",""
"2011009399","","0","0","0","0","0","0","0","0","0","6","0","","02","1","2011","5","40.438038","-79.906723","","11","0","0","0","0","0","0","0","0","2","0","0","0","","","0","","0","","40 26:16.938","3","0","79 54:24.202","0","0","0","0","2301","0","0","0","N","0","0","0","1","02301","0","","1.0","","7","N","N","","0","","0","0","1","0","0","N","","2","0","0","0","0","0","0","2","0","1","","","","N","","","","","","","","","",""
"2011013082","","1","0","0","0","0","0","0","0","0","7","0","","02","1","2011","2","40.53724","-80.078185","","11","0","0","0","0","0","0","0","0","","0","0","0","","","0","","0","","40 32:14.064","","0","80 04:41.467","0","0","0","0","2481","0","0","0","Y","0","0","0","1","68B03","0","","5.0","","1","N","N","","0","","0","0","0","0","0","","","1","0","0","0","0","0","0","2","0","1","","","","N","","","","","","","","","",""
"2011013083","","1","0","0","0","0","0","0","0","0","7","0","","02","1","2011","6","40.518259","-80.132174","","11","0","0","1","0","0","0","0","0","1","0","0","0","","","0","","0","","40 31:05.734","1","0","80 07:55.827","0","0","0","0","2434","0","0","0","Y","0","0","0","1","68B03","0","","4.0","","7","N","N","","0","","0","0","0","0","0","N","","1","0","0","0","0","0","0","2","0","1","","","","N","","","","","","","","","",""
"2011013852","","1","0","0","0","0","0","0","0","0","7","0","","02","1","2011","2","40.284244","-79.821371","","11","0","0","0","0","0","1","0","0","","0","0","0","","","0","","0","","40 17:03.278","","0","79 49:16.935","0","0","0","0","2105","0","0","0","N","0","0","0","1","02105","0","","4.0","","1","N","N","","0","","0","0","0","0","0","","","1","0","0","0","0","0","0","2","0","1","","","","N","","","","","","","","","",""
"2011009401","","2","0","0","0","0","0","0","0","0","4","0","","02","1","2011","5","40.504988","-80.029335","","11","0","0","0","0","0","0","0","0","","0","0","0","","","0","","0","","40 30:17.956","","0","80 01:45.607","0","0","0","0","2116","0","0","0","N","0","0","0","2","02116","0","","1.0","","7","N","N","","0","","0","0","0","0","0","","","2","0","0","0","0","0","0","2","0","2","","","","N","","","","","","","","","",""
"2011011688","","2","0","0","0","0","0","0","0","0","6","0","","02","1","2011","3","40.412904","-80.010144","","11","0","0","0","0","0","0","0","0","","0","0","0","","","0","","2","","40 24:46.456","","0","80 00:36.518","0","0","0","0","2301","0","0","0","N","0","0","0","4","02301","0","","1.0","","9","N","N","","0","","0","0","0","3","2","","","2","0","0","0","0","0","0","2","0","2","","","","N","","","","","","","","","",""
"2011013084","","1","0","0","0","0","0","0","0","0","7","0","","02","1","2011","6","40.434297","-79.996738","","11","0","0","0","0","0","0","0","0","2","0","0","0","","","0","","0","","40 26:03.468","3","0","79 59:48.257","0","0","0","0","2301","0","0","0","N","0","0","0","1","68B03","0","","2.0","","7","N","N","","0","","0","0","0","0","0","N","","1","0","0","0","0","0","0","2","0","1","","","","N","","","","","","","","","",""
"2011010202","","1","0","0","0","0","0","0","0","0","4","0","","02","1","2011","7","40.439032","-79.998133","","11","0","0","0","0","0","0","0","0","","0","0","0","","","2","","1","","40 26:20.515","","0","79 59:53.278","4","0","0","0","2301","0","0","0","N","0","0","0","2","02301","2","","1.0","","9","N","N","","0","","0","0","1","3","2","","","2","2","0","0","0","0","0","2","0","2","","","","N","","","","","","","","","",""
"2011010282","","1","0","0","0","0","0","0","0","0","0","0","","02","1","2011","7","40.391503","-80.121211","","11","0","0","0","0","0","0","1","0","3","0","0","0","","","0","","0","","40 23:29.409","4","0","80 07:16.358","9","0","0","0","2102","0","0","0","N","0","0","0","1","02102","0","","1.0","","1","N","N","","0","","0","0","0","0","0","N","","1","0","1","0","0","0","1","2","0","1","","","","N","","","","","","","","","",""
"2011013684","","3","0","0","0","0","0","0","0","0","1","0","","02","1","2011","6","40.425128","-80.119145","","11","0","0","0","0","0","1","0","0","","0","0","0","","","0","","0","","40 25:30.461","","0","80 07:08.922","0","0","0","0","2102","0","0","0","N","0","0","0","3","68B03","0","","1.0","","7","N","N","","0","","0","0","0","0","0","","","3","0","0","0","0","0","0","2","0","3","","","","N","","","","","","","","","",""
"2011013085","","1","0","0","0","0","0","0","0","0","7","0","","02","1","2011","6","40.438766","-80.006634","","11","0","0","0","0","0","0","0","0","","0","0","0","","","0","","0","","40 26:19.556","","0","80 00:23.882","0","0","0","0","2301","0","0","0","N","0","0","0","2","68B03","0","","4.0","","9","N","N","","0","","0","0","0","0","0","","","1","0","0","0","0","0","0","2","0","1","","","","N","","","","","","","","","",""
"2011013878","","1","0","0","0","0","0","0","0","0","8","0","","02","1","2011","2","40.458318","-79.918711","","11","0","0","0","0","0","0","0","0","1","0","0","0","","","1","","0","","40 27:29.944","3","7","79 55:07.358","8","0","0","0","2301","1","0","0","N","1","0","0","3","02301","0","","1.0","","1","N","N","","0","","0","0","0","3","2","N","","2","1","0","0","0","1","0","2","0","1","","","","N","","","","","","","","","",""
"2011011671","","1","0","0","0","0","0","0","0","0","4","0","","02","1","2011","3","40.618287","-79.945339","","11","0","0","0","0","1","1","0","0","1","0","0","0","","","2","","2","","40 37:05.834","1","0","79 56:43.219","8","0","0","0","2217","0","0","0","N","0","0","0","2","02505","0","","1.0","","9","N","N","","0","","0","0","0","3","3","Y","","2","2","0","0","0","2","0","2","1","2","","","","N","","","","","","","","","",""
"2011009425","","1","0","0","0","0","0","0","0","0","2","0","","02","1","2011","6","40.452351","-80.076351","","11","0","0","0","0","0","0","0","0","","0","0","0","","","0","","0","","40 27:08.463","","0","80 04:34.863","0","0","0","0","2301","0","0","0","N","0","0","0","1","02301","0","","2.0","","7","N","N","","0","","0","0","1","0","0","","","2","0","0","0","0","0","0","2","0","2","","","","N","","","","","","","","","",""
"2011010203","","1","0","0","0","0","0","0","0","0","8","0","","02","1","2011","7","40.43531","-79.91899","","11","0","0","0","0","0","0","0","0","1","0","0","0","","","1","","1","","40 26:07.116","2","0","79 55:08.364","8","0","0","0","2301","1","0","0","N","1","0","0","3","02301","0","","1.0","","2","N","N","","0","","0","0","0","3","2","Y","","2","1","0","0","0","1","0","2","0","1","","","","N","","","","","","","","","",""
"2011012920","","1","0","0","0","0","0","0","0","0","4","0","","02","1","2011","6","40.441547","-80.193295","","11","0","0","0","0","0","0","0","0","","0","0","0","","","1","","2","","40 26:29.569","","0","80 11:35.861","4","0","0","0","2214","0","0","0","N","0","0","0","2","02214","1","","1.0","","9","N","N","","0","","0","0","0","3","3","","","2","1","0","0","0","0","0","2","1","2","","","","N","","","","","","","","","",""
"2011013685","","2","0","0","0","0","0","0","0","0","7","0","","02","1","2011","6","40.551064","-80.086526","","11","0","0","0","0","0","1","0","0","","0","0","0","","","0","","0","","40 33:03.829","","0","80 05:11.492","0","0","0","0","2215","0","0","0","N","0","0","0","2","68B03","0","","2.0","","6","N","N","","0","","0","0","0","0","0","","","2","0","0","0","0","0","0","2","0","2","","","","N","","","","","","","","","",""
"2011010122","","2","0","0","0","0","0","0","0","0","2","0","","02","1","2011","7","40.419254","-80.045989","","11","0","0","0","0","0","0","0","0","","0","0","0","","","0","","2","","40 25:09.315","","0","80 02:45.559","0","0","0","0","2435","0","0","0","N","0","0","0","2","02435","0","","1.0","","9","N","N","","0","","0","0","0","3","2","","","2","0","0","0","0","0","0","2","0","2","","","","N","","","","","","","","","",""
"2011009428","","1","0","0","0","0","0","0","0","0","7","0","","02","1","2011","5","40.628978","-79.85591","","11","0","0","0","0","0","0","0","0","","0","0","0","","","0","","0","","40 37:44.320","","0","79 51:21.276","0","0","0","0","2220","0","0","0","N","0","0","0","2","02220","0","","5.0","","6","N","N","","0","","0","0","0","0","0","","","1","0","0","0","0","0","0","2","0","1","","","","N","","","","","","","","","",""
"2011013686","","2","0","0","0","0","0","0","0","0","1","0","","02","1","2011","5","40.420382","-80.049461","","11","0","0","1","0","0","1","0","0","1","0","0","0","","","1","","0","","40 25:13.376","3","0","80 02:58.059","3","0","0","0","2435","0","0","0","N","0","0","0","4","68B03","0","","1.0","","1","N","N","","0","","1","0","2","0","0","N","","4","1","0","0","0","0","0","2","0","4","","","","N","","","","","","","","","",""
"2011014621","","1","0","0","0","0","0","0","0","0","8","0","","02","2","2011","3","40.445721","-79.956418","","11","0","0","0","0","0","0","0","0","","0","0","0","","","1","","1","","40 26:44.595","","0","79 57:23.104","3","0","0","0","2301","1","0","0","N","1","0","0","2","02301","0","","1.0","","9","N","N","","0","","1","0","0","3","2","","","2","1","0","0","0","0","0","2","0","1","","","","N","","","","","","","","","",""
"2011013886","","0","0","0","0","0","0","0","0","0","4","0","","02","1","2011","2","40.330379","-79.842723","","11","0","0","0","0","0","0","0","0","","0","0","0","","","0","","0","","40 19:49.365","","0","79 50:33.803","0","0","0","0","2304","0","0","0","N","0","0","0","2","02304","0","","1.0","","1","N","N","","0","","0","0","2","0","0","","","2","0","0","0","0","0","0","2","0","2","","","","N","","","","","","","","","",""
"2011011692","","1","0","0","0","0","0","0","0","0","7","0","","02","1","2011","1","40.299083","-79.850688","","11","0","0","0","0","0","0","0","0","2","0","0","0","","","0","","0","","40 17:56.697","4","0","79 51:02.477","9","0","0","0","2443","0","0","0","N","0","0","0","1","02443","0","","1.0","","6","N","N","","0","","0","0","0","0","0","N","","1","0","0","0","0","0","1","1","0","1","","","","N","","","","","","","","","",""
"2011009429","","1","0","0","0","0","0","0","0","0","7","0","","02","1","2011","6","40.44309","-80.211557","","11","0","0","0","0","0","0","0","0","2","0","0","0","","","0","","0","","40 26:35.124","5","0","80 12:41.605","0","0","0","0","2214","0","0","0","N","0","0","0","2","02214","0","","5.0","","7","N","N","","0","","0","0","0","0","0","N","","1","0","0","0","0","0","0","2","0","1","","","","N","","","","","","","","","",""
"2011012922","","2","0","0","0","0","0","0","0","0","1","0","","02","1","2011","5","40.44414","-80.028092","","11","0","0","0","1","0","0","0","0","","0","0","0","","","1","","10","","40 26:38.905","","8","80 01:41.132","3","0","0","0","2301","0","0","0","N","0","0","0","3","02301","0","","1.0","","2","N","N","","1","","1","0","0","3","2","","","3","1","0","0","0","0","0","2","0","3","","","","N","","","","","","","","","",""
"2011013687","","1","0","0","0","0","0","0","0","0","7","0","","02","1","2011","7","40.441098","-80.009212","","11","0","0","0","0","0","1","0","0","","0","0","0","","","1","","0","","40 26:27.954","","0","80 00:33.163","4","0","0","0","2301","0","0","0","Y","0","0","0","2","68B03","1","","7.0","","1","N","N","","0","","0","0","0","0","0","","","1","1","0","0","0","0","0","2","0","1","","","","N","","","","","","","","","",""
"2011013041","","2","0","0","0","0","0","0","0","0","1","0","","02","1","2011","6","40.455479","-80.006628","","11","0","0","1","0","0","1","0","0","","0","0","0","","","0","","1","","40 27:19.724","","0","80 00:23.860","0","0","0","0","2301","0","0","0","N","0","0","0","2","02301","0","","1.0","","9","N","N","","0","","0","0","0","3","2","","","2","0","1","0","0","0","0","2","0","2","","","","N","","","","","","","","","",""
"2011013890","","2","0","0","0","0","0","0","0","0","4","0","","02","1","2011","2","40.426292","-79.963576","","11","0","0","0","0","0","0","0","1","","0","0","0","","","0","","1","","40 25:34.651","","0","79 57:48.873","0","0","0","0","2301","0","0","0","N","0","0","0","2","02301","0","","1.0","","1","N","N","","0","","0","0","0","3","2","","","2","0","0","0","0","0","0","2","0","2","","","","N","","","","","","","","","",""
"2011011676","","1","0","0","0","0","0","0","0","0","4","0","","02","1","2011","3","40.448105","-80.181274","","11","0","0","0","0","0","0","0","0","2","0","0","0","","","0","","1","","40 26:53.178","4","0","80 10:52.586","0","0","0","0","2214","0","0","0","N","0","0","0","2","02214","0","","1.0","","1","N","N","","0","","0","0","1","3","2","N","","2","0","0","0","0","0","0","2","0","2","","","","N","","","","","","","","","",""