"CRN","ARRIVAL_TM","AUTOMOBILE_COUNT","BELTED_DEATH_COUNT","BELTED_SUSP_SERIOUS_INJ_COUNT","BICYCLE_COUNT","BICYCLE_DEATH_COUNT","BICYCLE_SUSP_SERIOUS_INJ_COUNT","BUS_COUNT","CHLDPAS_DEATH_COUNT","CHLDPAS_SUSP_SERIOUS_INJ_COUNT","COLLISION_TYPE","COMM_VEH_COUNT","CONS_ZONE_SPD_LIM","COUNTY","CRASH_MONTH","CRASH_YEAR","DAY_OF_WEEK","DEC_LATITUDE","DEC_LONGITUDE","DISPATCH_TM","DISTRICT","DRIVER_COUNT_16YR","DRIVER_COUNT_17YR","DRIVER_COUNT_18YR","DRIVER_COUNT_19YR","DRIVER_COUNT_20YR","DRIVER_COUNT_50_64YR","DRIVER_COUNT_65_74YR","DRIVER_COUNT_75PLUS","EST_HRS_CLOSED","FATAL_COUNT","HEAVY_TRUCK_COUNT","HORSE_BUGGY_COUNT","HOUR_OF_DAY","ILLUMINATION","INJURY_COUNT","INTERSECTION_RELATED","INTERSECT_TYPE","LANE_CLOSED","LATITUDE","LN_CLOSE_DIR","LOCATION_TYPE","LONGITUDE","MAX_SEVERITY_LEVEL","MCYCLE_DEATH_COUNT","MCYCLE_SUSP_SERIOUS_INJ_COUNT","MOTORCYCLE_COUNT","MUNICIPALITY","NONMOTR_COUNT","NONMOTR_DEATH_COUNT","NONMOTR_SUSP_SERIOUS_INJ_COUNT","NTFY_HIWY_MAINT","PED_COUNT","PED_DEATH_COUNT","PED_SUSP_SERIOUS_INJ_COUNT","PERSON_COUNT","POLICE_AGCY","POSSIBLE_INJ_COUNT","RDWY_SURF_TYPE_CD","RELATION_TO_ROAD","ROADWAY_CLEARED","ROAD_CONDITION","SCH_BUS_IND","SCH_ZONE_IND","SECONDARY_CRASH","SMALL_TRUCK_COUNT","SPEC_JURIS_CD","SUSP_MINOR_INJ_COUNT","SUSP_SERIOUS_INJ_COUNT","SUV_COUNT","TCD_FUNC_CD","TCD_TYPE","TFC_DETOUR_IND","TIME_OF_DAY","TOTAL_UNITS","TOT_INJ_COUNT","UNBELTED_OCC_COUNT","UNB_DEATH_COUNT","UNB_SUSP_SERIOUS_INJ_COUNT","UNK_INJ_DEG_COUNT","UNK_INJ_PER_COUNT","URBAN_RURAL","VAN_COUNT","VEHICLE_COUNT","WEATHER1","WEATHER2","WORKERS_PRES","WORK_ZONE_IND","WORK_ZONE_LOC","WORK_ZONE_TYPE","WZ_CLOSE_DETOUR","WZ_FLAGGER","WZ_LAW_OFFCR_IND","WZ_LN_CLOSURE","WZ_MOVING","WZ_OTHER","WZ_SHLDER_MDN","WZ_WORKERS_INJ_KILLED"
"2011011898","","1","0","0","0","0","0","0","0","0","7","0","","02","1","2011","4","40.355598","-79.827039","","11","0","0","0","0","1","0","0","0","","0","0","0","","","0","","2","","40 21:20.152","","0","79 49:37.340","0","0","0","0","2304","0","0","0","N","0","0","0","2","02304","0","","2.0","","9","N","N","","0","","0","0","0","0","0","","","1","0","0","0","0","0","0","2","0","1","","","","N","","","","","","","","","",""
"2011009792","","1","0","0","0","0","0","0","0","0","7","0","","02","1","2011","5","40.580799","-80.216476","","11","0","0","0","1","0","0","0","0","","0","0","0","","","0","","2","","40 34:50.877","","0","80 12:59.313","9","0","0","0","2107","0","0","0","N","0","0","0","1","02107","0","","4.0","","7","N","N","","0","","0","0","0","0","0","","","1","0","0","0","0","0","1","2","0","1","","","","N","","","","","","","","","",""
"2011010314","","2","0","0","0","0","0","0","0","0","4","0","","02","1","2011","3","40.383247","-79.827773","","11","0","0","0","0","0","1","0","0","2","0","0","0","","","1","","1","","40 22:59.689","2","0","79 49:39.981","4","0","0","0","2111","0","0","0","N","0","0","0","4","02111","1","","1.0","","7","N","N","","0","","0","0","0","3","2","N","","2","1","0","0","0","0","0","2","0","2","","","","N","","","","","","","","","",""
"2011011826","","1","0","0","0","0","0","0","0","0","1","0","","02","1","2011","4","40.462895","-79.928794","","11","0","0","0","0","0","1","0","0","1","0","0","0","","","2","","2","","40 27:46.422","4","0","79 55:43.658","4","0","0","0","2301","0","0","0","N","0","0","0","2","02301","2","","1.0","","9","N","N","","0","","0","0","1","0","0","N","","2","2","0","0","0","0","0","2","0","2","","","","N","","","","","","","","","",""
"2011009556","","1","0","0","0","0","0","0","0","0","4","0","","02","1","2011","6","40.433053","-79.954989","","11","0","0","0","0","0","1","0","0","","0","0","0","","","0","","2","","40 25:58.990","","0","79 57:17.960","9","0","0","0","2301","0","0","0","N","0","0","0","2","02301","0","","1.0","","7","N","N","","1","","0","0","0","0","0","","","2","0","0","0","0","0","1","2","0","2","","","","N","","","","","","","","","",""
"2011009642","","0","0","0","0","0","0","0","0","0","7","1","","02","1","2011","6","40.449309","-80.024303","","11","0","0","0","0","0","0","0","0","","0","0","0","","","0","","0","","40 26:57.514","","0","80 01:27.491","0","0","0","0","2301","0","0","0","N","0","0","0","1","02301","0","","1.0","","7","N","N","","1","","0","0","0","0","0","","","2","0","0","0","0","0","0","2","0","1","","","","N","","","","","","","","","",""
"2011009557","","1","0","0","0","0","0","0","0","0","7","0","","02","1","2011","5","40.49759","-80.060347","","11","0","0","0","0","0","0","0","0","","0","0","0","","","0","","0","","40 29:51.325","","0","80 03:37.248","0","0","0","0","2404","0","0","0","N","0","0","0","1","02404","0","","4.0","","9","N","N","","0","","0","0","0","0","0","","","1","0","1","0","0","0","0","2","0","1","","","","N","","","","","","","","","",""
"2011009644","","1","0","0","0","0","0","0","0","0","7","0","","02","1","2011","6","40.440952","-80.018645","","11","0","0","0","0","0","0","0","0","1","0","0","0","","","1","","0","","40 26:27.428","6","0","80 01:07.123","8","0","0","0","2301","0","0","0","N","0","0","0","1","02301","0","","2.0","","6","N","N","","0","","0","0","0","0","0","N","","1","1","0","0","0","1","0","2","0","1","","","","N","","","","","","","","","",""
"2011009667","","1","0","0","0","0","0","0","0","0","7","0","","02","1","2011","6","40.634291","-79.818106","","11","0","1","0","0","0","0","0","0","","0","0","0","","","0","","0","","40 38:03.448","","0","79 49:05.181","0","0","0","0","2202","0","0","0","N","0","0","0","1","02202","0","","2.0","","6","N","N","","0","","0","0","0","0","0","","","1","0","0","0","0","0","0","1","0","1","","","","N","","","","","","","","","",""
"2011009739","","1","0","0","0","0","0","0","0","0","7","0","","02","1","2011","7","40.477012","-79.956935","","11","0","0","0","0","0","0","0","0","","0","0","0","","","1","","2","","40 28:37.244","","0","79 57:24.967","8","0","0","0","2301","0","0","0","N","0","0","0","1","02301","0","","9.0","","2","N","N","","0","","0","0","0","0","0","","","1","1","0","0","0","1","0","2","0","1","","","","N","","","","","","","","","",""
"2011010672","","1","0","0","0","0","0","0","0","0","7","0","","02","1","2011","2","40.472513","-80.038196","","11","0","0","0","0","0","0","0","0","1","0","0","0","","","0","","1","","40 28:21.048","2","0","80 02:17.505","0","0","0","0","2301","0","0","0","N","0","0","0","1","02301","0","","1.0","","9","N","N","","0","","0","0","0","0","0","Y","","1","0","0","0","0","0","0","2","0","1","","","","N","","","","","","","","","",""
"2011011169","","0","0","0","0","0","0","0","0","0","99","0","","02","1","2011","6","40.520489","-79.804993","","11","0","0","0","0","0","0","0","0","","0","0","0","","","0","","0","","40 31:13.760","","0","79 48:17.976","0","0","0","0","2466","0","0","0","N","0","0","0","1","68T02","0","","1.0","","9","N","N","","0","","0","0","1","0","0","","","1","0","0","0","0","0","0","2","0","1","","","","N","","","","","","","","","",""
"2011011959","","2","0","0","0","0","0","0","0","0","4","0","","02","1","2011","4","40.494276","-79.975807","","11","0","0","0","0","0","0","0","0","","0","0","0","","","0","","0","","40 29:39.392","","0","79 58:32.906","0","0","0","0","2445","0","0","0","N","0","0","0","2","02445","0","","1.0","","9","N","N","","0","","0","0","0","0","0","","","2","0","0","0","0","0","0","2","0","2","","","","N","","","","","","","","","",""
"2011009669","","2","0","0","0","0","0","0","0","0","1","0","","02","1","2011","5","40.442584","-79.963996","","11","0","0","0","0","0","1","0","0","3","0","0","0","","","0","","0","","40 26:33.302","5","0","79 57:50.385","0","0","0","0","2301","0","0","0","N","0","0","0","3","02506","0","","1.0","","7","N","N","","0","","0","0","2","0","0","Y","","4","0","0","0","0","0","0","2","0","4","","","","N","","","","","","","","","",""
"2011010635","","1","0","0","0","0","0","0","0","0","0","0","","02","1","2011","3","40.423934","-80.029538","","11","0","0","0","0","0","0","0","0","","0","0","0","","","0","","0","","40 25:26.161","","0","80 01:46.338","0","0","0","0","2301","0","0","0","N","0","0","0","1","02301","0","","2.0","","2","N","N","","0","","0","0","0","0","0","","","1","0","0","0","0","0","0","2","0","1","","","","N","","","","","","","","","",""
"2011009201","","2","0","0","0","0","0","0","0","0","4","0","","02","1","2011","3","40.3405","-79.964196","","11","0","0","0","0","1","0","1","0","","0","0","0","","","0","","0","","40 20:25.799","","7","79 57:51.105","0","0","0","0","2454","0","0","0","N","0","0","0","2","02454","0","","1.0","","9","N","N","","0","","0","0","0","0","0","","","2","0","0","0","0","0","0","2","0","2","","","","N","","","","","","","","","",""
"2011009671","","1","0","0","0","0","0","0","0","0","4","0","","02","1","2011","6","40.584434","-79.950806","","11","0","0","0","0","0","1","0","0","1","0","0","0","","","1","","2","","40 35:03.962","2","0","79 57:02.900","3","0","0","0","2207","0","0","0","N","0","0","0","2","02207","0","","1.0","","1","N","N","","0","","1","0","0","3","2","N","","2","1","0","0","0","0","0","2","1","2","","","","N","","","","","","","","","",""
"2011010448","","0","0","0","0","0","0","0","0","0","7","0","","02","1","2011","7","40.5121","-80.2793","","11","0","0","0","0","0","0","0","0","","0","0","0","","","0","","0","","40 30:43.560","","0","80 16:45.480","0","0","0","0","2203","0","0","0","N","0","0","0","3","02501","0","","2.0","","2","N","N","","0","","0","0","1","0","0","","","1","0","0","0","0","0","0","1","0","1","","","","N","","","","","","","","","",""
"2011010637","","1","0","0","0","0","0","0","0","0","2","0","","02","1","2011","2","40.515122","-79.840981","","11","0","0","0","0","0","0","0","0","","0","0","0","","","0","","1","","40 30:54.439","","0","79 50:27.531","0","0","0","0","2451","0","0","0","N","0","0","0","1","02451","0","","4.0","","1","N","N","","1","","0","0","0","0","0","","","2","0","0","0","0","0","0","2","0","2","","","","N","","","","","","","","","",""
"2011011834","","0","0","0","1","0","0","0","0","0","8","0","","02","1","2011","3","40.464564","-79.938599","","11","0","0","0","0","0","0","0","0","","0","0","0","","","1","","1","","40 27:52.430","","0","79 56:18.956","4","0","0","0","2301","1","0","0","N","0","0","0","2","02301","1","","1.0","","9","N","N","","0","","0","0","1","3","2","","","2","1","1","0","0","0","0","2","0","1","","","","N","","","","","","","","","",""
"2011011963","","0","0","0","0","0","0","1","0","0","8","1","","02","1","2011","4","40.455122","-80.008622","","11","0","0","0","0","0","0","0","0","1","0","0","0","","","1","","1","","40 27:18.439","4","0","80 00:31.039","8","0","0","0","2301","1","0","0","N","1","0","0","6","02301","0","","1.0","","9","Y","N","","0","","0","0","0","3","2","N","","2","1","0","0","0","1","0","2","0","1","","","","N","","","","","","","","","",""
"2011009673","","1","0","0","0","0","0","0","0","0","1","0","","02","1","2011","6","40.385978","-80.054056","","11","0","0","0","0","0","0","0","0","2","0","0","0","","","0","","0","","40 23:09.521","2","0","80 03:14.602","0","0","0","0","2109","0","0","0","N","0","0","0","2","02109","0","","1.0","","6","N","N","","0","","0","0","1","0","0","N","","2","0","0","0","0","0","0","2","0","2","","","","N","","","","","","","","","",""
"2011010450","","1","0","0","0","0","0","0","0","0","1","0","","02","1","2011","2","40.351615","-79.896515","","11","0","0","0","0","0","1","0","0","2","0","0","0","","","0","","0","","40 21:05.815","1","0","79 53:47.454","0","0","0","0","2423","0","0","0","N","0","0","0","4","02304","0","","1.0","","2","N","N","","1","","0","0","0","0","0","N","","2","0","0","0","0","0","0","2","0","2","","","","N","","","","","","","","","",""
"2011009745","","0","0","0","0","0","0","0","0","0","7","0","","02","1","2011","7","40.437995","-79.991979","","11","0","0","0","0","0","0","0","0","","0","0","0","","","0","","2","","40 26:16.782","","4","79 59:31.124","0","0","0","0","2301","0","0","0","N","0","0","0","1","02301","0","","3.0","","6","N","N","","1","","0","0","0","3","1","","","1","0","0","0","0","0","0","2","0","1","","","","N","","","","","","","","","",""
"2011010324","","1","0","0","0","0","0","0","0","0","7","0","","02","1","2011","7","40.391005","-79.869295","","11","0","0","0","0","0","1","0","0","3","1","0","0","","","0","","0","","40 23:27.617","2","0","79 52:09.462","1","0","0","0","2473","0","0","0","N","0","0","0","1","02473","0","2","5.0","","1","N","N","","0","0","0","0","0","0","0","Y","","1","0","1","1","0","0","0","2","0","1","","","","N","","","","","","","","","",""
"2011010352","","0","0","0","0","0","0","0","0","0","4","0","","02","1","2011","7","40.552677","-80.037864","","11","0","0","0","0","0","0","0","0","1","0","0","0","","","0","","1","","40 33:09.638","5","0","80 02:16.311","0","0","0","0","2116","0","0","0","N","0","0","0","2","02116","0","","1.0","","1","N","N","","1","","0","0","1","3","2","N","","2","0","0","0","0","0","0","2","0","2","","","","N","","","","","","","","","",""
"2011009674","","1","0","0","0","0","0","0","0","0","1","0","","02","1","2011","6","40.529919","-79.771404","","11","0","0","0","0","0","1","0","1","","0","0","0","","","0","","2","","40 31:47.709","","0","79 46:17.054","0","0","0","0","2466","0","0","0","N","0","0","0","2","02466","0","","1.0","","1","N","N","","1","","0","0","0","0","0","","","2","0","0","0","0","0","0","1","0","2","","","","N","","","","","","","","","",""
"2011009746","","1","0","0","0","0","0","0","0","0","7","0","","02","1","2011","6","40.41938","-79.794128","","11","0","0","0","0","0","0","0","0","","0","0","0","","","0","","0","","40 25:09.769","","0","79 47:38.860","0","0","0","0","2446","0","0","0","N","0","0","0","1","02446","0","","5.0","","7","N","N","","0","","0","0","0","0","0","","","1","0","0","0","0","0","0","2","0","1","","","","N","","","","","","","","","",""
"2011010738","","1","0","0","0","0","0","0","0","0","7","0","","02","1","2011","6","40.446845","-80.168075","","11","0","0","0","0","0","1","0","0","","0","0","0","","","0","","0","","40 26:48.642","","0","80 10:05.071","0","0","0","0","2214","0","0","0","N","0","0","0","1","68B03","0","","4.0","","7","N","N","","0","","0","0","0","0","0","","","1","0","0","0","0","0","0","2","0","1","","","","N","","","","","","","","","",""
"2011010353","","2","0","0","0","0","0","0","0","0","4","0","","02","1","2011","7","40.636941","-79.93906","","11","0","0","0","0","0","0","0","0","","0","0","0","","","0","","0","","40 38:12.987","","7","79 56:20.617","0","0","0","0","2217","0","0","0","N","0","0","0","2","02505","0","","1.0","","1","N","N","","0","","0","0","0","3","2","","","2","0","0","0","0","0","0","2","0","2","","","","N","","","","","","","","","",""
"2011011267","","2","0","0","0","0","0","0","0","0","4","0","","02","1","2011","3","40.336431","-79.971576","","11","0","0","0","0","0","1","0","0","2","0","0","0","","","1","","1","","40 20:11.152","3","0","79 58:17.672","4","0","0","0","2454","0","0","0","N","0","0","0","2","02454","1","","1.0","","9","N","N","","0","","0","0","0","3","2","N","","2","1","0","0","0","0","0","2","0","2","","","","N","","","","","","","","","",""
"2011010739","","0","0","0","0","0","0","0","0","0","7","0","","02","1","2011","7","40.361363","-80.118703","","11","0","0","0","0","0","0","0","0","2","0","0","0","","","0","","0","","40 21:40.908","1","0","80 07:07.329","0","0","0","0","2414","0","0","0","N","0","0","0","1","68B03","0","","2.0","","6","N","N","","0","","0","0","1","0","0","N","","1","0","0","0","0","0","0","2","0","1","","","","N","","","","","","","","","",""
"2011009748","","2","0","0","0","0","0","0","0","0","5","0","35","02","1","2011","7","","","","11","0","0","0","0","0","2","0","0","","0","0","0","","","0","","0","","","","99","","0","0","0","0","2445","0","0","0","N","0","0","0","2","02445","0","","1.0","","1","N","N","","0","","0","0","0","0","0","","","2","0","0","0","0","0","0","1","0","2","","","N","Y","8","1","","","N","","","","",""
"2011010740","","1","0","0","0","0","0","0","0","0","7","0","","02","1","2011","1","40.587836","-80.098942","","11","0","0","0","0","0","0","0","0","","0","0","0","","","0","","0","","40 35:16.210","","0","80 05:56.190","0","0","0","0","2481","0","0","0","Y","0","0","0","2","68B03","0","","2.0","","1","N","N","","0","","0","0","0","0","0","","","1","0","0","0","0","0","0","2","0","1","","","","N","","","","","","","","","",""
"2011009569","","1","0","0","0","0","0","0","0","0","4","0","","02","1","2011","5","40.438707","-79.9996","","11","0","0","0","0","1","0","0","0","","0","0","0","","","0","","1","","40 26:19.345","","0","79 59:58.560","0","0","0","0","2301","0","0","0","N","0","0","0","2","02301","0","","1.0","","9","N","N","","1","","0","0","0","3","2","","","2","0","0","0","0","0","0","2","0","2","","","","N","","","","","","","","","",""
"2011009677","","1","0","0","0","0","0","0","0","0","7","0","","02","1","2011","3","40.574525","-80.137499","","11","0","0","0","0","0","1","0","0","","0","0","0","","","0","","0","","40 34:28.289","","0","80 08:14.996","0","0","0","0","2460","0","0","0","N","0","0","0","1","02215","0","","2.0","","7","N","N","","0","","0","0","0","0","0","","","1","0","0","0","0","0","0","1","0","1","","","","N","","","","","","","","","",""
"2011010741","","1","0","0","0","0","0","0","0","0","7","0","","02","1","2011","1","40.44352","-80.16166","","11","0","0","0","0","0","0","0","0","1","0","0","0","","","1","","0","","40 26:36.672","4","0","80 09:41.975","3","0","0","0","2115","0","0","0","N","0","0","0","1","68B03","0","","2.0","","1","N","N","","0","","1","0","0","0","0","N","","1","1","0","0","0","0","0","2","0","1","","","","N","","","","","","","","","",""
"2011010742","","1","0","0","0","0","0","0","0","0","2","0","","02","1","2011","3","40.372572","-80.110399","","11","0","0","0","0","0","1","0","0","1","0","0","0","","","3","","0","","40 22:21.260","2","0","80 06:37.438","3","0","0","0","2102","0","0","0","N","0","0","0","4","68B03","0","","1.0","","2","N","N","","0","","3","0","0","0","0","N","","2","3","0","0","0","0","0","2","1","2","","","","N","","","","","","","","","",""
"2011009211","","0","0","0","0","0","0","0","0","0","7","0","","02","1","2011","4","40.403483","-79.78054","","11","0","0","0","0","0","1","0","0","4","0","0","0","","","0","","2","","40 24:12.538","5","0","79 46:49.944","9","0","0","0","2453","0","0","0","N","0","0","0","1","02453","0","","4.0","","9","N","N","","0","","0","0","0","3","3","Y","","1","0","0","0","0","0","1","2","1","1","","","","N","","","","","","","","","",""
"2011009572","","2","0","0","0","0","0","0","0","0","2","0","","02","1","2011","6","40.461328","-79.906012","","11","0","0","0","0","0","0","0","0","1","0","0","0","","","0","","0","","40 27:40.781","5","0","79 54:21.642","0","0","0","0","2301","0","0","0","N","0","0","0","2","02301","0","","1.0","","6","N","N","","0","","0","0","0","0","0","Y","","2","0","0","0","0","0","0","2","0","2","","","","N","","","","","","","","","",""
"2011010357","","1","0","0","0","0","0","0","0","0","0","0","","02","1","2011","1","40.384026","-79.995444","","11","0","0","0","0","0","1","0","0","","0","0","0","","","0","","2","","40 23:02.494","","0","79 59:43.598","0","0","0","0","2301","0","0","0","N","0","0","0","1","02301","0","","1.0","","1","N","N","","0","","0","0","0","0","0","","","1","0","0","0","0","0","0","2","0","1","","","","N","","","","","","","","","",""
"2011010743","","2","0","0","0","0","0","0","0","0","1","0","","02","1","2011","6","40.438864","-80.152545","","11","0","0","0","0","0","0","0","0","","0","0","0","","","0","","0","","40 26:19.912","","0","80 09:09.161","0","0","0","0","2115","0","0","0","N","0","0","0","3","68B03","0","","1.0","","1","N","N","","0","","0","0","0","0","0","","","2","0","0","0","0","0","0","2","0","2","","","","N","","","","","","","","","",""
"2011011841","","1","0","0","0","0","0","0","0","0","4","0","35","02","1","2011","3","40.410039","-80.005144","","11","0","0","0","0","0","0","0","0","","0","0","0","","","0","","0","","40 24:36.140","","0","80 00:18.517","0","0","0","0","2301","0","0","0","N","0","0","0","2","02301","0","","1.0","","1","N","N","","1","","0","0","0","3","8","","","2","0","0","0","0","0","0","2","0","2","","","U","Y","2","3","","","N","Y","","","",""
"2011009573","","7","0","0","0","0","0","0","0","0","4","0","","02","1","2011","3","40.409971","-80.023687","","11","0","0","0","0","0","0","0","0","","0","0","0","","","0","","0","","40 24:35.895","","0","80 01:25.273","0","0","0","0","2301","0","0","0","N","0","0","0","9","02301","0","","1.0","","2","N","N","","0","","0","0","2","0","0","","","9","0","2","0","0","0","0","2","0","9","","","","N","","","","","","","","","",""
"2011010358","","1","0","0","0","0","0","0","0","0","7","0","","02","1","2011","1","40.55746","-79.781887","","11","0","0","0","0","0","0","0","0","1","0","0","0","","","0","","0","","40 33:26.855","3","0","79 46:54.794","0","0","0","0","2121","0","0","0","N","0","0","0","1","02121","0","","5.0","","2","N","N","","0","","0","0","0","0","0","N","","1","0","0","0","0","0","0","1","0","1","","","","N","","","","","","","","","",""
"2011009130","","0","0","0","0","0","0","0","0","0","4","0","","02","1","2011","4","40.417705","-79.848759","","11","0","0","0","0","0","0","0","0","2","0","0","0","","","2","","1","","40 25:03.738","3","0","79 50:55.534","4","0","0","0","2431","0","0","0","N","0","0","0","4","02431","1","","1.0","","9","N","N","","0","","0","0","0","3","2","Y","","2","2","0","0","0","1","0","2","2","2","","","","N","","","","","","","","","",""
"2011010744","","2","0","0","0","0","0","0","0","0","1","0","","02","1","2011","1","40.428912","-79.939277","","11","0","0","0","0","0","0","0","0","","0","0","0","","","0","","6","","40 25:44.084","","2","79 56:21.398","0","0","0","0","2301","0","0","0","N","0","0","0","10","68B03","0","","1.0","","1","N","N","","0","","0","0","1","3","4","","","3","0","0","0","0","0","0","2","0","3","","","","N","","","","","","","","","",""
"2011011274","","0","0","0","0","0","0","1","0","0","7","1","","02","1","2011","3","40.403198","-80.002942","","11","0","0","0","0","0","1","0","0","","0","0","0","","","0","","2","","40 24:11.512","","0","80 00:10.591","0","0","0","0","2301","0","0","0","N","0","0","0","5","02301","0","","2.0","","7","Y","N","","0","","0","0","0","0","0","","","1","0","0","0","0","0","0","2","0","1","","","","N","","","","","","","","","",""
"2011010746","","1","0","0","0","0","0","0","0","0","1","0","55","02","1","2011","5","40.429414","-80.273472","","11","0","0","0","0","0","0","0","0","","0","0","0","","","2","","0","","40 25:45.891","","0","80 16:24.499","4","0","0","0","2214","0","0","0","N","0","0","0","3","68B03","2","","1.0","","1","N","N","","1","","0","0","0","0","0","","","2","2","0","0","0","0","0","1","0","2","","","Y","Y","2","1","N","N","N","Y","N","N","Y",""
"2011008995","","1","0","0","0","0","0","0","0","0","7","0","","02","1","2011","6","40.529698","-80.272549","","11","0","0","0","0","0","0","0","0","","0","0","0","","","0","","0","","40 31:46.912","","0","80 16:21.175","0","0","0","0","2203","0","0","0","Y","0","0","0","2","68B03","0","","3.0","","7","N","N","","0","","0","0","0","0","0","","","1","0","1","0","0","0","0","1","0","1","","","","N","","","","","","","","","",""
"2011011399","","0","0","0","0","0","0","0","0","0","7","1","","02","1","2011","6","40.520323","-79.804503","","11","0","0","0","0","0","1","0","0","3","0","1","0","","","1","","0","","40 31:13.163","3","0","79 48:16.211","4","0","0","0","2466","0","0","0","N","0","0","0","1","68T02","1","","3.0","","7","N","N","","0","","0","0","0","0","0","N","","1","1","0","0","0","0","0","2","0","1","","","","N","","","","","","","","","",""
"2011010747","","1","0","0","0","0","0","0","0","0","7","0","","02","1","2011","5","40.521436","-80.273699","","11","0","0","0","0","0","0","0","0","","0","0","0","","","1","","0","","40 31:17.170","","0","80 16:25.317","8","0","0","0","2203","0","0","0","N","0","0","0","1","68B03","0","","4.0","","7","N","N","","0","","0","0","0","0","0","","","1","1","0","0","0","1","0","2","0","1","","","","N","","","","","","","","","",""
"2011009215","","1","0","0","0","0","0","0","0","0","7","0","","02","1","2011","4","40.414782","-79.839007","","11","0","0","0","0","0","1","0","0","","0","0","0","","","0","","0","","40 24:53.215","","0","79 50:20.425","0","0","0","0","2417","0","0","0","N","0","0","0","1","02431","0","","5.0","","7","N","N","","0","","0","0","0","0","0","","","1","0","0","0","0","0","0","2","0","1","","","","N","","","","","","","","","",""
"2011009606","","0","0","0","0","0","0","0","0","0","4","0","","02","1","2011","5","40.425486","-79.964623","","11","0","0","0","0","0","1","0","0","","0","0","0","","","0","","0","","40 25:31.750","","0","79 57:52.641","0","0","0","0","2301","0","0","0","N","0","0","0","2","02301","0","","1.0","","7","N","N","","0","","0","0","2","0","0","","","2","0","0","0","0","0","0","2","0","2","","","","N","","","","","","","","","",""
"2011011186","","2","0","0","0","0","0","0","0","0","4","0","","02","1","2011","2","40.455272","-79.717443","","11","0","0","0","0","0","0","1","0","","0","0","0","","","0","","2","","40 27:18.978","","0","79 43:02.794","0","0","0","0","2466","0","0","0","N","0","0","0","3","02466","0","","1.0","","1","N","N","","1","","0","0","0","3","3","","","3","0","2","0","0","0","0","2","0","3","","","","N","","","","","","","","","",""
"2011008996","","1","0","0","0","0","0","0","0","0","7","0","","02","1","2011","1","40.433712","-80.142763","","11","0","0","0","0","0","1","0","0","2","0","0","0","","","1","","0","","40 26:01.364","3","0","80 08:33.945","4","0","0","0","2115","0","0","0","N","0","0","0","1","68B03","1","","3.0","","1","N","N","","0","","0","0","0","0","0","N","","1","1","0","0","0","0","0","2","0","1","","","","N","","","","","","","","","",""
"2011010748","","0","0","0","0","0","0","0","0","0","7","0","","02","1","2011","5","40.44419","-80.178195","","11","0","0","0","1","0","0","0","0","1","0","0","0","","","0","","0","","40 26:39.084","4","0","80 10:41.503","0","0","0","0","2214","0","0","0","N","0","0","0","2","68B03","0","","3.0","","7","N","N","","1","","0","0","0","","0","N","","1","0","0","0","0","0","0","2","0","1","","","","N","","","","","","","","","",""
"2011011846","","1","0","0","0","0","0","0","0","0","2","0","","02","1","2011","2","40.43187","-79.777082","","11","0","0","0","0","0","0","0","0","","0","0","0","","","3","","2","","40 25:54.732","","0","79 46:37.495","3","0","0","0","2446","0","0","0","N","0","0","0","3","02446","1","","1.0","","1","N","N","","0","","2","0","1","","3","","","2","3","0","0","0","0","0","2","0","2","","","","N","","","","","","","","","",""
"2011010362","","1","0","0","0","0","0","0","0","0","7","0","","02","1","2011","3","40.633617","-80.105978","","11","1","0","0","0","0","0","0","0","2","0","0","0","","","0","","0","","40 38:01.021","5","99","80 06:21.520","0","0","0","0","2212","0","0","0","N","0","0","0","1","02505","0","","5.0","","9","N","N","","0","","0","0","0","","0","N","","1","0","0","0","0","0","0","2","0","1","","","","N","","","","","","","","","",""
"2011009686","","1","0","0","0","0","0","0","0","0","1","0","","02","1","2011","6","40.394485","-80.066123","","11","0","0","1","0","0","0","0","0","2","0","0","0","","","2","","0","","40 23:40.146","1","0","80 03:58.041","4","0","0","0","2117","0","0","0","N","0","0","0","3","02117","2","","1.0","","9","N","N","","1","","0","0","0","","2","N","","2","2","0","0","0","0","0","2","0","2","","","","N","","","","","","","","","",""
"2011008997","","1","0","0","0","0","0","0","0","0","1","0","","02","1","2011","4","40.526501","-80.159098","","11","0","0","0","0","0","0","0","0","","0","0","0","","","1","","1","","40 31:35.404","","0","80 09:32.754","4","0","0","0","2436","0","0","0","N","0","0","0","2","68B03","1","","1.0","","9","N","N","","0","","0","0","1","","2","","","2","1","0","0","0","0","0","2","0","2","","","","N","","","","","","","","","",""
"2011011487","","2","0","0","0","0","0","0","0","0","1","0","","02","1","2011","3","40.491452","-79.908712","","11","0","0","1","0","0","1","0","0","","0","0","0","","","0","","6","","40 29:29.228","","2","79 54:31.364","0","0","0","0","2112","0","0","0","N","0","0","0","3","02112","0","","1.0","","1","N","N","","0","","0","0","0","","3","","","2","0","0","0","0","0","0","2","0","2","","","","N","","","","","","","","","",""
"2011009704","","1","0","0","0","0","0","0","0","0","7","0","","02","1","2011","6","40.393241","-79.903298","","11","0","0","0","0","0","0","0","0","","0","0","0","","","0","","0","","40 23:35.667","","0","79 54:11.872","0","0","0","0","2448","0","0","0","N","0","0","0","1","02448","0","","2.0","","7","N","N","","0","","0","0","0","","0","","","1","0","0","0","0","0","0","2","0","1","","","","N","","","","","","","","","",""