"CRN","ARRIVAL_TM","AUTOMOBILE_COUNT","BELTED_DEATH_COUNT","BELTED_SUSP_SERIOUS_INJ_COUNT","BICYCLE_COUNT","BICYCLE_DEATH_COUNT","BICYCLE_SUSP_SERIOUS_INJ_COUNT","BUS_COUNT","CHLDPAS_DEATH_COUNT","CHLDPAS_SUSP_SERIOUS_INJ_COUNT","COLLISION_TYPE","COMM_VEH_COUNT","CONS_ZONE_SPD_LIM","COUNTY","CRASH_MONTH","CRASH_YEAR","DAY_OF_WEEK","DEC_LATITUDE","DEC_LONGITUDE","DISPATCH_TM","DISTRICT","DRIVER_COUNT_16YR","DRIVER_COUNT_17YR","DRIVER_COUNT_18YR","DRIVER_COUNT_19YR","DRIVER_COUNT_20YR","DRIVER_COUNT_50_64YR","DRIVER_COUNT_65_74YR","DRIVER_COUNT_75PLUS","EST_HRS_CLOSED","FATAL_COUNT","HEAVY_TRUCK_COUNT","HORSE_BUGGY_COUNT","HOUR_OF_DAY","ILLUMINATION","INJURY_COUNT","INTERSECTION_RELATED","INTERSECT_TYPE","LANE_CLOSED","LATITUDE","LN_CLOSE_DIR","LOCATION_TYPE","LONGITUDE","MAX_SEVERITY_LEVEL","MCYCLE_DEATH_COUNT","MCYCLE_SUSP_SERIOUS_INJ_COUNT","MOTORCYCLE_COUNT","MUNICIPALITY","NONMOTR_COUNT","NONMOTR_DEATH_COUNT","NONMOTR_SUSP_SERIOUS_INJ_COUNT","NTFY_HIWY_MAINT","PED_COUNT","PED_DEATH_COUNT","PED_SUSP_SERIOUS_INJ_COUNT","PERSON_COUNT","POLICE_AGCY","POSSIBLE_INJ_COUNT","RDWY_SURF_TYPE_CD","RELATION_TO_ROAD","ROADWAY_CLEARED","ROAD_CONDITION","SCH_BUS_IND","SCH_ZONE_IND","SECONDARY_CRASH","SMALL_TRUCK_COUNT","SPEC_JURIS_CD","SUSP_MINOR_INJ_COUNT","SUSP_SERIOUS_INJ_COUNT","SUV_COUNT","TCD_FUNC_CD","TCD_TYPE","TFC_DETOUR_IND","TIME_OF_DAY","TOTAL_UNITS","TOT_INJ_COUNT","UNBELTED_OCC_COUNT","UNB_DEATH_COUNT","UNB_SUSP_SERIOUS_INJ_COUNT","UNK_INJ_DEG_COUNT","UNK_INJ_PER_COUNT","URBAN_RURAL","VAN_COUNT","VEHICLE_COUNT","WEATHER1","WEATHER2","WORKERS_PRES","WORK_ZONE_IND","WORK_ZONE_LOC","WORK_ZONE_TYPE","WZ_CLOSE_DETOUR","WZ_FLAGGER","WZ_LAW_OFFCR_IND","WZ_LN_CLOSURE","WZ_MOVING","WZ_OTHER","WZ_SHLDER_MDN","WZ_WORKERS_INJ_KILLED"
"2011009649","","1","0","0","0","0","0","0","0","0","4","0","","02","1","2011","6","40.444202","-80.028173","","11","0","0","0","0","0","0","0","0","1","0","0","0","","","0","","10","","40 26:39.126","2","3","80 01:41.424","0","0","0","0","2301","0","0","0","N","0","0","0","2","02301","0","","1.0","","9","N","N","","0","","0","0","1","","2","N","","2","0","0","0","0","0","0","2","0","2","","","","N","","","","","","","","","",""
"2011011223","","2","0","0","0","0","0","0","0","0","6","0","","02","1","2011","2","40.50758","-79.842691","","11","0","0","0","1","1","0","0","0","1","0","0","0","","","0","","0","","40 30:27.287","1","0","79 50:33.686","0","0","0","0","2468","0","0","0","N","0","0","0","3","02468","0","","1.0","","9","N","N","","0","","0","0","0","","0","Y","","3","0","1","0","0","0","0","2","0","2","","","","N","","","","","","","","","",""
"2011009826","","0","0","0","0","0","0","0","0","0","7","0","","02","1","2011","7","40.600066","-80.063218","","11","0","0","0","0","0","1","0","0","1","0","0","0","","","0","","0","","40 36:00.237","2","0","80 03:47.584","0","0","0","0","2108","0","0","0","N","0","0","0","1","02108","0","","4.0","","7","N","N","","0","","0","0","1","","0","N","","1","0","0","0","0","0","0","2","0","1","","","","N","","","","","","","","","",""
"2011011507","","2","0","0","0","0","0","0","0","0","4","0","","02","1","2011","5","40.33731","-80.046292","","11","0","0","0","0","0","1","1","0","","0","0","0","","","2","","2","","40 20:14.316","","0","80 02:46.651","4","0","0","0","2407","0","0","0","N","0","0","0","3","02407","2","","1.0","","9","N","N","","0","","0","0","0","","3","","","2","2","0","0","0","0","0","2","0","2","","","","N","","","","","","","","","",""
"2011009236","","3","0","0","0","0","0","0","0","0","2","0","","02","1","2011","5","40.452603","-79.91041","","11","0","0","0","0","0","0","1","0","","0","0","0","","","0","","1","","40 27:09.369","","0","79 54:37.475","0","0","0","0","2301","0","0","0","N","0","0","0","5","02301","0","","1.0","","6","N","N","","0","","0","0","0","","2","","","3","0","0","0","0","0","0","2","0","3","","","","N","","","","","","","","","",""
"2011009718","","0","0","0","0","0","0","0","0","0","1","0","","02","1","2011","6","40.511906","-79.947183","","11","0","0","0","0","0","1","0","0","","0","0","0","","","0","","3","","40 30:42.860","","0","79 56:49.859","0","0","0","0","2118","0","0","0","N","0","0","0","5","02118","0","","1.0","","1","N","N","","0","","0","0","2","","0","","","2","0","0","0","0","0","0","2","0","2","","","","N","","","","","","","","","",""
"2011011508","","1","0","0","0","0","0","1","0","0","1","1","","02","1","2011","5","40.352837","-80.02622","","11","0","0","0","0","0","0","1","0","","0","0","0","","","0","","2","","40 21:10.213","","0","80 01:34.391","0","0","0","0","2407","0","0","0","N","0","0","0","2","02407","0","","1.0","","9","N","N","","0","","0","0","0","","3","","","2","0","0","0","0","0","0","2","0","2","","","","N","","","","","","","","","",""
"2011009625","","1","0","0","0","0","0","0","0","0","7","0","","02","1","2011","6","40.482532","-80.035269","","11","0","0","0","0","0","0","0","0","1","0","0","0","","","0","","3","","40 28:57.115","2","0","80 02:06.968","0","0","0","0","2301","0","0","0","N","0","0","0","2","02301","0","","5.0","","1","N","N","","0","","0","0","0","","0","N","","1","0","0","0","0","0","0","2","0","1","","","","N","","","","","","","","","",""
"2011011204","","1","0","0","0","0","0","0","0","0","7","0","","02","1","2011","2","40.273601","-79.900032","","11","0","0","0","0","0","0","0","0","1","0","0","0","","","0","","0","","40 16:24.963","2","0","79 54:00.116","0","0","0","0","2440","0","0","0","Y","0","0","0","1","02440","0","","4.0","","2","N","N","","0","","0","0","0","","0","Y","","1","0","0","0","0","0","0","2","0","1","","","","N","","","","","","","","","",""
"2011011225","","1","0","0","0","0","0","0","0","0","7","0","","02","1","2011","6","40.426141","-79.95394","","11","0","0","0","0","0","0","0","0","","0","0","0","","","0","","0","","40 25:34.109","","0","79 57:14.184","0","0","0","0","2301","0","0","0","N","0","0","0","1","02301","0","","5.0","","2","N","N","","0","","0","0","0","","0","","","1","0","0","0","0","0","0","2","0","1","","","","N","","","","","","","","","",""
"2011010492","","1","0","0","0","0","0","0","0","0","7","0","","02","1","2011","6","40.553961","-79.917848","","11","1","0","0","0","0","0","0","0","1","0","0","0","","","0","","0","","40 33:14.259","6","0","79 55:04.254","0","0","0","0","2209","0","0","0","Y","0","0","0","1","02209","0","","2.0","","7","N","N","","0","","0","0","0","","0","N","","1","0","0","0","0","0","0","2","0","1","","","","N","","","","","","","","","",""
"2011009154","","1","0","0","0","0","0","0","0","0","4","0","","02","1","2011","4","40.578759","-80.090392","","11","0","0","0","0","0","1","0","0","1","0","0","0","","","0","","0","","40 34:43.533","5","0","80 05:25.411","0","0","0","0","2481","0","0","0","N","0","0","0","2","02481","0","","1.0","","2","N","N","","1","","0","0","0","","0","Y","","2","0","0","0","0","0","0","2","0","2","","","","N","","","","","","","","","",""
"2011010408","","1","0","0","0","0","0","0","0","0","7","0","","02","1","2011","2","40.457906","-79.903443","","11","0","0","0","0","0","1","0","0","1","0","0","0","","","0","","0","","40 27:28.460","4","0","79 54:12.396","0","0","0","0","2301","0","0","0","N","0","0","0","1","02301","0","","4.0","","2","N","N","","0","","0","0","0","","0","N","","1","0","0","0","0","0","0","2","0","1","","","","N","","","","","","","","","",""
"2011011205","","0","0","0","0","0","0","0","0","0","7","0","","02","1","2011","2","40.409497","-80.004884","","11","0","0","0","1","0","0","0","0","","0","0","0","","","0","","0","","40 24:34.190","","0","80 00:17.582","0","0","0","0","2301","0","0","0","N","0","0","0","1","02301","0","","4.0","","2","N","N","","0","","0","0","0","","0","","","1","0","0","0","0","0","0","2","1","1","","","","N","","","","","","","","","",""
"2011010493","","1","0","0","0","0","0","0","0","0","7","0","","02","1","2011","7","40.5692","-79.820502","","11","0","0","0","1","0","0","0","0","1","0","0","0","","","0","","0","","40 34:09.121","5","0","79 49:13.807","0","0","0","0","2209","0","0","0","N","0","0","0","1","02209","0","","5.0","","1","N","N","","0","","0","0","0","","0","N","","1","0","0","0","0","0","0","1","0","1","","","","N","","","","","","","","","",""
"2011011451","","1","0","0","0","0","0","0","0","0","5","0","","02","1","2011","1","40.454326","-79.925099","","11","0","0","0","0","0","0","0","0","","0","0","0","","","0","","0","","40 27:15.573","","0","79 55:30.356","9","0","0","0","2301","0","0","0","N","0","0","0","1","02301","0","","6.0","","6","N","N","","0","","0","0","0","","2","","","2","0","0","0","0","0","1","2","0","2","","","","N","","","","","","","","","",""
"2011009722","","1","0","0","0","0","0","0","0","0","7","0","","02","1","2011","7","40.436575","-79.973459","","11","0","0","0","0","0","0","0","0","","0","0","0","","","0","","7","","40 26:11.671","","2","79 58:24.454","0","0","0","0","2301","0","0","0","N","0","0","0","1","02301","0","","2.0","","6","N","N","","0","","0","0","0","","0","","","1","0","0","0","0","0","0","2","0","1","","","","N","","","","","","","","","",""
"2011010494","","3","0","0","0","0","0","0","0","0","1","0","","02","1","2011","6","40.349121","-80.023521","","11","0","0","0","0","0","1","0","0","","0","0","0","","","1","","2","","40 20:56.834","","0","80 01:24.677","4","0","0","0","2407","0","0","0","N","0","0","0","8","02407","1","","1.0","","9","N","N","","0","","0","0","1","","3","","","4","1","0","0","0","0","0","2","0","4","","","","N","","","","","","","","","",""
"2011009242","","0","0","0","0","0","0","0","0","0","1","0","","02","1","2011","5","40.426843","-79.937972","","11","0","0","0","0","0","0","0","0","","0","0","0","","","0","","2","","40 25:36.634","","0","79 56:16.699","0","0","0","0","2301","0","0","0","N","0","0","0","2","02301","0","","1.0","","2","N","N","","1","","0","0","1","","3","","","2","0","0","0","0","0","0","2","0","2","","","","N","","","","","","","","","",""
"2011010410","","3","0","0","0","0","0","0","0","0","6","0","","02","1","2011","2","40.386909","-79.901078","","11","0","0","0","0","0","0","0","0","","0","0","0","","","0","","0","","40 23:12.872","","0","79 54:03.880","0","0","0","0","2448","0","0","0","N","0","0","0","1","02448","0","","6.0","","1","N","N","","0","","0","0","0","","0","","","3","0","0","0","0","0","0","2","0","3","","","","N","","","","","","","","","",""
"2011011207","","0","0","0","0","0","0","0","0","0","7","0","","02","1","2011","7","40.389059","-79.774053","","11","0","0","0","0","0","0","0","0","2","0","0","0","","","0","","0","","40 23:20.613","1","0","79 46:26.592","0","0","0","0","2111","0","0","0","N","0","0","0","1","02111","0","","4.0","","7","N","N","","0","","0","0","1","","0","N","","1","0","0","0","0","0","0","2","0","1","","","","N","","","","","","","","","",""
"2011009654","","2","0","0","0","0","0","0","0","0","1","0","","02","1","2011","6","40.459255","-79.960925","","11","0","0","0","0","0","0","0","0","","0","0","0","","","0","","0","","40 27:33.318","","0","79 57:39.330","9","0","0","0","2301","0","0","0","N","0","0","0","1","02301","0","","2.0","","7","N","N","","0","","0","0","1","","0","","","3","0","0","0","0","0","1","2","0","3","","","","N","","","","","","","","","",""
"2011010495","","1","0","0","0","0","0","0","0","0","4","0","","02","1","2011","5","40.336805","-80.047181","","11","0","0","0","0","0","0","0","0","1","0","0","0","","","1","","0","","40 20:12.498","6","0","80 02:49.851","3","0","0","0","2407","0","0","0","N","0","0","0","2","02407","0","","1.0","","7","N","N","","1","","1","0","0","","0","N","","2","1","0","0","0","0","0","2","0","2","","","","N","","","","","","","","","",""
"2011011563","","1","0","0","0","0","0","0","0","0","7","0","","02","1","2011","5","40.583991","-80.098979","","11","0","0","0","0","0","0","0","0","","0","0","0","","","0","","0","","40 35:02.369","","0","80 05:56.323","0","0","0","0","2481","0","0","0","N","0","0","0","1","68B03","0","","4.0","","2","N","N","","0","","0","0","0","","0","","","1","0","0","0","0","0","0","2","0","1","","","","N","","","","","","","","","",""
"2011015490","","1","0","0","0","0","0","0","0","0","7","0","","02","2","2011","5","40.275928","-79.903809","","11","0","0","0","0","0","1","0","0","1","0","0","0","","","1","","0","","40 16:33.342","1","0","79 54:13.714","3","0","0","0","2440","0","0","0","N","0","0","0","1","02440","0","","1.0","","1","N","N","","0","","1","0","0","","0","Y","","1","1","0","0","0","0","0","2","0","1","","","","N","","","","","","","","","",""
"2011009355","","2","0","0","0","0","0","0","0","0","1","0","","02","1","2011","5","","","","11","0","0","0","0","0","0","0","0","","0","0","0","","","1","","0","","","","0","","4","0","0","0","2301","0","0","0","N","0","0","0","2","02301","1","","1.0","","7","N","N","","0","","0","0","0","","0","","","2","1","1","0","0","0","0","1","0","2","","","","N","","","","","","","","","",""
"2011016218","","2","0","0","0","0","0","0","0","0","1","0","","02","2","2011","7","40.543956","-79.972346","","11","0","0","0","1","0","0","1","0","","0","0","0","","","0","","1","","40 32:38.241","","0","79 58:20.447","0","0","0","0","2118","0","0","0","N","0","0","0","3","02118","0","","1.0","","1","N","N","","0","","0","0","1","","0","","","3","0","0","0","0","0","0","2","0","3","","","","N","","","","","","","","","",""
"2011016330","","2","0","0","0","0","0","0","0","0","6","0","","02","2","2011","5","40.468791","-79.71887","","11","0","0","0","0","0","0","1","0","","0","0","0","","","1","","0","","40 28:07.647","","0","79 43:07.932","3","0","0","0","2466","0","0","0","N","0","0","0","2","02466","0","","1.0","","1","N","N","","0","","1","0","0","","0","","","2","1","0","0","0","0","0","2","0","2","","","","N","","","","","","","","","",""
"2011009250","","2","0","0","0","0","0","0","0","0","1","0","","02","1","2011","6","40.407051","-79.913624","","11","0","0","0","0","0","1","0","0","","0","0","0","","","0","","0","","40 24:25.382","","3","79 54:49.045","9","0","0","0","2438","0","0","0","N","0","0","0","4","02438","0","","1.0","","1","N","N","","0","","0","0","0","","0","","","2","0","0","0","0","0","2","2","0","2","","","","N","","","","","","","","","",""
"2011016311","","1","0","0","0","0","0","0","0","0","4","0","","02","1","2011","2","40.533887","-79.846858","","11","0","0","0","0","0","0","0","0","2","0","0","0","","","0","","0","","40 32:01.992","2","3","79 50:48.690","0","0","0","0","2208","0","0","0","Y","0","0","0","2","68D02","0","","1.0","","2","N","N","","0","","0","0","1","","0","Y","","2","0","0","0","0","0","0","2","0","2","","","","N","","","","","","","","","",""
"2011017201","","2","0","0","0","0","0","0","0","0","4","0","","02","2","2011","2","40.408778","-79.907294","","11","0","0","0","0","1","0","1","0","","0","0","0","","","0","","1","","40 24:31.600","","0","79 54:26.260","0","0","0","0","2438","0","0","0","N","0","0","0","3","02438","0","","1.0","","1","N","N","","0","","0","0","0","","2","","","2","0","0","0","0","0","0","2","0","2","","","","N","","","","","","","","","",""
"2011009253","","1","0","0","0","0","0","0","0","0","7","0","","02","1","2011","5","40.510541","-80.158663","","11","0","0","0","0","1","0","0","0","","0","0","0","","","0","","0","","40 30:37.947","","0","80 09:31.187","0","0","0","0","2420","0","0","0","N","0","0","0","1","02420","0","","2.0","","7","N","N","","0","","0","0","0","","0","","","1","0","0","0","0","0","0","2","0","1","","","","N","","","","","","","","","",""
"2011017812","","1","0","0","0","0","0","0","0","0","7","0","","02","2","2011","4","40.443263","-79.965212","","11","0","0","0","0","0","0","0","0","","0","0","0","","","0","","1","","40 26:35.746","","99","79 57:54.763","9","0","0","0","2301","0","0","0","N","0","0","0","1","02506","0","","5.0","","2","N","N","","0","","0","0","0","","0","","","1","0","0","0","0","0","1","2","0","1","","","","N","","","","","","","","","",""
"2011016409","","2","0","0","0","0","0","0","0","0","4","0","","02","2","2011","1","40.617423","-79.733968","","11","0","0","0","0","0","1","0","1","","0","0","0","","","0","","2","","40 37:02.724","","0","79 44:02.283","0","0","0","0","2106","0","0","0","N","0","0","0","2","02106","0","","1.0","","9","N","N","","0","","0","0","0","","3","","","2","0","0","0","0","0","0","2","0","2","","","","N","","","","","","","","","",""
"2011017040","","1","0","0","0","0","0","0","0","0","7","0","","02","1","2011","1","40.662813","-79.719007","","11","0","0","0","0","0","0","0","0","","0","0","0","","","0","","0","","40 39:46.126","","0","79 43:08.424","0","0","0","0","2106","0","0","0","Y","0","0","0","2","68D02","0","","4.0","","9","N","N","","0","","0","0","0","","0","","","1","0","0","0","0","0","0","2","0","1","","","","N","","","","","","","","","",""
"2011011570","","1","0","0","0","0","0","0","0","0","7","0","","02","1","2011","7","40.637204","-79.724604","","11","0","0","0","0","0","0","0","0","","0","0","0","","","0","","0","","40 38:13.934","","0","79 43:28.573","0","0","0","0","2106","0","0","0","Y","0","0","0","1","68D02","0","","2.0","","1","N","N","","0","","0","0","0","","0","","","1","0","0","0","0","0","0","2","0","1","","","","N","","","","","","","","","",""
"2011015476","","2","0","0","0","0","0","0","0","0","1","0","","02","2","2011","6","40.514464","-79.952158","","11","0","0","0","0","0","1","0","0","","0","0","0","","","1","","2","","40 30:52.072","","0","79 57:07.769","4","0","0","0","2118","0","0","0","N","0","0","0","2","02118","1","","1.0","","1","N","N","","0","","0","0","0","","2","","","2","1","0","0","0","0","0","2","0","2","","","","N","","","","","","","","","",""
"2011017814","","0","0","0","0","0","0","0","0","0","7","0","","02","1","2011","6","40.508658","-80.090391","","11","0","0","0","0","0","0","0","0","","0","0","0","","","1","","2","","40 30:31.169","","0","80 05:25.407","8","0","0","0","2429","0","0","0","N","0","0","0","1","02215","0","","2.0","","1","N","N","","0","","0","0","0","","0","","","1","1","1","0","0","1","0","2","1","1","","","","N","","","","","","","","","",""
"2011017128","","0","0","0","0","0","0","0","0","0","7","1","55","02","2","2011","6","40.613899","-79.972444","","11","0","0","0","0","0","0","0","0","","0","1","0","","","0","","0","","40 36:50.037","","0","79 58:20.800","0","0","0","0","2207","0","0","0","N","0","0","0","1","68T02","0","","2.0","","1","N","N","","0","","0","0","0","","0","","","1","0","0","0","0","0","0","2","0","1","","","N","Y","4","1","N","N","Y","N","N","N","Y",""
"2011017815","","0","0","0","0","0","0","0","0","0","7","0","","02","2","2011","3","40.454245","-79.953528","","11","0","0","0","0","0","0","0","0","1","0","0","0","","","0","","0","","40 27:15.281","3","0","79 57:12.700","0","0","0","0","2301","0","0","0","N","0","0","0","1","02301","0","","1.0","","2","N","N","","0","","0","0","1","","0","N","","1","0","0","0","0","0","0","2","0","1","","","","N","","","","","","","","","",""
"2011010081","","1","0","0","0","0","0","0","0","0","4","0","","02","1","2011","4","40.455043","-80.002224","","11","0","0","0","0","0","0","0","2","1","0","0","0","","","0","","0","","40 27:18.154","1","0","80 00:08.006","0","0","0","0","2301","0","0","0","N","0","0","0","4","02301","0","","1.0","","1","N","N","","0","","0","0","1","","0","N","","2","0","0","0","0","0","0","2","0","2","","","","N","","","","","","","","","",""
"2011016948","","1","0","0","0","0","0","0","0","0","1","0","","02","1","2011","5","40.395669","-79.838683","","11","0","0","1","0","0","0","0","0","","0","0","0","","","0","","2","","40 23:44.408","","7","79 50:19.257","9","0","0","0","2425","0","0","0","N","0","0","0","2","02425","0","","1.0","","9","N","N","","0","","0","0","0","","2","","","2","0","0","0","0","0","2","2","0","2","","","","N","","","","","","","","","",""
"2011015478","","1","0","0","0","0","0","0","0","0","5","0","","02","2","2011","6","40.308328","-79.888798","","11","0","0","0","0","0","0","1","0","1","0","0","0","","","0","","0","","40 18:29.981","1","0","79 53:19.674","0","0","0","0","2302","0","0","0","N","0","0","0","1","02302","0","","1.0","","1","N","N","","1","","0","0","0","","0","N","","2","0","0","0","0","0","0","2","0","2","","","","N","","","","","","","","","",""
"2011015502","","3","0","0","0","0","0","0","0","0","2","0","","02","2","2011","6","40.457842","-79.974246","","11","0","0","0","0","0","0","0","0","2","0","0","0","","","0","","1","","40 27:28.231","4","0","79 58:27.285","0","0","0","0","2301","0","0","0","N","0","0","0","3","02301","0","","1.0","","1","N","N","","0","","0","0","0","","3","Y","","3","0","0","0","0","0","0","2","0","3","","","","N","","","","","","","","","",""
"2011016319","","2","0","0","0","0","0","0","0","0","4","0","","02","2","2011","7","40.476419","-79.760319","","11","0","0","0","0","0","1","1","0","2","0","0","0","","","1","","2","","40 28:35.110","6","0","79 45:37.149","8","0","0","0","2466","0","0","0","N","0","0","0","2","02466","0","","1.0","","9","N","N","","0","","0","0","0","","3","N","","2","1","0","0","0","1","0","2","0","2","","","","N","","","","","","","","","",""
"2011017972","","2","0","0","0","0","0","0","0","0","4","0","","02","2","2011","5","40.448882","-79.893916","","11","0","0","0","0","0","1","0","0","","0","0","0","","","0","","1","","40 26:55.975","","0","79 53:38.097","0","0","0","0","2301","0","0","0","N","0","0","0","2","02301","0","","1.0","","1","N","N","","0","","0","0","0","","3","","","2","0","0","0","0","0","0","2","0","2","","","","N","","","","","","","","","",""
"2011015482","","0","0","0","0","0","0","0","0","0","7","0","","02","2","2011","4","40.568688","-80.077537","","11","0","0","0","0","0","1","0","0","","0","0","0","","","0","","0","","40 34:07.276","","0","80 04:39.133","0","0","0","0","2481","0","0","0","N","0","0","0","1","02481","0","","5.0","","2","N","N","","0","","0","0","1","","0","","","1","0","0","0","0","0","0","2","0","1","","","","N","","","","","","","","","",""
"2011015595","","1","0","0","0","0","0","0","0","0","7","0","","02","2","2011","7","40.464833","-79.894955","","11","0","0","0","0","0","0","1","0","","0","0","0","","","0","","0","","40 27:53.398","","0","79 53:41.838","0","0","0","0","2301","0","0","0","N","0","0","0","1","02301","0","","5.0","","2","N","N","","0","","0","0","0","","0","","","1","0","0","0","0","0","0","2","0","1","","","","N","","","","","","","","","",""
"2011015483","","1","0","0","0","0","0","0","0","0","7","0","","02","1","2011","2","40.523765","-80.071929","","11","0","0","0","0","0","1","0","0","1","0","0","0","","","0","","2","","40 31:25.554","3","0","80 04:18.945","0","0","0","0","2215","0","0","0","N","0","0","0","1","02215","0","","1.0","","98","N","N","","0","","0","0","0","","2","N","","1","0","0","0","0","0","0","2","0","1","","","","N","","","","","","","","","",""
"2011015596","","1","0","0","0","0","0","0","0","0","7","0","","02","2","2011","7","40.444582","-79.942971","","11","0","0","0","0","0","0","0","0","2","0","0","0","","","3","","2","","40 26:40.494","1","0","79 56:34.697","4","0","0","0","2301","0","0","0","N","0","0","0","4","02301","1","","5.0","","1","N","N","","0","","0","0","0","","2","Y","","1","3","0","0","0","2","0","2","0","1","","","","N","","","","","","","","","",""
"2011016257","","1","0","0","0","0","0","0","0","0","1","0","","02","2","2011","7","40.465333","-79.960967","","11","0","0","0","0","0","1","0","0","","0","0","0","","","0","","0","","40 27:55.198","","0","79 57:39.481","0","0","0","0","2301","0","0","0","N","0","0","0","1","02301","0","","2.0","","9","N","N","","0","","0","0","1","","0","","","2","0","1","0","0","0","0","2","0","2","","","","N","","","","","","","","","",""
"2011015583","","0","0","0","0","0","0","0","0","0","7","0","","02","2","2011","6","40.596934","-79.98209","","11","0","0","0","0","0","0","0","0","","0","0","0","","","0","","2","","40 35:48.963","","0","79 58:55.525","0","0","0","0","2207","0","0","0","Y","0","0","0","2","02207","0","","5.0","","1","N","","","0","","0","0","1","","3","","","1","0","0","0","0","0","0","2","0","1","","","","N","","","","","","","","","",""
"2011017158","","0","0","0","0","0","0","0","0","0","7","0","","02","2","2011","7","40.323635","-80.068321","","11","0","1","0","0","0","0","0","0","","0","0","0","","","0","","0","","40 19:25.087","","0","80 04:05.957","0","0","0","0","2123","0","0","0","N","0","0","0","4","02123","0","","5.0","","7","N","N","","0","","0","0","1","","0","","","1","0","0","0","0","0","0","2","0","1","","","","N","","","","","","","","","",""
"2011015584","","0","0","0","0","0","0","0","0","0","7","0","","02","2","2011","5","40.274091","-79.896919","","11","0","0","0","0","0","0","0","0","2","0","0","0","","","0","","0","","40 16:26.728","2","0","79 53:48.910","0","0","0","0","2440","0","0","0","Y","0","0","0","1","02440","0","","2.0","","2","N","N","","1","","0","0","0","","0","N","","1","0","1","0","0","0","0","2","0","1","","","","N","","","","","","","","","",""
"2011017976","","2","0","0","0","0","0","0","0","0","1","0","","02","2","2011","5","40.460044","-79.928148","","11","0","0","0","0","0","2","0","0","","0","0","0","","","1","","0","","40 27:36.160","","0","79 55:41.333","8","0","0","0","2301","0","0","0","N","0","0","0","2","02301","0","","1.0","","1","N","N","","0","","0","0","0","","0","","","3","1","0","0","0","1","0","2","0","2","","","","N","","","","","","","","","",""
"2011016259","","2","0","0","0","0","0","0","0","0","4","0","","02","2","2011","7","40.367964","-79.779834","","11","0","0","0","0","0","3","1","0","2","0","0","0","","","1","","1","","40 22:04.670","4","0","79 46:47.401","8","0","0","0","2111","0","0","0","N","0","0","0","7","02111","0","","1.0","","9","N","N","","0","","0","0","2","","2","N","","4","1","0","0","0","1","0","2","0","4","","","","N","","","","","","","","","",""
"2011010066","","1","0","0","0","0","0","0","0","0","7","0","","02","1","2011","6","40.349524","-79.933371","","11","0","0","0","0","0","1","0","0","1","0","0","0","","","0","","0","","40 20:58.286","3","0","79 56:00.135","0","0","0","0","2473","0","0","0","N","0","0","0","1","02473","0","","3.0","","6","N","N","","0","","0","0","0","","0","N","","1","0","0","0","0","0","0","2","0","1","","","","N","","","","","","","","","",""
"2011010091","","1","0","0","0","0","0","0","0","0","7","0","","02","1","2011","7","40.533853","-80.070872","","11","0","0","0","0","0","0","0","0","1","0","0","0","","","0","","2","","40 32:01.869","2","0","80 04:15.139","0","0","0","0","2215","0","0","0","N","0","0","0","1","02215","0","","2.0","","2","N","N","","0","","0","0","0","","2","N","","1","0","0","0","0","0","0","2","0","1","","","","N","","","","","","","","","",""
"2011017980","","1","0","0","0","0","0","0","0","0","4","0","","02","2","2011","5","40.403604","-80.040431","","11","0","0","0","0","1","0","0","0","","0","0","0","","","0","","1","","40 24:12.974","","0","80 02:25.552","0","0","0","0","2301","0","0","0","N","0","0","0","2","02301","0","","1.0","","1","N","N","","0","","0","0","1","","3","","","2","0","0","0","0","0","0","2","0","2","","","","N","","","","","","","","","",""
"2011010068","","1","0","0","0","0","0","0","0","0","1","0","","02","1","2011","6","40.366874","-79.820201","","11","0","0","0","0","0","1","0","0","1","0","0","0","","","1","","0","","40 22:00.747","5","0","79 49:12.723","8","0","0","0","2111","0","0","0","N","0","0","0","3","02111","0","","1.0","","2","N","N","","0","","0","0","1","","0","N","","2","1","0","0","0","1","0","2","0","2","","","","N","","","","","","","","","",""
"2011016962","","1","0","0","0","0","0","0","0","0","4","0","","02","2","2011","2","40.493057","-79.911001","","11","0","0","0","0","0","0","0","0","","0","0","0","","","0","","7","","40 29:35.005","","2","79 54:39.604","9","0","0","0","2112","0","0","0","N","0","0","0","2","02112","0","","1.0","","1","N","N","","0","","0","0","1","","0","","","2","0","0","0","0","0","2","2","0","2","","","","N","","","","","","","","","",""
"2011015515","","1","0","0","0","0","0","0","0","0","4","0","","02","2","2011","6","40.476497","-79.760199","","11","0","0","0","0","0","0","0","0","","0","0","0","","","2","","0","","40 28:35.389","","0","79 45:36.717","8","0","0","0","2466","0","0","0","N","0","0","0","3","02466","0","","1.0","","1","N","N","","0","","0","0","1","","0","","","3","2","0","0","0","2","0","2","0","2","","","","N","","","","","","","","","",""
"2011016262","","2","0","0","0","0","0","0","0","0","6","0","","02","2","2011","1","40.450425","-79.93002","","11","0","0","0","0","0","0","0","0","","0","0","0","","","0","","0","","40 27:01.530","","0","79 55:48.072","0","0","0","0","2301","0","0","0","N","0","0","0","2","02301","0","","1.0","","9","N","N","","0","","0","0","0","","0","","","2","0","0","0","0","0","0","2","0","2","","","","N","","","","","","","","","",""