"CRN","ARRIVAL_TM","AUTOMOBILE_COUNT","BELTED_DEATH_COUNT","BELTED_SUSP_SERIOUS_INJ_COUNT","BICYCLE_COUNT","BICYCLE_DEATH_COUNT","BICYCLE_SUSP_SERIOUS_INJ_COUNT","BUS_COUNT","CHLDPAS_DEATH_COUNT","CHLDPAS_SUSP_SERIOUS_INJ_COUNT","COLLISION_TYPE","COMM_VEH_COUNT","CONS_ZONE_SPD_LIM","COUNTY","CRASH_MONTH","CRASH_YEAR","DAY_OF_WEEK","DEC_LATITUDE","DEC_LONGITUDE","DISPATCH_TM","DISTRICT","DRIVER_COUNT_16YR","DRIVER_COUNT_17YR","DRIVER_COUNT_18YR","DRIVER_COUNT_19YR","DRIVER_COUNT_20YR","DRIVER_COUNT_50_64YR","DRIVER_COUNT_65_74YR","DRIVER_COUNT_75PLUS","EST_HRS_CLOSED","FATAL_COUNT","HEAVY_TRUCK_COUNT","HORSE_BUGGY_COUNT","HOUR_OF_DAY","ILLUMINATION","INJURY_COUNT","INTERSECTION_RELATED","INTERSECT_TYPE","LANE_CLOSED","LATITUDE","LN_CLOSE_DIR","LOCATION_TYPE","LONGITUDE","MAX_SEVERITY_LEVEL","MCYCLE_DEATH_COUNT","MCYCLE_SUSP_SERIOUS_INJ_COUNT","MOTORCYCLE_COUNT","MUNICIPALITY","NONMOTR_COUNT","NONMOTR_DEATH_COUNT","NONMOTR_SUSP_SERIOUS_INJ_COUNT","NTFY_HIWY_MAINT","PED_COUNT","PED_DEATH_COUNT","PED_SUSP_SERIOUS_INJ_COUNT","PERSON_COUNT","POLICE_AGCY","POSSIBLE_INJ_COUNT","RDWY_SURF_TYPE_CD","RELATION_TO_ROAD","ROADWAY_CLEARED","ROAD_CONDITION","SCH_BUS_IND","SCH_ZONE_IND","SECONDARY_CRASH","SMALL_TRUCK_COUNT","SPEC_JURIS_CD","SUSP_MINOR_INJ_COUNT","SUSP_SERIOUS_INJ_COUNT","SUV_COUNT","TCD_FUNC_CD","TCD_TYPE","TFC_DETOUR_IND","TIME_OF_DAY","TOTAL_UNITS","TOT_INJ_COUNT","UNBELTED_OCC_COUNT","UNB_DEATH_COUNT","UNB_SUSP_SERIOUS_INJ_COUNT","UNK_INJ_DEG_COUNT","UNK_INJ_PER_COUNT","URBAN_RURAL","VAN_COUNT","VEHICLE_COUNT","WEATHER1","WEATHER2","WORKERS_PRES","WORK_ZONE_IND","WORK_ZONE_LOC","WORK_ZONE_TYPE","WZ_CLOSE_DETOUR","WZ_FLAGGER","WZ_LAW_OFFCR_IND","WZ_LN_CLOSURE","WZ_MOVING","WZ_OTHER","WZ_SHLDER_MDN","WZ_WORKERS_INJ_KILLED"
"2011015651","","1","0","0","0","0","0","0","0","0","7","0","","02","2","2011","3","40.654561","-79.724604","","11","0","0","0","0","0","0","0","0","","0","0","0","","","0","","0","","40 39:16.420","","3","79 43:28.576","0","0","0","0","2106","0","0","0","Y","0","0","0","2","68D02","0","","4.0","","2","N","N","","0","","0","0","0","","0","","","1","0","0","0","0","0","0","2","0","1","","","","N","","","","","","","","","",""
"2011010761","","1","0","0","0","0","0","0","0","0","7","0","","02","1","2011","7","40.565102","-80.089679","","11","0","0","0","0","0","0","0","0","","0","0","0","","","0","","0","","40 33:54.366","","0","80 05:22.844","0","0","0","0","2481","0","0","0","Y","0","0","0","2","68B03","0","","2.0","","2","N","N","","0","","0","0","0","","0","","","1","0","0","0","0","0","0","2","0","1","","","","N","","","","","","","","","",""
"2011009344","","1","0","0","0","0","0","0","0","0","7","0","","02","1","2011","5","40.517662","-80.022523","","11","0","0","0","1","0","0","0","0","","0","0","0","","","1","","0","","40 31:03.583","","0","80 01:21.082","4","0","0","0","2474","0","0","0","N","0","0","0","1","02474","1","","2.0","","7","N","N","","0","","0","0","0","","0","","","1","1","0","0","0","0","0","2","0","1","","","","N","","","","","","","","","",""
"2011017798","","1","0","0","0","0","0","0","0","0","7","0","","02","2","2011","2","40.436434","-79.964039","","11","0","0","0","0","0","1","0","0","","0","0","0","","","0","","0","","40 26:11.161","","0","79 57:50.541","0","0","0","0","2301","0","0","0","N","0","0","0","1","02301","0","","5.0","","9","N","N","","0","","0","0","0","","0","","","1","0","0","0","0","0","0","2","0","1","","","","N","","","","","","","","","",""
"2011015626","","3","0","0","0","0","0","0","0","0","1","0","","02","2","2011","4","40.425796","-79.902634","","11","0","0","0","0","0","0","0","0","","0","0","0","","","2","","0","","40 25:32.867","","0","79 54:09.484","4","0","0","0","2301","0","0","0","N","0","0","0","3","68B03","2","","1.0","","1","N","N","","0","","0","0","0","","0","","","3","2","0","0","0","0","0","2","0","3","","","","N","","","","","","","","","",""
"2011010762","","1","0","0","0","0","0","0","0","0","7","0","","02","1","2011","7","40.445331","-79.846686","","11","0","0","0","0","0","0","0","0","","0","0","0","","","0","","0","","40 26:43.193","","0","79 50:48.069","0","0","0","0","2419","0","0","0","N","0","0","0","1","68B03","0","","2.0","","1","N","N","","0","","0","0","0","","0","","","1","0","0","0","0","0","0","2","0","1","","","","N","","","","","","","","","",""
"2011010114","","1","0","0","0","0","0","0","0","0","2","0","","02","1","2011","7","40.37122","-80.032818","","11","0","0","0","0","0","1","1","0","","0","0","0","","","0","","3","","40 22:16.392","","0","80 01:58.146","0","0","0","0","2109","0","0","0","N","0","0","0","2","02109","0","","1.0","","9","N","N","","1","","0","0","0","","3","","","2","0","0","0","0","0","0","2","0","2","","","","N","","","","","","","","","",""
"2011015461","","1","0","0","0","0","0","0","0","0","4","0","","02","2","2011","6","40.352393","-80.073809","","11","0","0","0","1","0","0","0","1","1","0","0","0","","","1","","2","","40 21:08.614","2","0","80 04:25.714","4","0","0","0","2123","0","0","0","N","0","0","0","2","02123","1","","1.0","","1","N","N","","0","","0","0","1","","3","N","","2","1","0","0","0","0","0","2","0","2","","","","N","","","","","","","","","",""
"2011015627","","1","0","0","0","0","0","0","0","0","7","0","55","02","2","2011","4","40.660959","-80.093653","","11","0","0","0","0","0","0","0","0","","0","0","0","","","0","","0","","40 39:39.451","","2","80 05:37.150","0","0","0","0","2212","0","0","0","N","0","0","0","1","68B03","0","","4.0","","9","N","N","","0","","0","0","0","","0","","","1","0","0","0","0","0","0","2","0","1","","","N","Y","4","8","N","N","N","N","N","Y","N",""
"2011018007","","1","0","0","0","0","0","0","0","0","7","0","","02","2","2011","3","40.487501","-80.015605","","11","0","0","0","0","0","0","0","0","1","0","0","0","","","0","","0","","40 29:15.003","3","0","80 00:56.178","9","0","0","0","2301","0","0","0","N","0","0","0","1","02301","0","","5.0","","1","N","N","","0","","0","0","0","","0","N","","1","0","0","0","0","0","1","2","0","1","","","","N","","","","","","","","","",""
"2011010763","","1","0","0","0","0","0","0","0","0","5","0","","02","1","2011","7","40.410842","-80.070028","","11","0","0","0","0","0","0","0","0","2","0","0","0","","","1","","0","","40 24:39.030","3","0","80 04:12.100","4","0","0","0","2435","0","0","0","N","0","0","0","3","68B03","1","","1.0","","1","N","N","","1","","0","0","0","","0","N","","2","1","1","0","0","0","0","2","0","2","","","","N","","","","","","","","","",""
"2011010115","","1","0","0","0","0","0","0","0","0","7","0","","02","1","2011","7","40.417326","-79.934641","","11","0","0","0","0","0","0","0","0","","0","0","0","","","0","","2","","40 25:02.373","","0","79 56:04.707","0","0","0","0","2301","0","0","0","N","0","0","0","1","02301","0","","5.0","","2","N","N","","0","","0","0","0","","0","","","1","0","0","0","0","0","0","2","0","1","","","","N","","","","","","","","","",""
"2011010764","","0","0","0","0","0","0","0","0","0","99","0","","02","1","2011","7","40.478881","-80.119548","","11","0","0","0","0","0","0","0","1","","0","0","0","","","0","","0","","40 28:43.971","","0","80 07:10.371","0","0","0","0","2126","0","0","0","N","0","0","0","2","68B03","0","","1.0","","1","N","N","","0","","0","0","0","","0","","","1","0","0","0","0","0","0","2","1","1","","","","N","","","","","","","","","",""
"2011009347","","1","0","0","0","0","0","0","0","0","4","0","","02","1","2011","5","40.449158","-79.901337","","11","0","0","1","0","0","0","0","0","1","0","0","0","","","0","","1","","40 26:56.970","1","0","79 54:04.812","0","0","0","0","2301","0","0","0","N","0","0","0","3","02301","0","","1.0","","7","N","N","","1","","0","0","0","","2","N","","2","0","0","0","0","0","0","2","0","2","","","","N","","","","","","","","","",""
"2011015463","","1","0","0","0","0","0","0","0","0","7","0","","02","2","2011","5","40.647873","-80.100186","","11","0","0","0","0","0","0","0","0","1","0","0","0","","","0","","0","","40 38:52.342","6","0","80 06:00.670","0","0","0","0","2212","0","0","0","Y","0","0","0","1","02505","0","","5.0","","2","N","N","","0","","0","0","0","","0","N","","1","0","0","0","0","0","0","2","0","1","","","","N","","","","","","","","","",""
"2011017802","","1","0","0","0","0","0","0","0","0","7","0","","02","2","2011","3","40.397956","-79.923276","","11","0","0","0","0","0","0","0","0","1","0","0","0","","","0","","2","","40 23:52.643","1","0","79 55:23.794","0","0","0","0","2472","0","0","0","N","0","0","0","1","02472","0","","5.0","","9","N","N","","0","","0","0","0","","0","N","","1","0","0","0","0","0","0","2","0","1","","","","N","","","","","","","","","",""
"2011015562","","2","0","0","0","0","0","0","0","0","4","0","","02","2","2011","6","40.433037","-80.029231","","11","0","0","0","0","0","0","0","0","","0","0","0","","","0","","1","","40 25:58.933","","0","80 01:45.231","0","0","0","0","2301","0","0","0","N","0","0","0","2","02301","0","","1.0","","1","N","N","","0","","0","0","0","","3","","","2","0","0","0","0","0","0","2","0","2","","","","N","","","","","","","","","",""
"2011016303","","1","0","0","0","0","0","0","0","0","1","1","","02","2","2011","6","40.45066","-80.307349","","11","0","0","0","0","0","2","0","0","","0","1","0","","","0","","0","","40 27:02.375","","0","80 18:26.455","0","0","0","0","2203","0","0","0","N","0","0","0","4","68B03","0","","1.0","","1","N","N","","0","","0","0","0","","0","","","2","0","0","0","0","0","0","1","0","2","","","","N","","","","","","","","","",""
"2011017191","","2","0","0","0","0","0","0","0","0","1","0","","02","1","2011","1","40.378291","-79.804144","","11","0","0","0","0","0","0","0","0","2","0","0","0","","","2","","2","","40 22:41.848","6","0","79 48:14.918","8","0","0","0","2111","0","0","0","N","0","0","0","3","02111","0","","1.0","","1","N","N","","0","","0","0","1","","0","Y","","3","2","1","0","0","2","0","2","0","3","","","","N","","","","","","","","","",""
"2011015464","","1","0","0","0","0","0","0","0","0","4","0","","02","2","2011","6","40.371912","-79.854224","","11","0","0","0","0","0","1","0","0","","0","0","0","","","0","","1","","40 22:18.883","","0","79 51:15.206","0","0","0","0","2303","0","0","0","N","0","0","0","2","02303","0","","1.0","","1","N","N","","1","","0","0","0","","0","","","2","0","0","0","0","0","0","2","0","2","","","","N","","","","","","","","","",""
"2011015563","","1","0","0","0","0","0","0","0","0","7","0","","02","2","2011","6","40.433333","-80.02866","","11","0","0","0","0","0","0","0","0","","0","0","0","","","0","","3","","40 25:59.998","","0","80 01:43.175","0","0","0","0","2301","0","0","0","N","0","0","0","1","02301","0","","3.0","","1","N","N","","0","","0","0","0","","0","","","1","0","0","0","0","0","0","2","0","1","","","","N","","","","","","","","","",""
"2011016304","","0","0","0","0","0","0","0","0","0","1","1","","02","2","2011","6","40.422412","-80.030498","","11","0","0","0","0","0","1","0","0","1","0","1","0","","","2","","0","","40 25:20.683","3","0","80 01:49.794","3","0","0","0","2301","0","0","0","N","0","0","0","5","68B03","0","","1.0","","1","N","N","","0","","2","0","2","","0","N","","3","2","0","0","0","0","0","2","0","3","","","","N","","","","","","","","","",""
"2011011560","","1","0","0","0","0","0","0","0","0","7","0","","02","1","2011","7","40.494261","-80.01129","","11","0","0","0","0","0","0","0","0","","0","0","0","","","0","","0","","40 29:39.338","","0","80 00:40.643","0","0","0","0","2301","0","0","0","N","0","0","0","1","68B03","0","","2.0","","7","N","N","","0","","0","0","0","","0","","","1","0","0","0","0","0","0","2","0","1","","","","N","","","","","","","","","",""
"2011010120","","1","0","0","0","0","0","0","0","0","4","0","","02","1","2011","6","40.602744","-79.947265","","11","0","0","0","0","0","0","0","0","1","0","0","0","","","0","","1","","40 36:09.879","2","0","79 56:50.155","0","0","0","0","2207","0","0","0","N","0","0","0","3","02207","0","","1.0","","6","N","N","","1","","0","0","0","","2","N","","2","0","0","0","0","0","0","2","0","2","","","","N","","","","","","","","","",""
"2011015465","","2","0","0","0","0","0","0","0","0","4","0","","02","2","2011","6","40.432241","-80.010239","","11","0","0","0","0","0","0","0","0","","0","0","0","","","0","","1","","40 25:56.067","","0","80 00:36.860","0","0","0","0","2301","0","0","0","N","0","0","0","2","02301","0","","1.0","","1","N","","","0","","0","0","0","","3","","","2","0","0","0","0","0","0","2","0","2","","","","N","","","","","","","","","",""
"2011017007","","0","0","0","0","0","0","0","0","0","5","0","","02","2","2011","3","40.523799","-79.947082","","11","0","0","0","0","0","0","0","0","1","0","0","0","","","0","","0","","40 31:25.676","2","1","79 56:49.496","0","0","0","0","2118","0","0","0","N","0","0","0","2","02118","0","","1.0","","7","N","N","","0","","0","0","0","","0","N","","2","0","1","0","0","0","0","2","2","2","","","","N","","","","","","","","","",""
"2011017031","","1","0","0","0","0","0","0","0","0","4","0","","02","2","2011","2","40.506943","-80.036254","","11","0","0","0","0","0","2","0","0","","0","0","0","","","1","","0","","40 30:24.996","","0","80 02:10.515","8","0","0","0","2116","0","0","0","Y","0","0","0","2","68B03","0","","4.0","","1","N","N","","0","","0","0","1","","0","","","2","1","0","0","0","1","0","2","0","2","","","","N","","","","","","","","","",""
"2011011561","","0","0","0","0","0","0","0","0","0","7","0","","02","1","2011","5","40.428503","-79.937446","","11","0","0","0","0","0","0","0","0","","0","0","0","","","1","","0","","40 25:42.612","","0","79 56:14.805","3","0","0","0","2301","0","0","0","N","0","0","0","1","68B03","0","","4.0","","6","N","N","","1","","1","0","0","","0","","","1","1","0","0","0","0","0","2","0","1","","","","N","","","","","","","","","",""
"2011017805","","1","0","0","0","0","0","0","0","0","5","0","","02","2","2011","4","40.61199","-80.099851","","11","0","0","0","0","0","0","0","0","","0","0","0","","","1","","0","","40 36:43.164","","0","80 05:59.463","8","0","0","0","2481","0","0","0","N","0","0","0","2","02481","0","","1.0","","1","N","N","","0","","0","0","0","","0","","","2","1","0","0","0","1","0","2","1","2","","","","N","","","","","","","","","",""
"2011011562","","3","0","0","0","0","0","0","0","0","1","0","","02","1","2011","6","40.612519","-80.094919","","11","0","0","0","0","0","1","0","0","3","0","0","0","","","3","","7","","40 36:45.068","1","2","80 05:41.707","3","0","0","0","2481","0","0","0","N","0","0","0","6","68B03","1","","1.0","","9","N","N","","0","","2","0","0","","0","N","","3","3","0","0","0","0","0","2","0","3","","","","N","","","","","","","","","",""
"2011009351","","0","0","0","0","0","0","0","0","0","7","0","","02","1","2011","5","40.228162","-79.857063","","11","0","0","1","0","0","0","0","0","1","0","0","0","","","1","","0","","40 13:41.383","6","0","79 51:25.427","4","0","0","0","2204","0","0","0","N","0","0","0","1","02204","1","","2.0","","7","N","N","","0","","0","0","1","","0","Y","","1","1","0","0","0","0","0","1","0","1","","","","N","","","","","","","","","",""
"2011016242","","0","0","0","0","0","0","0","0","0","7","0","","02","2","2011","7","40.487815","-80.011806","","11","0","0","0","0","0","0","0","0","","0","0","0","","","0","","0","","40 29:16.134","","0","80 00:42.501","0","0","0","0","2301","0","0","0","N","0","0","0","5","02301","0","","2.0","","2","N","N","","0","","0","0","1","","0","","","1","0","0","0","0","0","0","2","0","1","","","","N","","","","","","","","","",""
"2011017806","","2","0","0","0","0","0","0","0","0","1","0","","02","2","2011","1","40.510907","-80.07007","","11","0","0","0","0","0","0","0","0","","0","0","0","","","0","","10","","40 30:39.265","","0","80 04:12.252","0","0","0","0","2211","0","0","0","N","0","0","0","1","02215","0","","1.0","","2","N","N","","0","","0","0","0","","0","","","2","0","1","0","0","0","0","2","0","2","","","","N","","","","","","","","","",""
"2011017221","","1","0","0","0","0","0","1","0","0","1","1","","02","2","2011","3","40.333673","-79.803095","","11","0","0","0","0","0","1","0","0","1","0","0","0","","","1","","0","","40 20:01.222","4","0","79 48:11.141","8","0","0","0","2477","0","0","0","N","0","0","0","2","02477","0","","1.0","","9","Y","N","","0","","0","0","0","","0","N","","2","1","0","0","0","1","0","2","0","2","","","","N","","","","","","","","","",""
"2011017338","","1","0","0","0","0","0","0","0","0","1","0","","02","1","2011","2","40.374121","-80.104001","","11","0","0","0","0","0","0","0","0","","0","0","0","","","3","","7","","40 22:26.836","","2","80 06:14.402","3","0","0","0","2102","0","0","0","N","0","0","0","5","68B03","2","","1.0","","1","N","N","","0","","1","0","0","","0","","","3","3","0","0","0","0","0","2","1","2","","","","N","","","","","","","","","",""
"2011017503","","1","0","0","0","0","0","0","0","0","7","0","","02","2","2011","4","40.449122","-80.02476","","11","0","0","0","0","0","0","0","0","1","0","0","0","","","0","","6","","40 26:56.839","2","2","80 01:29.137","0","0","0","0","2301","0","0","0","N","0","0","0","1","02301","0","","3.0","","1","N","N","","0","","0","0","0","","4","N","","1","0","0","0","0","0","0","2","0","1","","","","N","","","","","","","","","",""
"2011017504","","1","0","0","0","0","0","0","0","0","7","0","","02","2","2011","4","40.389686","-79.940412","","11","0","0","0","0","0","0","0","0","","0","0","0","","","0","","0","","40 23:22.871","","0","79 56:25.484","0","0","0","0","2301","0","0","0","N","0","0","0","1","02301","0","","5.0","","9","N","N","","0","","0","0","0","","0","","","1","0","0","0","0","0","0","2","0","1","","","","N","","","","","","","","","",""
"2011016541","","3","0","0","0","0","0","0","0","0","4","0","","02","2","2011","6","40.464328","-79.944226","","11","0","0","0","0","0","0","0","0","1","0","0","0","","","0","","0","","40 27:51.580","1","0","79 56:39.213","0","0","0","0","2301","0","0","0","N","0","0","0","1","02301","0","","6.0","","1","N","N","","0","","0","0","0","","0","Y","","3","0","0","0","0","0","0","2","0","3","","","","N","","","","","","","","","",""
"2011016694","","1","0","0","0","0","0","0","0","0","1","0","","02","2","2011","2","40.391898","-79.934614","","11","0","0","0","0","0","2","0","0","","0","0","0","","","1","","3","","40 23:30.831","","0","79 56:04.610","8","0","0","0","2301","0","0","0","N","0","0","0","3","02301","0","","1.0","","2","N","N","","1","","0","0","0","","4","","","3","1","0","0","0","1","0","2","1","3","","","","N","","","","","","","","","",""
"2011016426","","3","0","0","0","0","0","0","0","0","1","0","","02","1","2011","3","40.435726","-79.999919","","11","0","0","0","0","0","3","0","0","","0","0","0","","","0","","0","","40 26:08.613","","0","79 59:59.708","0","0","0","0","2301","0","0","0","N","0","0","0","3","68B03","0","","1.0","","9","N","N","","0","","0","0","0","","0","","","3","0","0","0","0","0","0","2","0","3","","","","N","","","","","","","","","",""
"2011016504","","2","0","0","0","0","0","0","0","0","99","0","","02","2","2011","1","40.462466","-79.959391","","11","0","0","0","0","0","0","0","0","","0","0","0","","","1","","2","","40 27:44.877","","0","79 57:33.807","8","0","0","0","2301","0","0","0","N","0","0","0","3","02301","0","","1.0","","1","N","N","","0","","0","0","0","","0","","","2","1","0","0","0","1","0","2","0","2","","","","N","","","","","","","","","",""
"2011016542","","1","0","0","0","0","0","0","0","0","7","0","","02","2","2011","1","40.390433","-80.198556","","11","0","0","0","0","0","0","0","0","","0","0","0","","","0","","0","","40 23:25.557","","0","80 11:54.803","0","0","0","0","2214","0","0","0","Y","0","0","0","5","02214","0","","4.0","","2","N","N","","0","","0","0","0","","0","","","1","0","0","0","0","0","0","2","0","1","","","","N","","","","","","","","","",""
"2011017440","","0","0","0","0","0","0","0","0","0","7","0","","02","2","2011","3","40.361731","-80.092391","","11","0","0","0","0","0","0","0","0","","0","0","0","","","1","","0","","40 21:42.231","","0","80 05:32.607","3","0","0","0","2123","0","0","0","N","0","0","0","1","02123","0","","5.0","","2","N","N","","0","","1","0","0","","0","","","1","1","0","0","0","0","0","2","0","1","","","","N","","","","","","","","","",""
"2011016674","","1","0","0","0","0","0","0","0","0","4","0","","02","2","2011","2","40.43708","-79.998329","","11","0","0","0","0","0","1","0","0","","0","0","0","","","0","","5","","40 26:13.487","","0","79 59:53.986","0","0","0","0","2301","0","0","0","N","0","0","0","2","02301","0","","1.0","","1","N","N","","1","","0","0","0","","2","","","2","0","0","0","0","0","0","2","0","2","","","","N","","","","","","","","","",""
"2011017506","","1","0","0","0","0","0","1","0","0","4","1","","02","2","2011","4","40.563915","-80.205518","","11","0","0","0","0","0","1","0","0","","0","0","0","","","3","","2","","40 33:50.094","","0","80 12:19.864","4","0","0","0","2441","0","0","0","N","0","0","0","4","02503","3","","1.0","","1","N","N","","0","","0","0","0","","3","","","2","3","0","0","0","0","0","2","0","2","","","","N","","","","","","","","","",""
"2011016427","","0","0","0","0","0","0","0","0","0","7","0","","02","2","2011","5","40.520034","-80.138819","","11","0","0","0","0","0","0","0","0","2","0","0","0","","","0","","0","","40 31:12.124","1","0","80 08:19.747","0","0","0","0","2434","0","0","0","Y","0","0","0","1","68B03","0","","1.0","","1","N","N","","0","","0","0","1","","0","N","","1","0","0","0","0","0","0","1","0","1","","","","N","","","","","","","","","",""
"2011015794","","1","0","0","0","0","0","0","0","0","8","0","","02","1","2011","3","40.343916","-79.884018","","11","0","0","0","0","0","1","0","0","1","0","0","0","","","1","","1","","40 20:38.097","7","0","79 53:02.464","8","0","0","0","2433","1","0","0","N","1","0","0","2","02433","0","","1.0","","9","N","N","","0","","0","0","0","","0","Y","","2","1","0","0","0","1","0","2","0","1","","","","N","","","","","","","","","",""
"2011016675","","0","0","0","0","0","0","0","0","0","7","0","","02","1","2011","2","40.607628","-79.968541","","11","0","0","0","0","0","0","0","0","","0","0","0","","","0","","2","","40 36:27.461","","0","79 58:06.749","0","0","0","0","2207","0","0","0","N","0","0","0","1","02207","0","","5.0","","1","N","N","","0","","0","0","1","","0","","","1","0","0","0","0","0","0","2","0","1","","","","N","","","","","","","","","",""
"2011018036","","2","0","0","0","0","0","0","0","0","4","0","","02","2","2011","2","","","","11","0","0","0","0","0","0","0","0","1","0","0","0","","","1","","0","","","1","0","","3","0","0","0","2115","0","0","0","N","0","0","0","3","02115","0","","1.0","","9","N","N","","0","","1","0","0","","0","N","","2","1","2","0","0","0","0","1","0","2","","","","N","","","","","","","","","",""
"2011018037","","1","0","0","0","0","0","0","0","0","1","0","","02","2","2011","4","40.343471","-80.024968","","11","0","0","0","0","1","1","0","0","1","0","0","0","","","2","","2","","40 20:36.496","2","0","80 01:29.886","4","0","0","0","2407","0","0","0","N","0","0","0","2","02407","2","","1.0","","1","N","N","","0","","0","0","0","","0","Y","","2","2","0","0","0","0","0","2","1","2","","","","N","","","","","","","","","",""
"2011017259","","1","0","0","0","0","0","0","0","0","1","0","","02","2","2011","3","40.377577","-79.975448","","11","0","0","1","0","0","1","0","0","1","0","0","0","","","1","","0","","40 22:39.277","1","0","79 58:31.612","4","0","0","0","2413","0","0","0","N","0","0","0","3","02413","1","","1.0","","1","N","N","","1","","0","0","0","","0","Y","","2","1","2","0","0","0","0","2","0","2","","","","N","","","","","","","","","",""
"2011016677","","1","0","0","0","0","0","0","0","0","2","0","","02","2","2011","2","40.471794","-80.027015","","11","0","0","0","0","0","1","0","0","","0","0","0","","","0","","2","","40 28:18.458","","0","80 01:37.254","9","0","0","0","2301","0","0","0","N","0","0","0","3","02301","0","","1.0","","1","N","N","","1","","0","0","0","","3","","","2","0","0","0","0","0","2","2","0","2","","","","N","","","","","","","","","",""
"2011017260","","2","0","0","0","0","0","0","0","0","4","0","","02","2","2011","3","40.449156","-79.762252","","11","0","0","0","0","0","0","0","0","1","0","0","0","","","0","","1","","40 26:56.961","3","0","79 45:44.107","0","0","0","0","2446","0","0","0","N","0","0","0","2","02446","0","","1.0","","1","N","N","","0","","0","0","0","","3","N","","2","0","0","0","0","0","0","2","0","2","","","","N","","","","","","","","","",""
"2011016546","","0","0","0","0","0","0","0","0","0","0","0","","02","2","2011","2","40.43724","-80.049972","","11","0","0","0","0","0","0","0","0","","0","0","0","","","0","","0","","40 26:14.064","","0","80 02:59.899","0","0","0","0","2301","0","0","0","N","0","0","0","1","02301","0","","2.0","","1","N","N","","1","","0","0","0","","0","","","1","0","1","0","0","0","0","2","0","1","","","","N","","","","","","","","","",""
"2011017514","","0","0","0","0","0","0","0","0","0","1","0","","02","2","2011","4","40.391367","-80.060071","","11","0","0","0","0","0","1","1","0","","0","0","0","","","2","","0","","40 23:28.922","","0","80 03:36.255","4","0","0","0","2109","0","0","0","N","0","0","0","5","02109","2","","1.0","","1","N","N","","0","","0","0","2","","0","","","3","2","0","0","0","0","0","2","1","3","","","","N","","","","","","","","","",""
"2011016548","","2","0","0","0","0","0","0","0","0","4","0","","02","2","2011","7","40.448652","-80.002304","","11","0","0","0","0","0","0","0","0","","0","0","0","","","3","","1","","40 26:55.147","","0","80 00:08.294","3","0","0","0","2301","0","0","0","N","0","0","0","4","02301","0","","1.0","","1","N","N","","0","","2","0","0","","2","","","2","3","0","0","0","1","0","2","0","2","","","","N","","","","","","","","","",""
"2011017265","","0","0","0","0","0","0","0","0","0","8","0","","02","2","2011","3","40.454574","-79.946537","","11","0","0","0","0","0","0","0","0","1","0","0","0","","","1","","0","","40 27:16.466","6","0","79 56:47.533","4","0","0","0","2301","1","0","0","N","1","0","0","3","02301","1","","1.0","","1","N","N","","0","","0","0","1","","0","N","","2","1","0","0","0","0","0","2","0","1","","","","N","","","","","","","","","",""
"2011017496","","2","0","0","0","0","0","0","0","0","1","0","","02","2","2011","4","40.436423","-79.783726","","11","0","0","0","0","0","1","0","0","","0","0","0","","","0","","0","","40 26:11.123","","0","79 47:01.414","0","0","0","0","2446","0","0","0","N","0","0","0","3","02446","0","","1.0","","1","N","N","","1","","0","0","0","","2","","","3","0","0","0","0","0","0","2","0","3","","","","N","","","","","","","","","",""
"2011017266","","1","0","0","0","0","0","0","0","0","7","0","","02","2","2011","2","40.513571","-79.780962","","11","0","0","0","0","0","0","0","0","1","0","0","0","","","0","","0","","40 30:48.856","3","0","79 46:51.464","0","0","0","0","2466","0","0","0","N","0","0","0","1","02466","0","","2.0","","7","N","N","","0","","0","0","0","","0","N","","1","0","0","0","0","0","0","2","0","1","","","","N","","","","","","","","","",""
"2011017497","","0","0","0","0","0","0","0","0","0","7","1","","02","2","2011","4","","","","11","0","0","0","0","0","0","0","0","4","0","1","0","","","0","","0","","","3","3","","0","0","0","0","2428","0","0","0","Y","0","0","0","1","02428","0","","3.0","","1","N","N","","0","","0","0","0","","0","Y","","1","0","0","0","0","0","0","1","0","1","","","","N","","","","","","","","","",""
"2011017949","","0","0","0","0","0","0","0","0","0","4","0","","02","2","2011","3","40.343302","-80.06036","","11","0","0","0","0","0","1","1","0","2","0","0","0","","","1","","1","","40 20:35.887","1","0","80 03:37.295","8","0","0","0","2123","0","0","0","N","0","0","0","3","02123","0","","1.0","","1","N","N","","1","","0","0","1","","2","N","","2","1","0","0","0","1","0","2","0","2","","","","N","","","","","","","","","",""
"2011017396","","1","0","0","0","0","0","0","0","0","4","1","","02","2","2011","3","40.422923","-79.891031","","11","0","0","0","0","0","0","0","0","1","0","1","0","","","0","","1","","40 25:22.522","7","0","79 53:27.711","0","0","0","0","2463","0","0","0","N","0","0","0","2","02463","0","","1.0","","9","N","N","","0","","0","0","0","","0","Y","","2","0","2","0","0","0","0","2","0","2","","","","N","","","","","","","","","",""
"2011016683","","0","0","0","0","0","0","0","0","0","7","0","","02","2","2011","5","40.451499","-79.953396","","11","0","0","0","0","0","1","0","0","","0","0","0","","","0","","1","","40 27:05.396","","0","79 57:12.225","0","0","0","0","2301","0","0","0","N","0","0","0","1","02301","0","","5.0","","1","N","N","","0","","0","0","1","","0","","","1","0","0","0","0","0","0","2","0","1","","","","N","","","","","","","","","",""