"CRN","ARRIVAL_TM","AUTOMOBILE_COUNT","BELTED_DEATH_COUNT","BELTED_SUSP_SERIOUS_INJ_COUNT","BICYCLE_COUNT","BICYCLE_DEATH_COUNT","BICYCLE_SUSP_SERIOUS_INJ_COUNT","BUS_COUNT","CHLDPAS_DEATH_COUNT","CHLDPAS_SUSP_SERIOUS_INJ_COUNT","COLLISION_TYPE","COMM_VEH_COUNT","CONS_ZONE_SPD_LIM","COUNTY","CRASH_MONTH","CRASH_YEAR","DAY_OF_WEEK","DEC_LATITUDE","DEC_LONGITUDE","DISPATCH_TM","DISTRICT","DRIVER_COUNT_16YR","DRIVER_COUNT_17YR","DRIVER_COUNT_18YR","DRIVER_COUNT_19YR","DRIVER_COUNT_20YR","DRIVER_COUNT_50_64YR","DRIVER_COUNT_65_74YR","DRIVER_COUNT_75PLUS","EST_HRS_CLOSED","FATAL_COUNT","HEAVY_TRUCK_COUNT","HORSE_BUGGY_COUNT","HOUR_OF_DAY","ILLUMINATION","INJURY_COUNT","INTERSECTION_RELATED","INTERSECT_TYPE","LANE_CLOSED","LATITUDE","LN_CLOSE_DIR","LOCATION_TYPE","LONGITUDE","MAX_SEVERITY_LEVEL","MCYCLE_DEATH_COUNT","MCYCLE_SUSP_SERIOUS_INJ_COUNT","MOTORCYCLE_COUNT","MUNICIPALITY","NONMOTR_COUNT","NONMOTR_DEATH_COUNT","NONMOTR_SUSP_SERIOUS_INJ_COUNT","NTFY_HIWY_MAINT","PED_COUNT","PED_DEATH_COUNT","PED_SUSP_SERIOUS_INJ_COUNT","PERSON_COUNT","POLICE_AGCY","POSSIBLE_INJ_COUNT","RDWY_SURF_TYPE_CD","RELATION_TO_ROAD","ROADWAY_CLEARED","ROAD_CONDITION","SCH_BUS_IND","SCH_ZONE_IND","SECONDARY_CRASH","SMALL_TRUCK_COUNT","SPEC_JURIS_CD","SUSP_MINOR_INJ_COUNT","SUSP_SERIOUS_INJ_COUNT","SUV_COUNT","TCD_FUNC_CD","TCD_TYPE","TFC_DETOUR_IND","TIME_OF_DAY","TOTAL_UNITS","TOT_INJ_COUNT","UNBELTED_OCC_COUNT","UNB_DEATH_COUNT","UNB_SUSP_SERIOUS_INJ_COUNT","UNK_INJ_DEG_COUNT","UNK_INJ_PER_COUNT","URBAN_RURAL","VAN_COUNT","VEHICLE_COUNT","WEATHER1","WEATHER2","WORKERS_PRES","WORK_ZONE_IND","WORK_ZONE_LOC","WORK_ZONE_TYPE","WZ_CLOSE_DETOUR","WZ_FLAGGER","WZ_LAW_OFFCR_IND","WZ_LN_CLOSURE","WZ_MOVING","WZ_OTHER","WZ_SHLDER_MDN","WZ_WORKERS_INJ_KILLED"
"2011020569","","2","0","0","0","0","0","0","0","0","4","0","","02","2","2011","6","40.43647","-79.962338","","11","0","0","0","0","1","1","0","0","2","0","0","0","","","0","","2","","40 26:11.292","1","0","79 57:44.416","0","0","0","0","2301","0","0","0","N","0","0","0","3","02301","0","","1.0","","1","N","N","","0","","0","0","0","","0","N","","2","0","0","0","0","0","0","2","0","2","","","","N","","","","","","","","","",""
"2011019819","","1","0","0","0","0","0","0","0","0","2","1","","02","2","2011","4","40.434625","-79.956711","","11","0","0","0","0","0","1","0","0","","0","1","0","","","0","","0","","40 26:04.650","","0","79 57:24.161","0","0","0","0","2301","0","0","0","N","0","0","0","2","02301","0","","1.0","","1","N","N","","0","","0","0","0","","0","","","2","0","0","0","0","0","0","2","0","2","","","","N","","","","","","","","","",""
"2011018179","","1","0","0","0","0","0","0","0","0","7","0","","02","2","2011","6","40.354386","-79.823908","","11","0","0","0","0","0","0","0","0","2","0","0","0","","","0","","0","","40 21:15.789","6","0","79 49:26.069","0","0","0","0","2477","0","0","0","N","0","0","0","0","02477","0","","5.0","","1","N","N","","0","","0","0","0","","0","Y","","1","0","0","0","0","0","0","2","0","1","","","","N","","","","","","","","","",""
"2011020547","","2","0","0","0","0","0","0","0","0","4","0","","02","2","2011","6","40.446868","-79.911726","","11","0","0","0","0","0","0","0","0","","0","0","0","","","1","","3","","40 26:48.725","","0","79 54:42.215","8","0","0","0","2301","0","0","0","N","0","0","0","2","02301","0","","1.0","","1","N","N","","0","","0","0","0","","2","","","2","1","1","0","0","1","0","2","0","2","","","","N","","","","","","","","","",""
"2011018282","","1","0","0","0","0","0","0","0","0","1","0","","02","2","2011","6","40.449342","-80.025646","","11","0","0","0","0","0","0","0","0","","0","0","0","","","1","","6","","40 26:57.630","","2","80 01:32.325","8","0","0","0","2301","0","0","0","N","0","0","0","2","02301","0","","1.0","","1","Y","N","","0","","0","0","0","","4","","","2","1","0","0","0","1","0","2","1","2","","","","N","","","","","","","","","",""
"2011018772","","0","0","0","0","0","0","0","0","0","2","0","","02","2","2011","1","40.436399","-79.964085","","11","0","0","0","0","0","0","0","0","2","0","0","0","","","4","","0","","40 26:11.036","3","1","79 57:50.707","3","0","0","0","2301","0","0","0","N","0","0","0","5","02301","0","","1.0","","1","N","N","","0","","1","0","1","","0","N","","2","4","1","0","0","3","0","2","1","2","","","","N","","","","","","","","","",""
"2011018955","","0","0","0","0","0","0","0","0","0","7","0","","02","2","2011","1","40.45198","-79.728318","","11","0","0","0","0","0","0","0","0","","0","0","0","","","0","","0","","40 27:07.129","","7","79 43:41.944","0","0","0","0","2466","0","0","0","N","0","0","0","1","02466","0","","4.0","","1","N","N","","1","","0","0","0","","0","","","1","0","0","0","0","0","0","2","0","1","","","","N","","","","","","","","","",""
"2011020474","","2","0","0","0","0","0","0","0","0","1","0","","02","2","2011","6","40.297059","-80.041917","","11","0","0","0","0","0","2","0","0","","0","0","0","","","0","","0","","40 17:49.414","","0","80 02:30.900","0","0","0","0","2407","0","0","0","N","0","0","0","2","02407","0","","1.0","","9","N","N","","0","","0","0","0","","0","","","2","0","0","0","0","0","0","2","0","2","","","","N","","","","","","","","","",""
"2011018973","","0","0","0","0","0","0","0","0","0","7","0","","02","2","2011","1","40.371491","-79.820263","","11","0","0","0","0","0","0","0","0","1","0","0","0","","","0","","0","","40 22:17.366","5","0","79 49:12.947","0","0","0","0","2111","0","0","0","N","0","0","0","1","02111","0","","5.0","","1","N","N","","0","","0","0","0","","0","N","","1","0","1","0","0","0","0","2","1","1","","","","N","","","","","","","","","",""
"2011019821","","2","0","0","0","0","0","0","0","0","1","0","","02","2","2011","2","40.542632","-79.77309","","11","0","0","0","0","0","0","0","0","","0","0","0","","","0","","2","","40 32:33.475","","0","79 46:23.124","9","0","0","0","2462","0","0","0","N","0","0","0","2","02462","0","","1.0","","1","N","N","","0","","0","0","0","","2","","","2","0","0","0","0","0","2","2","0","2","","","","N","","","","","","","","","",""
"2011018753","","2","0","0","0","0","0","0","0","0","1","0","","02","2","2011","7","40.380935","-79.814556","","11","0","0","0","0","0","1","0","0","1","0","0","0","","","0","","1","","40 22:51.366","3","0","79 48:52.400","0","0","0","0","2424","0","0","0","N","0","0","0","4","02424","0","","1.0","","1","N","N","","0","","0","0","0","","0","N","","2","0","0","0","0","0","0","2","0","2","","","","N","","","","","","","","","",""
"2011019507","","1","0","0","0","0","0","0","0","0","5","1","","02","2","2011","3","40.444557","-80.000862","","11","0","0","0","0","0","1","0","0","","0","0","0","","","0","","1","","40 26:40.405","","0","80 00:03.103","9","0","0","0","2301","0","0","0","","0","0","0","2","02301","0","","9.0","","1","N","N","","0","","0","0","0","","2","","","2","0","0","0","0","0","1","2","0","2","","","","N","","","","","","","","","",""
"2011019528","","0","0","0","0","0","0","0","0","0","7","0","","02","2","2011","7","40.661126","-79.758956","","11","0","0","0","0","0","0","0","0","","0","0","0","","","1","","0","","40 39:40.055","","0","79 45:32.242","4","0","0","0","2202","0","0","0","N","0","0","0","1","02202","1","","5.0","","1","N","N","","1","","0","0","0","","0","","","1","1","0","0","0","0","0","1","0","1","","","","N","","","","","","","","","",""
"2011018181","","1","0","0","0","0","0","0","0","0","7","0","","02","2","2011","5","40.589511","-79.95444","","11","0","0","0","0","0","0","0","0","3","0","0","0","","","0","","0","","40 35:22.239","6","0","79 57:15.985","0","0","0","0","2207","0","0","0","N","0","0","0","1","02207","0","","5.0","","1","N","N","","0","","0","0","0","","0","Y","","1","0","0","0","0","0","0","2","0","1","","","","N","","","","","","","","","",""
"2011018284","","1","0","0","0","0","0","0","0","0","1","0","","02","1","2011","7","40.51892","-80.168016","","11","0","0","0","0","0","0","0","0","2","0","0","0","","","3","","0","","40 31:08.112","3","0","80 10:04.858","4","0","0","0","2420","0","0","0","N","0","0","0","5","02420","3","","1.0","","1","N","N","","0","","0","0","1","","0","N","","2","3","0","0","0","0","0","2","0","2","","","","N","","","","","","","","","",""
"2011019822","","1","0","0","0","0","0","0","0","0","1","0","","02","2","2011","4","40.449453","-79.902056","","11","0","0","0","0","0","1","0","0","2","0","0","0","","","0","","0","","40 26:58.032","4","0","79 54:07.400","0","0","0","0","2301","0","0","0","N","0","0","0","3","02301","0","","1.0","","1","N","N","","0","","0","0","1","","0","N","","3","0","0","0","0","0","0","2","1","3","","","","N","","","","","","","","","",""
"2011020318","","2","0","0","0","0","0","0","0","0","1","0","","02","2","2011","6","40.491872","-80.051941","","11","0","0","0","0","0","0","0","0","","0","0","0","","","0","","2","","40 29:30.739","","0","80 03:06.987","0","0","0","0","2404","0","0","0","N","0","0","0","1","02404","0","","1.0","","1","N","N","","0","","0","0","1","","0","","","3","0","1","0","0","0","0","2","0","3","","","","N","","","","","","","","","",""
"2011020336","","1","0","0","0","0","0","0","0","0","7","0","","02","2","2011","4","40.408778","-79.907294","","11","0","0","0","0","0","0","0","0","2","0","0","0","","","0","","1","","40 24:31.600","4","0","79 54:26.260","9","0","0","0","2438","0","0","0","N","0","0","0","1","02438","0","","5.0","","1","N","N","","0","","0","0","0","","2","N","","1","0","0","0","0","0","1","2","0","1","","","","N","","","","","","","","","",""
"2011020416","","1","0","0","0","0","0","0","0","0","4","0","","02","2","2011","2","40.279805","-80.00178","","11","0","0","0","0","0","1","0","0","1","0","0","0","","","1","","0","","40 16:47.298","1","0","80 00:06.409","4","0","0","0","2219","0","0","0","N","0","0","0","4","02219","1","","1.0","","1","N","N","","0","","0","0","1","","0","N","","2","1","0","0","0","0","0","1","0","2","","","","N","","","","","","","","","",""
"2011020550","","0","0","0","0","0","0","0","0","0","7","0","","02","2","2011","6","40.311819","-79.795303","","11","0","0","0","0","0","0","0","0","","0","0","0","","","0","","0","","40 18:42.548","","0","79 47:43.090","0","0","0","0","2105","0","0","0","N","0","0","0","1","02105","0","","5.0","","1","N","N","","0","","0","0","1","","0","","","1","0","0","0","0","0","0","2","0","1","","","","N","","","","","","","","","",""
"2011018309","","1","0","0","0","0","0","0","0","0","1","1","","02","2","2011","6","40.457609","-79.987677","","11","0","0","0","0","0","2","0","0","","0","1","0","","","1","","0","","40 27:27.392","","0","79 59:15.637","4","0","0","0","2301","0","0","0","N","0","0","0","4","02301","1","","1.0","","1","N","N","","1","","0","0","1","","0","","","4","1","0","0","0","0","0","2","0","4","","","","N","","","","","","","","","",""
"2011018958","","4","0","0","0","0","0","0","0","0","5","0","","02","2","2011","1","40.457798","-80.010039","","11","0","0","0","0","0","0","0","0","","0","0","0","","","0","","10","","40 27:28.072","","0","80 00:36.140","0","0","0","0","2301","0","0","0","N","0","0","0","4","02301","0","","1.0","","1","N","N","","0","","0","0","0","","0","","","4","0","0","0","0","0","0","2","0","4","","","","N","","","","","","","","","",""
"2011020551","","2","0","0","0","0","0","0","0","0","1","0","","02","2","2011","6","40.411014","-80.005933","","11","0","0","0","0","0","1","0","0","2","0","0","0","","","0","","1","","40 24:39.651","1","0","80 00:21.360","0","0","0","0","2301","0","0","0","N","0","0","0","4","02301","0","","1.0","","1","N","N","","0","","0","0","0","","2","N","","2","0","0","0","0","0","0","2","0","2","","","","N","","","","","","","","","",""
"2011020338","","0","0","0","0","0","0","0","0","0","7","1","","02","2","2011","5","40.340557","-80.125515","","11","0","0","0","0","0","1","0","0","4","0","1","0","","","0","","2","","40 20:26.005","1","0","80 07:31.854","0","0","0","0","2119","0","0","0","N","0","0","0","1","02119","0","","1.0","","1","N","N","","0","","0","0","0","","0","N","","1","0","0","0","0","0","0","2","0","1","","","","N","","","","","","","","","",""
"2011020552","","1","0","0","0","0","0","0","0","0","4","0","","02","2","2011","4","40.454012","-79.953338","","11","0","0","0","0","0","0","0","0","","0","0","0","","","1","","3","","40 27:14.443","","0","79 57:12.018","8","0","0","0","2301","0","0","0","N","0","0","0","3","02301","0","","1.0","","1","N","N","","0","","0","0","1","","2","","","2","1","0","0","0","1","0","2","0","2","","","","N","","","","","","","","","",""
"2011018287","","1","0","0","0","0","0","0","0","0","4","0","","02","2","2011","6","40.395331","-80.017632","","11","0","0","0","0","0","0","0","0","","0","0","0","","","0","","0","","40 23:43.191","","0","80 01:03.475","0","0","0","0","2301","0","0","0","N","0","0","0","2","02301","0","","1.0","","1","N","N","","0","","0","0","0","","0","","","2","0","0","0","0","0","0","2","1","2","","","","N","","","","","","","","","",""
"2011019825","","1","0","0","0","0","0","0","0","0","7","0","","02","2","2011","3","40.25472","-79.848011","","11","0","0","0","0","0","0","0","0","2","0","0","0","","","0","","0","","40 15:16.993","5","0","79 50:52.841","0","0","0","0","2105","0","0","0","Y","0","0","0","1","02105","0","","5.0","","98","N","N","","0","","0","0","0","","0","Y","","1","0","0","0","0","0","0","1","0","1","","","","N","","","","","","","","","",""
"2011018777","","2","0","0","0","0","0","0","0","0","2","0","","02","2","2011","1","40.432143","-80.004033","","11","0","0","0","0","0","0","0","0","1","0","0","0","","","0","","10","","40 25:55.715","2","3","80 00:14.517","0","0","0","0","2301","0","0","0","N","0","0","0","4","02301","0","","1.0","","1","N","N","","0","","0","0","0","","0","N","","2","0","0","0","0","0","0","2","0","2","","","","N","","","","","","","","","",""
"2011018852","","2","0","0","0","0","0","0","0","0","4","0","","02","2","2011","6","40.338925","-79.952006","","11","0","0","0","0","0","1","0","0","1","0","0","0","","","1","","0","","40 20:20.130","2","7","79 57:07.220","8","0","0","0","2473","0","0","0","N","0","0","0","1","02473","0","","6.0","","1","N","N","","1","","0","0","0","","0","N","","3","1","0","0","0","1","0","2","0","3","","","","N","","","","","","","","","",""
"2011020419","","2","0","0","0","0","0","0","0","0","1","0","","02","2","2011","2","40.444202","-80.028173","","11","0","0","0","0","0","0","0","0","","0","0","0","","","0","","1","","40 26:39.126","","0","80 01:41.424","0","0","0","0","2301","0","0","0","N","0","0","0","4","02301","0","","1.0","","1","N","N","","0","","0","0","1","","2","","","3","0","0","0","0","0","0","2","0","3","","","","N","","","","","","","","","",""
"2011020576","","3","0","0","0","0","0","0","0","0","4","0","","02","2","2011","6","","","","11","0","0","0","0","0","0","0","0","2","0","0","0","","","0","","0","","","3","0","","0","0","0","0","2468","0","0","0","N","0","0","0","1","02468","0","","6.0","","1","N","N","","0","","0","0","0","","0","N","","3","0","0","0","0","0","0","1","0","3","","","","N","","","","","","","","","",""
"2011019826","","2","0","0","0","0","0","0","0","0","4","0","","02","2","2011","4","40.535686","-79.970536","","11","0","0","0","0","0","0","0","0","1","0","0","0","","","0","","1","","40 32:08.469","1","0","79 58:13.931","0","0","0","0","2118","0","0","0","N","0","0","0","2","02118","0","","1.0","","1","N","N","","0","","0","0","0","","2","N","","2","0","0","0","0","0","0","2","0","2","","","","N","","","","","","","","","",""
"2011021073","","1","0","0","0","0","0","0","0","0","1","0","","02","2","2011","2","40.442082","-79.879937","","11","0","0","0","0","0","0","0","0","2","0","0","0","","","0","","0","","40 26:31.494","6","0","79 52:47.773","0","0","0","0","2301","0","0","0","N","0","0","0","2","02301","0","","6.0","","9","N","N","","1","","0","0","0","","0","Y","","2","0","0","0","0","0","0","2","0","2","","","","N","","","","","","","","","",""
"2011018758","","1","0","0","0","0","0","0","0","0","4","0","","02","2","2011","7","40.381933","-79.818687","","11","0","0","0","0","0","0","1","0","1","0","0","0","","","1","","0","","40 22:54.959","3","1","79 49:07.274","8","0","0","0","2111","0","0","0","N","0","0","0","2","02111","0","","1.0","","1","N","N","","0","","0","0","1","","0","N","","2","1","0","0","0","1","0","2","0","2","","","","N","","","","","","","","","",""
"2011018289","","0","0","0","0","0","0","0","0","0","4","0","","02","2","2011","6","40.392683","-80.016404","","11","0","0","0","0","0","0","0","0","","0","0","0","","","0","","1","","40 23:33.658","","0","80 00:59.054","0","0","0","0","2301","0","0","0","N","0","0","0","3","02301","0","","1.0","","1","N","N","","0","","0","0","2","","3","","","2","0","0","0","0","0","0","2","0","2","","","","N","","","","","","","","","",""
"2011019827","","2","0","0","0","0","0","0","0","0","5","0","","02","2","2011","4","40.545954","-80.016771","","11","0","0","0","0","0","0","0","0","1","0","0","0","","","0","","1","","40 32:45.436","1","0","80 01:00.375","0","0","0","0","2116","0","0","0","N","0","0","0","2","02116","0","","1.0","","1","N","N","","0","","0","0","0","","2","N","","2","0","0","0","0","0","0","2","0","2","","","","N","","","","","","","","","",""
"2011021074","","2","0","0","0","0","0","0","0","0","1","0","","02","2","2011","7","40.449722","-80.176101","","11","0","0","0","0","1","0","0","0","1","0","0","0","","","0","","1","","40 26:58.999","3","0","80 10:33.963","0","0","0","0","2214","0","0","0","N","0","0","0","4","02214","0","","1.0","","1","N","N","","0","","0","0","1","","2","N","","3","0","0","0","0","0","0","2","0","3","","","","N","","","","","","","","","",""
"2011020443","","2","0","0","0","0","0","0","0","0","6","0","","02","2","2011","5","40.40079","-80.031792","","11","0","0","0","0","0","0","0","0","","0","0","0","","","0","","2","","40 24:02.844","","0","80 01:54.451","0","0","0","0","2301","0","0","0","N","0","0","0","2","02301","0","","1.0","","1","N","N","","0","","0","0","0","","3","","","2","0","1","0","0","0","0","2","0","2","","","","N","","","","","","","","","",""
"2011018290","","1","0","0","0","0","0","0","0","0","4","0","","02","2","2011","6","40.461263","-79.955658","","11","0","0","0","0","0","0","0","0","1","0","0","0","","","0","","0","","40 27:40.546","1","0","79 57:20.368","0","0","0","0","2301","0","0","0","N","0","0","0","2","02301","0","","1.0","","2","N","N","","0","","0","0","1","","0","N","","2","0","0","0","0","0","0","2","0","2","","","","N","","","","","","","","","",""
"2011020578","","0","0","0","0","0","0","0","0","0","7","0","","02","2","2011","3","40.411035","-79.753617","","11","0","0","0","0","0","0","0","0","","0","0","0","","","0","","10","","40 24:39.726","","0","79 45:13.021","0","0","0","0","2446","0","0","0","N","0","0","0","1","02446","0","","4.0","","1","N","N","","0","","0","0","0","","0","","","1","0","0","0","0","0","0","2","1","1","","","","N","","","","","","","","","",""
"2011020444","","1","0","0","0","0","0","0","0","0","1","0","","02","2","2011","6","40.464753","-79.979798","","11","0","0","0","0","0","0","0","0","1","0","0","0","","","0","","1","","40 27:53.112","3","0","79 58:47.272","0","0","0","0","2301","0","0","0","Y","0","0","0","2","02301","0","","1.0","","1","N","N","","1","","0","0","0","","0","N","","2","0","0","0","0","0","0","2","0","2","","","","N","","","","","","","","","",""
"2011018982","","0","0","0","0","0","0","0","0","0","7","0","","02","2","2011","1","40.595997","-79.979496","","11","0","0","0","0","0","0","0","0","2","0","0","0","","","0","","0","","40 35:45.588","6","0","79 58:46.185","9","0","0","0","2207","0","0","0","N","0","0","0","1","02207","0","","5.0","","1","N","N","","1","","0","0","0","","0","Y","","1","0","0","0","0","0","1","1","0","1","","","","N","","","","","","","","","",""
"2011020557","","1","0","0","0","0","0","0","0","0","1","0","","02","2","2011","6","40.454029","-79.912399","","11","0","0","0","0","0","0","0","0","","0","0","0","","","0","","1","","40 27:14.504","","0","79 54:44.638","0","0","0","0","2301","0","0","0","N","0","0","0","2","02301","0","","1.0","","1","N","N","","0","","0","0","1","","4","","","2","0","0","0","0","0","0","2","0","2","","","","N","","","","","","","","","",""
"2011020579","","2","0","0","0","0","0","0","0","0","1","0","","02","2","2011","7","40.452824","-79.981496","","11","0","0","0","0","0","0","0","0","","0","0","0","","","1","","2","","40 27:10.166","","0","79 58:53.385","4","0","0","0","2301","0","0","0","N","0","0","0","2","02301","1","","1.0","","1","N","N","","0","","0","0","1","","0","","","3","1","0","0","0","0","0","2","0","3","","","","N","","","","","","","","","",""
"2011018781","","0","0","0","0","0","0","0","0","0","7","0","","02","2","2011","1","40.432303","-80.052257","","11","0","0","0","0","1","0","0","0","1","0","0","0","","","1","","0","","40 25:56.291","5","0","80 03:08.124","4","0","0","0","2301","0","0","0","N","0","0","0","1","02301","1","","4.0","","1","N","N","","0","","0","0","1","","0","N","","2","1","0","0","0","0","0","2","0","1","","","","N","","","","","","","","","",""
"2011019538","","1","0","0","0","0","0","0","0","0","7","0","","02","2","2011","1","40.522722","-79.990778","","11","0","0","0","0","0","0","1","0","1","0","0","0","","","0","","0","","40 31:21.800","2","0","79 59:26.800","0","0","0","0","2116","0","0","0","N","0","0","0","1","02116","0","","2.0","","2","N","N","","0","","0","0","0","","0","N","","1","0","0","0","0","0","0","2","0","1","","","","N","","","","","","","","","",""
"2011018983","","2","0","0","0","0","0","0","0","0","1","0","","02","2","2011","1","40.453296","-80.039771","","11","0","0","0","0","0","0","0","0","","0","0","0","","","0","","0","","40 27:11.865","","0","80 02:23.177","0","0","0","0","2301","0","0","0","N","0","0","0","2","02301","0","","1.0","","1","N","N","","0","","0","0","0","","0","","","2","0","0","0","0","0","0","2","0","2","","","","N","","","","","","","","","",""
"2011018316","","2","0","0","0","0","0","0","0","0","4","0","","02","2","2011","6","40.475873","-80.06529","","11","0","0","0","0","0","1","0","0","","0","0","0","","","0","","0","","40 28:33.141","","0","80 03:55.044","0","0","0","0","2444","0","0","0","N","0","0","0","3","02444","0","","1.0","","1","N","N","","0","","0","0","0","","0","","","2","0","0","0","0","0","0","2","0","2","","","","N","","","","","","","","","",""
"2011019831","","2","0","0","0","0","0","0","0","0","1","0","","02","2","2011","4","40.458497","-79.823271","","11","0","0","0","0","0","0","1","1","2","0","0","0","","","1","","0","","40 27:30.589","1","0","79 49:23.774","4","0","0","0","2113","0","0","0","N","0","0","0","3","02113","1","","1.0","","1","N","N","","0","","0","0","1","","0","Y","","3","1","0","0","0","0","0","2","0","3","","","","N","","","","","","","","","",""
"2011021078","","1","0","0","0","0","0","0","0","0","7","0","","02","2","2011","1","40.452298","-79.899161","","11","0","0","0","0","0","1","0","0","2","0","0","0","","","0","","0","","40 27:08.271","1","0","79 53:56.979","0","0","0","0","2301","0","0","0","N","0","0","0","1","02301","0","","5.0","","1","N","N","","0","","0","0","0","","0","N","","1","0","0","0","0","0","0","2","0","1","","","","N","","","","","","","","","",""
"2011018859","","0","0","0","0","0","0","0","0","0","7","0","","02","2","2011","2","40.660654","-79.983875","","11","0","0","0","0","0","0","0","0","1","0","0","0","","","0","","0","","40 39:38.356","4","0","79 59:01.950","0","0","0","0","2217","0","0","0","N","0","0","0","1","02505","0","","4.0","","7","N","N","","0","","0","0","1","","0","N","","1","0","0","0","0","0","0","1","0","1","","","","N","","","","","","","","","",""
"2011019612","","0","0","0","0","0","0","0","0","0","7","0","","02","1","2011","7","40.415983","-80.103364","","11","0","0","0","0","0","0","0","0","","0","0","0","","","0","","0","","40 24:57.537","","0","80 06:12.109","0","0","0","0","2115","0","0","0","Y","0","0","0","1","68B03","0","","3.0","","1","N","N","","0","","0","0","1","","0","","","1","0","0","0","0","0","0","2","0","1","","","","N","","","","","","","","","",""
"2011019832","","1","0","0","0","0","0","0","0","0","8","0","","02","2","2011","4","40.390872","-79.889912","","11","0","0","0","0","0","0","1","0","","0","0","0","","","1","","1","","40 23:27.139","","0","79 53:23.683","4","0","0","0","2473","1","0","0","N","1","0","0","2","02473","1","","1.0","","1","N","N","","0","","0","0","0","","0","","","2","1","0","0","0","0","0","2","0","1","","","","N","","","","","","","","","",""
"2011019613","","0","0","0","0","0","0","0","0","0","7","0","","02","1","2011","1","40.419042","-80.103426","","11","1","0","0","0","0","0","0","0","","0","0","0","","","0","","0","","40 25:08.551","","0","80 06:12.333","0","0","0","0","2115","0","0","0","Y","0","0","0","2","68B03","0","","3.0","","1","N","N","","0","","0","0","1","","0","","","1","0","0","0","0","0","0","2","0","1","","","","N","","","","","","","","","",""
"2011018879","","2","0","0","0","0","0","0","0","0","4","0","","02","2","2011","7","","","","11","0","0","0","0","0","0","0","0","1","0","0","0","","","1","","0","","","2","7","","4","0","0","0","2111","0","0","0","N","0","0","0","6","02111","1","","1.0","","1","N","N","","0","","0","0","1","","3","N","","3","1","0","0","0","0","0","1","0","3","","","","N","","","","","","","","","",""
"2011020453","","1","0","0","0","0","0","0","0","0","4","0","","02","2","2011","6","40.343538","-79.970154","","11","0","0","0","1","0","1","0","0","1","0","0","0","","","0","","2","","40 20:36.738","1","0","79 58:12.554","0","0","0","0","2403","0","0","0","N","0","0","0","2","02403","0","","1.0","","1","","N","","0","","0","0","1","","2","Y","","2","0","1","0","0","0","0","2","0","2","","","","N","","","","","","","","","",""
"2011020561","","1","0","0","0","0","0","0","0","0","5","0","","02","2","2011","6","40.430231","-80.000493","","11","0","1","0","0","0","1","0","0","","0","0","0","","","0","","0","","40 25:48.831","","0","80 00:01.774","0","0","0","0","2301","0","0","0","N","0","0","0","3","02301","0","","1.0","","1","N","N","","0","","0","0","1","","0","","","2","0","0","0","0","0","0","2","0","2","","","","N","","","","","","","","","",""
"2011019833","","1","0","0","0","0","0","0","0","0","1","1","","02","2","2011","4","40.455237","-79.966063","","11","0","0","0","0","0","0","0","0","2","0","1","0","","","0","","2","","40 27:18.853","6","0","79 57:57.826","0","0","0","0","2301","0","0","0","N","0","0","0","2","02301","0","","1.0","","1","N","N","","0","","0","0","0","","3","N","","2","0","0","0","0","0","0","2","0","2","","","","N","","","","","","","","","",""
"2011019520","","2","0","0","0","0","0","0","0","0","4","0","","02","2","2011","5","40.438835","-79.957146","","11","0","0","0","0","0","0","1","0","","0","0","0","","","1","","1","","40 26:19.806","","0","79 57:25.725","8","0","0","0","2301","0","0","0","N","0","0","0","2","02301","0","","1.0","","1","N","N","","0","","0","0","0","","3","","","3","1","0","0","0","1","0","2","1","3","","","","N","","","","","","","","","",""
"2011020350","","1","0","0","0","0","0","0","0","0","5","1","","02","2","2011","4","40.629964","-79.734279","","11","0","0","0","0","0","0","0","0","1","0","1","0","","","0","","0","","40 37:47.869","2","0","79 44:03.406","0","0","0","0","2106","0","0","0","N","0","0","0","2","68D02","0","","1.0","","1","N","N","","0","","0","0","0","","0","N","","2","0","0","0","0","0","0","2","0","2","","","","N","","","","","","","","","",""
"2011019668","","2","0","0","0","0","0","0","0","0","1","0","","02","2","2011","1","40.389749","-80.058313","","11","0","0","0","0","0","0","0","0","","0","0","0","","","1","","0","","40 23:23.096","","0","80 03:29.927","4","0","0","0","2109","0","0","0","N","0","0","0","4","02109","1","","1.0","","1","N","N","","0","","0","0","0","","0","","","2","1","0","0","0","0","0","2","0","2","","","","N","","","","","","","","","",""
"2011018320","","1","0","0","0","0","0","0","0","0","8","0","","02","2","2011","6","40.478471","-79.9556","","11","0","0","0","0","0","0","0","0","","0","0","0","","","1","","1","","40 28:42.495","","0","79 57:20.160","4","0","0","0","2301","1","0","0","N","1","0","0","2","02301","1","","1.0","","1","N","N","","0","","0","0","0","","2","","","2","1","0","0","0","0","0","2","0","1","","","","N","","","","","","","","","",""
"2011020657","","1","0","0","0","0","0","0","0","0","1","0","","02","2","2011","7","40.572128","-80.023504","","11","0","0","0","0","0","0","0","0","2","0","0","0","","","2","","1","","40 34:19.660","1","0","80 01:24.616","8","0","0","0","2108","0","0","0","N","0","0","0","3","02108","0","","1.0","","1","N","N","","0","","0","0","1","","2","N","","3","2","0","0","0","2","0","2","1","3","","","","N","","","","","","","","","",""
"2011020961","","2","0","0","0","0","0","0","0","0","1","0","","02","1","2011","5","40.589722","-80.098479","","11","0","0","0","0","0","1","0","0","","0","0","0","","","0","","0","","40 35:22.998","","0","80 05:54.523","0","0","0","0","2481","0","0","0","N","0","0","0","7","68B03","0","","1.0","","2","N","N","","1","","0","0","3","","0","","","7","0","0","0","0","0","0","2","1","7","","","","N","","","","","","","","","",""