"CRN","ARRIVAL_TM","AUTOMOBILE_COUNT","BELTED_DEATH_COUNT","BELTED_SUSP_SERIOUS_INJ_COUNT","BICYCLE_COUNT","BICYCLE_DEATH_COUNT","BICYCLE_SUSP_SERIOUS_INJ_COUNT","BUS_COUNT","CHLDPAS_DEATH_COUNT","CHLDPAS_SUSP_SERIOUS_INJ_COUNT","COLLISION_TYPE","COMM_VEH_COUNT","CONS_ZONE_SPD_LIM","COUNTY","CRASH_MONTH","CRASH_YEAR","DAY_OF_WEEK","DEC_LATITUDE","DEC_LONGITUDE","DISPATCH_TM","DISTRICT","DRIVER_COUNT_16YR","DRIVER_COUNT_17YR","DRIVER_COUNT_18YR","DRIVER_COUNT_19YR","DRIVER_COUNT_20YR","DRIVER_COUNT_50_64YR","DRIVER_COUNT_65_74YR","DRIVER_COUNT_75PLUS","EST_HRS_CLOSED","FATAL_COUNT","HEAVY_TRUCK_COUNT","HORSE_BUGGY_COUNT","HOUR_OF_DAY","ILLUMINATION","INJURY_COUNT","INTERSECTION_RELATED","INTERSECT_TYPE","LANE_CLOSED","LATITUDE","LN_CLOSE_DIR","LOCATION_TYPE","LONGITUDE","MAX_SEVERITY_LEVEL","MCYCLE_DEATH_COUNT","MCYCLE_SUSP_SERIOUS_INJ_COUNT","MOTORCYCLE_COUNT","MUNICIPALITY","NONMOTR_COUNT","NONMOTR_DEATH_COUNT","NONMOTR_SUSP_SERIOUS_INJ_COUNT","NTFY_HIWY_MAINT","PED_COUNT","PED_DEATH_COUNT","PED_SUSP_SERIOUS_INJ_COUNT","PERSON_COUNT","POLICE_AGCY","POSSIBLE_INJ_COUNT","RDWY_SURF_TYPE_CD","RELATION_TO_ROAD","ROADWAY_CLEARED","ROAD_CONDITION","SCH_BUS_IND","SCH_ZONE_IND","SECONDARY_CRASH","SMALL_TRUCK_COUNT","SPEC_JURIS_CD","SUSP_MINOR_INJ_COUNT","SUSP_SERIOUS_INJ_COUNT","SUV_COUNT","TCD_FUNC_CD","TCD_TYPE","TFC_DETOUR_IND","TIME_OF_DAY","TOTAL_UNITS","TOT_INJ_COUNT","UNBELTED_OCC_COUNT","UNB_DEATH_COUNT","UNB_SUSP_SERIOUS_INJ_COUNT","UNK_INJ_DEG_COUNT","UNK_INJ_PER_COUNT","URBAN_RURAL","VAN_COUNT","VEHICLE_COUNT","WEATHER1","WEATHER2","WORKERS_PRES","WORK_ZONE_IND","WORK_ZONE_LOC","WORK_ZONE_TYPE","WZ_CLOSE_DETOUR","WZ_FLAGGER","WZ_LAW_OFFCR_IND","WZ_LN_CLOSURE","WZ_MOVING","WZ_OTHER","WZ_SHLDER_MDN","WZ_WORKERS_INJ_KILLED"
"2011018881","","0","0","0","0","0","0","0","0","0","2","0","","02","1","2011","6","40.515773","-80.118793","","11","0","0","0","0","0","0","0","0","1","0","0","0","","","0","","0","","40 30:56.782","3","0","80 07:07.655","0","0","0","0","2211","0","0","0","N","0","0","0","2","02215","0","","1.0","","7","N","N","","2","","0","0","0","","0","N","","2","0","0","0","0","0","0","2","0","2","","","","N","","","","","","","","","",""
"2011020658","","1","0","0","0","0","0","0","0","0","1","0","","02","2","2011","6","40.604502","-80.050624","","11","0","0","0","0","0","0","0","0","2","0","0","0","","","0","","0","","40 36:16.207","1","7","80 03:02.245","0","0","0","0","2108","0","0","0","N","0","0","0","4","02108","0","","1.0","","1","N","N","","0","","0","0","1","","2","N","","2","0","0","0","0","0","0","2","0","2","","","","N","","","","","","","","","",""
"2011020962","","1","0","0","0","0","0","0","0","0","7","0","","02","2","2011","3","40.498094","-80.281246","","11","0","0","0","0","0","0","0","0","2","0","0","0","","","0","","0","","40 29:53.138","3","0","80 16:52.485","0","0","0","0","2203","0","0","0","N","0","0","0","2","68B03","0","","5.0","","7","N","N","","0","","0","0","0","","0","N","","2","0","0","0","0","0","0","1","1","2","","","","N","","","","","","","","","",""
"2011018768","","1","0","0","0","0","0","0","0","0","1","0","","02","2","2011","7","40.402869","-79.989701","","11","0","0","0","0","0","0","0","0","","0","0","0","","","0","","0","","40 24:10.328","","0","79 59:22.923","0","0","0","0","2301","0","0","0","N","0","0","0","2","02301","0","","2.0","","1","N","N","","1","","0","0","0","","0","","","2","0","2","0","0","0","0","2","0","2","","","","N","","","","","","","","","",""
"2011020963","","1","0","0","0","0","0","0","0","0","1","0","","02","2","2011","4","40.519821","-80.059295","","11","0","0","0","0","0","1","0","0","","0","0","0","","","1","","0","","40 31:11.356","","0","80 03:33.462","4","0","0","0","2116","0","0","0","N","0","0","0","4","68B03","1","","1.0","","1","N","N","","0","","0","0","2","","0","","","3","1","0","0","0","0","0","2","0","3","","","","N","","","","","","","","","",""
"2011019547","","0","0","0","0","0","0","0","0","0","4","0","","02","2","2011","3","40.429521","-79.977548","","11","0","0","0","0","0","0","0","0","1","0","0","0","","","0","","1","","40 25:46.275","2","0","79 58:39.172","0","0","0","0","2301","0","0","0","N","0","0","0","2","02301","0","","1.0","","1","N","N","","0","","0","0","1","","3","N","","2","0","0","0","0","0","0","2","1","2","","","","N","","","","","","","","","",""
"2011020458","","2","0","0","0","0","0","0","0","0","1","0","","02","2","2011","3","40.438224","-79.999906","","11","0","0","0","1","0","0","0","0","","0","0","0","","","0","","1","","40 26:17.606","","0","79 59:59.661","0","0","0","0","2301","0","0","0","N","0","0","0","2","02301","0","","1.0","","1","N","N","","0","","0","0","0","","2","","","2","0","0","0","0","0","0","2","0","2","","","","N","","","","","","","","","",""
"2011018769","","0","0","0","0","0","0","0","0","0","4","0","","02","2","2011","7","40.429267","-79.999168","","11","0","0","0","0","0","0","0","0","1","0","0","0","","","1","","1","","40 25:45.362","1","3","79 59:57.003","4","0","0","0","2301","0","0","0","N","0","0","0","6","02301","1","","1.0","","1","N","N","","0","","0","0","2","","2","N","","2","1","0","0","0","0","0","2","0","2","","","","N","","","","","","","","","",""
"2011020964","","2","0","0","0","0","0","0","0","0","1","0","","02","2","2011","4","40.479657","-80.007243","","11","0","0","0","0","0","0","0","0","1","0","0","0","","","0","","0","","40 28:46.764","1","0","80 00:26.076","9","0","0","0","2301","0","0","0","N","0","0","0","2","68B03","0","","1.0","","1","N","N","","0","","0","0","0","","0","N","","2","0","0","0","0","0","1","2","0","2","","","","N","","","","","","","","","",""
"2011020493","","0","0","0","0","0","0","0","0","0","5","1","","02","2","2011","1","40.370028","-80.117969","","11","0","0","0","0","0","1","0","0","2","0","1","0","","","1","","0","","40 22:12.101","1","0","80 07:04.690","3","0","0","0","2102","0","0","0","Y","0","0","0","3","68B03","0","","1.0","","1","N","N","","0","","1","0","0","","0","N","","2","1","0","0","0","0","0","2","1","2","","","","N","","","","","","","","","",""
"2011018352","","2","0","0","0","0","0","0","0","0","2","0","","02","2","2011","6","40.35151","-79.865072","","11","0","0","0","0","0","1","0","0","1","0","0","0","","","0","","1","","40 21:05.436","3","0","79 51:54.259","0","0","0","0","2304","0","0","0","N","0","0","0","2","02304","0","","1.0","","1","N","N","","0","","0","0","0","","0","Y","","2","0","0","0","0","0","0","2","0","2","","","","N","","","","","","","","","",""
"2011018770","","2","0","0","0","0","0","0","0","0","4","0","","02","2","2011","1","40.367406","-79.780613","","11","0","0","0","0","0","0","0","0","2","0","0","0","","","1","","0","","40 22:02.661","7","0","79 46:50.206","8","0","0","0","2111","0","0","0","N","0","0","0","2","02111","0","","1.0","","1","N","N","","0","","0","0","0","","0","N","","2","1","0","0","0","1","0","2","0","2","","","","N","","","","","","","","","",""
"2011020281","","4","0","0","0","0","0","0","0","0","6","0","","02","2","2011","4","40.383932","-79.894701","","11","0","0","0","0","0","1","1","0","2","0","0","0","","","3","","0","","40 23:02.155","1","0","79 53:40.923","8","0","0","0","2448","0","0","0","N","0","0","0","5","02448","0","","1.0","","1","N","N","","1","","0","0","0","","0","N","","5","3","0","0","0","3","0","2","0","5","","","","N","","","","","","","","","",""
"2011019673","","0","0","0","0","0","0","0","0","0","8","0","","02","2","2011","2","40.462064","-80.030826","","11","0","0","0","0","0","0","0","0","1","0","0","0","","","1","","2","","40 27:43.429","4","0","80 01:50.974","2","0","0","0","2301","1","0","1","N","1","0","1","2","02301","0","","1.0","","1","N","N","","0","","0","1","0","","3","N","","2","1","0","0","0","0","1","2","0","1","","","","N","","","","","","","","","",""
"2011020494","","1","0","0","0","0","0","0","0","0","1","0","","02","2","2011","3","40.482205","-80.007592","","11","0","0","0","0","0","1","0","0","","0","0","0","","","0","","0","","40 28:55.937","","0","80 00:27.332","0","0","0","0","2301","0","0","0","N","0","0","0","3","68B03","0","","1.0","","9","N","N","","0","","0","0","2","","0","","","3","0","0","0","0","0","0","2","0","3","","","","N","","","","","","","","","",""
"2011020282","","2","0","0","0","0","0","0","0","0","4","0","","02","2","2011","3","40.282315","-80.002015","","11","0","0","0","0","0","0","0","0","2","0","0","0","","","2","","2","","40 16:56.335","2","0","80 00:07.254","3","0","0","0","2219","0","0","0","N","0","0","0","2","02219","0","","1.0","","1","N","N","","0","","1","0","0","","3","N","","2","2","0","0","0","1","0","2","0","2","","","","N","","","","","","","","","",""
"2011018886","","1","0","0","0","0","0","0","0","0","5","0","","02","2","2011","7","40.545525","-80.083851","","11","0","0","0","0","0","0","0","0","","0","0","0","","","0","","0","","40 32:43.889","","0","80 05:01.864","0","0","0","0","2215","0","0","0","N","0","0","0","3","68B03","0","","1.0","","1","N","N","","0","","0","0","1","","0","","","2","0","1","0","0","0","0","2","0","2","","","","N","","","","","","","","","",""
"2011018887","","2","0","0","0","0","0","0","0","0","4","1","","02","2","2011","3","40.428868","-79.930696","","11","0","0","0","0","0","1","1","0","","0","1","0","","","1","","0","","40 25:43.925","","0","79 55:50.507","4","0","0","0","2301","0","0","0","N","0","0","0","3","68B03","1","","1.0","","1","N","N","","0","","0","0","0","","0","","","3","1","1","0","0","0","0","2","0","3","","","","N","","","","","","","","","",""
"2011018355","","1","0","0","0","0","0","0","0","0","7","0","","02","2","2011","2","40.425703","-79.949867","","11","0","0","0","0","0","0","0","0","1","0","0","0","","","0","","10","","40 25:32.530","3","0","79 56:59.521","0","0","0","0","2301","0","0","0","N","0","0","0","1","02301","0","","5.0","","7","N","N","","0","","0","0","0","","0","N","","1","0","0","0","0","0","0","2","0","1","","","","N","","","","","","","","","",""
"2011021094","","1","0","0","0","0","0","0","0","0","7","0","","02","2","2011","7","40.493863","-80.011225","","11","0","0","1","0","0","0","0","0","","0","0","0","","","1","","6","","40 29:37.908","","2","80 00:40.410","4","0","0","0","2301","0","0","0","Y","0","0","0","1","68B03","1","","2.0","","1","N","N","","0","","0","0","0","","0","","","1","1","0","0","0","0","0","2","0","1","","","","N","","","","","","","","","",""
"2011019475","","0","0","0","0","0","0","0","0","0","7","0","","02","2","2011","7","40.536606","-79.99016","","11","0","0","0","0","0","0","0","1","2","0","0","0","","","0","","0","","40 32:11.781","2","0","79 59:24.576","0","0","0","0","2116","0","0","0","N","0","0","0","1","02116","0","","5.0","","2","N","N","","1","","0","0","0","","0","N","","1","0","0","0","0","0","0","2","0","1","","","","N","","","","","","","","","",""
"2011020286","","0","0","0","0","0","0","0","0","0","2","0","","02","2","2011","3","40.634245","-80.058257","","11","0","0","0","0","0","1","0","0","","0","0","0","","","0","","1","","40 38:03.282","","0","80 03:29.724","0","0","0","0","2216","0","0","0","N","0","0","0","4","02505","0","","1.0","","1","N","N","","0","","0","0","2","","2","","","2","0","0","0","0","0","0","2","0","2","","","","N","","","","","","","","","",""
"2011018819","","1","0","0","0","0","0","0","0","0","4","0","","02","2","2011","7","40.382047","-79.81903","","11","0","0","0","0","0","0","1","0","","0","0","0","","","1","","2","","40 22:55.370","","0","79 49:08.508","8","0","0","0","2111","0","0","0","N","0","0","0","2","02111","0","","1.0","","1","N","N","","1","","0","0","0","","3","","","2","1","0","0","0","1","1","2","0","2","","","","N","","","","","","","","","",""
"2011020594","","1","0","0","0","0","0","0","0","0","1","0","","02","2","2011","7","40.396385","-80.014992","","11","0","0","0","0","0","0","0","0","1","0","0","0","","","0","","0","","40 23:46.985","6","0","80 00:53.972","0","0","0","0","2301","0","0","0","N","0","0","0","0","02301","0","","6.0","","1","N","N","","0","","0","0","1","","3","Y","","3","0","0","0","0","0","0","2","0","3","","","","N","","","","","","","","","",""
"2011019574","","0","0","0","0","0","0","1","0","0","6","1","90","02","2","2011","3","40.465349","-79.846853","","11","0","0","0","0","0","1","0","0","2","0","0","0","","","1","","0","","40 27:55.255","1","0","79 50:48.672","4","0","0","0","2113","0","0","0","N","0","0","0","3","02113","1","","1.0","","1","Y","N","","1","","0","0","0","","0","Y","","3","1","0","0","0","0","0","2","0","2","","","Y","Y","2","2","","Y","N","","","","Y",""
"2011018889","","1","0","0","0","0","0","0","0","0","1","0","","02","2","2011","3","40.428816","-79.933437","","11","0","0","0","0","0","1","0","0","","0","0","0","","","1","","0","","40 25:43.739","","0","79 56:00.373","4","0","0","0","2301","0","0","0","N","0","0","0","2","68B03","1","","1.0","","1","N","N","","0","","0","0","1","","0","","","2","1","0","0","0","0","0","2","0","2","","","","N","","","","","","","","","",""
"2011019845","","1","0","0","0","0","0","0","0","0","4","0","","02","2","2011","4","40.359948","-79.907775","","11","0","0","0","0","0","0","0","0","1","0","0","0","","","2","","0","","40 21:35.811","3","0","79 54:27.989","4","0","0","0","2473","0","0","0","N","0","0","0","2","02473","1","","1.0","","1","N","N","","0","","0","0","1","","0","N","","2","2","0","0","0","1","0","2","0","2","","","","N","","","","","","","","","",""
"2011018129","","0","0","0","0","0","0","0","0","0","7","0","","02","2","2011","1","40.306901","-79.897074","","11","0","0","0","0","0","0","0","0","1","0","0","0","","","0","","0","","40 18:24.842","5","0","79 53:49.465","0","0","0","0","2440","0","0","0","N","0","0","0","1","02440","0","","5.0","","2","N","N","","0","","0","0","1","","0","Y","","1","0","0","0","0","0","0","2","0","1","","","","N","","","","","","","","","",""
"2011018890","","1","0","0","0","0","0","0","0","0","5","0","","02","2","2011","6","40.488984","-80.009677","","11","0","0","0","0","1","1","0","0","","0","0","0","","","0","","0","","40 29:20.341","","0","80 00:34.836","0","0","0","0","2301","0","0","0","N","0","0","0","3","68B03","0","","1.0","","1","N","N","","1","","0","0","0","","0","","","2","0","0","0","0","0","0","2","0","2","","","","N","","","","","","","","","",""
"2011018331","","2","0","0","0","0","0","0","0","0","1","0","","02","2","2011","6","40.437838","-80.000214","","11","0","0","0","0","0","0","0","0","1","0","0","0","","","0","","1","","40 26:16.215","3","0","80 00:00.769","0","0","0","0","2301","0","0","0","N","0","0","0","2","02301","0","","1.0","","1","N","N","","0","","0","0","0","","2","N","","2","0","0","0","0","0","0","2","0","2","","","","N","","","","","","","","","",""
"2011020290","","1","0","0","0","0","0","0","0","0","4","0","","02","2","2011","5","40.448854","-79.964955","","11","0","0","0","0","0","0","1","0","","0","0","0","","","0","","1","","40 26:55.874","","0","79 57:53.838","0","0","0","0","2301","0","0","0","N","0","0","0","6","02301","0","","1.0","","1","N","N","","1","","0","0","0","","2","","","2","0","0","0","0","0","0","2","0","2","","","","N","","","","","","","","","",""
"2011018798","","1","0","0","0","0","0","0","0","0","7","0","","02","2","2011","6","40.644657","-79.720277","","11","0","0","0","0","1","0","0","0","","0","0","0","","","0","","0","","40 38:40.765","","0","79 43:12.996","0","0","0","0","2106","0","0","0","Y","0","0","0","1","68D02","0","","4.0","","1","N","N","","0","","0","0","0","","0","","","1","0","0","0","0","0","0","1","0","1","","","","N","","","","","","","","","",""
"2011018130","","2","0","0","0","0","0","0","0","0","1","0","","02","2","2011","4","40.34889","-79.939012","","11","0","0","1","1","0","0","0","0","1","0","0","0","","","0","","2","","40 20:56.003","4","0","79 56:20.443","0","0","0","0","2473","0","0","0","N","0","0","0","2","02473","0","","1.0","","1","N","N","","0","","0","0","0","","2","N","","2","0","0","0","0","0","0","2","0","2","","","","N","","","","","","","","","",""
"2011018891","","1","0","0","0","0","0","0","0","0","1","0","","02","2","2011","6","40.431416","-79.958751","","11","0","0","0","0","0","0","0","0","","0","0","0","","","1","","0","","40 25:53.097","","0","79 57:31.502","4","0","0","0","2301","0","0","0","N","0","0","0","2","68B03","1","","1.0","","1","N","N","","0","","0","0","1","","0","","","2","1","0","0","0","0","1","2","0","2","","","","N","","","","","","","","","",""
"2011020466","","0","0","0","0","0","0","0","0","0","1","0","","02","2","2011","6","40.327652","-79.938556","","11","0","0","1","0","0","0","1","0","","0","0","0","","","2","","0","","40 19:39.548","","0","79 56:18.801","4","0","0","0","2440","0","0","0","N","0","0","0","6","02440","2","","1.0","","1","N","N","","1","","0","0","1","","0","","","2","2","0","0","0","0","0","2","0","2","","","","N","","","","","","","","","",""
"2011019679","","1","0","0","0","0","0","0","0","0","7","0","","02","2","2011","6","40.415831","-80.012997","","11","0","0","0","0","0","0","0","0","1","0","0","0","","","0","","0","","40 24:56.992","2","0","80 00:46.790","0","0","0","0","2301","0","0","0","N","0","0","0","0","02301","0","","5.0","","1","N","N","","0","","0","0","0","","0","Y","","1","0","0","0","0","0","0","2","0","1","","","","N","","","","","","","","","",""
"2011019089","","1","0","0","0","0","0","0","0","0","7","0","","02","2","2011","7","40.345787","-80.091562","","11","0","0","0","0","1","0","0","0","1","0","0","0","","","0","","2","","40 20:44.833","2","0","80 05:29.624","0","0","0","0","2123","0","0","0","N","0","0","0","1","02123","0","","2.0","","2","N","N","","0","","0","0","0","","0","N","","1","0","0","0","0","0","0","2","0","1","","","","N","","","","","","","","","",""
"2011020291","","2","0","0","0","0","0","0","0","0","2","0","","02","2","2011","5","40.379873","-80.037184","","11","0","0","0","0","0","0","0","0","2","0","0","0","","","1","","0","","40 22:47.542","6","0","80 02:13.863","4","0","0","0","2109","0","0","0","N","0","0","0","3","02109","1","","1.0","","1","N","N","","0","","0","0","1","","0","Y","","3","1","0","0","0","0","0","2","0","3","","","","N","","","","","","","","","",""
"2011018799","","1","0","0","0","0","0","0","0","0","7","0","","02","2","2011","7","40.612628","-79.758657","","11","0","1","0","0","0","0","0","0","","0","0","0","","","0","","0","","40 36:45.459","","0","79 45:31.166","0","0","0","0","2464","0","0","0","N","0","0","0","1","68D02","0","","4.0","","9","N","N","","0","","0","0","0","","0","","","1","0","0","0","0","0","0","2","0","1","","","","N","","","","","","","","","",""
"2011018823","","1","0","0","0","0","0","0","0","0","7","0","","02","2","2011","1","40.451039","-79.976733","","11","0","0","0","0","0","0","0","0","","0","0","0","","","1","","0","","40 27:03.741","","0","79 58:36.240","4","0","0","0","2301","0","0","0","N","0","0","0","1","02301","1","","5.0","","1","N","N","","0","","0","0","0","","0","","","1","1","1","0","0","0","0","2","0","1","","","","N","","","","","","","","","",""
"2011019577","","0","0","0","0","0","0","0","0","0","1","0","","02","2","2011","3","40.526013","-79.842703","","11","0","0","0","0","0","0","0","0","","0","0","0","","","1","","1","","40 31:33.645","","0","79 50:33.731","4","0","0","0","2451","0","0","0","N","0","0","0","2","02451","1","","1.0","","1","N","N","","1","","0","0","1","","0","","","2","1","0","0","0","0","0","2","0","2","","","","N","","","","","","","","","",""
"2011018892","","0","0","0","0","0","0","0","0","0","1","0","","02","2","2011","7","40.430016","-80.027599","","11","0","0","0","0","0","0","0","0","","0","0","0","","","0","","0","","40 25:48.059","","0","80 01:39.358","0","0","0","0","2301","0","0","0","N","0","0","0","3","68B03","0","","1.0","","1","N","N","","0","","0","0","1","","0","","","2","0","0","0","0","0","0","2","1","2","","","","N","","","","","","","","","",""
"2011018800","","0","0","0","0","0","0","0","0","0","4","0","","02","2","2011","7","40.613034","-79.757071","","11","0","0","0","0","0","0","0","0","","0","0","0","","","0","","1","","40 36:46.921","","2","79 45:25.456","0","0","0","0","2202","0","0","0","N","0","0","0","4","68D02","0","","1.0","","9","N","N","","1","","0","0","1","","0","","","2","0","1","0","0","0","0","2","0","2","","","","N","","","","","","","","","",""
"2011018730","","2","0","0","0","0","0","0","0","0","5","0","55","02","2","2011","5","40.65515","-80.070607","","11","0","0","0","0","0","1","0","0","","0","0","0","","","0","","0","","40 39:18.539","","0","80 04:14.184","0","0","0","0","2212","0","0","0","N","0","0","0","2","68T02","0","","1.0","","1","N","N","","0","","0","0","0","","0","","","2","0","0","0","0","0","0","2","0","2","","","N","Y","5","1","N","N","N","N","N","N","Y",""
"2011018801","","1","0","0","0","0","0","0","0","0","7","0","","02","2","2011","7","40.442116","-80.060685","","11","0","0","0","0","0","0","0","0","","0","0","0","","","0","","2","","40 26:31.617","","0","80 03:38.466","9","0","0","0","2439","0","0","0","N","0","0","0","1","02439","0","","2.0","","7","N","N","","0","","0","0","0","","0","","","1","0","0","0","0","0","1","2","0","1","","","","N","","","","","","","","","",""
"2011019579","","2","0","0","0","0","0","0","0","0","4","0","","02","2","2011","3","40.400181","-80.064636","","11","0","0","0","0","0","1","0","0","","0","0","0","","","0","","0","","40 24:00.653","","0","80 03:52.689","9","0","0","0","2117","0","0","0","N","0","0","0","2","02117","0","","1.0","","1","N","N","","0","","0","0","0","","0","","","2","0","0","0","0","0","1","2","0","2","","","","N","","","","","","","","","",""
"2011020469","","1","0","0","0","0","0","0","0","0","1","1","","02","2","2011","6","40.435839","-79.786104","","11","0","0","0","0","0","1","0","1","","0","1","0","","","1","","0","","40 26:09.020","","7","79 47:09.974","4","0","0","0","2446","0","0","0","N","0","0","0","3","02446","1","","1.0","","1","N","N","","0","","0","0","0","","2","","","2","1","0","0","0","0","0","2","0","2","","","","N","","","","","","","","","",""
"2011018337","","2","0","0","0","0","0","0","0","0","4","0","","02","2","2011","5","40.403278","-79.900267","","11","0","0","0","0","0","1","0","0","","0","0","0","","","0","","1","","40 24:11.800","","0","79 54:00.961","0","0","0","0","2448","0","0","0","N","0","0","0","2","02448","0","","1.0","","1","N","N","","0","","0","0","0","","3","","","2","0","1","0","0","0","0","2","0","2","","","","N","","","","","","","","","",""
"2011019483","","1","0","0","0","0","0","1","0","0","3","1","","02","2","2011","2","40.453945","-80.065544","","11","0","0","0","0","0","1","0","0","1","0","0","0","","","0","","2","","40 27:14.202","4","0","80 03:55.958","0","0","0","0","2301","0","0","0","N","0","0","0","15","02301","0","","1.0","","1","Y","N","","0","","0","0","0","","3","N","","2","0","1","0","0","0","0","2","0","2","","","","N","","","","","","","","","",""
"2011020294","","1","0","0","0","0","0","0","0","0","8","0","","02","2","2011","5","40.448678","-79.989383","","11","0","0","0","0","0","0","0","0","2","0","0","0","","","2","","1","","40 26:55.240","3","0","79 59:21.778","3","0","0","0","2301","2","0","0","N","2","0","0","3","02301","0","","1.0","","1","N","N","","0","","2","0","0","","0","Y","","3","2","0","0","0","0","0","2","0","1","","","","N","","","","","","","","","",""
"2011018826","","1","0","0","0","0","0","0","0","0","7","0","","02","2","2011","2","40.345756","-79.942739","","11","0","0","0","0","0","0","0","0","1","0","0","0","","","0","","0","","40 20:44.720","5","0","79 56:33.860","0","0","0","0","2473","0","0","0","N","0","0","0","1","02473","0","","5.0","","2","N","N","","0","","0","0","0","","0","Y","","1","0","0","0","0","0","0","2","0","1","","","","N","","","","","","","","","",""
"2011018134","","1","0","0","0","0","0","0","0","0","7","0","","02","2","2011","5","40.42923","-79.71616","","11","0","0","0","0","0","0","0","0","1","0","0","0","","","0","","0","","40 25:45.227","4","0","79 42:58.175","0","0","0","0","2446","0","0","0","N","0","0","0","1","02446","0","","3.0","","1","N","N","","0","","0","0","0","","0","N","","1","0","0","0","0","0","0","2","0","1","","","","N","","","","","","","","","",""
"2011019683","","1","0","0","0","0","0","0","0","0","7","0","","02","2","2011","2","40.561726","-79.856351","","11","0","0","0","0","0","0","0","0","","0","0","0","","","0","","0","","40 33:42.213","","0","79 51:22.865","0","0","0","0","2208","0","0","0","N","0","0","0","1","02208","0","","2.0","","1","N","N","","0","","0","0","0","","0","","","1","0","0","0","0","0","0","2","0","1","","","","N","","","","","","","","","",""
"2011018733","","2","0","0","0","0","0","0","0","0","2","0","","02","2","2011","7","40.475959","-80.054528","","11","0","0","0","0","0","1","0","0","1","0","0","0","","","0","","0","","40 28:33.453","1","3","80 03:16.302","0","0","0","0","2122","0","0","0","N","0","0","0","3","02122","0","","1.0","","1","N","N","","0","","0","0","0","","0","N","","2","0","1","0","0","0","0","2","0","2","","","","N","","","","","","","","","",""
"2011018803","","0","0","0","0","0","0","0","0","0","7","0","","02","2","2011","7","40.292551","-79.810288","","11","0","0","0","0","0","0","0","0","2","0","0","0","","","1","","0","","40 17:33.184","5","0","79 48:37.038","3","0","0","0","2105","0","0","0","N","0","0","0","1","02105","0","","4.0","","1","N","N","","0","","1","0","1","","0","Y","","1","1","1","0","0","0","0","1","0","1","","","","N","","","","","","","","","",""
"2011018827","","0","0","0","0","0","0","0","0","0","7","0","","02","2","2011","3","40.550828","-80.056672","","11","0","0","0","0","0","1","0","0","","0","0","0","","","0","","0","","40 33:02.979","","0","80 03:24.018","0","0","0","0","2116","0","0","0","N","0","0","0","2","02116","0","","5.0","","2","Y","N","","0","","0","0","1","","0","","","1","0","0","0","0","0","0","2","0","1","","","","N","","","","","","","","","",""
"2011020472","","2","0","0","0","0","0","0","0","0","4","0","","02","2","2011","6","40.441547","-80.193295","","11","0","0","0","1","0","0","0","0","1","0","0","0","","","1","","2","","40 26:29.569","5","0","80 11:35.861","4","0","0","0","2214","0","0","0","N","0","0","0","5","02214","1","","1.0","","1","N","N","","0","","0","0","1","","3","N","","3","1","0","0","0","0","0","2","0","3","","","","N","","","","","","","","","",""
"2011018734","","1","0","0","0","0","0","0","0","0","8","0","","02","2","2011","7","40.458279","-79.893159","","11","0","0","0","0","0","0","0","0","","0","0","0","","","1","","0","","40 27:29.804","","0","79 53:35.372","8","0","0","0","2301","1","0","0","N","1","0","0","2","02301","0","","1.0","","1","N","N","","0","","0","0","0","","0","","","2","1","0","0","0","1","0","2","0","1","","","","N","","","","","","","","","",""
"2011018367","","1","0","0","0","0","0","0","0","0","4","0","","02","2","2011","6","40.474664","-79.80995","","11","0","0","0","0","0","0","0","0","2","0","0","0","","","4","","2","","40 28:28.790","5","0","79 48:35.819","4","0","0","0","2113","0","0","0","N","0","0","0","4","02113","4","","1.0","","1","N","N","","0","","0","0","1","","3","Y","","2","4","0","0","0","0","0","2","0","2","","","","N","","","","","","","","","",""
"2011003462","","1","0","0","0","0","0","0","0","0","6","0","","02","1","2011","5","40.496131","-79.976872","","11","0","0","0","0","0","0","0","0","","0","0","0","","","0","","1","","40 29:46.072","","0","79 58:36.740","0","0","0","0","2118","0","0","0","N","0","0","0","3","02118","0","","1.0","","1","N","N","","0","","0","0","1","","3","","","2","0","0","0","0","0","0","2","0","2","","","","N","","","","","","","","","",""
"2011005192","","2","0","0","0","0","0","0","0","0","1","0","","02","1","2011","2","40.332449","-79.813899","","11","0","0","0","0","0","0","0","0","","0","0","0","","","3","","0","","40 19:56.815","","0","79 48:50.037","3","0","0","0","2477","0","0","0","N","0","0","0","6","02477","0","","1.0","","1","N","N","","0","","3","0","0","","0","","","2","3","0","0","0","0","0","2","0","2","","","","N","","","","","","","","","",""
"2011004426","","1","0","0","0","0","0","0","0","0","7","0","","02","1","2011","2","40.380919","-79.814729","","11","0","0","0","0","0","0","0","0","","0","0","0","","","0","","0","","40 22:51.310","","0","79 48:53.024","0","0","0","0","2424","0","0","0","N","0","0","0","1","02424","0","","5.0","","1","N","N","","0","","0","0","0","","0","","","1","0","0","0","0","0","0","2","0","1","","","","N","","","","","","","","","",""