"CRN","ARRIVAL_TM","AUTOMOBILE_COUNT","BELTED_DEATH_COUNT","BELTED_SUSP_SERIOUS_INJ_COUNT","BICYCLE_COUNT","BICYCLE_DEATH_COUNT","BICYCLE_SUSP_SERIOUS_INJ_COUNT","BUS_COUNT","CHLDPAS_DEATH_COUNT","CHLDPAS_SUSP_SERIOUS_INJ_COUNT","COLLISION_TYPE","COMM_VEH_COUNT","CONS_ZONE_SPD_LIM","COUNTY","CRASH_MONTH","CRASH_YEAR","DAY_OF_WEEK","DEC_LATITUDE","DEC_LONGITUDE","DISPATCH_TM","DISTRICT","DRIVER_COUNT_16YR","DRIVER_COUNT_17YR","DRIVER_COUNT_18YR","DRIVER_COUNT_19YR","DRIVER_COUNT_20YR","DRIVER_COUNT_50_64YR","DRIVER_COUNT_65_74YR","DRIVER_COUNT_75PLUS","EST_HRS_CLOSED","FATAL_COUNT","HEAVY_TRUCK_COUNT","HORSE_BUGGY_COUNT","HOUR_OF_DAY","ILLUMINATION","INJURY_COUNT","INTERSECTION_RELATED","INTERSECT_TYPE","LANE_CLOSED","LATITUDE","LN_CLOSE_DIR","LOCATION_TYPE","LONGITUDE","MAX_SEVERITY_LEVEL","MCYCLE_DEATH_COUNT","MCYCLE_SUSP_SERIOUS_INJ_COUNT","MOTORCYCLE_COUNT","MUNICIPALITY","NONMOTR_COUNT","NONMOTR_DEATH_COUNT","NONMOTR_SUSP_SERIOUS_INJ_COUNT","NTFY_HIWY_MAINT","PED_COUNT","PED_DEATH_COUNT","PED_SUSP_SERIOUS_INJ_COUNT","PERSON_COUNT","POLICE_AGCY","POSSIBLE_INJ_COUNT","RDWY_SURF_TYPE_CD","RELATION_TO_ROAD","ROADWAY_CLEARED","ROAD_CONDITION","SCH_BUS_IND","SCH_ZONE_IND","SECONDARY_CRASH","SMALL_TRUCK_COUNT","SPEC_JURIS_CD","SUSP_MINOR_INJ_COUNT","SUSP_SERIOUS_INJ_COUNT","SUV_COUNT","TCD_FUNC_CD","TCD_TYPE","TFC_DETOUR_IND","TIME_OF_DAY","TOTAL_UNITS","TOT_INJ_COUNT","UNBELTED_OCC_COUNT","UNB_DEATH_COUNT","UNB_SUSP_SERIOUS_INJ_COUNT","UNK_INJ_DEG_COUNT","UNK_INJ_PER_COUNT","URBAN_RURAL","VAN_COUNT","VEHICLE_COUNT","WEATHER1","WEATHER2","WORKERS_PRES","WORK_ZONE_IND","WORK_ZONE_LOC","WORK_ZONE_TYPE","WZ_CLOSE_DETOUR","WZ_FLAGGER","WZ_LAW_OFFCR_IND","WZ_LN_CLOSURE","WZ_MOVING","WZ_OTHER","WZ_SHLDER_MDN","WZ_WORKERS_INJ_KILLED"
"2011004876","","2","0","1","0","0","0","0","0","0","4","0","","02","1","2011","3","40.485147","-80.012736","","11","0","0","0","0","0","0","0","0","1","0","0","0","","","2","","0","","40 29:06.529","3","0","80 00:45.849","2","0","0","0","2301","0","0","0","N","0","0","0","2","02301","1","","1.0","","9","N","N","","0","","0","1","0","","0","N","","2","2","1","0","0","0","0","2","0","2","","","","N","","","","","","","","","",""
"2011004902","","0","0","0","0","0","0","0","0","0","7","0","","02","1","2011","7","40.434701","-80.034537","","11","0","0","0","0","0","0","0","0","2","0","0","0","","","0","","2","","40 26:04.925","4","0","80 02:04.332","0","0","0","0","2301","0","0","0","N","0","0","0","1","02301","0","","2.0","","2","N","N","","0","","0","0","1","","0","N","","1","0","0","0","0","0","0","2","0","1","","","","N","","","","","","","","","",""
"2011004238","","1","0","0","0","0","0","0","0","0","1","0","","02","1","2011","2","40.424578","-80.030792","","11","0","0","0","0","0","0","0","0","2","0","0","0","","","1","","0","","40 25:28.481","4","0","80 01:50.851","3","0","0","0","2301","0","0","0","N","0","0","0","3","68B03","0","","1.0","","1","N","N","","1","","1","0","0","","0","N","","3","1","0","0","0","0","0","2","1","3","","","","N","","","","","","","","","",""
"2011003572","","1","0","0","0","0","0","0","0","0","7","0","","02","1","2011","6","40.419598","-79.933935","","11","0","0","0","0","0","0","0","0","","0","0","0","","","0","","0","","40 25:10.552","","0","79 56:02.166","0","0","0","0","2301","0","0","0","","0","0","0","2","02301","0","","2.0","","1","","","","0","","0","0","0","","0","","","1","0","0","0","0","0","0","2","0","1","","","","N","","","","","","","","","",""
"2011020660","","0","0","0","0","0","0","0","0","0","7","0","","02","2","2011","4","40.571609","-80.01632","","11","0","0","0","0","0","0","0","0","1","0","0","0","","","0","","0","","40 34:17.791","1","0","80 00:58.751","0","0","0","0","2108","0","0","0","N","0","0","0","1","02108","0","","4.0","","2","N","N","","1","","0","0","0","","0","N","","1","0","0","0","0","0","0","2","0","1","","","","N","","","","","","","","","",""
"2011005733","","1","0","0","0","0","0","0","0","0","7","0","","02","1","2011","6","40.493873","-79.949918","","11","0","0","0","0","0","1","0","0","1","0","0","0","","","0","","0","","40 29:37.942","6","0","79 56:59.704","0","0","0","0","2430","0","0","0","N","0","0","0","1","02430","0","","4.0","","7","N","N","","0","","0","0","0","","0","Y","","1","0","0","0","0","0","0","2","0","1","","","","N","","","","","","","","","",""
"2011004239","","0","0","0","0","0","0","0","0","0","7","0","","02","1","2011","7","40.564559","-80.088992","","11","0","0","0","0","0","0","0","0","","0","0","0","","","0","","0","","40 33:52.413","","0","80 05:20.371","0","0","0","0","2481","0","0","0","N","0","0","0","2","68B03","0","","2.0","","6","N","N","","0","","0","0","0","","0","","","1","0","0","0","0","0","0","2","1","1","","","","N","","","","","","","","","",""
"2011005930","","1","0","0","0","0","0","0","0","0","7","0","","02","1","2011","4","40.492172","-79.765564","","11","0","0","1","0","0","0","0","0","1","0","0","0","","","0","","0","","40 29:31.818","4","0","79 45:56.032","0","0","0","0","2466","0","0","0","N","0","0","0","2","02466","0","","5.0","","7","N","N","","0","","0","0","0","","0","Y","","1","0","0","0","0","0","0","2","0","1","","","","N","","","","","","","","","",""
"2011004403","","2","0","1","0","0","0","0","0","0","2","0","","02","1","2011","2","40.409228","-80.01438","","11","0","0","0","0","0","0","1","0","2","0","0","0","","","3","","0","","40 24:33.222","5","0","80 00:51.769","2","0","0","0","2301","0","0","0","N","0","0","0","3","02301","0","","1.0","","2","N","N","","0","","0","1","0","","0","Y","","2","3","0","0","0","2","0","2","0","2","","","","N","","","","","","","","","",""
"2011004143","","0","0","0","0","0","0","0","0","0","7","0","","02","1","2011","1","40.52386","-79.968848","","11","0","0","0","0","0","0","0","0","","0","0","0","","","0","","0","","40 31:25.896","","3","79 58:07.854","0","0","0","0","2118","0","0","0","N","0","0","0","1","02118","0","","4.0","","1","N","N","","1","","0","0","0","","0","","","1","0","0","0","0","0","0","2","0","1","","","","N","","","","","","","","","",""
"2011005734","","2","0","0","0","0","0","0","0","0","6","0","","02","1","2011","4","","","","11","0","0","0","0","0","0","0","0","2","0","0","0","","","0","","0","","","3","0","","0","0","0","0","2473","0","0","0","N","0","0","0","2","02501","0","","1.0","","7","N","N","","0","","0","0","0","","0","N","","2","0","0","0","0","0","0","1","0","2","","","","N","","","","","","","","","",""
"2011004186","","1","0","0","0","0","0","0","0","0","7","0","","02","1","2011","1","40.466478","-79.832743","","11","0","0","0","0","0","0","0","0","","0","0","0","","","0","","0","","40 27:59.321","","0","79 49:57.873","9","0","0","0","2113","0","0","0","N","0","0","0","1","02113","0","","5.0","","9","N","N","","0","","0","0","0","","0","","","1","0","0","0","0","0","1","2","0","1","","","","N","","","","","","","","","",""
"2011003636","","1","0","0","0","0","0","0","0","0","7","0","","02","1","2011","7","40.543183","-79.728365","","11","0","0","0","0","0","0","0","0","","0","0","0","","","0","","0","","40 32:35.458","","0","79 43:42.114","0","0","0","0","2466","0","0","0","N","0","0","0","1","02466","0","","2.0","","2","N","N","","0","","0","0","0","","0","","","1","0","0","0","0","0","0","1","0","1","","","","N","","","","","","","","","",""
"2011004879","","1","0","0","0","0","0","0","0","0","1","0","","02","1","2011","2","40.629324","-80.056542","","11","0","0","0","0","0","1","0","0","","0","0","0","","","0","","1","","40 37:45.567","","0","80 03:23.551","0","0","0","0","2216","0","0","0","N","0","0","0","2","02505","0","","1.0","","1","N","N","","0","","0","0","1","","2","","","2","0","0","0","0","0","0","2","0","2","","","","N","","","","","","","","","",""
"2011003682","","1","0","0","0","0","0","0","0","0","1","0","","02","1","2011","6","40.424515","-79.878751","","11","0","0","0","0","0","0","0","0","","0","0","0","","","0","","0","","40 25:28.254","","0","79 52:43.503","9","0","0","0","2463","0","0","0","N","0","0","0","1","02463","0","","6.0","","7","N","N","","0","","0","0","0","","0","","","2","0","0","0","0","0","1","2","0","2","","","","N","","","","","","","","","",""
"2011004881","","2","0","0","0","0","0","0","0","0","2","0","","02","1","2011","3","40.373071","-80.099344","","11","0","0","0","0","0","0","0","0","2","0","0","0","","","2","","2","","40 22:23.054","7","2","80 05:57.638","8","0","0","0","2102","0","0","0","N","0","0","0","2","02102","0","","1.0","","1","N","N","","0","","0","0","0","","2","N","","2","2","0","0","0","2","0","2","0","2","","","","N","","","","","","","","","",""
"2011004188","","1","0","0","0","0","0","0","0","0","7","0","","02","1","2011","1","40.40534","-80.018848","","11","0","0","0","0","0","0","0","0","","0","0","0","","","1","","1","","40 24:19.223","","0","80 01:07.854","3","0","0","0","2301","0","0","0","N","0","0","0","1","02301","0","","5.0","","1","N","N","","0","","1","0","0","","1","","","1","1","0","0","0","0","0","2","0","1","","","","N","","","","","","","","","",""
"2011005933","","1","0","0","0","0","0","0","0","0","1","0","","02","1","2011","7","40.438202","-79.830514","","11","0","0","0","0","0","1","0","0","3","0","0","0","","","4","","1","","40 26:17.528","4","0","79 49:49.850","2","0","0","0","2419","0","0","0","N","0","0","0","5","02419","3","","1.0","","1","N","N","","1","","0","1","1","","2","Y","","3","4","0","0","0","0","0","2","0","3","","","","N","","","","","","","","","",""
"2011003640","","0","0","0","0","0","0","0","0","0","7","0","","02","1","2011","7","40.495686","-79.775174","","11","0","0","0","0","0","0","0","0","","0","0","0","","","0","","0","","40 29:44.470","","0","79 46:30.626","0","0","0","0","2466","0","0","0","N","0","0","0","2","02466","0","","4.0","","6","N","N","","1","","0","0","0","","0","","","1","0","0","0","0","0","0","2","0","1","","","","N","","","","","","","","","",""
"2011004407","","0","0","0","0","0","0","0","0","0","1","1","","02","1","2011","4","40.428959","-80.064504","","11","0","0","0","0","0","1","0","0","1","0","1","0","","","1","","0","","40 25:44.252","3","0","80 03:52.214","3","0","0","0","2301","0","0","0","N","0","0","0","1","02301","0","","2.0","","9","N","N","","1","","1","0","0","","0","N","","2","1","1","0","0","0","0","2","0","2","","","","N","","","","","","","","","",""
"2011004456","","2","0","0","0","0","0","0","0","0","4","0","","02","1","2011","2","40.41555","-79.965407","","11","0","0","0","0","0","0","0","0","","0","0","0","","","1","","1","","40 24:55.980","","0","79 57:55.465","8","0","0","0","2301","0","0","0","N","0","0","0","3","02301","0","","1.0","","1","N","N","","0","","0","0","0","","3","","","2","1","0","0","0","1","0","2","0","2","","","","N","","","","","","","","","",""
"2011004882","","2","0","0","0","0","0","0","0","0","1","0","","02","1","2011","3","40.351693","-79.863227","","11","0","0","0","1","0","0","0","0","1","0","0","0","","","0","","1","","40 21:06.093","3","7","79 51:47.618","0","0","0","0","2304","0","0","0","N","0","0","0","3","02304","0","","1.0","","9","N","N","","0","","0","0","1","","2","Y","","3","0","0","0","0","0","0","2","0","3","","","","N","","","","","","","","","",""
"2011004907","","1","0","0","0","0","0","0","0","0","7","0","","02","1","2011","3","40.442856","-79.990872","","11","0","0","0","0","1","0","0","0","2","0","0","0","","","0","","5","","40 26:34.283","2","0","79 59:27.138","0","0","0","0","2301","0","0","0","Y","0","0","0","2","02301","0","","3.0","","2","N","N","","0","","0","0","0","","2","N","","1","0","0","0","0","0","0","2","0","1","","","","N","","","","","","","","","",""
"2011004189","","1","0","0","0","0","0","0","0","0","7","0","","02","1","2011","5","40.505127","-79.997528","","11","0","0","0","0","0","0","0","0","1","0","0","0","","","0","","0","","40 30:18.456","4","0","79 59:51.100","0","0","0","0","2116","0","0","0","N","0","0","0","2","02116","0","","2.0","","7","N","N","","0","","0","0","0","","0","N","","1","0","0","0","0","0","0","2","0","1","","","","N","","","","","","","","","",""
"2011005217","","0","0","0","0","0","0","0","0","0","1","0","","02","1","2011","3","40.449089","-80.024112","","11","0","0","0","0","0","1","0","0","2","0","0","0","","","0","","0","","40 26:56.720","4","2","80 01:26.803","0","0","0","0","2301","0","0","0","N","0","0","0","2","02301","0","","1.0","","6","N","N","","1","","0","0","1","","0","Y","","2","0","1","0","0","0","0","2","0","2","","","","N","","","","","","","","","",""
"2011003685","","0","0","0","0","0","0","0","0","0","1","0","","02","1","2011","7","40.427322","-79.927836","","11","0","0","0","0","0","1","0","0","","0","0","0","","","0","","0","","40 25:38.360","","0","79 55:40.210","0","0","0","0","2301","0","0","0","N","0","0","0","2","02301","0","","1.0","","6","N","N","","0","","0","0","1","","0","","","2","0","0","0","0","0","0","2","1","2","","","","N","","","","","","","","","",""
"2011004883","","1","0","0","0","0","0","0","0","0","8","0","","02","1","2011","3","40.43939","-79.999178","","11","0","0","0","0","0","0","0","0","","0","0","0","","","1","","2","","40 26:21.804","","0","79 59:57.040","8","0","0","0","2301","1","0","0","N","1","0","0","2","02301","0","","1.0","","7","N","N","","0","","0","0","0","","2","","","2","1","0","0","0","1","0","2","0","1","","","","N","","","","","","","","","",""
"2011004908","","1","0","0","0","0","0","0","0","0","0","0","","02","1","2011","3","40.409059","-79.90304","","11","0","0","0","0","0","1","0","0","3","0","0","0","","","0","","2","","40 24:32.614","1","7","79 54:10.943","0","0","0","0","2448","0","0","0","N","0","0","0","1","02448","0","","5.0","","7","N","N","","0","","0","0","0","","0","Y","","1","0","0","0","0","0","0","2","0","1","","","","N","","","","","","","","","",""
"2011005740","","1","0","0","0","0","0","0","0","0","2","0","","02","1","2011","1","40.545258","-80.035908","","11","0","0","0","0","0","0","1","0","","0","0","0","","","0","","1","","40 32:42.928","","0","80 02:09.270","0","0","0","0","2116","0","0","0","","0","0","0","2","02116","0","","1.0","","1","","","","1","","0","0","0","","2","","","2","0","0","0","0","0","0","2","0","2","","","","N","","","","","","","","","",""
"2011005013","","2","0","0","0","0","0","0","0","0","4","0","","02","1","2011","3","40.527129","-79.816606","","11","0","0","0","0","1","0","0","0","","0","0","0","","","1","","2","","40 31:37.663","","0","79 48:59.780","4","0","0","0","2466","0","0","0","N","0","0","0","2","02466","1","","1.0","","7","N","N","","0","","0","0","0","","2","","","2","1","0","0","0","0","0","2","0","2","","","","N","","","","","","","","","",""
"2011005792","","1","0","0","0","0","0","0","0","0","1","0","","02","1","2011","3","40.52307","-80.131249","","11","0","0","0","0","0","0","1","0","2","0","0","0","","","0","","0","","40 31:23.052","2","0","80 07:52.496","0","0","0","0","2434","0","0","0","N","0","0","0","2","68B03","0","","1.0","","7","N","N","","1","","0","0","0","","0","N","","2","0","0","0","0","0","0","1","0","2","","","","N","","","","","","","","","",""
"2011003578","","1","0","0","0","0","0","0","0","0","7","0","","02","1","2011","7","40.364857","-79.966958","","11","0","0","0","0","0","0","0","0","1","0","0","0","","","0","","3","","40 21:53.485","4","0","79 58:01.048","0","0","0","0","2476","0","0","0","N","0","0","0","1","02476","0","","5.0","","7","N","N","","0","","0","0","0","","0","Y","","1","0","0","0","0","0","0","2","0","1","","","","N","","","","","","","","","",""
"2011003642","","0","0","0","0","0","0","0","0","0","1","0","","02","1","2011","7","40.53168","-79.873584","","11","0","0","0","0","0","0","0","0","2","0","0","0","","","0","","0","","40 31:54.048","2","0","79 52:24.902","0","0","0","0","2432","0","0","0","N","0","0","0","4","02432","0","","1.0","","9","N","N","","1","","0","0","0","","0","N","","2","0","0","0","0","0","0","2","1","2","","","","N","","","","","","","","","",""
"2011004409","","1","0","0","0","0","0","0","0","0","7","0","","02","1","2011","1","40.461938","-79.905744","","11","0","0","0","0","0","0","0","0","2","0","0","0","","","0","","0","","40 27:42.975","2","0","79 54:20.680","0","0","0","0","2301","0","0","0","N","0","0","0","2","02301","0","","5.0","","2","N","N","","0","","0","0","0","","0","N","","1","0","0","0","0","0","0","2","0","1","","","","N","","","","","","","","","",""
"2011004460","","0","0","0","0","0","0","0","0","0","5","0","","02","1","2011","2","40.444365","-80.028326","","11","0","0","0","0","0","0","0","0","2","0","0","0","","","0","","3","","40 26:39.715","3","1","80 01:41.972","0","0","0","0","2301","0","0","0","N","0","0","0","2","02301","0","","1.0","","1","N","N","","1","","0","0","0","","0","N","","2","0","0","0","0","0","0","2","1","2","","","","N","","","","","","","","","",""
"2011005015","","0","0","0","0","0","0","0","0","0","7","1","","02","1","2011","2","40.43945","-80.010298","","11","0","0","0","0","0","0","0","0","1","0","1","0","","","1","","0","","40 26:22.021","4","3","80 00:37.074","4","0","0","0","2301","0","0","0","Y","0","0","0","2","68B03","1","","4.0","","1","N","N","","0","","0","0","1","","0","Y","","2","1","0","0","0","0","0","2","0","2","","","","N","","","","","","","","","",""
"2011004410","","0","0","0","0","0","0","0","0","0","0","1","","02","1","2011","6","40.361275","-79.832654","","11","0","0","0","0","0","1","0","0","4","0","1","0","","","1","","0","","40 21:40.590","7","0","79 49:57.554","8","0","0","0","2304","0","0","0","N","0","0","0","1","02304","0","","1.0","","1","N","N","","0","","0","0","0","","0","Y","","1","1","0","0","0","1","0","2","0","1","","","","N","","","","","","","","","",""
"2011004249","","0","0","0","0","0","0","0","0","0","7","0","","02","1","2011","2","40.631447","-79.732083","","11","0","0","0","0","0","0","0","0","","0","0","0","","","0","","0","","40 37:53.208","","0","79 43:55.498","0","0","0","0","2106","0","0","0","N","0","0","0","1","68D02","0","","4.0","","1","N","N","","0","","0","0","1","","0","","","1","0","0","0","0","0","0","2","0","1","","","","N","","","","","","","","","",""
"2011004356","","1","0","0","0","0","0","0","0","0","4","0","","02","1","2011","1","40.518458","-79.992778","","11","0","0","0","0","0","1","0","1","","0","0","0","","","0","","2","","40 31:06.448","","0","79 59:34.000","0","0","0","0","2116","0","0","0","N","0","0","0","4","02116","0","","1.0","","1","N","N","","0","","0","0","0","","3","","","2","0","0","0","0","0","0","2","1","2","","","","N","","","","","","","","","",""
"2011004412","","2","0","0","0","0","0","0","0","0","1","0","","02","1","2011","2","40.444043","-79.713582","","11","0","0","0","0","0","0","0","0","","0","0","0","","","2","","0","","40 26:38.555","","0","79 42:48.896","8","0","0","0","2446","0","0","0","N","0","0","0","4","02446","0","","1.0","","1","N","N","","0","","0","0","0","","0","","","2","2","0","0","0","2","0","2","0","2","","","","N","","","","","","","","","",""
"2011004250","","0","0","0","0","0","0","0","0","0","7","0","","02","1","2011","5","40.490518","-79.876943","","11","0","0","0","0","0","0","0","0","2","0","0","0","","","0","","0","","40 29:25.863","1","0","79 52:36.994","0","0","0","0","2112","0","0","0","Y","0","0","0","1","68D02","0","","4.0","","2","N","N","","0","","0","0","1","","0","N","","1","0","0","0","0","0","0","2","0","1","","","","N","","","","","","","","","",""
"2011004463","","1","0","0","0","0","0","0","0","0","1","0","","02","1","2011","5","40.451189","-79.920253","","11","0","0","0","0","0","0","0","0","","0","0","0","","","0","","0","","40 27:04.280","","0","79 55:12.910","0","0","0","0","2301","0","0","0","N","0","0","0","4","02301","0","","6.0","","7","N","N","","0","","0","0","1","","0","","","2","0","2","0","0","0","0","2","0","2","","","","N","","","","","","","","","",""
"2011019928","","1","0","0","0","0","0","0","0","0","1","0","","02","2","2011","2","40.412782","-80.079156","","11","0","0","0","0","0","0","0","0","2","0","0","0","","","0","","0","","40 24:46.014","4","3","80 04:44.963","0","0","0","0","2117","0","0","0","N","0","0","0","4","68B03","0","","1.0","","1","N","N","","0","","0","0","2","","0","N","","3","0","0","0","0","0","0","2","0","3","","","","N","","","","","","","","","",""
"2011004151","","1","0","0","0","0","0","0","0","0","6","0","","02","1","2011","1","40.34269","-79.885618","","11","0","0","0","0","1","0","0","0","","0","0","0","","","0","","2","","40 20:33.683","","0","79 53:08.225","0","0","0","0","2304","0","0","0","N","0","0","0","2","02304","0","","1.0","","1","N","N","","0","","0","0","1","","1","","","2","0","1","0","0","0","0","2","0","2","","","","N","","","","","","","","","",""
"2011003438","","0","0","0","0","0","0","0","0","0","1","0","","02","1","2011","6","40.414887","-80.011224","","11","0","0","0","0","0","0","0","0","3","0","0","0","","","1","","5","","40 24:53.592","2","2","80 00:40.408","8","0","0","1","2301","0","0","0","N","0","0","0","2","02301","0","","1.0","","2","N","N","","1","","0","0","0","","2","N","","2","1","0","0","0","1","0","2","0","2","","","","N","","","","","","","","","",""
"2011004358","","1","0","0","0","0","0","0","0","0","6","0","","02","1","2011","1","40.4382","-79.779303","","11","0","0","0","0","0","0","1","0","1","0","0","0","","","0","","2","","40 26:17.519","3","0","79 46:45.490","0","0","0","0","2446","0","0","0","N","0","0","0","7","02446","0","","1.0","","1","N","N","","0","","0","0","0","","3","N","","2","0","0","0","0","0","0","2","1","2","","","","N","","","","","","","","","",""
"2011019929","","2","0","0","0","0","0","0","0","0","7","0","","02","2","2011","2","40.442454","-79.838003","","11","0","0","0","0","0","0","0","0","","0","0","0","","","1","","0","","40 26:32.833","","0","79 50:16.810","3","0","0","0","2419","0","0","0","N","0","0","0","2","68B03","0","","3.0","","1","N","N","","0","","1","0","0","","0","","","2","1","0","0","0","0","0","2","0","2","","","","N","","","","","","","","","",""
"2011003439","","1","0","0","0","0","0","0","0","0","7","0","","02","1","2011","6","40.627411","-80.050528","","11","0","0","1","0","0","0","0","0","1","0","0","0","","","1","","0","","40 37:38.678","3","0","80 03:01.901","8","0","0","0","2216","0","0","0","N","0","0","0","1","02505","0","","5.0","","7","N","N","","0","","0","0","0","","0","Y","","1","1","0","0","0","1","0","2","0","1","","","","N","","","","","","","","","",""
"2011004197","","2","0","0","0","0","0","0","0","0","4","0","","02","1","2011","7","40.449472","-80.002558","","11","0","0","0","0","1","1","0","0","","0","0","0","","","0","","1","","40 26:58.099","","1","80 00:09.210","0","0","0","0","2301","0","0","0","N","0","0","0","2","02301","0","","1.0","","1","N","N","","0","","0","0","0","","2","","","2","0","0","0","0","0","0","2","0","2","","","","N","","","","","","","","","",""
"2011003585","","1","0","0","0","0","0","0","0","0","2","0","","02","1","2011","7","40.442881","-79.788197","","11","0","0","0","0","0","2","0","0","2","0","0","0","","","1","","0","","40 26:34.370","4","0","79 47:17.510","8","0","0","0","2446","0","0","0","N","0","0","0","3","02446","0","","1.0","","7","N","N","","0","","0","0","0","","0","N","","2","1","0","0","0","1","0","2","1","2","","","","N","","","","","","","","","",""
"2011003647","","1","0","0","0","0","0","0","0","0","4","0","","02","1","2011","7","40.550788","-80.087207","","11","0","0","0","0","0","0","0","0","1","0","0","0","","","1","","0","","40 33:02.837","3","0","80 05:13.944","4","0","0","0","2215","0","0","0","N","0","0","0","3","02215","1","","1.0","","7","N","N","","0","","0","0","1","","0","N","","2","1","1","0","0","0","0","2","0","2","","","","N","","","","","","","","","",""
"2011019098","","1","0","0","0","0","0","0","0","0","1","0","","02","2","2011","1","40.535515","-80.073193","","11","0","0","0","0","0","0","0","0","","0","0","0","","","1","","2","","40 32:07.855","","7","80 04:23.496","8","0","0","0","2215","0","0","0","N","0","0","0","4","02215","0","","1.0","","1","N","N","","0","","0","0","1","","0","","","2","1","0","0","0","1","0","2","0","2","","","","N","","","","","","","","","",""
"2011004918","","1","0","0","0","0","0","0","0","0","7","0","","02","1","2011","2","40.480468","-79.841637","","11","0","0","0","0","0","0","0","0","1","0","0","0","","","0","","1","","40 28:49.684","1","0","79 50:29.893","9","0","0","0","2113","0","0","0","N","0","0","0","1","02113","0","","5.0","","1","N","N","","0","","0","0","0","","3","N","","1","0","1","0","0","0","1","2","0","1","","","","N","","","","","","","","","",""
"2011004199","","1","0","0","0","0","0","0","0","0","7","0","","02","1","2011","1","40.451676","-79.895148","","11","0","0","0","0","0","0","0","0","","0","0","0","","","0","","0","","40 27:06.033","","0","79 53:42.532","0","0","0","0","2301","0","0","0","N","0","0","0","1","02301","0","","5.0","","1","N","N","","0","","0","0","0","","0","","","1","0","1","0","0","0","0","2","0","1","","","","N","","","","","","","","","",""
"2011004363","","1","0","0","0","0","0","0","0","0","1","0","","02","1","2011","1","40.419253","-79.749908","","11","0","0","0","0","0","2","0","0","1","0","0","0","","","1","","0","","40 25:09.310","1","0","79 44:59.670","8","0","0","0","2446","0","0","0","N","0","0","0","2","02446","0","","1.0","","1","N","N","","0","","0","0","1","","0","N","","2","1","0","0","0","1","0","2","0","2","","","","N","","","","","","","","","",""
"2011004469","","2","0","0","0","0","0","0","0","0","4","0","","02","1","2011","2","40.583589","-79.881203","","11","0","0","0","0","0","2","0","0","1","0","0","0","","","1","","0","","40 35:00.922","4","0","79 52:52.330","4","0","0","0","2209","0","0","0","N","0","0","0","3","02209","1","","1.0","","2","N","N","","1","","0","0","0","","0","N","","3","1","0","0","0","0","0","2","0","3","","","","N","","","","","","","","","",""
"2011004919","","0","0","0","0","0","0","0","0","0","4","0","","02","1","2011","3","","","","11","0","0","0","0","0","2","0","0","","0","0","0","","","0","","0","","","","0","","9","0","0","0","2301","0","0","0","N","0","0","0","2","02301","0","","1.0","","7","N","N","","1","","0","0","1","","0","","","2","0","0","0","0","0","1","1","0","2","","","","N","","","","","","","","","",""
"2011005690","","2","0","0","0","0","0","0","0","0","1","0","","02","1","2011","3","40.447708","-79.938872","","11","0","0","0","0","0","0","1","0","","0","0","0","","","1","","2","","40 26:51.748","","0","79 56:19.939","4","0","0","0","2301","0","0","0","N","0","0","0","5","02301","1","","1.0","","2","N","N","","0","","0","0","0","","2","","","2","1","0","0","0","0","0","2","0","2","","","","N","","","","","","","","","",""
"2011004156","","1","0","0","0","0","0","0","0","0","1","0","","02","1","2011","1","40.487163","-79.885731","","11","0","0","0","1","0","0","1","0","","0","0","0","","","0","","0","","40 29:13.787","","7","79 53:08.633","0","0","0","0","2301","0","0","0","N","0","0","0","2","02301","0","","1.0","","1","N","N","","1","","0","0","0","","2","","","2","0","0","0","0","0","0","2","0","2","","","","N","","","","","","","","","",""
"2011005026","","1","0","0","0","0","0","0","0","0","7","0","","02","1","2011","7","40.557268","-79.806704","","11","0","0","0","0","0","0","0","0","","0","0","0","","","1","","0","","40 33:26.165","","0","79 48:24.134","4","0","0","0","2208","0","0","0","Y","0","0","0","1","68D02","1","","4.0","","9","N","N","","0","","0","0","0","","0","","","1","1","0","0","0","0","0","2","0","1","","","","N","","","","","","","","","",""
"2011003654","","2","0","0","0","0","0","0","0","0","4","0","","02","1","2011","5","40.591279","-79.948092","","11","0","0","0","0","0","0","0","1","","0","0","0","","","0","","2","","40 35:28.604","","0","79 56:53.131","0","0","0","0","2207","0","0","0","N","0","0","0","2","02207","0","","1.0","","9","N","N","","0","","0","0","0","","2","","","2","0","0","0","0","0","0","2","0","2","","","","N","","","","","","","","","",""
"2011004201","","2","0","0","0","0","0","0","0","0","6","0","","02","1","2011","7","40.438761","-79.997342","","11","0","0","0","1","0","0","0","0","2","0","0","0","","","1","","1","","40 26:19.539","2","0","79 59:50.431","3","0","0","0","2301","0","0","0","N","0","0","0","3","02301","0","","1.0","","1","N","N","","0","","1","0","0","","2","N","","2","1","0","0","0","0","0","2","0","2","","","","N","","","","","","","","","",""
"2011004923","","2","0","0","0","0","0","0","0","0","4","0","","02","1","2011","1","40.540795","-79.807565","","11","0","0","0","0","0","1","0","0","","0","0","0","","","1","","2","","40 32:26.862","","0","79 48:27.233","4","0","0","0","2208","0","0","0","N","0","0","0","2","02208","1","","1.0","","9","N","N","","0","","0","0","0","","3","","","2","1","0","0","0","0","0","2","0","2","","","","N","","","","","","","","","",""