"CRN","ARRIVAL_TM","AUTOMOBILE_COUNT","BELTED_DEATH_COUNT","BELTED_SUSP_SERIOUS_INJ_COUNT","BICYCLE_COUNT","BICYCLE_DEATH_COUNT","BICYCLE_SUSP_SERIOUS_INJ_COUNT","BUS_COUNT","CHLDPAS_DEATH_COUNT","CHLDPAS_SUSP_SERIOUS_INJ_COUNT","COLLISION_TYPE","COMM_VEH_COUNT","CONS_ZONE_SPD_LIM","COUNTY","CRASH_MONTH","CRASH_YEAR","DAY_OF_WEEK","DEC_LATITUDE","DEC_LONGITUDE","DISPATCH_TM","DISTRICT","DRIVER_COUNT_16YR","DRIVER_COUNT_17YR","DRIVER_COUNT_18YR","DRIVER_COUNT_19YR","DRIVER_COUNT_20YR","DRIVER_COUNT_50_64YR","DRIVER_COUNT_65_74YR","DRIVER_COUNT_75PLUS","EST_HRS_CLOSED","FATAL_COUNT","HEAVY_TRUCK_COUNT","HORSE_BUGGY_COUNT","HOUR_OF_DAY","ILLUMINATION","INJURY_COUNT","INTERSECTION_RELATED","INTERSECT_TYPE","LANE_CLOSED","LATITUDE","LN_CLOSE_DIR","LOCATION_TYPE","LONGITUDE","MAX_SEVERITY_LEVEL","MCYCLE_DEATH_COUNT","MCYCLE_SUSP_SERIOUS_INJ_COUNT","MOTORCYCLE_COUNT","MUNICIPALITY","NONMOTR_COUNT","NONMOTR_DEATH_COUNT","NONMOTR_SUSP_SERIOUS_INJ_COUNT","NTFY_HIWY_MAINT","PED_COUNT","PED_DEATH_COUNT","PED_SUSP_SERIOUS_INJ_COUNT","PERSON_COUNT","POLICE_AGCY","POSSIBLE_INJ_COUNT","RDWY_SURF_TYPE_CD","RELATION_TO_ROAD","ROADWAY_CLEARED","ROAD_CONDITION","SCH_BUS_IND","SCH_ZONE_IND","SECONDARY_CRASH","SMALL_TRUCK_COUNT","SPEC_JURIS_CD","SUSP_MINOR_INJ_COUNT","SUSP_SERIOUS_INJ_COUNT","SUV_COUNT","TCD_FUNC_CD","TCD_TYPE","TFC_DETOUR_IND","TIME_OF_DAY","TOTAL_UNITS","TOT_INJ_COUNT","UNBELTED_OCC_COUNT","UNB_DEATH_COUNT","UNB_SUSP_SERIOUS_INJ_COUNT","UNK_INJ_DEG_COUNT","UNK_INJ_PER_COUNT","URBAN_RURAL","VAN_COUNT","VEHICLE_COUNT","WEATHER1","WEATHER2","WORKERS_PRES","WORK_ZONE_IND","WORK_ZONE_LOC","WORK_ZONE_TYPE","WZ_CLOSE_DETOUR","WZ_FLAGGER","WZ_LAW_OFFCR_IND","WZ_LN_CLOSURE","WZ_MOVING","WZ_OTHER","WZ_SHLDER_MDN","WZ_WORKERS_INJ_KILLED"
"2011020679","","0","0","0","0","0","0","0","0","0","7","0","","02","1","2011","6","40.536015","-80.1834","","11","0","0","0","0","0","1","0","0","1","0","0","0","","","0","","0","","40 32:09.653","1","0","80 11:00.239","0","0","0","0","2427","0","0","0","N","0","0","0","3","02427","0","","5.0","","6","N","N","","0","","0","0","1","","0","N","","1","0","0","0","0","0","0","2","0","1","","","","N","","","","","","","","","",""
"2011005693","","1","0","0","0","0","0","0","0","0","7","0","","02","1","2011","2","40.428194","-79.705981","","11","0","0","0","0","0","0","0","0","2","0","0","0","","","1","","0","","40 25:41.500","4","0","79 42:21.532","4","0","0","0","2446","0","0","0","N","0","0","0","1","02446","1","","2.0","","1","N","N","","0","","0","0","0","","0","Y","","1","1","0","0","0","0","0","2","0","1","","","","N","","","","","","","","","",""
"2011003483","","1","0","0","0","0","0","0","0","0","7","0","","02","1","2011","7","40.441776","-79.974324","","11","0","0","0","0","0","0","0","0","","0","0","0","","","0","","0","","40 26:30.395","","0","79 58:27.565","0","0","0","0","2301","0","0","0","N","0","0","0","1","02301","0","","4.0","","7","N","N","","0","","0","0","0","","0","","","1","0","0","0","0","0","0","2","0","1","","","","N","","","","","","","","","",""
"2011004367","","2","0","0","0","0","0","0","0","0","1","0","","02","1","2011","2","40.461897","-79.937608","","11","0","0","0","0","0","0","0","0","","0","0","0","","","0","","1","","40 27:42.829","","0","79 56:15.388","0","0","0","0","2301","0","0","0","N","0","0","0","2","02301","0","","1.0","","1","N","N","","0","","0","0","0","","2","","","2","0","0","0","0","0","0","2","0","2","","","","N","","","","","","","","","",""
"2011004926","","0","0","0","0","0","0","0","0","0","7","0","","02","1","2011","3","40.456734","-79.991347","","11","0","0","0","0","0","0","0","0","2","0","0","0","","","0","","2","","40 27:24.242","5","0","79 59:28.849","0","0","0","0","2301","0","0","0","N","0","0","0","3","02301","0","","4.0","","6","N","N","","0","","0","0","1","","0","Y","","1","0","0","0","0","0","0","2","0","1","","","","N","","","","","","","","","",""
"2011005807","","1","0","0","0","0","0","0","0","0","4","1","","02","1","2011","3","40.547159","-79.828078","","11","0","0","0","0","1","0","0","0","2","0","1","0","","","0","","0","","40 32:49.774","1","0","79 49:41.081","0","0","0","0","2208","0","0","0","N","0","0","0","3","68D02","0","","1.0","","6","N","N","","1","","0","0","0","","0","N","","3","0","0","0","0","0","0","2","0","3","","","","N","","","","","","","","","",""
"2011005698","","2","0","0","0","0","0","0","0","0","4","0","","02","1","2011","1","40.440008","-80.084531","","11","0","0","0","0","0","1","0","0","1","0","0","0","","","0","","0","","40 26:24.030","4","7","80 05:04.311","0","0","0","0","2115","0","0","0","N","0","0","0","3","02115","0","","1.0","","1","N","N","","0","","0","0","0","","2","N","","2","0","0","0","0","0","0","2","0","2","","","","N","","","","","","","","","",""
"2011003448","","1","0","0","0","0","0","0","0","0","7","0","","02","1","2011","6","40.60164","-79.833075","","11","0","0","0","0","0","0","0","0","","0","0","0","","","0","","0","","40 36:05.903","","0","79 49:59.071","0","0","0","0","2220","0","0","0","N","0","0","0","1","02220","0","","5.0","","7","N","N","","0","","0","0","0","","0","","","1","0","1","0","0","0","0","2","0","1","","","","N","","","","","","","","","",""
"2011003485","","1","0","0","0","0","0","0","0","0","7","0","","02","1","2011","7","40.460428","-79.913788","","11","0","0","0","0","0","0","0","0","","0","0","0","","","0","","5","","40 27:37.540","","0","79 54:49.636","0","0","0","0","2301","0","0","0","N","0","0","0","0","02301","0","","5.0","","1","N","N","","0","","0","0","0","","2","","","1","0","0","0","0","0","0","2","0","1","","","","N","","","","","","","","","",""
"2011005808","","1","0","0","0","0","0","0","0","0","7","0","","02","1","2011","4","40.554999","-79.812907","","11","0","0","0","0","0","0","0","0","","0","0","0","","","0","","0","","40 33:17.996","","0","79 48:46.464","0","0","0","0","2208","0","0","0","N","0","0","0","1","68D02","0","","4.0","","6","N","N","","0","","0","0","0","","0","","","1","0","0","0","0","0","0","2","0","1","","","","N","","","","","","","","","",""
"2011004105","","1","0","0","0","0","0","0","0","0","2","0","","02","1","2011","1","40.426741","-80.017461","","11","0","0","1","0","0","0","0","0","2","0","0","0","","","4","","0","","40 25:36.266","7","0","80 01:02.858","4","0","0","0","2301","0","0","0","N","0","0","0","4","02301","1","","1.0","","2","N","N","","0","","0","0","1","","0","Y","","2","4","0","0","0","3","0","2","0","2","","","","N","","","","","","","","","",""
"2011003449","","1","0","0","0","0","0","0","0","0","7","0","","02","1","2011","6","40.543725","-80.11877","","11","0","1","0","0","0","0","0","0","","0","0","0","","","0","","0","","40 32:37.410","","0","80 07:07.572","0","0","0","0","2215","0","0","0","N","0","0","0","2","02215","0","","5.0","","7","N","N","","0","","0","0","0","","0","","","1","0","0","0","0","0","0","2","0","1","","","","N","","","","","","","","","",""
"2011004207","","0","0","0","0","0","0","0","0","0","2","0","","02","1","2011","1","40.42146","-79.982458","","11","0","0","0","0","0","0","0","0","1","0","0","0","","","2","","0","","40 25:17.256","7","0","79 58:56.848","4","0","0","0","2301","0","0","0","N","0","0","0","3","02301","2","","6.0","","2","N","N","","0","","0","0","2","","0","N","","2","2","1","0","0","0","0","2","0","2","","","","N","","","","","","","","","",""
"2011003594","","1","0","0","0","0","0","0","0","0","7","0","","02","1","2011","7","40.449184","-80.023432","","11","0","0","0","0","0","0","0","0","","0","0","0","","","0","","7","","40 26:57.061","","2","80 01:24.355","0","0","0","0","2301","0","0","0","Y","0","0","0","2","02301","0","","2.0","","2","N","N","","0","","0","0","0","","0","","","1","0","0","0","0","0","0","2","0","1","","","","N","","","","","","","","","",""
"2011004929","","1","0","0","0","0","0","0","0","0","7","0","","02","1","2011","3","40.649922","-79.83956","","11","0","1","0","0","0","0","0","0","2","0","0","0","","","0","","0","","40 38:59.720","1","0","79 50:22.417","0","0","0","0","2220","0","0","0","N","0","0","0","2","02220","0","","5.0","","7","N","N","","0","","0","0","0","","0","Y","","1","0","0","0","0","0","0","1","0","1","","","","N","","","","","","","","","",""
"2011003450","","0","0","0","0","0","0","0","0","0","2","0","","02","1","2011","6","40.441124","-80.046524","","11","0","0","0","0","0","0","0","0","1","0","0","0","","","1","","0","","40 26:28.046","3","0","80 02:47.486","8","0","0","0","2301","0","0","0","N","0","0","0","4","02301","0","","1.0","","7","N","N","","0","","0","0","2","","0","N","","2","1","0","0","0","1","0","2","0","2","","","","N","","","","","","","","","",""
"2011005701","","0","0","0","0","0","0","0","0","0","7","0","","02","1","2011","4","40.442077","-79.997344","","11","0","0","0","0","0","0","0","0","","0","0","0","","","0","","0","","40 26:31.477","","7","79 59:50.438","0","0","0","0","2301","0","0","0","N","0","0","0","1","02301","0","","5.0","","1","N","N","","1","","0","0","0","","0","","","1","0","0","0","0","0","0","2","0","1","","","","N","","","","","","","","","",""
"2011004210","","0","0","0","0","0","0","0","0","0","7","0","","02","1","2011","7","40.56653","-79.955884","","11","1","0","0","0","0","0","0","0","","0","0","0","","","0","","0","","40 33:59.507","","0","79 57:21.184","0","0","0","0","2207","0","0","0","N","0","0","0","1","02207","0","","5.0","","7","N","N","","0","","0","0","1","","0","","","1","0","0","0","0","0","0","2","0","1","","","","N","","","","","","","","","",""
"2011019114","","1","0","0","0","0","0","0","0","0","7","0","","02","2","2011","2","40.392452","-80.131874","","11","0","0","0","0","0","0","1","0","1","0","0","0","","","1","","0","","40 23:32.827","2","0","80 07:54.748","8","0","0","0","2102","0","0","0","N","0","0","0","1","02102","0","","5.0","","9","N","N","","0","","0","0","0","","0","N","","1","1","0","0","0","1","0","2","0","1","","","","N","","","","","","","","","",""
"2011004931","","1","0","0","0","0","0","0","0","0","7","0","","02","1","2011","3","40.568291","-79.932587","","11","1","0","0","0","0","0","0","0","2","0","0","0","","","0","","0","","40 34:05.847","7","0","79 55:57.313","0","0","0","0","2207","0","0","0","","0","0","0","4","02207","0","","5.0","","7","","","","0","","0","0","0","","0","Y","","1","0","0","0","0","0","0","2","0","1","","","","N","","","","","","","","","",""
"2011005702","","0","0","1","0","0","0","0","0","0","7","0","","02","1","2011","3","40.459998","-79.758701","","11","0","0","0","0","0","0","0","0","","0","0","0","","","1","","2","","40 27:35.994","","0","79 45:31.323","2","0","0","0","2466","0","0","0","N","0","0","0","1","02446","0","","2.0","","1","N","N","","1","","0","1","0","","3","","","1","1","0","0","0","0","0","2","0","1","","","","N","","","","","","","","","",""
"2011004211","","1","0","0","0","0","0","0","0","0","7","0","","02","1","2011","1","40.435822","-79.966717","","11","0","0","0","0","0","0","0","0","","0","0","0","","","3","","2","","40 26:08.960","","8","79 58:00.182","4","0","0","0","2301","0","0","0","N","0","0","0","4","02301","1","","1.0","","1","N","N","","0","","0","0","0","","2","","","1","3","2","0","0","2","0","2","0","1","","","","N","","","","","","","","","",""
"2011003491","","1","0","0","0","0","0","0","0","0","7","0","","02","1","2011","7","40.466511","-79.832761","","11","0","0","0","0","0","0","0","0","","0","0","0","","","0","","0","","40 27:59.438","","0","79 49:57.940","0","0","0","0","2113","0","0","0","N","0","0","0","1","02113","0","","5.0","","7","N","N","","0","","0","0","0","","0","","","1","0","0","0","0","0","0","2","0","1","","","","N","","","","","","","","","",""
"2011019115","","3","0","0","0","0","0","0","0","0","1","0","","02","2","2011","2","40.436004","-79.999068","","11","0","0","0","0","0","0","1","1","","0","0","0","","","1","","3","","40 26:09.614","","0","79 59:56.643","3","0","0","0","2301","0","0","0","N","0","0","0","4","02301","0","","1.0","","1","N","N","","0","","1","0","0","","2","","","3","1","0","0","0","0","0","2","0","3","","","","N","","","","","","","","","",""
"2011003454","","0","0","0","0","0","0","0","0","0","1","0","","02","1","2011","6","40.33672","-79.895642","","11","0","0","0","0","0","0","0","0","2","0","0","0","","","0","","0","","40 20:12.193","5","0","79 53:44.310","0","0","0","0","2473","0","0","0","N","0","0","0","2","02473","0","","1.0","","9","N","N","","1","","0","0","0","","0","N","","2","0","1","0","0","0","0","2","1","2","","","","N","","","","","","","","","",""
"2011005743","","2","0","0","0","0","0","0","0","0","1","0","","02","1","2011","4","40.432117","-79.893542","","11","0","0","0","0","0","0","0","0","2","0","0","0","","","0","","0","","40 25:55.620","5","0","79 53:36.750","0","0","0","0","2463","0","0","0","N","0","0","0","1","02463","0","","6.0","","6","N","N","","0","","0","0","0","","0","Y","","3","0","0","0","0","0","0","2","1","3","","","","N","","","","","","","","","",""
"2011020693","","2","0","0","0","0","0","0","0","0","2","0","","02","2","2011","7","40.337498","-79.880599","","11","0","0","0","0","0","0","0","0","","0","0","0","","","0","","0","","40 20:14.992","","0","79 52:50.155","9","0","0","0","2455","0","0","0","N","0","0","0","1","02455","0","","2.0","","1","N","N","","0","","0","0","0","","0","","","2","0","0","0","0","0","1","2","0","2","","","","N","","","","","","","","","",""
"2011004848","","2","0","0","0","0","0","0","0","0","2","0","","02","1","2011","3","40.316444","-79.977863","","11","0","0","0","0","0","0","0","0","2","0","0","0","","","0","","0","","40 18:59.198","2","0","79 58:40.306","0","0","0","0","2440","0","0","0","N","0","0","0","2","02440","0","","1.0","","2","N","N","","0","","0","0","0","","0","N","","2","0","0","0","0","0","0","2","0","2","","","","N","","","","","","","","","",""
"2011004933","","0","0","0","0","0","0","0","0","0","7","0","","02","1","2011","3","40.428626","-79.933578","","11","0","0","0","0","0","1","0","0","2","0","0","0","","","1","","0","","40 25:43.052","2","2","79 56:00.879","4","0","0","0","2301","0","0","0","N","0","0","0","3","02301","1","","1.0","","7","N","N","","0","","0","0","0","","0","Y","","1","1","0","0","0","0","0","2","1","1","","","","N","","","","","","","","","",""
"2011005963","","1","0","0","0","0","0","0","0","0","1","0","","02","1","2011","5","40.383367","-80.021446","","11","0","0","0","0","0","0","0","0","","0","0","0","","","1","","2","","40 23:00.121","","0","80 01:17.205","4","0","0","0","2109","0","0","0","N","0","0","0","2","02109","1","","1.0","","9","N","N","","1","","0","0","0","","0","","","2","1","1","0","0","0","0","2","0","2","","","","N","","","","","","","","","",""
"2011005226","","1","0","0","0","0","0","0","0","0","1","0","","02","1","2011","3","40.418241","-79.96621","","11","0","0","0","0","0","0","0","0","1","0","0","0","","","0","","0","","40 25:05.667","1","0","79 57:58.356","0","0","0","0","2301","0","0","0","N","0","0","0","1","02301","0","","2.0","","7","N","N","","1","","0","0","0","","0","N","","2","0","0","0","0","0","0","2","0","2","","","","N","","","","","","","","","",""
"2011004168","","0","0","0","0","0","0","0","0","0","4","0","","02","1","2011","5","40.32422","-79.926959","","11","0","0","0","0","0","0","0","0","2","0","0","0","","","0","","0","","40 19:27.193","1","0","79 55:37.052","0","0","0","0","2440","0","0","0","N","0","0","0","2","02440","0","","1.0","","7","N","N","","0","","0","0","2","","0","N","","2","0","0","0","0","0","0","2","0","2","","","","N","","","","","","","","","",""
"2011004214","","1","0","0","0","0","0","0","0","0","7","0","","02","1","2011","5","40.649432","-79.798304","","11","0","0","0","0","0","0","0","0","1","0","0","0","","","0","","0","","40 38:57.954","2","0","79 47:53.895","0","0","0","0","2202","0","0","0","N","0","0","0","1","02202","0","","5.0","","7","N","N","","0","","0","0","0","","0","Y","","1","0","0","0","0","0","0","1","0","1","","","","N","","","","","","","","","",""
"2011004375","","1","0","0","0","0","0","0","0","0","7","0","","02","1","2011","2","40.458029","-79.963958","","11","0","0","0","0","0","1","0","0","","0","0","0","","","0","","0","","40 27:28.904","","0","79 57:50.248","0","0","0","0","2301","0","0","0","N","0","0","0","1","02301","0","","2.0","","2","N","N","","0","","0","0","0","","0","","","1","0","0","0","0","0","0","2","0","1","","","","N","","","","","","","","","",""
"2011004420","","2","0","0","0","0","0","0","0","0","1","0","","02","1","2011","2","40.436841","-79.758113","","11","0","0","0","0","0","0","0","0","","0","0","0","","","2","","1","","40 26:12.626","","0","79 45:29.205","4","0","0","0","2446","0","0","0","N","0","0","0","3","02446","2","","1.0","","1","N","N","","0","","0","0","0","","2","","","2","2","1","0","0","0","0","2","0","2","","","","N","","","","","","","","","",""
"2011004169","","2","0","0","0","0","0","0","0","0","4","0","","02","1","2011","7","40.461578","-79.967126","","11","0","0","0","0","0","0","0","0","","0","0","0","","","0","","1","","40 27:41.680","","0","79 58:01.653","0","0","0","0","2301","0","0","0","N","0","0","0","3","02301","0","","1.0","","9","N","N","","0","","0","0","0","","2","","","2","0","0","0","0","0","0","2","0","2","","","","N","","","","","","","","","",""
"2011005898","","0","0","0","0","0","0","0","0","0","7","0","","02","1","2011","2","40.457027","-79.728955","","11","0","0","0","0","1","0","0","0","2","0","0","0","","","0","","0","","40 27:25.298","5","0","79 43:44.238","0","0","0","0","2466","0","0","0","N","0","0","0","1","02466","0","","4.0","","2","N","N","","1","","0","0","0","","0","N","","1","0","0","0","0","0","0","2","0","1","","","","N","","","","","","","","","",""
"2011004421","","2","0","0","0","0","0","0","0","0","1","0","","02","1","2011","2","40.484053","-79.837403","","11","0","0","0","0","0","1","0","0","","0","0","0","","","1","","2","","40 29:02.590","","0","79 50:14.650","8","0","0","0","2113","0","0","0","N","0","0","0","2","02113","0","","1.0","","9","N","N","","0","","0","0","0","","0","","","2","1","0","0","0","1","0","2","0","2","","","","N","","","","","","","","","",""
"2011005228","","0","0","0","0","0","0","0","0","0","7","0","","02","1","2011","3","40.291904","-79.833678","","11","0","0","1","0","0","0","0","0","","0","0","0","","","0","","0","","40 17:30.855","","7","79 50:01.242","0","0","0","0","2443","0","0","0","N","0","0","0","1","02443","0","","5.0","","7","N","N","","1","","0","0","0","","0","","","1","0","0","0","0","0","0","2","0","1","","","","N","","","","","","","","","",""
"2011004852","","2","0","0","0","0","0","0","0","0","5","0","","02","1","2011","3","","","","11","0","0","0","0","0","1","1","0","","0","0","0","","","1","","0","","","","0","","4","0","0","0","2301","0","0","0","N","0","0","0","5","02301","1","","1.0","","1","N","N","","0","","0","0","0","","0","","","2","1","0","0","0","0","0","1","0","2","","","","N","","","","","","","","","",""
"2011004937","","1","0","0","0","0","0","0","0","0","7","0","","02","1","2011","3","40.490841","-80.048272","","11","0","0","0","0","0","0","0","0","","0","0","0","","","0","","0","","40 29:27.028","","0","80 02:53.778","0","0","0","0","2404","0","0","0","N","0","0","0","1","02404","0","","4.0","","7","N","N","","0","","0","0","0","","0","","","1","0","0","0","0","0","0","2","0","1","","","","N","","","","","","","","","",""
"2011003505","","1","0","0","0","0","0","0","0","0","7","0","","02","1","2011","2","40.419343","-80.090191","","11","0","0","0","0","0","0","0","0","","0","0","0","","","0","","0","","40 25:09.635","","0","80 05:24.688","0","0","0","0","2457","0","0","0","N","0","0","0","1","68B03","0","","2.0","","1","N","N","","0","","0","0","0","","0","","","1","0","0","0","0","0","0","2","0","1","","","","N","","","","","","","","","",""
"2011004378","","2","0","0","0","0","0","0","0","0","4","0","","02","1","2011","2","40.501419","-80.054637","","11","0","0","0","0","0","1","0","0","","0","0","0","","","0","","0","","40 30:05.108","","0","80 03:16.693","0","0","0","0","2404","0","0","0","N","0","0","0","2","02404","0","","1.0","","2","N","N","","0","","0","0","0","","0","","","2","0","0","0","0","0","0","2","0","2","","","","N","","","","","","","","","",""
"2011020700","","1","0","0","0","0","0","0","0","0","2","0","","02","2","2011","6","40.485435","-79.945542","","11","0","0","0","0","0","2","0","0","2","0","0","0","","","0","","0","","40 29:07.566","6","0","79 56:43.950","0","0","0","0","2301","0","0","0","N","0","0","0","2","02301","0","","1.0","","1","N","N","","1","","0","0","0","","0","N","","2","0","0","0","0","0","0","2","0","2","","","","N","","","","","","","","","",""
"2011004939","","2","0","0","0","0","0","0","0","0","2","0","","02","1","2011","3","40.470996","-79.940094","","11","0","0","0","0","0","0","0","0","","0","0","0","","","0","","0","","40 28:15.585","","0","79 56:24.338","0","0","0","0","2301","0","0","0","N","0","0","0","1","02301","0","","6.0","","2","N","N","","0","","0","0","0","","0","","","2","0","0","0","0","0","0","2","0","2","","","","N","","","","","","","","","",""
"2011003506","","1","0","0","0","0","0","0","0","0","7","0","","02","1","2011","2","40.418374","-80.088471","","11","1","0","0","0","0","0","0","0","2","0","0","0","","","0","","0","","40 25:06.146","4","0","80 05:18.494","0","0","0","0","2457","0","0","0","N","0","0","0","1","68B01","0","","4.0","","2","N","N","","0","","0","0","0","","0","N","","1","0","0","0","0","0","0","2","0","1","","","","N","","","","","","","","","",""
"2011004425","","1","0","0","0","0","0","0","0","0","1","0","","02","1","2011","3","40.417705","-79.848759","","11","0","0","0","0","0","0","0","0","","0","0","0","","","1","","1","","40 25:03.738","","0","79 50:55.534","4","0","0","0","2431","0","0","0","N","0","0","0","1","02431","1","","1.0","","1","N","N","","0","","0","0","0","","2","","","2","1","0","0","0","0","0","2","0","2","","","","N","","","","","","","","","",""
"2011002991","","1","0","0","0","0","0","0","0","0","6","0","","02","1","2011","5","40.444202","-80.028173","","11","0","0","0","0","0","0","0","0","1","0","0","0","","","1","","10","","40 26:39.126","4","0","80 01:41.424","4","0","0","0","2301","0","0","0","N","0","0","0","2","02301","1","","1.0","","9","N","N","","0","","0","0","1","","2","Y","","2","1","0","0","0","0","1","2","0","2","","","","N","","","","","","","","","",""
"2011003910","","1","0","0","0","0","0","0","0","0","7","0","","02","1","2011","7","40.488128","-79.921338","","11","0","0","0","0","0","0","0","0","1","0","0","0","","","0","","0","","40 29:17.262","4","0","79 55:16.816","0","0","0","0","2301","0","0","0","N","0","0","0","2","02301","0","","4.0","","1","N","N","","0","","0","0","0","","0","N","","1","0","0","0","0","0","0","2","0","1","","","","N","","","","","","","","","",""
"2011005480","","2","0","0","0","0","0","0","0","0","4","0","","02","1","2011","3","40.405296","-79.913118","","11","0","0","0","0","0","1","0","0","2","0","0","0","","","0","","1","","40 24:19.066","1","0","79 54:47.225","0","0","0","0","2438","0","0","0","N","0","0","0","2","02438","0","","1.0","","1","N","N","","0","","0","0","0","","2","N","","2","0","0","0","0","0","0","2","0","2","","","","N","","","","","","","","","",""
"2011003240","","2","0","0","0","0","0","0","0","0","4","0","","02","1","2011","6","40.340443","-79.96427","","11","0","0","0","0","0","1","0","0","","0","0","0","","","0","","0","","40 20:25.594","","0","79 57:51.373","0","0","0","0","2454","0","0","0","N","0","0","0","2","02454","0","","1.0","","1","N","N","","0","","0","0","0","","0","","","2","0","0","0","0","0","0","2","0","2","","","","N","","","","","","","","","",""
"2011003286","","2","0","0","0","0","0","0","0","0","4","0","","02","1","2011","6","40.398971","-80.025229","","11","0","0","0","0","0","1","0","0","","0","0","0","","","1","","0","","40 23:56.294","","0","80 01:30.826","8","0","0","0","2301","0","0","0","N","0","0","0","2","02301","0","","1.0","","9","N","N","","0","","0","0","0","","0","","","2","1","0","0","0","1","0","2","0","2","","","","N","","","","","","","","","",""
"2011005273","","0","0","0","0","0","0","0","0","0","7","0","","02","1","2011","6","40.510742","-79.993541","","11","0","0","0","0","0","0","0","0","","0","0","0","","","0","","0","","40 30:38.671","","0","79 59:36.749","0","0","0","0","2116","0","0","0","N","0","0","0","3","02116","0","","2.0","","7","N","N","","0","","0","0","1","","0","","","1","0","0","0","0","0","0","2","0","1","","","","N","","","","","","","","","",""
"2011004647","","1","0","0","0","0","0","0","0","0","4","0","","02","1","2011","5","40.364006","-79.774049","","11","0","0","0","0","0","2","0","0","2","0","0","0","","","1","","0","","40 21:50.423","3","0","79 46:26.578","8","0","0","0","2111","0","0","0","N","0","0","0","2","02111","0","","1.0","","9","N","N","","1","","0","0","0","","0","N","","2","1","1","0","0","1","0","2","0","2","","","","N","","","","","","","","","",""
"2011003241","","1","0","0","0","0","0","0","0","0","1","0","","02","1","2011","6","40.496131","-79.976872","","11","0","0","0","0","0","1","0","0","1","0","0","0","","","0","","1","","40 29:46.072","1","0","79 58:36.740","0","0","0","0","2118","0","0","0","N","0","0","0","2","02118","0","","1.0","","9","N","N","","0","","0","0","1","","0","Y","","2","0","0","0","0","0","0","2","0","2","","","","N","","","","","","","","","",""
"2011046878","","2","0","0","0","0","0","0","0","0","4","0","","02","5","2011","6","40.465866","-79.946357","","11","0","0","0","0","0","0","0","0","","0","0","0","","","1","","1","","40 27:57.117","","0","79 56:46.885","4","0","0","0","2301","0","0","0","N","0","0","0","1","02301","1","","1.0","","1","N","N","","0","","0","0","0","","0","","","2","1","1","0","0","0","0","2","0","2","","","","N","","","","","","","","","",""
"2011005234","","1","0","0","0","0","0","0","0","0","4","0","","02","1","2011","4","40.430377","-79.710764","","11","0","0","0","0","0","2","0","0","","0","0","0","","","1","","1","","40 25:49.356","","0","79 42:38.750","4","0","0","0","2446","0","0","0","N","0","0","0","2","02446","1","","1.0","","1","N","N","","0","","0","0","1","","2","","","2","1","0","0","0","0","0","2","0","2","","","","N","","","","","","","","","",""
"2011005336","","0","0","0","0","0","0","0","0","0","7","0","","02","1","2011","3","40.44054","-79.859556","","11","0","0","0","0","0","0","0","0","1","0","0","0","","","2","","0","","40 26:25.943","4","0","79 51:34.401","3","0","0","0","2419","0","0","0","N","0","0","0","3","68B03","0","","2.0","","1","N","N","","0","","2","0","2","","0","N","","2","2","0","0","0","0","0","2","0","2","","","","N","","","","","","","","","",""
"2011003122","","0","0","0","0","0","0","0","0","0","1","0","","02","1","2011","5","40.427183","-79.962581","","11","0","0","0","0","0","0","0","0","1","0","0","0","","","1","","0","","40 25:37.858","1","3","79 57:45.291","8","0","0","0","2301","0","0","0","N","0","0","0","2","02301","0","","1.0","","2","N","N","","0","","0","0","2","","0","N","","2","1","0","0","0","1","0","2","0","2","","","","N","","","","","","","","","",""
"2011046207","","0","0","0","0","0","0","0","0","0","7","0","","02","5","2011","3","40.481167","-79.830211","","11","0","0","0","0","0","1","0","0","2","0","0","0","","","1","","0","","40 28:52.200","4","0","79 49:48.758","8","0","0","0","2113","0","0","0","N","0","0","0","1","02113","0","","5.0","","9","N","N","","1","","0","0","0","","0","Y","","1","1","0","0","0","1","0","2","0","1","","","","N","","","","","","","","","",""
"2011004679","","2","0","0","0","0","0","0","0","0","1","0","35","02","1","2011","2","40.465213","-79.979406","","11","0","0","0","0","0","0","0","0","1","0","0","0","","","0","","0","","40 27:54.765","2","0","79 58:45.862","0","0","0","0","2301","0","0","0","N","0","0","0","2","02301","0","","3.0","","9","N","N","","0","","0","0","0","","0","N","","2","0","0","0","0","0","0","2","0","2","","","N","Y","4","1","","","N","Y","","","",""
"2011046209","","1","0","0","0","0","0","0","0","0","7","0","","02","5","2011","3","40.305191","-79.811063","","11","0","0","1","0","0","0","0","0","4","0","0","0","","","1","","2","","40 18:18.687","5","0","79 48:39.826","4","0","0","0","2105","0","0","0","N","0","0","0","1","02105","1","","2.0","","9","N","N","","0","","0","0","0","","0","Y","","1","1","1","0","0","0","0","2","0","1","","05","","N","","","","","","","","","",""
"2011046222","","1","0","0","0","0","0","0","0","0","7","0","","02","5","2011","4","40.460075","-79.92805","","11","0","0","0","0","0","0","0","0","2","0","0","0","","","0","","1","","40 27:36.270","7","0","79 55:40.980","0","0","0","0","2301","0","0","0","N","0","0","0","1","02301","0","","5.0","","9","N","N","","0","","0","0","0","","3","Y","","1","0","0","0","0","0","0","2","0","1","","","","N","","","","","","","","","",""