"CRN","ARRIVAL_TM","AUTOMOBILE_COUNT","BELTED_DEATH_COUNT","BELTED_SUSP_SERIOUS_INJ_COUNT","BICYCLE_COUNT","BICYCLE_DEATH_COUNT","BICYCLE_SUSP_SERIOUS_INJ_COUNT","BUS_COUNT","CHLDPAS_DEATH_COUNT","CHLDPAS_SUSP_SERIOUS_INJ_COUNT","COLLISION_TYPE","COMM_VEH_COUNT","CONS_ZONE_SPD_LIM","COUNTY","CRASH_MONTH","CRASH_YEAR","DAY_OF_WEEK","DEC_LATITUDE","DEC_LONGITUDE","DISPATCH_TM","DISTRICT","DRIVER_COUNT_16YR","DRIVER_COUNT_17YR","DRIVER_COUNT_18YR","DRIVER_COUNT_19YR","DRIVER_COUNT_20YR","DRIVER_COUNT_50_64YR","DRIVER_COUNT_65_74YR","DRIVER_COUNT_75PLUS","EST_HRS_CLOSED","FATAL_COUNT","HEAVY_TRUCK_COUNT","HORSE_BUGGY_COUNT","HOUR_OF_DAY","ILLUMINATION","INJURY_COUNT","INTERSECTION_RELATED","INTERSECT_TYPE","LANE_CLOSED","LATITUDE","LN_CLOSE_DIR","LOCATION_TYPE","LONGITUDE","MAX_SEVERITY_LEVEL","MCYCLE_DEATH_COUNT","MCYCLE_SUSP_SERIOUS_INJ_COUNT","MOTORCYCLE_COUNT","MUNICIPALITY","NONMOTR_COUNT","NONMOTR_DEATH_COUNT","NONMOTR_SUSP_SERIOUS_INJ_COUNT","NTFY_HIWY_MAINT","PED_COUNT","PED_DEATH_COUNT","PED_SUSP_SERIOUS_INJ_COUNT","PERSON_COUNT","POLICE_AGCY","POSSIBLE_INJ_COUNT","RDWY_SURF_TYPE_CD","RELATION_TO_ROAD","ROADWAY_CLEARED","ROAD_CONDITION","SCH_BUS_IND","SCH_ZONE_IND","SECONDARY_CRASH","SMALL_TRUCK_COUNT","SPEC_JURIS_CD","SUSP_MINOR_INJ_COUNT","SUSP_SERIOUS_INJ_COUNT","SUV_COUNT","TCD_FUNC_CD","TCD_TYPE","TFC_DETOUR_IND","TIME_OF_DAY","TOTAL_UNITS","TOT_INJ_COUNT","UNBELTED_OCC_COUNT","UNB_DEATH_COUNT","UNB_SUSP_SERIOUS_INJ_COUNT","UNK_INJ_DEG_COUNT","UNK_INJ_PER_COUNT","URBAN_RURAL","VAN_COUNT","VEHICLE_COUNT","WEATHER1","WEATHER2","WORKERS_PRES","WORK_ZONE_IND","WORK_ZONE_LOC","WORK_ZONE_TYPE","WZ_CLOSE_DETOUR","WZ_FLAGGER","WZ_LAW_OFFCR_IND","WZ_LN_CLOSURE","WZ_MOVING","WZ_OTHER","WZ_SHLDER_MDN","WZ_WORKERS_INJ_KILLED"
"2011005236","","0","0","0","0","0","0","0","0","0","7","0","","02","1","2011","3","40.256248","-79.83586","","11","0","0","0","0","0","0","0","0","2","0","0","0","","","0","","0","","40 15:22.492","1","0","79 50:09.096","0","0","0","0","2105","0","0","0","N","0","0","0","1","02105","0","","5.0","","7","N","N","","0","","0","0","1","","0","N","","1","0","0","0","0","0","0","2","0","1","","","","N","","","","","","","","","",""
"2011004651","","1","0","0","0","0","0","0","0","0","4","0","","02","1","2011","2","40.628408","-80.056098","","11","0","0","0","0","0","0","1","0","1","0","0","0","","","1","","0","","40 37:42.268","2","0","80 03:21.953","8","0","0","0","2216","0","0","0","N","0","0","0","2","02505","0","","1.0","","1","N","N","","1","","0","0","0","","0","Y","","2","1","0","0","0","1","0","2","0","2","","","","N","","","","","","","","","",""
"2011003916","","1","0","0","0","0","0","0","0","0","7","0","","02","1","2011","7","40.471169","-79.755909","","11","0","0","0","0","0","0","0","0","","0","0","0","","","1","","0","","40 28:16.209","","0","79 45:21.273","4","0","0","0","2466","0","0","0","N","0","0","0","1","02466","1","","5.0","","1","N","N","","0","","0","0","0","","0","","","1","1","0","0","0","0","0","2","0","1","","","","N","","","","","","","","","",""
"2011004680","","1","0","0","0","0","0","0","0","0","4","0","","02","1","2011","2","40.464564","-79.938599","","11","0","0","0","0","0","1","0","0","","0","0","0","","","2","","1","","40 27:52.430","","0","79 56:18.956","4","0","0","0","2301","0","0","0","N","0","0","0","3","02301","2","","1.0","","1","N","N","","0","","0","0","0","","1","","","2","2","0","0","0","0","0","2","1","2","","","","N","","","","","","","","","",""
"2011004830","","1","0","0","0","0","0","0","0","0","5","1","","02","1","2011","3","40.449535","-79.998595","","11","0","0","0","0","0","1","0","0","1","0","1","0","","","0","","6","","40 26:58.327","1","2","79 59:54.942","0","0","0","0","2301","0","0","0","N","0","0","0","2","02301","0","","7.0","","1","N","N","","0","","0","0","0","","0","N","","2","0","0","0","0","0","0","2","0","2","","","","N","","","","","","","","","",""
"2011005237","","0","0","0","0","0","0","0","0","0","7","0","","02","1","2011","5","40.486064","-80.312265","","11","0","0","0","0","0","0","0","0","","0","0","0","","","0","","0","","40 29:09.830","","0","80 18:44.154","0","0","0","0","2203","0","0","0","N","0","0","0","1","02203","0","","4.0","","6","N","N","","0","","0","0","1","","0","","","1","0","0","0","0","0","0","1","0","1","","","","N","","","","","","","","","",""
"2011005278","","0","0","0","0","0","0","0","0","0","7","0","","02","1","2011","2","40.424814","-79.984624","","11","0","0","0","0","0","0","0","0","","0","0","0","","","0","","10","","40 25:29.330","","0","79 59:04.646","0","0","0","0","2301","0","0","0","Y","0","0","0","1","02301","0","","2.0","","2","N","Y","","0","","0","0","1","","0","","","1","0","0","0","0","0","0","2","0","1","","","","N","","","","","","","","","",""
"2011003823","","1","0","0","0","0","0","0","0","0","0","0","","02","1","2011","7","40.345936","-79.896428","","11","0","0","1","0","0","0","0","0","2","0","0","0","","","1","","0","","40 20:45.369","6","0","79 53:47.142","4","0","0","0","2423","0","0","0","N","0","0","0","2","02304","1","","5.0","","7","N","N","","0","","0","0","0","","0","Y","","1","1","0","0","0","0","0","2","0","1","","","","N","","","","","","","","","",""
"2011005486","","2","0","0","0","0","0","0","0","0","2","0","","02","1","2011","3","40.432524","-80.029971","","11","0","0","0","0","0","0","0","0","2","0","0","0","","","2","","0","","40 25:57.086","6","0","80 01:47.895","8","0","0","0","2301","0","0","0","N","0","0","0","4","02301","0","","1.0","","1","N","N","","1","","0","0","1","","0","N","","4","2","2","0","0","2","0","2","0","4","","","","N","","","","","","","","","",""
"2011005541","","1","0","0","0","0","0","0","0","0","7","0","","02","1","2011","2","40.415291","-79.749805","","11","0","0","0","0","0","0","1","0","","0","0","0","","","0","","0","","40 24:55.047","","0","79 44:59.298","0","0","0","0","2446","0","0","0","N","0","0","0","1","02446","0","","2.0","","1","N","N","","0","","0","0","0","","0","","","1","0","0","0","0","0","0","2","0","1","","","","N","","","","","","","","","",""
"2011046211","","1","0","0","0","0","0","0","0","0","7","0","","02","5","2011","4","40.468122","-79.937654","","11","0","0","0","0","0","1","0","0","","0","0","0","","","0","","2","","40 28:05.239","","0","79 56:15.554","9","0","0","0","2301","0","0","0","N","0","0","0","1","02301","0","","4.0","","9","N","N","","0","","0","0","0","","3","","","1","0","0","0","0","0","1","2","0","1","","","","N","","","","","","","","","",""
"2011005279","","1","0","0","0","0","0","0","0","0","4","0","","02","1","2011","3","40.503966","-79.843208","","11","0","0","0","0","0","1","0","0","","0","0","0","","","0","","2","","40 30:14.277","","0","79 50:35.547","9","0","0","0","2468","0","0","0","N","0","0","0","2","02468","0","","1.0","","1","N","N","","0","","0","0","1","","3","","","2","0","0","0","0","0","2","2","0","2","","","","N","","","","","","","","","",""
"2011005343","","0","0","0","0","0","0","0","0","0","7","0","","02","1","2011","4","40.490549","-79.876636","","11","0","0","0","0","0","0","0","0","","0","0","0","","","0","","0","","40 29:25.976","","0","79 52:35.888","0","0","0","0","2112","0","0","0","N","0","0","0","1","68D02","0","","4.0","","1","N","N","","0","","0","0","1","","0","","","1","0","0","0","0","0","0","2","0","1","","","","N","","","","","","","","","",""
"2011004682","","1","0","0","0","0","0","0","0","0","7","0","","02","1","2011","5","40.531946","-80.067164","","11","0","0","0","0","0","0","0","0","1","0","0","0","","","0","","10","","40 31:55.006","4","0","80 04:01.790","0","0","0","0","2215","0","0","0","N","0","0","0","1","02215","0","","4.0","","2","N","N","","0","","0","0","0","","0","N","","1","0","0","0","0","0","0","2","0","1","","","","N","","","","","","","","","",""
"2011005487","","4","0","0","0","0","0","0","0","0","5","0","","02","1","2011","3","40.41849","-79.92288","","11","0","0","0","0","0","0","0","0","","0","0","0","","","0","","0","","40 25:06.564","","0","79 55:22.368","0","0","0","0","2301","0","0","0","N","0","0","0","2","02301","0","","6.0","","7","N","N","","0","","0","0","0","","0","","","4","0","0","0","0","0","0","2","0","4","","","","N","","","","","","","","","",""
"2011005240","","0","0","0","0","0","0","0","0","0","7","0","","02","1","2011","3","40.49944","-79.769656","","11","0","1","0","0","0","0","0","0","","0","0","0","","","1","","0","","40 29:57.985","","0","79 46:10.763","4","0","0","0","2466","0","0","0","N","0","0","0","1","02466","1","","5.0","","7","N","N","","0","","0","0","1","","0","","","1","1","0","0","0","0","0","2","0","1","","","","N","","","","","","","","","",""
"2011003826","","3","0","0","0","0","0","0","0","0","6","0","","02","1","2011","1","40.458145","-79.908464","","11","0","0","0","0","0","1","0","0","","0","0","0","","","1","","2","","40 27:29.322","","0","79 54:30.472","3","0","0","0","2301","0","0","0","N","0","0","0","5","02301","0","","1.0","","1","N","N","","0","","1","0","0","","0","","","3","1","0","0","0","0","4","2","0","3","","","","N","","","","","","","","","",""
"2011003881","","1","0","0","0","0","0","0","0","0","7","0","","02","1","2011","7","40.505689","-79.995259","","11","0","0","0","0","0","0","0","0","","0","0","0","","","0","","2","","40 30:20.479","","0","79 59:42.932","0","0","0","0","2116","0","0","0","N","0","0","0","1","02116","0","","5.0","","2","N","N","","0","","0","0","0","","0","","","1","0","0","0","0","0","0","2","0","1","","","","N","","","","","","","","","",""
"2011003921","","1","0","0","0","0","0","0","0","0","7","0","","02","1","2011","7","40.664632","-80.017703","","11","0","0","0","0","0","1","0","0","","0","0","0","","","0","","0","","40 39:52.674","","0","80 01:03.732","0","0","0","0","2216","0","0","0","N","0","0","0","1","02505","0","","2.0","","7","N","N","","0","","0","0","0","","0","","","1","0","0","0","0","0","0","2","0","1","","","","N","","","","","","","","","",""
"2011005490","","2","0","0","0","0","0","0","0","0","4","0","","02","1","2011","3","40.330698","-79.945535","","11","0","0","1","0","0","0","0","0","2","0","0","0","","","3","","0","","40 19:50.512","2","0","79 56:43.926","4","0","0","0","2454","0","0","0","N","0","0","0","3","02454","3","","1.0","","9","N","N","","0","","0","0","0","","0","Y","","2","3","0","0","0","0","0","2","0","2","","","","N","","","","","","","","","",""
"2011004726","","1","0","0","0","0","0","0","0","0","1","0","","02","1","2011","2","40.414483","-80.062573","","11","0","0","0","0","0","1","0","1","1","0","0","0","","","0","","0","","40 24:52.138","4","0","80 03:45.262","0","0","0","0","2435","0","0","0","N","0","0","0","2","68B03","0","","1.0","","1","N","N","","0","","0","0","1","","0","N","","3","0","0","0","0","0","0","2","0","2","","","","N","","","","","","","","","",""
"2011005282","","1","0","0","0","0","0","0","0","0","7","0","","02","1","2011","3","40.453711","-79.912012","","11","0","0","0","0","0","0","0","0","1","0","0","0","","","0","","0","","40 27:13.361","2","0","79 54:43.242","0","0","0","0","2301","0","0","0","N","0","0","0","1","02301","0","","4.0","","7","N","N","","0","","0","0","0","","0","N","","1","0","1","0","0","0","0","2","0","1","","","","N","","","","","","","","","",""
"2011003922","","2","0","0","0","0","0","0","0","0","4","0","","02","1","2011","7","40.477833","-79.786104","","11","0","0","0","0","0","0","0","0","","0","0","0","","","0","","2","","40 28:40.199","","0","79 47:09.976","0","0","0","0","2113","0","0","0","N","0","0","0","2","02113","0","","1.0","","1","N","N","","0","","0","0","0","","3","","","2","0","0","0","0","0","0","2","0","2","","","","N","","","","","","","","","",""
"2011004727","","2","0","0","0","0","0","0","0","0","1","0","","02","1","2011","4","40.440061","-80.187943","","11","0","0","0","0","0","0","0","1","","0","0","0","","","1","","6","","40 26:24.218","","2","80 11:16.596","4","0","0","0","2214","0","0","0","N","0","0","0","2","68B03","1","","1.0","","1","N","N","","0","","0","0","0","","4","","","2","1","0","0","0","0","0","2","0","2","","","","N","","","","","","","","","",""
"2011005243","","2","0","0","0","0","0","0","0","0","2","0","","02","1","2011","3","40.516562","-79.944087","","11","0","0","0","0","0","0","0","0","1","0","0","0","","","0","","0","","40 30:59.624","5","0","79 56:38.712","0","0","0","0","2118","0","0","0","N","0","0","0","3","02118","0","","1.0","","7","N","N","","0","","0","0","0","","0","N","","2","0","0","0","0","0","0","2","0","2","","","","N","","","","","","","","","",""
"2011003829","","1","0","0","0","0","0","0","0","0","4","0","","02","1","2011","6","40.54406","-80.041341","","11","0","0","0","0","0","1","0","0","2","0","0","0","","","2","","0","","40 32:38.616","3","0","80 02:28.828","4","0","0","0","2116","0","0","0","N","0","0","0","2","02116","2","","1.0","","2","N","N","","0","","0","0","1","","0","N","","2","2","0","0","0","0","0","2","0","2","","","","N","","","","","","","","","",""
"2011004728","","0","0","0","0","0","0","0","0","0","1","0","","02","1","2011","6","40.426563","-79.915882","","11","0","0","0","0","0","1","0","0","","0","0","0","","","0","","0","","40 25:35.627","","4","79 54:57.174","0","0","0","0","2301","0","0","0","N","0","0","0","6","68B03","0","","1.0","","1","N","N","","0","","0","0","4","","0","","","4","0","0","0","0","0","0","2","0","4","","","","N","","","","","","","","","",""
"2011005547","","1","0","0","0","0","0","0","0","0","4","0","","02","1","2011","3","40.549231","-80.009462","","11","0","0","0","0","0","0","0","1","","0","0","0","","","0","","0","","40 32:57.231","","0","80 00:34.063","0","0","0","0","2116","0","0","0","N","0","0","0","2","02116","0","","1.0","","9","N","N","","0","","0","0","1","","0","","","2","0","0","0","0","0","0","2","0","2","","","","N","","","","","","","","","",""
"2011003999","","1","0","0","0","0","0","0","0","0","4","0","","02","1","2011","5","40.429515","-79.875778","","11","0","0","0","0","0","1","0","0","2","0","0","0","","","1","","0","","40 25:46.253","3","0","79 52:32.802","4","0","0","0","2426","0","0","0","N","0","0","0","2","68B03","1","","1.0","","2","N","N","","0","","0","0","1","","0","N","","2","1","0","0","0","0","0","2","0","2","","","","N","","","","","","","","","",""
"2011004768","","1","0","0","0","0","0","0","0","0","4","0","","02","1","2011","2","40.376395","-80.067611","","11","0","0","0","0","0","1","0","0","2","0","0","0","","","1","","1","","40 22:35.022","2","0","80 04:03.399","8","0","0","0","2109","0","0","0","N","0","0","0","2","02109","0","","1.0","","1","N","N","","0","","0","0","1","","2","Y","","2","1","1","0","0","1","0","2","0","2","","","","N","","","","","","","","","",""
"2011046217","","1","0","0","0","0","0","0","0","0","7","0","","02","5","2011","2","40.436107","-79.780524","","11","0","0","0","0","0","0","0","0","1","0","0","0","","","0","","2","","40 26:09.985","4","0","79 46:49.885","0","0","0","0","2446","0","0","0","N","0","0","0","2","02446","0","","5.0","","9","N","N","","0","","0","0","0","","0","N","","1","0","0","0","0","0","0","2","0","1","","","","N","","","","","","","","","",""
"2011003003","","1","0","0","0","0","0","0","0","0","4","0","","02","1","2011","6","40.461793","-79.815693","","11","0","0","0","0","0","0","0","0","","0","0","0","","","0","","0","","40 27:42.454","","0","79 48:56.494","0","0","0","0","2113","0","0","0","N","0","0","0","0","02113","0","","2.0","","9","N","N","","0","","0","0","1","","0","","","2","0","0","0","0","0","0","2","0","2","","","","N","","","","","","","","","",""
"2011003886","","2","0","0","0","0","0","0","0","0","1","0","","02","1","2011","1","40.328554","-79.944874","","11","0","0","0","0","0","1","0","1","","0","0","0","","","2","","1","","40 19:42.794","","0","79 56:41.548","8","0","0","0","2454","0","0","0","N","0","0","0","2","02454","0","","1.0","","1","N","N","","0","","0","0","0","","2","","","2","2","0","0","0","2","0","2","0","2","","","","N","","","","","","","","","",""
"2011005494","","1","0","0","0","0","0","0","0","0","2","0","","02","1","2011","4","40.391125","-79.819531","","11","0","0","0","0","0","1","0","0","2","0","0","0","","","1","","0","","40 23:28.050","5","0","79 49:10.311","8","0","0","0","2111","0","0","0","N","0","0","0","2","02111","0","","1.0","","2","N","N","","1","","0","0","0","","0","Y","","2","1","0","0","0","1","0","2","0","2","","","","N","","","","","","","","","",""
"2011004729","","0","0","0","0","0","0","0","0","0","7","0","","02","1","2011","1","40.350799","-80.117455","","11","0","0","0","0","0","1","0","0","2","0","0","0","","","1","","6","","40 21:02.876","2","2","80 07:02.837","3","0","0","0","2119","0","0","0","N","0","0","0","1","68B03","0","","2.0","","1","N","N","","0","","1","0","0","","0","N","","1","1","0","0","0","0","0","2","1","1","","","","N","","","","","","","","","",""
"2011004000","","1","0","0","0","0","0","1","0","0","7","1","","02","1","2011","5","40.429389","-79.876823","","11","0","0","0","0","0","1","0","0","2","0","0","0","","","0","","0","","40 25:45.799","3","0","79 52:36.562","0","0","0","0","2426","0","0","0","N","0","0","0","3","68B03","0","","4.0","","2","Y","N","","0","","0","0","0","","0","N","","2","0","0","0","0","0","0","2","0","2","","","","N","","","","","","","","","",""
"2011004840","","2","0","0","0","0","0","0","0","0","4","0","","02","1","2011","3","40.348221","-79.890125","","11","0","0","0","0","0","0","0","0","2","0","0","0","","","1","","1","","40 20:53.596","4","2","79 53:24.449","8","0","0","0","2304","0","0","0","N","0","0","0","2","02304","0","","1.0","","1","N","N","","0","","0","0","0","","3","N","","2","1","0","0","0","1","0","2","0","2","","","","N","","","","","","","","","",""
"2011044858","","1","0","0","0","0","0","0","0","0","4","0","","02","4","2011","5","40.435991","-80.051781","","11","0","0","0","0","0","0","0","0","","0","0","0","","","0","","2","","40 26:09.569","","0","80 03:06.413","0","0","0","0","2301","0","0","0","N","0","0","0","5","02301","0","","1.0","","1","N","N","","0","","0","0","0","","0","","","2","0","0","0","0","0","0","2","1","2","","","","N","","","","","","","","","",""
"2011045523","","0","0","0","0","0","0","0","0","0","7","0","","02","5","2011","1","40.539478","-79.835256","","11","0","0","0","0","0","0","0","0","","0","0","0","","","0","","10","","40 32:22.120","","7","79 50:06.921","0","0","0","0","2208","0","0","0","N","0","0","0","1","02208","0","","9.0","","1","N","N","","1","","0","0","0","","0","","","1","0","0","0","0","0","0","2","0","1","","","","N","","","","","","","","","",""
"2011003173","","2","0","0","0","0","0","0","0","0","2","0","","02","1","2011","6","40.338379","-80.129135","","11","0","0","0","0","0","0","0","0","1","0","0","0","","","0","","0","","40 20:18.164","5","0","80 07:44.886","0","0","0","0","2119","0","0","0","N","0","0","0","2","02119","0","","1.0","","2","N","N","","0","","0","0","0","","0","N","","2","0","0","0","0","0","0","2","0","2","","","","N","","","","","","","","","",""
"2011003925","","2","0","0","0","0","0","0","0","0","6","0","","02","1","2011","7","40.47616","-80.065489","","11","0","0","0","0","0","0","0","0","1","0","0","0","","","2","","0","","40 28:34.176","7","0","80 03:55.762","4","0","0","0","2122","0","0","0","N","0","0","0","3","02122","2","","1.0","","1","N","N","","0","","0","0","0","","0","Y","","2","2","0","0","0","0","0","2","0","2","","","","N","","","","","","","","","",""
"2011004689","","2","0","0","0","0","0","0","0","0","4","0","","02","1","2011","2","40.381454","-79.813188","","11","0","0","0","0","0","1","0","0","1","0","0","0","","","1","","0","","40 22:53.234","3","7","79 48:47.478","4","0","0","0","2111","0","0","0","N","0","0","0","2","02111","1","","1.0","","1","N","N","","0","","0","0","0","","0","Y","","2","1","0","0","0","0","0","2","0","2","","","","N","","","","","","","","","",""
"2011003950","","2","0","0","0","0","0","0","0","0","6","0","","02","1","2011","6","40.524257","-79.988675","","11","0","0","0","0","0","0","1","0","","0","0","0","","","1","","2","","40 31:27.325","","0","79 59:19.230","4","0","0","0","2116","0","0","0","N","0","0","0","2","02116","1","","1.0","","2","N","N","","0","","0","0","0","","0","","","2","1","0","0","0","0","0","2","0","2","","","","N","","","","","","","","","",""
"2011004841","","4","0","1","0","0","0","0","0","0","1","0","","02","1","2011","2","40.347935","-79.939041","","11","0","0","1","0","0","1","0","0","1","0","0","0","","","2","","0","","40 20:52.565","1","0","79 56:20.547","2","0","0","0","2473","0","0","0","N","0","0","0","5","02473","1","","1.0","","2","N","N","","0","","0","1","0","","0","N","","4","2","1","0","0","0","0","2","0","4","","","","N","","","","","","","","","",""
"2011003889","","1","0","0","0","0","0","0","0","0","4","0","","02","1","2011","1","40.328611","-79.945","","11","0","0","0","0","0","0","1","0","","0","0","0","","","0","","2","","40 19:43.000","","0","79 56:42.000","0","0","0","0","2454","0","0","0","N","0","0","0","3","02454","0","","1.0","","1","N","N","","0","","0","0","1","","2","","","2","0","0","0","0","0","0","2","0","2","","","","N","","","","","","","","","",""
"2011004690","","1","0","0","0","0","0","0","0","0","7","0","","02","1","2011","3","40.435616","-79.994182","","11","0","0","0","0","0","0","0","0","","0","0","0","","","0","","6","","40 26:08.219","","2","79 59:39.055","9","0","0","0","2301","0","0","0","N","0","0","0","1","02301","0","","7.0","","1","N","N","","0","","0","0","0","","0","","","1","0","0","0","0","0","1","2","0","1","","","","N","","","","","","","","","",""
"2011005551","","2","0","0","0","0","0","0","0","0","7","0","","02","1","2011","4","40.412103","-80.052763","","11","0","0","0","0","0","0","0","1","","0","0","0","","","1","","2","","40 24:43.570","","0","80 03:09.946","8","0","0","0","2435","0","0","0","N","0","0","0","1","02435","0","","5.0","","7","N","N","","0","","0","0","0","","3","","","2","1","1","0","0","1","0","2","0","2","","","","N","","","","","","","","","",""
"2011004842","","2","0","0","0","0","0","0","0","0","1","0","","02","1","2011","2","40.359938","-79.933534","","11","0","0","0","0","0","0","0","0","1","0","0","0","","","2","","0","","40 21:35.776","2","0","79 56:00.722","8","0","0","0","2473","0","0","0","N","0","0","0","4","02473","0","","1.0","","1","N","N","","0","","0","0","0","","0","N","","3","2","0","0","0","2","0","2","1","3","","","","N","","","","","","","","","",""
"2011005287","","1","0","0","0","0","0","0","0","0","0","0","","02","1","2011","2","40.361597","-79.82737","","11","0","0","0","0","0","0","0","0","","0","0","0","","","0","","3","","40 21:41.749","","0","79 49:38.532","0","0","0","0","2111","0","0","0","N","0","0","0","1","02111","0","","1.0","","1","N","N","","0","","0","0","0","","0","","","1","0","0","0","0","0","0","2","0","1","","","","N","","","","","","","","","",""
"2011005498","","0","0","0","0","0","0","0","0","0","7","0","","02","1","2011","4","40.477952","-79.80965","","11","0","0","0","0","0","0","0","0","2","0","0","0","","","0","","0","","40 28:40.628","2","0","79 48:34.739","0","0","0","0","2113","0","0","0","N","0","0","0","1","02113","0","","5.0","","2","N","N","","0","","0","0","1","","0","N","","1","0","0","0","0","0","0","2","0","1","","","","N","","","","","","","","","",""
"2011044861","","0","0","0","0","0","0","0","0","0","0","1","","02","4","2011","5","40.444059","-80.029462","","11","0","0","0","0","0","0","0","0","2","0","1","0","","","0","","3","","40 26:38.613","1","1","80 01:46.064","0","0","0","0","2301","0","0","0","N","0","0","0","1","02301","0","","1.0","","1","N","N","","0","","0","0","0","","3","Y","","1","0","0","0","0","0","0","2","0","1","","","","N","","","","","","","","","",""
"2011046236","","3","0","0","0","0","0","0","0","0","1","0","","02","4","2011","3","40.474747","-80.006317","","11","0","0","0","0","0","1","0","0","2","0","0","0","","","1","","0","","40 28:29.089","1","0","80 00:22.742","4","0","0","0","2301","0","0","0","N","0","0","0","4","68B03","1","","1.0","","9","N","N","","0","","0","0","1","","0","N","","4","1","0","0","0","0","0","2","0","4","","","","N","","","","","","","","","",""
"2011046237","","2","0","0","0","0","0","0","0","0","1","0","","02","5","2011","3","40.428904","-79.95622","","11","0","0","0","1","0","0","0","0","","0","0","0","","","1","","0","","40 25:44.053","","0","79 57:22.393","4","0","0","0","2301","0","0","0","N","0","0","0","2","68B03","1","","1.0","","9","N","N","","0","","0","0","0","","0","","","2","1","0","0","0","0","0","2","0","2","","","","N","","","","","","","","","",""
"2011003929","","1","0","0","0","0","0","0","0","0","4","0","","02","1","2011","7","40.468805","-79.917819","","11","0","0","0","0","0","0","0","0","1","0","0","0","","","1","","1","","40 28:07.698","7","0","79 55:04.148","8","0","0","0","2301","0","0","0","N","0","0","0","3","02301","0","","1.0","","1","N","N","","0","","0","0","1","","2","N","","2","1","0","0","0","1","0","2","0","2","","","","N","","","","","","","","","",""
"2011005557","","0","0","0","0","0","0","0","0","0","7","0","","02","1","2011","4","40.277489","-79.868505","","11","0","0","0","0","0","0","0","0","3","0","0","0","","","0","","0","","40 16:38.962","6","0","79 52:06.619","0","0","0","0","2105","0","0","0","Y","0","0","0","1","02105","0","","2.0","","2","N","N","","0","","0","0","1","","0","Y","","1","0","0","0","0","0","0","2","0","1","","","","N","","","","","","","","","",""
"2011003298","","4","0","0","0","0","0","0","0","0","1","0","","02","1","2011","6","40.410444","-80.015599","","11","0","0","0","0","0","0","0","0","1","0","0","0","","","0","","2","","40 24:37.599","2","0","80 00:56.156","0","0","0","0","2301","0","0","0","N","0","0","0","5","02301","0","","1.0","","9","N","N","","0","","0","0","0","","2","N","","4","0","0","0","0","0","0","2","0","4","","","","N","","","","","","","","","",""
"2011044863","","1","0","0","0","0","0","1","0","0","4","1","","02","4","2011","5","40.42364","-79.891471","","11","0","0","0","0","0","1","0","0","","0","0","0","","","1","","2","","40 25:25.104","","0","79 53:29.295","8","0","0","0","2463","0","0","0","N","0","0","0","8","02503","0","","1.0","","1","N","N","","0","","0","0","0","","3","","","2","1","0","0","0","1","0","2","0","2","","","","N","","","","","","","","","",""
"2011003010","","1","0","0","0","0","0","0","0","0","99","0","","02","1","2011","6","40.455148","-79.978128","","11","0","0","0","0","0","0","0","0","1","0","0","0","","","0","","0","","40 27:18.532","4","0","79 58:41.260","0","0","0","0","2301","0","0","0","N","0","0","0","1","02301","0","","6.0","","6","N","N","","0","","0","0","0","","0","N","","1","0","0","0","0","0","0","2","0","1","","","","N","","","","","","","","","",""
"2011005291","","0","0","0","0","0","0","0","0","0","99","0","","02","1","2011","3","40.509763","-80.029478","","11","0","0","0","0","0","0","0","0","","0","0","0","","","0","","0","","40 30:35.147","","0","80 01:46.119","0","0","0","0","2116","0","0","0","N","0","0","0","1","02116","0","","1.0","","1","N","N","","0","","0","0","1","","0","","","1","0","0","0","0","0","0","2","0","1","","","","N","","","","","","","","","",""
"2011003894","","1","0","0","0","0","0","0","0","0","4","0","","02","1","2011","1","40.468999","-79.902146","","11","0","0","0","0","0","0","0","0","","0","0","0","","","1","","1","","40 28:08.396","","0","79 54:07.725","8","0","0","0","2301","0","0","0","N","0","0","0","3","02301","0","","1.0","","9","N","N","","0","","0","0","1","","0","","","2","1","0","0","0","1","0","2","0","2","","","","N","","","","","","","","","",""
"2011005419","","1","0","0","0","0","0","0","0","0","7","0","","02","1","2011","4","40.477378","-79.799215","","11","0","0","0","0","0","0","0","0","","0","0","0","","","0","","0","","40 28:38.560","","0","79 47:57.173","0","0","0","0","2113","0","0","0","N","0","0","0","1","02113","0","","5.0","","7","N","N","","0","","0","0","0","","0","","","1","0","0","0","0","0","0","2","0","1","","","","N","","","","","","","","","",""
"2011004079","","2","0","0","0","0","0","0","0","0","1","0","","02","1","2011","4","40.666991","-79.735278","","11","0","0","0","1","0","0","0","0","1","0","0","0","","","0","","0","","40 40:01.168","3","0","79 44:07.002","0","0","0","0","2202","0","0","0","N","0","0","0","4","02202","0","","1.0","","1","N","N","","0","","0","0","0","","0","N","","2","0","0","0","0","0","0","1","0","2","","","","N","","","","","","","","","",""
"2011005420","","1","0","0","0","0","0","0","0","0","7","0","","02","1","2011","7","40.278843","-80.002713","","11","1","0","0","0","0","0","0","0","1","0","0","0","","","0","","0","","40 16:43.834","1","0","80 00:09.768","0","0","0","0","2219","0","0","0","N","0","0","0","1","02219","0","","5.0","","2","N","N","","0","","0","0","0","","0","N","","1","0","0","0","0","0","0","2","0","1","","","","N","","","","","","","","","",""