"CRN","ARRIVAL_TM","AUTOMOBILE_COUNT","BELTED_DEATH_COUNT","BELTED_SUSP_SERIOUS_INJ_COUNT","BICYCLE_COUNT","BICYCLE_DEATH_COUNT","BICYCLE_SUSP_SERIOUS_INJ_COUNT","BUS_COUNT","CHLDPAS_DEATH_COUNT","CHLDPAS_SUSP_SERIOUS_INJ_COUNT","COLLISION_TYPE","COMM_VEH_COUNT","CONS_ZONE_SPD_LIM","COUNTY","CRASH_MONTH","CRASH_YEAR","DAY_OF_WEEK","DEC_LATITUDE","DEC_LONGITUDE","DISPATCH_TM","DISTRICT","DRIVER_COUNT_16YR","DRIVER_COUNT_17YR","DRIVER_COUNT_18YR","DRIVER_COUNT_19YR","DRIVER_COUNT_20YR","DRIVER_COUNT_50_64YR","DRIVER_COUNT_65_74YR","DRIVER_COUNT_75PLUS","EST_HRS_CLOSED","FATAL_COUNT","HEAVY_TRUCK_COUNT","HORSE_BUGGY_COUNT","HOUR_OF_DAY","ILLUMINATION","INJURY_COUNT","INTERSECTION_RELATED","INTERSECT_TYPE","LANE_CLOSED","LATITUDE","LN_CLOSE_DIR","LOCATION_TYPE","LONGITUDE","MAX_SEVERITY_LEVEL","MCYCLE_DEATH_COUNT","MCYCLE_SUSP_SERIOUS_INJ_COUNT","MOTORCYCLE_COUNT","MUNICIPALITY","NONMOTR_COUNT","NONMOTR_DEATH_COUNT","NONMOTR_SUSP_SERIOUS_INJ_COUNT","NTFY_HIWY_MAINT","PED_COUNT","PED_DEATH_COUNT","PED_SUSP_SERIOUS_INJ_COUNT","PERSON_COUNT","POLICE_AGCY","POSSIBLE_INJ_COUNT","RDWY_SURF_TYPE_CD","RELATION_TO_ROAD","ROADWAY_CLEARED","ROAD_CONDITION","SCH_BUS_IND","SCH_ZONE_IND","SECONDARY_CRASH","SMALL_TRUCK_COUNT","SPEC_JURIS_CD","SUSP_MINOR_INJ_COUNT","SUSP_SERIOUS_INJ_COUNT","SUV_COUNT","TCD_FUNC_CD","TCD_TYPE","TFC_DETOUR_IND","TIME_OF_DAY","TOTAL_UNITS","TOT_INJ_COUNT","UNBELTED_OCC_COUNT","UNB_DEATH_COUNT","UNB_SUSP_SERIOUS_INJ_COUNT","UNK_INJ_DEG_COUNT","UNK_INJ_PER_COUNT","URBAN_RURAL","VAN_COUNT","VEHICLE_COUNT","WEATHER1","WEATHER2","WORKERS_PRES","WORK_ZONE_IND","WORK_ZONE_LOC","WORK_ZONE_TYPE","WZ_CLOSE_DETOUR","WZ_FLAGGER","WZ_LAW_OFFCR_IND","WZ_LN_CLOSURE","WZ_MOVING","WZ_OTHER","WZ_SHLDER_MDN","WZ_WORKERS_INJ_KILLED"
"2011044866","","2","0","0","0","0","0","0","0","0","1","0","","02","4","2011","5","40.517395","-79.958987","","11","0","0","1","1","0","1","0","0","1","0","0","0","","","0","","0","","40 31:02.622","1","0","79 57:32.352","0","0","0","0","2118","0","0","0","N","0","0","0","3","02118","0","","1.0","","1","N","N","","1","","0","0","0","","0","Y","","3","0","0","0","0","0","0","2","0","3","","","","N","","","","","","","","","",""
"2011003012","","1","0","0","0","0","0","0","0","0","7","0","","02","1","2011","5","40.477396","-79.799263","","11","0","0","0","0","0","0","0","0","2","0","0","0","","","0","","0","","40 28:38.624","6","0","79 47:57.347","0","0","0","0","2113","0","0","0","N","0","0","0","1","02113","0","","5.0","","7","N","N","","0","","0","0","0","","0","Y","","1","0","0","0","0","0","0","2","0","1","","","","N","","","","","","","","","",""
"2011003141","","1","0","0","0","0","0","0","0","0","1","0","","02","1","2011","6","40.352173","-79.977658","","11","0","0","0","0","0","1","0","0","","0","0","0","","","0","","1","","40 21:07.821","","0","79 58:39.567","0","0","0","0","2476","0","0","0","N","0","0","0","2","02476","0","","1.0","","9","N","N","","1","","0","0","0","","2","","","2","0","0","0","0","0","0","2","0","2","","","","N","","","","","","","","","",""
"2011004741","","0","0","0","0","0","0","0","0","0","1","0","","02","1","2011","7","40.663148","-79.718396","","11","0","0","0","0","0","1","0","0","2","0","0","0","","","0","","0","","40 39:47.331","1","0","79 43:06.224","0","0","0","0","2106","0","0","0","N","0","0","0","3","68D02","0","","1.0","","9","N","N","","0","","0","0","1","","0","N","","2","0","0","0","0","0","0","2","1","2","","","","N","","","","","","","","","",""
"2011005422","","0","0","0","0","0","0","0","0","0","7","0","","02","1","2011","3","40.582128","-79.970394","","11","0","1","0","0","0","0","0","0","","0","0","0","","","0","","0","","40 34:55.661","","0","79 58:13.420","0","0","0","0","2207","0","0","0","N","0","0","0","1","02207","0","","5.0","","7","N","N","","0","","0","0","1","","0","","","1","0","0","0","0","0","0","2","0","1","","","","N","","","","","","","","","",""
"2011004701","","0","0","0","0","0","0","0","0","0","7","0","","02","1","2011","2","40.350186","-79.949241","","11","0","0","0","0","0","0","0","0","","0","0","0","","","0","","0","","40 21:00.671","","0","79 56:57.266","0","0","0","0","2473","0","0","0","N","0","0","0","1","02473","0","","5.0","","1","N","N","","0","","0","0","1","","0","","","1","0","0","0","0","0","0","2","0","1","","","","N","","","","","","","","","",""
"2011003302","","0","0","0","0","0","0","0","0","0","7","0","","02","1","2011","6","40.483927","-80.142143","","11","0","0","0","0","0","0","0","0","2","0","0","0","","","0","","0","","40 29:02.138","6","0","80 08:31.713","0","0","0","0","2115","0","0","0","N","0","0","0","2","02115","0","","5.0","","9","N","N","","0","","0","0","1","","0","N","","1","0","0","0","0","0","0","2","0","1","","","","N","","","","","","","","","",""
"2011046844","","1","0","0","0","0","0","0","0","0","4","0","","02","5","2011","5","40.627397","-80.052319","","11","0","1","0","0","0","0","0","0","2","0","0","0","","","1","","2","","40 37:38.630","3","0","80 03:08.348","8","0","0","1","2216","0","0","0","N","0","0","0","2","02505","0","","1.0","","1","N","N","","0","","0","0","0","","3","Y","","2","1","0","0","0","1","0","2","0","2","","","","N","","","","","","","","","",""
"2011003014","","2","0","0","0","0","0","0","0","0","4","0","","02","1","2011","6","40.488739","-80.017466","","11","0","0","0","0","0","0","0","0","","0","0","0","","","0","","0","","40 29:19.460","","0","80 01:02.876","0","0","0","0","2301","0","0","0","N","0","0","0","1","02301","0","","6.0","","2","N","N","","0","","0","0","0","","0","","","2","0","0","0","0","0","0","2","0","2","","","","N","","","","","","","","","",""
"2011005423","","0","0","0","0","0","0","0","0","0","7","0","","02","1","2011","1","40.408936","-80.151646","","11","0","0","1","0","0","0","0","0","","0","0","0","","","0","","0","","40 24:32.170","","0","80 09:05.926","0","0","0","0","2102","0","0","0","N","0","0","0","1","02102","0","","2.0","","2","N","N","","1","","0","0","0","","0","","","1","0","0","0","0","0","0","1","0","1","","","","N","","","","","","","","","",""
"2011004704","","0","0","0","0","0","0","0","0","0","7","0","","02","1","2011","6","40.342497","-79.967641","","11","0","0","0","0","0","1","0","0","2","0","0","0","","","0","","0","","40 20:32.990","1","0","79 58:03.509","0","0","0","0","2403","0","0","0","N","0","0","0","1","02403","0","","5.0","","7","N","N","","0","","0","0","1","","0","N","","1","0","0","0","0","0","0","2","0","1","","","","N","","","","","","","","","",""
"2011003960","","3","0","0","0","0","0","0","0","0","1","0","","02","1","2011","3","40.34132","-80.022424","","11","0","0","0","0","0","1","0","0","2","0","0","0","","","2","","1","","40 20:28.753","1","0","80 01:20.728","3","0","0","0","2407","0","0","0","N","0","0","0","6","02407","1","","1.0","","1","N","N","","0","","1","0","0","","0","Y","","3","2","0","0","0","0","0","2","0","3","","","","N","","","","","","","","","",""
"2011003303","","0","0","0","0","0","0","0","0","0","0","0","","02","1","2011","1","40.480112","-80.180806","","11","0","0","0","0","0","0","0","0","2","0","0","0","","","1","","0","","40 28:48.402","2","0","80 10:50.903","3","0","0","1","2213","0","0","0","N","0","0","0","1","02213","0","","2.0","","1","N","N","","0","","1","0","0","","0","N","","1","1","0","0","0","0","0","2","0","1","","","","N","","","","","","","","","",""
"2011046845","","0","0","0","0","0","0","0","0","0","7","0","","02","4","2011","6","40.491675","-80.330257","","11","0","0","0","0","0","1","0","0","1","0","0","0","","","1","","0","","40 29:30.030","4","0","80 19:48.924","4","0","0","0","2203","0","0","0","N","0","0","0","1","02203","1","","2.0","","9","N","N","","0","","0","0","0","","0","N","","1","1","0","0","0","0","0","1","1","1","","","","N","","","","","","","","","",""
"2011044870","","1","0","0","0","0","0","0","0","0","5","0","","02","4","2011","5","","","","11","0","0","0","0","0","1","0","0","","0","0","0","","","0","","6","","","","0","","0","0","0","0","2301","0","0","0","N","0","0","0","4","02301","0","","1.0","","1","N","N","","1","","0","0","0","","0","","","2","0","0","0","0","0","0","1","0","2","","","","N","","","","","","","","","",""
"2011045534","","0","0","0","0","0","0","0","0","0","4","0","","02","4","2011","7","40.434814","-79.786511","","11","0","0","0","0","0","0","1","1","1","0","0","0","","","1","","0","","40 26:05.330","4","0","79 47:11.440","4","0","0","0","2446","0","0","0","N","0","0","0","3","02446","1","","1.0","","1","N","","","1","","0","0","1","","0","Y","","2","1","0","0","0","0","0","2","0","2","","","","N","","","","","","","","","",""
"2011003015","","0","0","0","0","0","0","0","0","0","2","0","","02","1","2011","6","40.421023","-80.000548","","11","0","0","0","0","0","1","0","0","","0","0","0","","","0","","0","","40 25:15.682","","0","80 00:01.972","0","0","0","0","2301","0","0","0","N","0","0","0","2","02301","0","","1.0","","2","N","N","","1","","0","0","1","","0","","","2","0","0","0","0","0","0","2","0","2","","","","N","","","","","","","","","",""
"2011004540","","0","0","0","0","0","0","0","0","0","7","0","","02","1","2011","7","40.526501","-80.159098","","11","0","0","0","0","0","1","0","0","","0","0","0","","","0","","1","","40 31:35.404","","0","80 09:32.754","0","0","0","0","2436","0","0","0","N","0","0","0","1","68B03","0","","4.0","","9","N","N","","0","","0","0","0","","2","","","1","0","0","0","0","0","0","2","1","1","","","","N","","","","","","","","","",""
"2011003842","","2","0","0","0","0","0","0","0","0","1","0","","02","1","2011","6","40.358929","-79.908297","","11","0","0","0","0","0","1","0","1","1","0","0","0","","","0","","3","","40 21:32.146","4","0","79 54:29.870","0","0","0","0","2473","0","0","0","N","0","0","0","2","02473","0","","1.0","","1","N","N","","0","","0","0","0","","2","N","","2","0","0","0","0","0","0","2","0","2","","","","N","","","","","","","","","",""
"2011005424","","1","0","0","0","0","0","0","0","0","2","0","","02","1","2011","3","40.294645","-79.908179","","11","0","0","0","0","0","1","0","0","2","0","0","0","","","3","","0","","40 17:40.722","6","0","79 54:29.443","8","0","0","0","2440","0","0","0","N","0","0","0","4","02440","0","","1.0","","2","N","N","","0","","0","0","1","","0","N","","2","3","2","0","0","3","0","2","0","2","","","","N","","","","","","","","","",""
"2011004784","","0","0","0","0","0","0","0","0","0","8","0","","02","1","2011","3","40.436358","-79.996493","","11","0","0","0","0","0","0","0","0","1","0","0","0","","","1","","2","","40 26:10.887","7","0","79 59:47.375","8","0","0","0","2301","1","0","0","N","1","0","0","2","02301","0","","1.0","","1","N","N","","0","","0","0","1","","0","N","","2","1","0","0","0","1","0","2","0","1","","","","N","","","","","","","","","",""
"2011003304","","0","0","0","0","0","0","0","0","0","7","0","","02","1","2011","5","40.530074","-80.23084","","11","0","0","0","0","0","0","0","0","2","0","0","0","","","1","","0","","40 31:48.267","4","0","80 13:51.023","4","0","0","0","2213","0","0","0","N","0","0","0","1","02213","1","","2.0","","7","N","N","","0","","0","0","1","","0","N","","1","1","0","0","0","0","0","2","0","1","","","","N","","","","","","","","","",""
"2011005299","","1","0","0","0","0","0","0","0","0","0","0","","02","1","2011","4","","","","11","0","0","0","1","0","0","0","0","","0","0","0","","","0","","0","","","","7","","0","0","0","0","2214","0","0","0","N","0","0","0","1","02214","0","","1.0","","7","N","N","","0","","0","0","0","","0","","","1","0","0","0","0","0","0","1","0","1","","","","N","","","","","","","","","",""
"2011004541","","1","0","0","0","0","0","0","0","0","7","0","","02","1","2011","7","40.621054","-80.096021","","11","0","0","0","0","0","1","0","0","","0","0","0","","","0","","0","","40 37:15.796","","0","80 05:45.675","0","0","0","0","2212","0","0","0","N","0","0","0","1","68B03","0","","4.0","","9","N","N","","0","","0","0","0","","0","","","1","0","0","0","0","0","0","2","0","1","","","","N","","","","","","","","","",""
"2011005426","","0","0","0","0","0","0","0","0","0","4","0","","02","1","2011","3","40.486298","-80.05411","","11","0","0","0","0","0","1","0","0","2","0","0","0","","","2","","2","","40 29:10.672","2","0","80 03:14.795","4","0","0","0","2404","0","0","0","N","0","0","0","3","02404","2","","1.0","","7","N","N","","0","","0","0","2","","0","N","","2","2","0","0","0","0","0","2","0","2","","","","N","","","","","","","","","",""
"2011003938","","1","0","0","0","0","0","0","0","0","1","0","","02","1","2011","7","40.447949","-80.2447","","11","0","0","0","0","0","2","0","0","2","0","0","0","","","0","","2","","40 26:52.617","3","0","80 14:40.921","0","0","0","0","2214","0","0","0","N","0","0","0","2","02214","0","","1.0","","1","N","N","","0","","0","0","1","","0","N","","2","0","1","0","0","0","0","2","0","2","","","","N","","","","","","","","","",""
"2011003305","","1","0","0","0","0","0","0","0","0","7","0","","02","1","2011","5","40.516714","-80.192611","","11","0","0","0","0","0","0","0","0","","0","0","0","","","1","","0","","40 31:00.172","","0","80 11:33.400","8","0","0","0","2213","0","0","0","N","0","0","0","1","02213","0","","4.0","","2","N","N","","0","","0","0","0","","0","","","1","1","0","0","0","1","0","2","0","1","","","","N","","","","","","","","","",""
"2011003306","","1","0","0","0","0","0","0","0","0","7","0","","02","1","2011","5","40.498094","-80.202319","","11","0","0","0","0","0","0","0","0","2","0","0","0","","","0","","0","","40 29:53.137","3","0","80 12:08.350","0","0","0","0","2213","0","0","0","N","0","0","0","2","02213","0","","4.0","","7","N","N","","0","","0","0","0","","0","N","","1","0","0","0","0","0","0","2","0","1","","","","N","","","","","","","","","",""
"2011044873","","2","0","0","0","0","0","0","0","0","6","0","","02","4","2011","4","40.472491","-79.832602","","11","0","0","0","0","0","0","1","0","2","0","0","0","","","1","","0","","40 28:20.969","6","0","79 49:57.368","4","0","0","0","2113","0","0","0","N","0","0","0","3","02113","1","","1.0","","1","N","N","","0","","0","0","0","","0","N","","2","1","0","0","0","0","0","2","0","2","","","","N","","","","","","","","","",""
"2011005260","","0","0","0","0","0","0","0","0","0","7","0","","02","1","2011","3","40.3893","-79.9341","","11","0","0","0","0","0","0","0","0","","0","0","0","","","0","","0","","40 23:21.480","","2","79 56:02.760","0","0","0","0","2301","0","0","0","N","0","0","0","1","02301","0","","2.0","","2","N","N","","0","","0","0","1","","0","","","1","0","0","0","0","0","0","2","0","1","","","","N","","","","","","","","","",""
"2011005428","","0","0","0","0","0","0","0","0","0","7","0","","02","1","2011","1","40.498717","-80.013002","","11","0","0","0","0","0","0","0","0","1","0","0","0","","","0","","0","","40 29:55.381","2","0","80 00:46.806","0","0","0","0","2116","0","0","0","N","0","0","0","1","02116","0","","3.0","","2","N","N","","1","","0","0","0","","0","N","","1","0","0","0","0","0","0","2","0","1","","","","N","","","","","","","","","",""
"2011003215","","1","0","0","0","0","0","0","0","0","1","0","","02","1","2011","6","40.396874","-79.998647","","11","0","0","0","0","0","1","0","0","","0","0","0","","","0","","0","","40 23:48.745","","0","79 59:55.129","0","0","0","0","2301","0","0","0","N","0","0","0","2","02301","0","","1.0","","2","N","N","","0","","0","0","1","","0","","","2","0","0","0","0","0","0","2","0","2","","","","N","","","","","","","","","",""
"2011003308","","1","0","0","0","0","0","0","0","0","7","0","","02","1","2011","5","40.29731","-80.042333","","11","0","0","0","0","0","0","0","0","2","0","0","0","","","2","","0","","40 17:50.315","6","0","80 02:32.397","3","0","0","0","2407","0","0","0","N","0","0","0","2","02407","0","","5.0","","2","N","N","","0","","2","0","0","","0","Y","","1","2","0","0","0","0","0","2","0","1","","","","N","","","","","","","","","",""
"2011046248","","1","0","0","0","0","0","0","0","0","0","0","","02","5","2011","1","40.561121","-79.800812","","11","0","0","0","0","0","0","0","0","","0","0","0","","","0","","0","","40 33:40.037","","0","79 48:02.922","0","0","0","0","2121","0","0","0","N","0","0","0","2","68D02","0","","1.0","","1","N","N","","0","","0","0","0","","0","","","1","0","1","0","0","0","0","2","0","1","","","","N","","","","","","","","","",""
"2011005261","","1","0","0","0","0","0","0","0","0","7","0","","02","1","2011","6","40.387422","-79.992257","","11","0","0","0","0","0","0","0","0","","0","0","0","","","0","","2","","40 23:14.719","","0","79 59:32.125","0","0","0","0","2301","0","0","0","N","0","0","0","1","02301","0","","5.0","","7","N","N","","0","","0","0","0","","0","","","1","0","0","0","0","0","0","2","0","1","","","","N","","","","","","","","","",""
"2011003849","","2","0","0","0","0","0","0","0","0","4","0","","02","1","2011","6","40.5279","-80.017712","","11","0","0","0","0","0","0","1","0","1","0","0","0","","","2","","2","","40 31:40.440","1","0","80 01:03.763","8","0","0","0","2116","0","0","0","N","0","0","0","2","02116","0","","1.0","","1","N","N","","0","","0","0","0","","3","N","","2","2","0","0","0","2","0","2","0","2","","","","N","","","","","","","","","",""
"2011003941","","1","0","0","0","0","0","0","0","0","1","0","","02","1","2011","1","40.419392","-80.04382","","11","0","0","0","0","0","1","0","0","","0","0","0","","","0","","0","","40 25:09.811","","0","80 02:37.752","0","0","0","0","2435","0","0","0","N","0","0","0","1","02435","0","","1.0","","1","N","N","","0","","0","0","1","","0","","","2","0","0","0","0","0","0","2","0","2","","","","N","","","","","","","","","",""
"2011004788","","2","0","0","0","0","0","0","0","0","4","0","","02","1","2011","2","40.541053","-79.804163","","11","0","0","0","0","1","0","0","0","2","0","0","0","","","0","","2","","40 32:27.791","2","0","79 48:14.988","0","0","0","0","2208","0","0","0","N","0","0","0","2","02208","0","","1.0","","1","N","N","","0","","0","0","0","","3","N","","2","0","0","0","0","0","0","2","0","2","","","","N","","","","","","","","","",""
"2011044875","","1","0","0","0","0","0","0","0","0","4","0","","02","4","2011","5","40.516627","-79.874795","","11","0","1","0","0","0","0","0","0","","0","0","0","","","0","","0","","40 30:59.857","","0","79 52:29.262","0","0","0","0","2432","0","0","0","N","0","0","0","4","02432","0","","1.0","","1","N","N","","0","","0","0","1","","0","","","2","0","0","0","0","0","0","2","0","2","","","","N","","","","","","","","","",""
"2011005303","","1","0","0","0","0","0","0","0","0","7","0","","02","1","2011","4","40.201214","-79.914328","","11","0","0","0","0","0","0","0","0","2","0","0","0","","","0","","1","","40 12:04.371","2","3","79 54:51.579","0","0","0","0","2204","0","0","0","Y","0","0","0","1","02204","0","","2.0","","7","N","N","","0","","0","0","0","","0","N","","1","0","0","0","0","0","0","2","0","1","","","","N","","","","","","","","","",""
"2011003769","","2","0","0","0","0","0","0","0","0","4","0","","02","1","2011","4","40.509225","-80.091429","","11","0","0","0","0","0","0","0","0","2","0","0","0","","","1","","1","","40 30:33.211","1","0","80 05:29.146","4","0","0","0","2429","0","0","0","N","0","0","0","2","02402","1","","1.0","","1","N","N","","0","","0","0","0","","2","N","","2","1","1","0","0","0","0","2","0","2","","","","N","","","","","","","","","",""
"2011004800","","2","0","0","0","0","0","0","0","0","4","0","","02","1","2011","2","40.351403","-79.821277","","11","0","0","0","0","1","0","0","0","","0","0","0","","","1","","1","","40 21:05.052","","0","79 49:16.596","4","0","0","0","2477","0","0","0","N","0","0","0","2","02477","1","","1.0","","1","N","","","0","","0","0","0","","3","","","2","1","0","0","0","0","0","2","0","2","","","","N","","","","","","","","","",""
"2011004791","","1","0","0","0","0","0","0","0","0","8","0","","02","1","2011","2","40.519013","-80.004793","","11","0","0","0","0","0","0","0","1","1","0","0","0","","","1","","0","","40 31:08.448","1","7","80 00:17.256","8","0","0","0","2116","1","0","0","N","1","0","0","2","02116","0","","1.0","","1","N","N","","0","","0","0","0","","2","N","","2","1","0","0","0","1","0","2","0","1","","","","N","","","","","","","","","",""
"2011004802","","2","0","0","0","0","0","0","0","0","4","0","","02","1","2011","7","40.404921","-79.871282","","11","0","0","0","0","0","0","0","0","","0","0","0","","","0","","1","","40 24:17.715","","0","79 52:16.615","9","0","0","0","2410","0","0","0","N","0","0","0","1","02410","0","","4.0","","1","N","N","","0","","0","0","0","","0","","","2","0","0","0","0","0","1","2","0","2","","","","N","","","","","","","","","",""
"2011002970","","0","0","0","0","0","0","0","0","0","7","0","","02","1","2011","5","40.500048","-79.977121","","11","0","0","0","0","1","0","0","0","1","0","0","0","","","0","","0","","40 30:00.171","2","0","79 58:37.636","0","0","0","0","2118","0","0","0","N","0","0","0","1","02118","0","","4.0","","7","N","N","","0","","0","0","1","","0","N","","1","0","0","0","0","0","0","2","0","1","","","","N","","","","","","","","","",""
"2011003154","","1","0","0","0","0","0","0","0","0","4","0","","02","1","2011","5","40.366747","-79.820385","","11","0","0","0","0","0","0","0","0","1","0","0","0","","","1","","0","","40 22:00.288","1","0","79 49:13.387","8","0","0","0","2111","0","0","0","Y","0","0","0","2","02111","0","","1.0","","7","N","N","","1","","0","0","0","","0","N","","2","1","0","0","0","1","0","2","0","2","","","","N","","","","","","","","","",""
"2011003219","","2","0","0","0","0","0","0","0","0","1","0","","02","1","2011","2","40.540717","-80.012379","","11","0","0","0","0","0","0","0","1","1","0","0","0","","","1","","0","","40 32:26.582","2","0","80 00:44.565","4","0","0","0","2116","0","0","0","N","0","0","0","2","02116","1","","1.0","","1","N","N","","0","","0","0","0","","0","Y","","2","1","0","0","0","0","0","2","0","2","","","","N","","","","","","","","","",""
"2011002972","","2","0","0","0","0","0","0","0","0","2","0","","02","1","2011","5","40.485305","-80.009501","","11","0","0","0","0","1","0","0","0","2","0","0","0","","","1","","3","","40 29:07.098","1","0","80 00:34.205","4","0","0","0","2301","0","0","0","N","0","0","0","3","02301","1","","1.0","","9","N","N","","0","","0","0","0","","2","Y","","2","1","0","0","0","0","0","2","0","2","","","","N","","","","","","","","","",""
"2011005461","","1","0","0","0","0","0","0","0","0","4","0","","02","1","2011","7","40.374511","-80.094911","","11","0","0","0","0","0","0","0","1","1","0","0","0","","","0","","0","","40 22:28.241","2","0","80 05:41.681","0","0","0","0","2117","0","0","0","N","0","0","0","2","02117","0","","1.0","","1","N","N","","0","","0","0","1","","0","N","","2","0","0","0","0","0","0","2","0","2","","","","N","","","","","","","","","",""
"2011045544","","1","0","0","0","0","0","0","0","0","7","0","","02","5","2011","1","40.331479","-80.113483","","11","0","0","0","0","0","0","0","0","","0","0","0","","","0","","0","","40 19:53.324","","0","80 06:48.538","0","0","0","0","2119","0","0","0","N","0","0","0","1","02119","0","","2.0","","1","N","N","","0","","0","0","0","","0","","","1","0","0","0","0","0","0","2","0","1","","","","N","","","","","","","","","",""
"2011002973","","1","0","0","0","0","0","0","0","0","7","0","","02","1","2011","5","40.520369","-79.975571","","11","0","0","0","0","0","0","0","0","2","0","0","0","","","0","","0","","40 31:13.328","2","0","79 58:32.055","0","0","0","0","2118","0","0","0","N","0","0","0","1","02118","0","","5.0","","7","N","N","","0","","0","0","0","","0","N","","1","0","0","0","0","0","0","2","0","1","","","","N","","","","","","","","","",""
"2011003196","","2","0","0","0","0","0","0","0","0","4","0","","02","1","2011","6","40.440469","-79.991552","","11","0","0","0","0","0","0","0","0","1","0","0","0","","","0","","1","","40 26:25.687","2","0","79 59:29.586","9","0","0","0","2301","0","0","0","N","0","0","0","2","02301","0","","1.0","","9","N","N","","0","","0","0","0","","2","N","","2","0","0","0","0","0","1","2","0","2","","","","N","","","","","","","","","",""
"2011004795","","1","0","0","0","0","0","0","0","0","8","0","","02","1","2011","3","40.444431","-79.954831","","11","0","0","1","0","0","0","0","0","1","0","0","0","","","2","","1","","40 26:39.951","4","0","79 57:17.391","8","0","0","0","2301","2","0","0","N","2","0","0","3","02301","0","","1.0","","1","N","N","","0","","0","0","0","","2","N","","3","2","0","0","0","2","0","2","0","1","","","","N","","","","","","","","","",""
"2011004806","","2","0","0","0","0","0","0","0","0","4","0","","02","1","2011","3","40.443962","-79.923858","","11","0","0","0","0","0","0","0","1","","0","0","0","","","1","","2","","40 26:38.262","","0","79 55:25.887","4","0","0","0","2301","0","0","0","N","0","0","0","4","02301","1","","1.0","","9","N","N","","0","","0","0","0","","3","","","2","1","0","0","0","0","1","2","0","2","","","","N","","","","","","","","","",""
"2011003948","","1","0","0","0","0","0","0","0","0","4","0","","02","1","2011","1","40.409424","-80.081716","","11","0","0","0","0","1","0","0","0","1","0","0","0","","","1","","1","","40 24:33.927","7","0","80 04:54.178","3","0","0","0","2415","0","0","0","N","0","0","0","3","02415","0","","1.0","","1","N","N","","0","","1","0","0","","2","N","","2","1","0","0","0","0","0","2","1","2","","","","N","","","","","","","","","",""
"2011045546","","1","0","0","0","0","0","0","0","0","8","0","","02","5","2011","1","40.465475","-79.929466","","11","0","0","0","0","0","0","1","0","1","0","0","0","","","1","","0","","40 27:55.710","2","0","79 55:46.078","8","0","0","0","2301","1","0","0","N","1","0","0","2","02301","0","","1.0","","9","N","N","","0","","0","0","0","","2","N","","2","1","0","0","0","1","0","2","0","1","","","","N","","","","","","","","","",""
"2011004658","","1","0","0","0","0","0","0","0","0","6","0","","02","1","2011","2","40.524297","-80.071025","","11","0","0","0","0","0","0","0","0","","0","0","0","","","0","","1","","40 31:27.468","","2","80 04:15.691","0","0","0","0","2215","0","0","0","N","0","0","0","2","02215","0","","1.0","","1","N","N","","0","","0","0","1","","2","","","2","0","0","0","0","0","0","2","0","2","","","","N","","","","","","","","","",""
"2011003268","","0","0","0","0","0","0","0","0","0","7","0","","02","1","2011","3","40.560427","-80.223778","","11","0","0","0","0","0","1","0","0","","0","0","0","","","1","","0","","40 33:37.537","","0","80 13:25.599","4","0","0","0","2103","0","0","0","","0","0","0","1","02103","1","","2.0","","1","","","","1","","0","0","0","","0","","","1","1","0","0","0","0","0","2","0","1","","","","N","","","","","","","","","",""
"2011046190","","2","0","0","0","0","0","0","0","0","7","0","","02","4","2011","1","40.448652","-80.002304","","11","0","0","0","0","0","2","0","0","2","0","0","0","","","0","","1","","40 26:55.147","3","0","80 00:08.294","0","0","0","0","2301","0","0","0","N","0","0","0","2","02301","0","","2.0","","9","N","N","","0","","0","0","0","","2","N","","2","0","0","0","0","0","0","2","0","2","","","","N","","","","","","","","","",""
"2011046859","","2","0","0","0","0","0","0","0","0","4","0","","02","5","2011","5","40.447804","-79.937083","","11","0","0","0","0","0","0","0","0","1","0","0","0","","","0","","0","","40 26:52.094","6","0","79 56:13.498","0","0","0","0","2301","0","0","0","N","0","0","0","5","02301","0","","1.0","","1","N","N","","0","","0","0","0","","2","N","","2","0","0","0","0","0","0","2","0","2","","","","N","","","","","","","","","",""
"2011044883","","1","0","0","0","0","0","0","0","0","4","0","","02","4","2011","5","40.43647","-79.962338","","11","0","0","0","0","0","1","0","0","","0","0","0","","","0","","2","","40 26:11.292","","0","79 57:44.416","0","0","0","0","2301","0","0","0","N","0","0","0","2","02301","0","","1.0","","1","N","N","","0","","0","0","0","","0","","","2","0","0","0","0","0","0","2","1","2","","","","N","","","","","","","","","",""
"2011005312","","2","0","0","0","0","0","0","0","0","4","0","","02","1","2011","3","40.490489","-80.048284","","11","0","0","0","0","0","0","0","0","","0","0","0","","","0","","0","","40 29:25.760","","0","80 02:53.822","0","0","0","0","2404","0","0","0","N","0","0","0","1","02404","0","","1.0","","7","N","N","","0","","0","0","0","","0","","","2","0","0","0","0","0","0","2","0","2","","","","N","","","","","","","","","",""
"2011004030","","0","0","0","0","0","0","0","0","0","7","0","","02","1","2011","5","40.497376","-79.925456","","11","0","0","0","1","0","0","0","1","3","0","0","0","","","2","","0","","40 29:50.552","1","3","79 55:31.643","4","0","0","0","2112","0","0","0","N","0","0","0","4","68D02","2","","2.0","","2","N","N","","1","","0","0","2","","0","N","","3","2","1","0","0","0","0","2","0","3","","","","N","","","","","","","","","",""