"CRN","ARRIVAL_TM","AUTOMOBILE_COUNT","BELTED_DEATH_COUNT","BELTED_SUSP_SERIOUS_INJ_COUNT","BICYCLE_COUNT","BICYCLE_DEATH_COUNT","BICYCLE_SUSP_SERIOUS_INJ_COUNT","BUS_COUNT","CHLDPAS_DEATH_COUNT","CHLDPAS_SUSP_SERIOUS_INJ_COUNT","COLLISION_TYPE","COMM_VEH_COUNT","CONS_ZONE_SPD_LIM","COUNTY","CRASH_MONTH","CRASH_YEAR","DAY_OF_WEEK","DEC_LATITUDE","DEC_LONGITUDE","DISPATCH_TM","DISTRICT","DRIVER_COUNT_16YR","DRIVER_COUNT_17YR","DRIVER_COUNT_18YR","DRIVER_COUNT_19YR","DRIVER_COUNT_20YR","DRIVER_COUNT_50_64YR","DRIVER_COUNT_65_74YR","DRIVER_COUNT_75PLUS","EST_HRS_CLOSED","FATAL_COUNT","HEAVY_TRUCK_COUNT","HORSE_BUGGY_COUNT","HOUR_OF_DAY","ILLUMINATION","INJURY_COUNT","INTERSECTION_RELATED","INTERSECT_TYPE","LANE_CLOSED","LATITUDE","LN_CLOSE_DIR","LOCATION_TYPE","LONGITUDE","MAX_SEVERITY_LEVEL","MCYCLE_DEATH_COUNT","MCYCLE_SUSP_SERIOUS_INJ_COUNT","MOTORCYCLE_COUNT","MUNICIPALITY","NONMOTR_COUNT","NONMOTR_DEATH_COUNT","NONMOTR_SUSP_SERIOUS_INJ_COUNT","NTFY_HIWY_MAINT","PED_COUNT","PED_DEATH_COUNT","PED_SUSP_SERIOUS_INJ_COUNT","PERSON_COUNT","POLICE_AGCY","POSSIBLE_INJ_COUNT","RDWY_SURF_TYPE_CD","RELATION_TO_ROAD","ROADWAY_CLEARED","ROAD_CONDITION","SCH_BUS_IND","SCH_ZONE_IND","SECONDARY_CRASH","SMALL_TRUCK_COUNT","SPEC_JURIS_CD","SUSP_MINOR_INJ_COUNT","SUSP_SERIOUS_INJ_COUNT","SUV_COUNT","TCD_FUNC_CD","TCD_TYPE","TFC_DETOUR_IND","TIME_OF_DAY","TOTAL_UNITS","TOT_INJ_COUNT","UNBELTED_OCC_COUNT","UNB_DEATH_COUNT","UNB_SUSP_SERIOUS_INJ_COUNT","UNK_INJ_DEG_COUNT","UNK_INJ_PER_COUNT","URBAN_RURAL","VAN_COUNT","VEHICLE_COUNT","WEATHER1","WEATHER2","WORKERS_PRES","WORK_ZONE_IND","WORK_ZONE_LOC","WORK_ZONE_TYPE","WZ_CLOSE_DETOUR","WZ_FLAGGER","WZ_LAW_OFFCR_IND","WZ_LN_CLOSURE","WZ_MOVING","WZ_OTHER","WZ_SHLDER_MDN","WZ_WORKERS_INJ_KILLED"
"2011005561","","1","0","0","0","0","0","0","0","0","4","0","","02","1","2011","4","40.255314","-79.852413","","11","0","0","0","0","0","1","0","0","2","0","0","0","","","0","","3","","40 15:19.131","1","0","79 51:08.686","0","0","0","0","2105","0","0","0","N","0","0","0","2","02105","0","","1.0","","9","N","N","","1","","0","0","0","","3","N","","2","0","0","0","0","0","0","1","0","2","","","","N","","","","","","","","","",""
"2011045549","","1","0","0","0","0","0","0","0","0","4","0","","02","4","2011","7","40.655143","-80.086736","","11","0","0","1","0","0","0","0","0","","0","0","0","","","0","","1","","40 39:18.514","","0","80 05:12.251","0","0","0","0","2212","0","0","0","N","0","0","0","4","02505","0","","1.0","","1","N","N","","0","","0","0","1","","2","","","2","0","0","0","0","0","0","2","0","2","","","","N","","","","","","","","","",""
"2011005441","","1","0","0","0","0","0","0","0","0","4","0","","02","1","2011","2","40.374767","-80.094776","","11","0","0","0","0","0","1","1","0","1","0","0","0","","","0","","0","","40 22:29.161","3","0","80 05:41.193","9","0","0","0","2117","0","0","0","N","0","0","0","2","02117","0","","1.0","","98","N","N","","1","","0","0","0","","0","N","","2","0","0","0","0","0","1","2","0","2","","","","N","","","","","","","","","",""
"2011005510","","1","0","0","0","0","0","0","0","0","7","0","","02","1","2011","4","40.476386","-79.799023","","11","0","0","0","0","0","1","0","0","","0","0","0","","","0","","0","","40 28:34.989","","0","79 47:56.482","0","0","0","0","2113","0","0","0","N","0","0","0","1","02113","0","","5.0","","7","N","N","","0","","0","0","0","","0","","","1","0","0","0","0","0","0","2","0","1","","","","N","","","","","","","","","",""
"2011005562","","1","0","0","0","0","0","0","0","0","4","0","","02","1","2011","4","40.469053","-80.066236","","11","0","0","0","0","0","1","0","0","2","0","0","0","","","1","","0","","40 28:08.591","5","0","80 03:58.450","4","0","0","0","2444","0","0","0","N","0","0","0","3","02444","1","","1.0","","9","N","N","","0","","0","0","1","","0","Y","","2","1","0","0","0","0","0","2","0","2","","","","N","","","","","","","","","",""
"2011044886","","2","0","0","0","0","0","0","0","0","4","0","","02","4","2011","5","40.365088","-79.775321","","11","0","0","0","0","0","1","0","0","","0","0","0","","","3","","0","","40 21:54.316","","7","79 46:31.155","4","0","0","0","2111","0","0","0","N","0","0","0","3","02111","3","","1.0","","9","N","N","","0","","0","0","0","","0","","","2","3","0","0","0","0","0","2","0","2","","","","N","","","","","","","","","",""
"2011005563","","1","0","0","0","0","0","0","0","0","7","0","","02","1","2011","7","40.312468","-79.806264","","11","0","0","0","0","0","0","0","0","3","0","0","0","","","1","","3","","40 18:44.885","6","0","79 48:22.550","8","0","0","0","2105","0","0","0","N","0","0","0","4","02105","0","","3.0","","7","N","N","","0","","0","0","0","","0","N","","1","1","0","0","0","1","0","2","0","1","","","","N","","","","","","","","","",""
"2011046193","","0","0","0","0","0","0","0","0","0","4","0","","02","4","2011","3","40.352978","-79.91732","","11","0","0","0","0","0","1","0","0","2","0","0","0","","","1","","2","","40 21:10.719","3","0","79 55:02.352","3","0","0","0","2473","0","0","0","N","0","0","0","2","02473","0","","1.0","","1","N","N","","1","","1","0","0","","2","N","","2","1","0","0","0","0","0","2","1","2","","","","N","","","","","","","","","",""
"2011044887","","3","0","0","0","0","0","0","0","0","6","0","","02","4","2011","6","40.470654","-79.926659","","11","0","0","0","0","0","1","0","0","","0","0","0","","","1","","2","","40 28:14.354","","0","79 55:35.972","4","0","0","0","2301","0","0","0","N","0","0","0","4","02301","1","","1.0","","9","N","N","","0","","0","0","0","","0","","","3","1","4","0","0","0","0","2","0","3","","","","N","","","","","","","","","",""
"2011005315","","1","0","0","0","0","0","0","0","0","7","0","","02","1","2011","7","40.45323","-79.995509","","11","0","0","0","0","0","0","0","0","","0","0","0","","","0","","0","","40 27:11.628","","2","79 59:43.833","0","0","0","0","2301","0","0","0","N","0","0","0","1","02301","0","","4.0","","2","N","N","","0","","0","0","0","","0","","","1","0","0","0","0","0","0","2","0","1","","","","N","","","","","","","","","",""
"2011003858","","1","0","0","0","0","0","0","0","0","1","0","","02","1","2011","7","40.498219","-80.020249","","11","0","0","0","0","0","0","1","0","","0","0","0","","","1","","2","","40 29:53.588","","0","80 01:12.897","8","0","0","0","2116","0","0","0","N","0","0","0","3","02116","0","","1.0","","9","N","N","","0","","0","0","1","","2","","","3","1","0","0","0","1","0","2","1","3","","","","N","","","","","","","","","",""
"2011003273","","2","0","0","0","0","0","0","0","0","1","0","","02","1","2011","6","40.461891","-80.031975","","11","0","0","0","1","0","0","0","0","","0","0","0","","","0","","0","","40 27:42.808","","0","80 01:55.110","0","0","0","0","2301","0","0","0","N","0","0","0","2","02301","0","","1.0","","9","N","N","","0","","0","0","0","","0","","","2","0","0","0","0","0","0","2","0","2","","","","N","","","","","","","","","",""
"2011044888","","1","0","0","0","0","0","0","0","0","7","0","","02","4","2011","5","40.436053","-79.967918","","11","0","0","0","0","0","0","0","0","","0","0","0","","","1","","7","","40 26:09.791","","2","79 58:04.506","3","0","0","0","2301","0","0","0","N","0","0","0","1","02301","0","","1.0","","9","N","N","","0","","1","0","0","","0","","","1","1","0","0","0","0","0","2","0","1","","","","N","","","","","","","","","",""
"2011045553","","3","0","0","0","0","0","0","0","0","1","0","","02","4","2011","3","40.634446","-80.00525","","11","1","2","0","0","0","0","0","0","2","0","0","0","","","0","","0","","40 38:04.007","2","0","80 00:18.900","0","0","0","0","2216","0","0","0","N","0","0","0","4","02505","0","","1.0","","9","N","N","","0","","0","0","0","","0","N","","3","0","0","0","0","0","0","2","0","3","","","","N","","","","","","","","","",""
"2011002980","","0","0","0","0","0","0","0","0","0","7","0","","02","1","2011","5","40.351764","-79.828104","","11","0","0","0","0","0","0","0","0","","0","0","0","","","0","","0","","40 21:06.350","","0","79 49:41.175","0","0","0","0","2477","0","0","0","N","0","0","0","1","02477","0","","2.0","","7","N","N","","0","","0","0","1","","0","","","1","0","0","0","0","0","0","2","0","1","","","","N","","","","","","","","","",""
"2011005566","","1","0","0","0","0","0","0","0","0","7","0","","02","1","2011","3","40.450151","-80.112175","","11","0","0","0","0","0","0","0","0","1","0","0","0","","","1","","0","","40 27:00.542","4","0","80 06:43.831","4","0","0","0","2115","0","0","0","N","0","0","0","1","02115","1","","2.0","","7","N","N","","0","","0","0","0","","0","N","","1","1","0","0","0","0","0","2","0","1","","","","N","","","","","","","","","",""
"2011046195","","0","0","0","0","0","0","0","0","0","2","0","","02","5","2011","3","40.468096","-79.883344","","11","0","0","0","0","0","1","0","0","2","0","0","0","","","1","","2","","40 28:05.145","6","0","79 53:00.038","4","0","0","0","2113","0","0","0","N","0","0","0","2","02113","1","","1.0","","1","N","N","","1","","0","0","1","","3","Y","","2","1","0","0","0","0","0","2","0","2","","","","N","","","","","","","","","",""
"2011045554","","1","0","0","0","0","0","0","0","0","7","0","","02","5","2011","1","40.491427","-80.330743","","11","0","0","0","0","0","0","0","0","","0","0","0","","","1","","0","","40 29:29.137","","0","80 19:50.674","4","0","0","0","2203","0","0","0","N","0","0","0","1","02203","1","","5.0","","1","N","N","","0","","0","0","0","","0","","","1","1","0","0","0","0","0","1","0","1","","","","N","","","","","","","","","",""
"2011003807","","1","0","0","0","0","0","0","0","0","7","0","","02","1","2011","6","40.549676","-79.997787","","11","0","0","0","0","0","0","0","0","1","0","0","0","","","0","","0","","40 32:58.833","2","0","79 59:52.033","0","0","0","0","2116","0","0","0","N","0","0","0","1","02116","0","","2.0","","7","N","N","","0","","0","0","0","","0","N","","1","0","0","0","0","0","0","2","0","1","","","","N","","","","","","","","","",""
"2011003109","","0","0","0","0","0","0","0","0","0","7","0","","02","1","2011","5","40.282807","-79.910742","","11","0","0","0","0","0","1","0","0","2","0","0","0","","","1","","0","","40 16:58.104","2","0","79 54:38.670","4","0","0","0","2440","0","0","0","N","0","0","0","1","02440","1","","4.0","","2","N","N","","1","","0","0","0","","0","Y","","1","1","0","0","0","0","0","2","0","1","","","","N","","","","","","","","","",""
"2011003862","","2","0","0","0","0","0","0","0","0","4","0","","02","1","2011","1","40.438396","-80.00199","","11","0","0","0","0","0","0","0","0","","0","0","0","","","0","","1","","40 26:18.226","","0","80 00:07.164","0","0","0","0","2301","0","0","0","N","0","0","0","3","02301","0","","1.0","","1","N","N","","0","","0","0","0","","2","","","2","0","0","0","0","0","0","2","0","2","","","","N","","","","","","","","","",""
"2011004665","","1","0","0","0","0","0","0","0","0","8","0","","02","1","2011","2","40.449819","-79.929656","","11","0","0","0","0","0","0","0","0","","0","0","0","","","1","","1","","40 26:59.348","","0","79 55:46.761","4","0","0","0","2301","1","0","0","N","1","0","0","2","02301","1","","1.0","","1","N","N","","0","","0","0","0","","2","","","2","1","0","0","0","0","0","2","0","1","","","","N","","","","","","","","","",""
"2011005568","","1","0","0","0","0","0","0","0","0","4","0","","02","1","2011","3","40.53419","-80.22885","","11","0","0","0","0","0","0","0","0","","0","0","0","","","1","","1","","40 32:03.083","","0","80 13:43.861","8","0","0","0","2213","0","0","0","N","0","0","0","2","02213","0","","1.0","","1","N","N","","1","","0","0","0","","3","","","2","1","0","0","0","1","0","2","0","2","","","","N","","","","","","","","","",""
"2011046866","","2","0","0","0","0","0","0","0","0","5","0","","02","4","2011","7","40.403209","-79.837626","","11","0","0","0","0","0","0","0","0","","0","0","0","","","0","","0","","40 24:11.552","","0","79 50:15.455","0","0","0","0","2449","0","0","0","N","0","0","0","1","02449","0","","6.0","","1","N","N","","0","","0","0","1","","0","","","3","0","1","0","0","0","0","2","0","3","","","","N","","","","","","","","","",""
"2011002983","","1","0","0","0","0","0","0","0","0","7","0","","02","1","2011","7","40.615688","-79.790847","","11","0","0","0","0","0","0","0","0","2","0","0","0","","","0","","0","","40 36:56.476","6","0","79 47:27.049","0","0","0","0","2206","0","0","0","N","0","0","0","2","02206","0","","5.0","","1","N","N","","0","","0","0","0","","0","N","","1","0","0","0","0","0","0","1","0","1","","","","N","","","","","","","","","",""
"2011003788","","1","0","0","0","0","0","0","0","0","1","0","","02","1","2011","4","40.442204","-79.762815","","11","0","0","0","0","0","0","1","1","","0","0","0","","","3","","0","","40 26:31.933","","0","79 45:46.133","4","0","0","0","2125","0","0","0","N","0","0","0","4","68B03","3","","1.0","","1","N","N","","0","","0","0","1","","0","","","2","3","0","0","0","0","0","2","0","2","","","","N","","","","","","","","","",""
"2011005319","","0","0","0","0","0","0","1","0","0","7","1","","02","1","2011","3","40.558768","-79.877519","","11","0","0","0","0","0","1","0","0","","0","0","0","","","1","","0","","40 33:31.564","","99","79 52:39.068","4","0","0","0","2209","0","0","0","N","0","0","0","1","02209","1","","2.0","","7","Y","N","","0","","0","0","0","","0","","","1","1","0","0","0","0","0","2","0","1","","","","N","","","","","","","","","",""
"2011005471","","1","0","0","0","0","0","0","0","0","7","0","","02","1","2011","1","40.619879","-79.944537","","11","0","0","0","0","0","0","0","0","","0","0","0","","","0","","0","","40 37:11.565","","0","79 56:40.333","0","0","0","0","2217","0","0","0","N","0","0","0","1","02505","0","","4.0","","9","N","N","","0","","0","0","0","","0","","","1","0","0","0","0","0","0","2","0","1","","","","N","","","","","","","","","",""
"2011003231","","0","0","0","0","0","0","0","0","0","2","0","","02","1","2011","6","40.455903","-80.001427","","11","0","0","0","0","0","1","0","0","","0","0","0","","","0","","1","","40 27:21.250","","0","80 00:05.137","0","0","0","0","2301","0","0","0","N","0","0","0","2","02301","0","","1.0","","1","N","N","","0","","0","0","2","","3","","","2","0","0","0","0","0","0","2","0","2","","","","N","","","","","","","","","",""
"2011005569","","0","0","0","0","0","0","0","0","0","99","0","","02","1","2011","5","40.510893","-80.264604","","11","0","0","0","0","0","0","0","0","","0","0","0","","","0","","0","","40 30:39.215","","0","80 15:52.573","0","0","0","0","2213","0","0","0","Y","0","0","0","1","02213","0","","1.0","","7","N","N","","0","","0","0","1","","0","","","1","0","0","0","0","0","0","2","0","1","","","","N","","","","","","","","","",""
"2011004816","","2","0","0","0","0","0","0","0","0","1","0","","02","1","2011","2","40.390709","-80.073989","","11","0","0","0","0","0","0","0","1","","0","0","0","","","0","","0","","40 23:26.554","","0","80 04:26.359","0","0","0","0","2117","0","0","0","N","0","0","0","3","02117","0","","1.0","","1","N","N","","0","","0","0","0","","0","","","2","0","0","0","0","0","0","2","0","2","","","","N","","","","","","","","","",""
"2011046197","","1","0","0","0","0","0","0","0","0","7","0","","02","5","2011","3","40.370968","-79.854814","","11","0","0","0","0","0","0","0","0","","0","0","0","","","0","","2","","40 22:15.484","","0","79 51:17.330","0","0","0","0","2303","0","0","0","N","0","0","0","1","02303","0","","4.0","","9","N","N","","0","","0","0","0","","0","","","1","0","0","0","0","0","0","2","0","1","","","","N","","","","","","","","","",""
"2011004669","","2","0","0","0","0","0","0","0","0","5","0","","02","1","2011","2","40.417461","-79.881477","","11","0","0","0","0","0","0","0","0","1","0","0","0","","","0","","0","","40 25:02.859","5","0","79 52:53.317","0","0","0","0","2463","0","0","0","N","0","0","0","0","02463","0","","2.0","","1","N","N","","0","","0","0","0","","0","Y","","2","0","0","0","0","0","0","2","0","2","","","","N","","","","","","","","","",""
"2011005518","","1","0","0","0","0","0","0","0","0","7","0","","02","1","2011","3","40.478159","-79.750995","","11","0","0","0","0","0","0","0","0","1","0","0","0","","","0","","2","","40 28:41.373","6","0","79 45:03.581","0","0","0","0","2466","0","0","0","N","0","0","0","1","02466","0","","5.0","","7","N","N","","0","","0","0","0","","0","N","","1","0","0","0","0","0","0","2","0","1","","","","N","","","","","","","","","",""
"2011003279","","0","0","0","0","0","0","0","0","0","7","0","","02","1","2011","4","40.426965","-79.949428","","11","0","0","0","0","0","0","0","0","","0","0","0","","","1","","0","","40 25:37.074","","0","79 56:57.940","8","0","0","0","2301","0","0","0","N","0","0","0","1","02301","0","","5.0","","1","N","N","","0","","0","0","1","","0","","","1","1","0","0","0","1","0","2","0","1","","","","N","","","","","","","","","",""
"2011005570","","0","0","0","0","0","0","0","0","0","7","0","","02","1","2011","6","40.524042","-80.188221","","11","0","0","0","0","0","0","0","0","2","0","0","0","","","1","","2","","40 31:26.551","2","0","80 11:17.595","4","0","0","0","2213","0","0","0","N","0","0","0","2","02213","1","","4.0","","7","N","N","","0","","0","0","1","","3","N","","1","1","2","0","0","0","0","2","0","1","","","","N","","","","","","","","","",""
"2011005265","","0","0","0","0","0","0","0","0","0","7","0","","02","1","2011","7","40.538558","-80.051276","","11","0","1","0","0","0","0","0","0","2","0","0","0","","","0","","0","","40 32:18.810","4","0","80 03:04.594","0","0","0","0","2116","0","0","0","N","0","0","0","1","02116","0","","2.0","","2","N","N","","1","","0","0","0","","0","Y","","1","0","0","0","0","0","0","2","0","1","","","","N","","","","","","","","","",""
"2011004637","","1","0","0","0","0","0","0","0","0","1","0","","02","1","2011","2","40.441176","-80.038024","","11","0","0","0","0","0","1","0","0","","0","0","0","","","0","","3","","40 26:28.233","","0","80 02:16.886","0","0","0","0","2301","0","0","0","N","0","0","0","3","02301","0","","1.0","","1","N","N","","1","","0","0","0","","0","","","2","0","0","0","0","0","0","2","0","2","","","","N","","","","","","","","","",""
"2011003902","","0","0","0","0","0","0","0","0","0","7","0","","02","1","2011","5","40.362912","-80.149516","","11","0","0","0","0","0","0","0","0","","0","0","0","","","1","","0","","40 21:46.483","","0","80 08:58.257","8","0","0","0","2119","0","0","0","N","0","0","0","1","02119","0","","5.0","","7","N","N","","1","","0","0","0","","0","","","1","1","1","0","0","1","0","2","0","1","","","","N","","","","","","","","","",""
"2011005473","","0","0","0","0","0","0","0","0","0","7","0","","02","1","2011","4","40.29051","-79.835398","","11","0","0","0","0","0","0","0","0","3","0","0","0","","","0","","0","","40 17:25.835","5","0","79 50:07.434","0","0","0","0","2105","0","0","0","Y","0","0","0","1","02105","0","","2.0","","6","N","N","","1","","0","0","0","","0","Y","","1","0","0","0","0","0","0","2","0","1","","","","N","","","","","","","","","",""
"2011003280","","1","0","0","0","0","0","0","0","0","6","0","","02","1","2011","6","40.465243","-79.954696","","11","0","0","0","0","0","0","0","0","","0","0","0","","","1","","2","","40 27:54.874","","0","79 57:16.905","4","0","0","0","2301","0","0","0","N","0","0","0","3","02301","1","","1.0","","6","N","N","","1","","0","0","0","","0","","","2","1","0","0","0","0","0","2","0","2","","","","N","","","","","","","","","",""
"2011005571","","1","0","0","0","0","0","0","0","0","7","0","","02","1","2011","6","40.319528","-80.02695","","11","0","0","0","0","0","0","0","0","","0","0","0","","","0","","3","","40 19:10.301","","0","80 01:37.019","0","0","0","0","2407","0","0","0","N","0","0","0","1","02407","0","","2.0","","7","N","N","","0","","0","0","0","","0","","","1","0","0","0","0","0","0","2","0","1","","","","N","","","","","","","","","",""
"2011003866","","1","0","0","0","0","0","0","0","0","1","0","","02","1","2011","6","40.424529","-79.978418","","11","0","0","0","0","0","1","0","0","","0","0","0","","","0","","0","","40 25:28.304","","0","79 58:42.304","0","0","0","0","2301","0","0","0","N","0","0","0","3","02301","0","","1.0","","1","N","N","","0","","0","0","1","","0","","","3","0","0","0","0","0","0","2","1","3","","","","N","","","","","","","","","",""
"2011005450","","0","0","0","0","0","0","0","0","0","8","0","","02","1","2011","3","40.472128","-80.055849","","11","0","0","0","0","0","0","0","0","","0","0","0","","","1","","0","","40 28:19.660","","0","80 03:21.058","3","0","0","0","2444","1","0","0","N","1","0","0","2","02444","0","","1.0","","7","N","N","","0","","1","0","1","","0","","","2","1","0","0","0","0","0","2","0","1","","","","N","","","","","","","","","",""
"2011005520","","2","0","0","0","0","0","0","0","0","4","0","","02","1","2011","5","40.541222","-79.788583","","11","0","0","0","0","0","0","0","0","","0","0","0","","","0","","1","","40 32:28.400","","0","79 47:18.898","0","0","0","0","2462","0","0","0","N","0","0","0","2","02462","0","","1.0","","1","N","N","","0","","0","0","0","","3","","","2","0","0","0","0","0","0","2","0","2","","","","N","","","","","","","","","",""
"2011004820","","2","0","0","0","0","0","0","0","0","1","0","","02","1","2011","3","40.421192","-79.980121","","11","0","0","0","0","0","0","0","0","1","0","0","0","","","0","","0","","40 25:16.291","1","0","79 58:48.435","0","0","0","0","2301","0","0","0","N","0","0","0","1","02301","0","","6.0","","1","N","N","","0","","0","0","1","","0","N","","3","0","0","0","0","0","0","2","0","3","","","","N","","","","","","","","","",""
"2011044895","","1","0","0","0","0","0","0","0","0","2","0","","02","4","2011","6","40.422947","-79.919377","","11","0","0","0","0","0","0","0","0","","0","0","0","","","0","","0","","40 25:22.609","","0","79 55:09.757","0","0","0","0","2301","0","0","0","N","0","0","0","1","02301","0","","6.0","","9","N","N","","0","","0","0","0","","0","","","2","0","0","0","0","0","0","2","1","2","","","","N","","","","","","","","","",""
"2011003812","","3","0","0","0","0","0","0","0","0","4","0","","02","1","2011","1","40.524934","-79.838196","","11","0","0","0","0","0","1","0","1","","0","0","0","","","0","","2","","40 31:29.761","","0","79 50:17.507","0","0","0","0","2451","0","0","0","N","0","0","0","3","02451","0","","1.0","","1","N","N","","0","","0","0","0","","3","","","3","0","0","0","0","0","0","2","0","3","","","","N","","","","","","","","","",""
"2011004639","","2","0","0","0","0","0","0","0","0","1","0","","02","1","2011","5","40.494134","-80.06409","","11","0","0","0","0","0","2","0","0","1","0","0","0","","","0","","0","","40 29:38.884","1","0","80 03:50.725","0","0","0","0","2402","0","0","0","N","0","0","0","2","02402","0","","1.0","","9","N","N","","0","","0","0","0","","0","N","","2","0","0","0","0","0","0","2","0","2","","","","N","","","","","","","","","",""
"2011004672","","2","0","0","0","0","0","0","0","0","2","0","","02","1","2011","2","40.441176","-80.038024","","11","0","0","0","0","0","0","0","0","","0","0","0","","","2","","1","","40 26:28.233","","0","80 02:16.886","3","0","0","0","2301","0","0","0","N","0","0","0","3","02301","1","","1.0","","1","N","N","","0","","1","0","0","","2","","","2","2","0","0","0","0","0","2","0","2","","","","N","","","","","","","","","",""
"2011005477","","1","0","0","0","0","0","0","0","0","4","0","","02","1","2011","2","40.612731","-79.933628","","11","0","0","0","0","0","0","0","0","2","0","0","0","","","2","","0","","40 36:45.831","1","0","79 56:01.060","8","0","0","0","2207","0","0","0","N","0","0","0","9","02207","0","","1.0","","1","N","N","","0","","0","0","0","","0","N","","2","2","1","0","0","2","0","2","1","2","","","","N","","","","","","","","","",""
"2011045563","","1","0","0","0","0","0","0","0","0","7","0","","02","5","2011","1","40.378677","-79.992894","","11","0","0","0","0","1","0","0","0","","0","0","0","","","0","","2","","40 22:43.238","","0","79 59:34.420","0","0","0","0","2301","0","0","0","","0","0","0","1","02301","0","","5.0","","1","","","","0","","0","0","0","","0","","","1","0","0","0","0","0","0","2","0","1","","","","N","","","","","","","","","",""
"2011046886","","1","0","0","0","0","0","0","0","0","7","0","","02","5","2011","6","40.452507","-79.943624","","11","0","0","0","0","0","0","0","0","2","0","0","0","","","0","","0","","40 27:09.025","5","0","79 56:37.046","9","0","0","0","2301","0","0","0","N","0","0","0","1","02301","0","","5.0","","1","N","N","","0","","0","0","0","","0","Y","","1","0","0","0","0","0","1","2","0","1","","","","N","","","","","","","","","",""
"2011003796","","2","0","0","0","0","0","0","0","0","1","0","90","02","1","2011","2","40.525322","-80.032672","","11","0","0","0","0","1","0","1","0","1","0","0","0","","","0","","0","","40 31:31.160","3","0","80 01:57.620","0","0","0","0","2116","0","0","0","N","0","0","0","3","02116","0","","1.0","","1","N","N","","0","","0","0","1","","7","N","","3","0","0","0","0","0","0","2","0","3","","","Y","Y","3","2","","Y","N","Y","Y","","",""
"2011003815","","2","0","0","0","0","0","0","0","0","1","0","","02","1","2011","7","40.624379","-80.053881","","11","0","0","0","0","0","1","0","0","","0","0","0","","","1","","2","","40 37:27.764","","0","80 03:13.971","4","0","0","0","2216","0","0","0","N","0","0","0","2","02505","1","","1.0","","9","N","N","","0","","0","0","0","","3","","","2","1","0","0","0","0","0","1","0","2","","","","N","","","","","","","","","",""
"2011003117","","0","0","0","0","0","0","0","0","0","7","0","","02","1","2011","5","40.509442","-79.953889","","11","0","0","0","0","0","0","0","0","","0","0","0","","","1","","0","","40 30:33.990","","0","79 57:14.002","4","0","0","0","2118","0","0","0","N","0","0","0","1","02118","1","","2.0","","2","N","N","","1","","0","0","0","","0","","","1","1","0","0","0","0","0","2","0","1","","","","N","","","","","","","","","",""
"2011003870","","3","0","0","0","0","0","0","0","0","1","0","","02","1","2011","7","40.515699","-80.009602","","11","0","0","0","0","0","0","0","0","","0","0","0","","","0","","2","","40 30:56.516","","0","80 00:34.566","0","0","0","0","2116","0","0","0","N","0","0","0","4","02116","0","","1.0","","9","N","N","","0","","0","0","0","","2","","","3","0","0","0","0","0","0","2","0","3","","","","N","","","","","","","","","",""
"2011004642","","2","0","0","0","0","0","0","0","0","99","0","","02","1","2011","2","40.457963","-79.903838","","11","0","0","0","1","0","1","0","0","","0","0","0","","","0","","0","","40 27:28.667","","0","79 54:13.816","0","0","0","0","2301","0","0","0","N","0","0","0","2","02301","0","","1.0","","1","N","N","","0","","0","0","0","","0","","","2","0","0","0","0","0","0","2","0","2","","","","N","","","","","","","","","",""
"2011003908","","1","0","0","0","0","0","0","0","0","7","0","","02","1","2011","1","40.608046","-79.924191","","11","1","0","0","0","0","0","0","0","1","0","0","0","","","0","","2","","40 36:28.965","5","0","79 55:27.087","0","0","0","0","2207","0","0","0","N","0","0","0","1","02207","0","","5.0","","98","N","N","","0","","0","0","0","","0","N","","1","0","0","0","0","0","0","2","0","1","","","","N","","","","","","","","","",""
"2011046875","","2","0","0","0","0","0","0","0","0","1","0","","02","5","2011","1","40.437663","-79.97255","","11","0","0","0","0","0","0","0","0","3","0","0","0","","","9","","1","","40 26:15.588","1","3","79 58:21.180","4","0","0","0","2301","0","0","0","N","0","0","0","14","02301","1","","1.0","","1","N","N","","0","","0","0","1","","2","Y","","3","9","8","0","0","8","0","2","0","3","","","","N","","","","","","","","","",""
"2011005271","","1","0","1","0","0","0","0","0","0","7","0","","02","1","2011","2","40.441758","-80.189889","","11","0","0","0","0","0","1","0","0","","0","0","0","","","1","","0","","40 26:30.327","","0","80 11:23.601","2","0","0","0","2214","0","0","0","N","0","0","0","1","02214","0","","5.0","","1","N","N","","0","","0","1","0","","0","","","1","1","0","0","0","0","0","2","0","1","","","","N","","","","","","","","","",""
"2011046888","","2","0","0","0","0","0","0","0","0","5","0","","02","5","2011","6","40.469757","-79.930118","","11","0","0","0","0","0","0","0","0","","0","0","0","","","0","","0","","40 28:11.125","","0","79 55:48.424","0","0","0","0","2301","0","0","0","N","0","0","0","1","02301","0","","1.0","","1","N","N","","0","","0","0","1","","0","","","3","0","0","0","0","0","0","2","0","3","","","","N","","","","","","","","","",""
"2011047218","","2","0","0","0","0","0","0","0","0","1","0","","02","5","2011","6","40.430623","-79.998256","","11","0","0","0","0","0","1","0","0","1","0","0","0","","","0","","0","","40 25:50.242","2","3","79 59:53.721","0","0","0","0","2301","0","0","0","N","0","0","0","3","02301","0","","1.0","","1","N","N","","0","","0","0","1","","0","N","","3","0","0","0","0","0","0","2","0","3","","","","N","","","","","","","","","",""