"CRN","ARRIVAL_TM","AUTOMOBILE_COUNT","BELTED_DEATH_COUNT","BELTED_SUSP_SERIOUS_INJ_COUNT","BICYCLE_COUNT","BICYCLE_DEATH_COUNT","BICYCLE_SUSP_SERIOUS_INJ_COUNT","BUS_COUNT","CHLDPAS_DEATH_COUNT","CHLDPAS_SUSP_SERIOUS_INJ_COUNT","COLLISION_TYPE","COMM_VEH_COUNT","CONS_ZONE_SPD_LIM","COUNTY","CRASH_MONTH","CRASH_YEAR","DAY_OF_WEEK","DEC_LATITUDE","DEC_LONGITUDE","DISPATCH_TM","DISTRICT","DRIVER_COUNT_16YR","DRIVER_COUNT_17YR","DRIVER_COUNT_18YR","DRIVER_COUNT_19YR","DRIVER_COUNT_20YR","DRIVER_COUNT_50_64YR","DRIVER_COUNT_65_74YR","DRIVER_COUNT_75PLUS","EST_HRS_CLOSED","FATAL_COUNT","HEAVY_TRUCK_COUNT","HORSE_BUGGY_COUNT","HOUR_OF_DAY","ILLUMINATION","INJURY_COUNT","INTERSECTION_RELATED","INTERSECT_TYPE","LANE_CLOSED","LATITUDE","LN_CLOSE_DIR","LOCATION_TYPE","LONGITUDE","MAX_SEVERITY_LEVEL","MCYCLE_DEATH_COUNT","MCYCLE_SUSP_SERIOUS_INJ_COUNT","MOTORCYCLE_COUNT","MUNICIPALITY","NONMOTR_COUNT","NONMOTR_DEATH_COUNT","NONMOTR_SUSP_SERIOUS_INJ_COUNT","NTFY_HIWY_MAINT","PED_COUNT","PED_DEATH_COUNT","PED_SUSP_SERIOUS_INJ_COUNT","PERSON_COUNT","POLICE_AGCY","POSSIBLE_INJ_COUNT","RDWY_SURF_TYPE_CD","RELATION_TO_ROAD","ROADWAY_CLEARED","ROAD_CONDITION","SCH_BUS_IND","SCH_ZONE_IND","SECONDARY_CRASH","SMALL_TRUCK_COUNT","SPEC_JURIS_CD","SUSP_MINOR_INJ_COUNT","SUSP_SERIOUS_INJ_COUNT","SUV_COUNT","TCD_FUNC_CD","TCD_TYPE","TFC_DETOUR_IND","TIME_OF_DAY","TOTAL_UNITS","TOT_INJ_COUNT","UNBELTED_OCC_COUNT","UNB_DEATH_COUNT","UNB_SUSP_SERIOUS_INJ_COUNT","UNK_INJ_DEG_COUNT","UNK_INJ_PER_COUNT","URBAN_RURAL","VAN_COUNT","VEHICLE_COUNT","WEATHER1","WEATHER2","WORKERS_PRES","WORK_ZONE_IND","WORK_ZONE_LOC","WORK_ZONE_TYPE","WZ_CLOSE_DETOUR","WZ_FLAGGER","WZ_LAW_OFFCR_IND","WZ_LN_CLOSURE","WZ_MOVING","WZ_OTHER","WZ_SHLDER_MDN","WZ_WORKERS_INJ_KILLED"
"2011045781","","1","0","0","0","0","0","0","0","0","5","0","","02","4","2011","1","40.4424","-79.819014","","11","0","0","0","0","0","2","0","0","1","0","0","0","","","1","","0","","40 26:32.639","3","0","79 49:08.452","4","0","0","0","2113","0","0","0","N","0","0","0","3","68B03","1","","1.0","","1","N","N","","0","","0","0","0","","0","N","","2","1","0","0","0","0","0","2","1","2","","","","N","","","","","","","","","",""
"2011044980","","2","0","0","0","0","0","0","0","0","6","0","","02","4","2011","5","40.46413","-79.932505","","11","0","0","0","0","0","1","0","0","","0","0","0","","","0","","1","","40 27:50.868","","0","79 55:57.018","0","0","0","0","2301","0","0","0","N","0","0","0","2","02301","0","","1.0","","1","N","N","","0","","0","0","0","","3","","","2","0","0","0","0","0","0","2","0","2","","","","N","","","","","","","","","",""
"2011045048","","1","0","0","0","0","0","0","0","0","6","0","","02","4","2011","6","40.458192","-79.925109","","11","0","0","0","0","0","1","0","0","1","0","0","0","","","0","","0","","40 27:29.491","5","0","79 55:30.392","0","0","0","0","2301","0","0","0","N","0","0","0","2","02301","0","","1.0","","1","N","N","","0","","0","0","1","","0","N","","2","0","0","0","0","0","0","2","0","2","","","","N","","","","","","","","","",""
"2011045782","","3","0","0","0","0","0","0","0","0","1","0","","02","4","2011","5","40.444937","-80.009477","","11","0","0","0","0","1","0","0","0","2","0","0","0","","","2","","0","","40 26:41.773","2","3","80 00:34.118","8","0","0","0","2301","0","0","0","N","0","0","0","3","68B03","0","","1.0","","1","N","N","","0","","0","0","0","","0","N","","3","2","1","0","0","2","0","2","0","3","","","","N","","","","","","","","","",""
"2011045580","","1","0","0","0","0","0","0","0","0","5","0","","02","5","2011","2","40.42645","-79.998406","","11","0","0","0","0","0","0","0","0","1","0","0","0","","","0","","0","","40 25:35.220","3","0","79 59:54.260","0","0","0","0","2301","0","0","0","N","0","0","0","1","02301","0","","1.0","","1","N","N","","0","","0","0","0","","0","N","","2","0","0","0","0","0","0","2","1","2","","","","N","","","","","","","","","",""
"2011045783","","1","0","0","0","0","0","0","0","0","7","0","","02","4","2011","3","40.461853","-80.192687","","11","0","0","0","0","0","0","0","0","","0","0","0","","","1","","0","","40 27:42.672","","0","80 11:33.673","4","0","0","0","2213","0","0","0","N","0","0","0","2","68B03","1","","3.0","","9","N","N","","0","","0","0","0","","0","","","1","1","0","0","0","0","0","2","0","1","","","","N","","","","","","","","","",""
"2011045857","","2","0","0","0","0","0","0","0","0","4","0","","02","5","2011","2","40.438671","-79.874858","","11","0","0","0","0","0","1","0","0","","0","0","0","","","0","","0","","40 26:19.216","","0","79 52:29.488","0","0","0","0","2301","0","0","0","N","0","0","0","2","02301","0","","1.0","","1","N","N","","0","","0","0","0","","0","","","2","0","0","0","0","0","0","2","0","2","","","","N","","","","","","","","","",""
"2011045657","","1","0","0","0","0","0","0","0","0","1","0","","02","4","2011","7","40.514108","-80.004783","","11","0","1","0","0","0","0","0","0","","0","0","0","","","0","","0","","40 30:50.787","","0","80 00:17.220","0","0","0","0","2116","0","0","0","N","0","0","0","2","02116","0","","1.0","","1","N","N","","0","","0","0","1","","2","","","2","0","0","0","0","0","0","2","0","2","","","","N","","","","","","","","","",""
"2011045720","","2","0","0","0","0","0","0","0","0","4","0","","02","5","2011","2","40.569687","-80.23329","","11","0","0","0","0","0","0","1","1","","0","0","0","","","1","","2","","40 34:10.874","","0","80 13:59.845","3","0","0","0","2103","0","0","0","N","0","0","0","2","02103","0","","1.0","","1","N","N","","0","","1","0","0","","0","","","2","1","0","0","0","0","0","2","0","2","","","","N","","","","","","","","","",""
"2011045785","","1","0","0","0","0","0","0","0","0","1","0","","02","4","2011","3","40.434258","-79.964594","","11","0","0","0","0","0","0","0","0","","0","0","0","","","2","","0","","40 26:03.330","","0","79 57:52.539","3","0","0","0","2301","0","0","0","N","0","0","0","5","68B03","0","","1.0","","1","N","N","","0","","2","0","1","","0","","","2","2","0","0","0","0","0","2","0","2","","","","N","","","","","","","","","",""
"2011045859","","1","0","0","0","0","0","0","0","0","1","0","","02","4","2011","5","40.337466","-79.808754","","11","0","0","0","0","0","1","1","0","","0","0","0","","","1","","1","","40 20:14.876","","0","79 48:31.516","4","0","0","0","2477","0","0","0","N","0","0","0","3","02477","1","","1.0","","1","N","N","","0","","0","0","0","","2","","","2","1","0","0","0","0","0","2","1","2","","","","N","","","","","","","","","",""
"2011046894","","2","0","0","0","0","0","0","0","0","1","0","","02","5","2011","2","40.436135","-79.970663","","11","0","0","0","0","0","1","0","0","","0","0","0","","","2","","0","","40 26:10.087","","0","79 58:14.385","4","0","0","0","2301","0","0","0","N","0","0","0","3","68B03","2","","1.0","","1","N","N","","0","","0","0","0","","0","","","2","2","0","0","0","0","1","2","0","2","","","","N","","","","","","","","","",""
"2011045658","","1","0","0","0","0","0","0","0","0","7","0","","02","5","2011","1","40.440449","-80.03561","","11","0","0","0","1","0","0","0","0","","0","0","0","","","0","","0","","40 26:25.615","","0","80 02:08.196","0","0","0","0","2301","0","0","0","N","0","0","0","1","02301","0","","3.0","","9","N","N","","0","","0","0","0","","0","","","1","0","0","0","0","0","0","2","0","1","","","","N","","","","","","","","","",""
"2011045721","","2","0","0","0","0","0","0","0","0","1","0","","02","5","2011","1","40.390679","-80.07424","","11","0","0","0","0","0","1","0","0","","0","0","0","","","1","","10","","40 23:26.444","","0","80 04:27.265","3","0","0","0","2117","0","0","0","N","0","0","0","2","02117","0","","1.0","","9","N","N","","0","","1","0","0","","2","","","2","1","0","0","0","0","0","2","0","2","","","","N","","","","","","","","","",""
"2011045786","","1","0","0","0","0","0","0","0","0","1","0","","02","4","2011","4","40.607405","-80.094257","","11","0","0","0","0","0","1","0","0","","0","0","0","","","0","","0","","40 36:26.659","","0","80 05:39.325","0","0","0","0","2481","0","0","0","N","0","0","0","4","68B03","0","","1.0","","1","N","N","","0","","0","0","2","","0","","","3","0","0","0","0","0","0","2","0","3","","","","N","","","","","","","","","",""
"2011046895","","3","0","0","0","0","0","0","0","0","1","0","","02","5","2011","5","40.425128","-80.119145","","11","0","0","0","0","0","1","0","0","1","0","0","0","","","0","","0","","40 25:30.461","4","0","80 07:08.922","0","0","0","0","2102","0","0","0","N","0","0","0","4","68B03","0","","1.0","","1","N","N","","0","","0","0","0","","0","N","","3","0","0","0","0","0","0","2","0","3","","","","N","","","","","","","","","",""
"2011046359","","0","0","0","0","0","0","0","0","0","7","0","","02","4","2011","6","40.574413","-80.093571","","11","0","0","0","0","0","0","0","0","2","0","0","0","","","0","","2","","40 34:27.888","3","0","80 05:36.855","0","0","0","0","2481","0","0","0","N","0","0","0","1","02481","0","","5.0","","9","N","N","","0","","0","0","1","","3","N","","1","0","0","0","0","0","0","2","0","1","","","","N","","","","","","","","","",""
"2011046439","","2","0","0","0","0","0","0","0","0","4","0","","02","4","2011","7","40.404844","-79.910671","","11","0","0","0","0","0","0","1","0","","0","0","0","","","0","","2","","40 24:17.438","","0","79 54:38.415","0","0","0","0","2438","0","0","0","N","0","0","0","3","02438","0","","1.0","","1","N","N","","0","","0","0","0","","3","","","2","0","0","0","0","0","0","2","0","2","","","","N","","","","","","","","","",""
"2011045129","","2","0","0","0","0","0","0","0","0","4","0","","02","4","2011","6","40.395839","-79.815146","","11","0","0","0","0","0","0","0","0","","0","0","0","","","0","","3","","40 23:45.021","","0","79 48:54.525","0","0","0","0","2111","0","0","0","N","0","0","0","2","02111","0","","1.0","","9","N","N","","0","","0","0","0","","0","","","2","0","0","0","0","0","0","2","0","2","","","","N","","","","","","","","","",""
"2011045787","","0","0","0","0","0","0","0","0","0","1","0","","02","4","2011","5","40.405574","-80.107064","","11","0","0","0","0","0","2","0","0","","0","0","0","","","0","","0","","40 24:20.067","","0","80 06:25.432","0","0","0","0","2102","0","0","0","N","0","0","0","3","68B03","0","","1.0","","1","N","N","","1","","0","0","2","","0","","","3","0","0","0","0","0","0","2","0","3","","","","N","","","","","","","","","",""
"2011045143","","2","0","0","0","0","0","0","0","0","2","0","","02","4","2011","7","40.386669","-80.010064","","11","0","0","0","0","0","0","0","0","","0","0","0","","","0","","0","","40 23:12.008","","0","80 00:36.230","9","0","0","0","2301","0","0","0","N","0","0","0","1","02301","0","","4.0","","1","N","N","","0","","0","0","0","","0","","","3","0","0","0","0","0","1","2","0","3","","","","N","","","","","","","","","",""
"2011045586","","2","0","0","0","0","0","0","0","0","1","0","","02","5","2011","2","40.38473","-79.824237","","11","0","0","0","0","0","1","0","0","1","0","0","0","","","1","","1","","40 23:05.027","4","0","79 49:27.253","8","0","0","0","2111","0","0","0","N","0","0","0","2","02111","0","","1.0","","9","N","N","","0","","0","0","0","","2","Y","","2","1","0","0","0","1","0","2","0","2","","","","N","","","","","","","","","",""
"2011045862","","1","0","0","0","0","0","0","0","0","8","0","","02","5","2011","2","40.465914","-79.953576","","11","0","0","0","0","0","0","0","0","","0","0","0","","","1","","0","","40 27:57.291","","0","79 57:12.875","2","0","0","0","2301","1","0","1","N","1","0","1","2","02301","0","","1.0","","1","N","N","","0","","0","1","0","","0","","","2","1","0","0","0","0","0","2","0","1","","","","N","","","","","","","","","",""
"2011045587","","1","0","0","0","0","0","0","0","0","1","0","","02","4","2011","2","40.614135","-79.947213","","11","0","0","0","0","0","1","0","1","","0","0","0","","","2","","0","","40 36:50.886","","0","79 56:49.967","8","0","0","0","2207","0","0","0","N","0","0","0","3","02207","0","","1.0","","1","N","N","","0","","0","0","1","","0","","","2","2","0","0","0","2","0","2","0","2","","","","N","","","","","","","","","",""
"2011046361","","1","0","0","0","0","0","0","0","0","1","0","","02","5","2011","3","40.477577","-79.785242","","11","0","0","0","0","0","1","0","0","","0","0","0","","","2","","1","","40 28:39.276","","0","79 47:06.870","4","0","0","0","2113","0","0","0","N","0","0","0","2","02113","2","","1.0","","9","N","N","","0","","0","0","1","","2","","","2","2","1","0","0","0","0","2","0","2","","","","N","","","","","","","","","",""
"2011045724","","1","0","0","0","0","0","0","0","0","7","0","","02","5","2011","2","40.345672","-79.865524","","11","0","0","0","0","0","1","0","0","","0","0","0","","","1","","2","","40 20:44.419","","0","79 51:55.886","3","0","0","0","2304","0","0","0","N","0","0","0","1","02304","0","","5.0","","1","N","N","","0","","1","0","0","","0","","","1","1","1","0","0","0","0","2","0","1","","","","N","","","","","","","","","",""
"2011045271","","1","0","0","1","0","0","0","0","0","8","0","","02","4","2011","7","40.464367","-79.906608","","11","0","0","0","0","0","0","0","0","1","0","0","0","","","1","","0","","40 27:51.722","1","0","79 54:23.788","4","0","0","0","2301","1","0","0","N","0","0","0","3","02301","1","","1.0","","1","N","N","","0","","0","0","0","","0","Y","","2","1","0","0","0","0","0","2","0","1","","","","N","","","","","","","","","",""
"2011044921","","1","0","0","0","0","0","0","0","0","1","0","","02","4","2011","3","40.555501","-79.809527","","11","0","0","0","0","0","0","0","1","","0","0","0","","","0","","6","","40 33:19.805","","2","79 48:34.296","0","0","0","0","2121","0","0","0","N","0","0","0","2","68D02","0","","1.0","","9","N","N","","1","","0","0","0","","0","","","2","0","0","0","0","0","0","2","0","2","","","","N","","","","","","","","","",""
"2011047227","","2","0","0","0","0","0","0","0","0","2","0","","02","5","2011","6","40.570427","-79.862917","","11","0","0","0","0","0","0","0","0","","0","0","0","","","2","","2","","40 34:13.537","","0","79 51:46.502","4","0","0","0","2209","0","0","0","N","0","0","0","2","02209","2","","1.0","","1","N","N","","0","","0","0","0","","0","","","2","2","1","0","0","0","0","2","0","2","","","","N","","","","","","","","","",""
"2011045725","","2","0","0","0","0","0","0","0","0","4","0","","02","5","2011","2","40.463416","-79.93075","","11","0","0","0","0","0","1","0","0","","0","0","0","","","0","","0","","40 27:48.297","","0","79 55:50.700","0","0","0","0","2301","0","0","0","N","0","0","0","2","02301","0","","1.0","","1","N","N","","0","","0","0","0","","0","","","2","0","0","0","0","0","0","2","0","2","","","","N","","","","","","","","","",""
"2011045133","","2","0","0","0","0","0","0","0","0","4","0","","02","4","2011","5","40.449472","-80.002558","","11","0","0","0","0","0","0","0","0","2","0","0","0","","","1","","2","","40 26:58.099","4","0","80 00:09.210","8","0","0","0","2301","0","0","0","N","0","0","0","5","02301","0","","1.0","","1","N","N","","0","","0","0","0","","1","N","","2","1","1","0","0","1","0","2","0","2","","","","N","","","","","","","","","",""
"2011046899","","2","0","0","0","0","0","0","0","0","1","0","","02","5","2011","2","40.492779","-79.873355","","11","0","0","0","0","0","1","0","0","","0","0","0","","","2","","0","","40 29:34.004","","0","79 52:24.078","4","0","0","0","2112","0","0","0","N","0","0","0","2","68D02","2","","1.0","","9","N","N","","0","","0","0","0","","0","","","2","2","0","0","0","0","0","2","0","2","","","","N","","","","","","","","","",""
"2011044989","","2","0","0","0","0","0","0","0","0","4","0","","02","4","2011","6","40.441956","-79.962881","","11","0","0","0","0","0","0","0","0","","0","0","0","","","1","","1","","40 26:31.041","","0","79 57:46.371","8","0","0","0","2301","0","0","0","N","0","0","0","3","02301","0","","1.0","","9","N","N","","0","","0","0","0","","2","","","2","1","1","0","0","1","0","2","0","2","","","","N","","","","","","","","","",""
"2011046364","","0","0","0","0","0","0","0","0","0","4","0","","02","5","2011","3","40.584404","-80.104107","","11","0","0","0","0","0","0","1","0","2","0","0","0","","","0","","0","","40 35:03.855","1","0","80 06:14.786","0","0","0","0","2481","0","0","0","N","0","0","0","5","02481","0","","1.0","","9","N","N","","0","","0","0","1","","0","N","","2","0","0","0","0","0","0","2","1","2","","","","N","","","","","","","","","",""
"2011045005","","2","0","0","0","0","0","0","0","0","4","0","","02","4","2011","6","40.451468","-79.908178","","11","0","0","0","0","0","1","0","0","1","0","0","0","","","2","","1","","40 27:05.286","5","0","79 54:29.439","4","0","0","0","2301","0","0","0","N","0","0","0","3","02301","2","","1.0","","1","N","N","","0","","0","0","0","","2","N","","2","2","0","0","0","0","1","2","0","2","","","","N","","","","","","","","","",""
"2011045664","","1","0","0","0","0","0","0","0","0","6","0","","02","5","2011","2","40.461447","-79.861813","","11","0","0","0","0","0","2","0","0","2","0","0","0","","","1","","2","","40 27:41.209","3","0","79 51:42.526","8","0","0","0","2113","0","0","0","N","0","0","0","2","02113","0","","1.0","","9","N","N","","0","","0","0","1","","3","N","","2","1","0","0","0","1","0","2","0","2","","","","N","","","","","","","","","",""
"2011046378","","1","0","0","0","0","0","0","0","0","7","0","","02","5","2011","4","40.355191","-79.835211","","11","0","0","0","0","0","1","0","0","","0","0","0","","","2","","2","","40 21:18.687","","0","79 50:06.758","4","0","0","0","2304","0","0","0","N","0","0","0","2","02304","2","","5.0","","9","N","N","","0","","0","0","0","","0","","","1","2","0","0","0","0","0","2","0","1","","","","N","","","","","","","","","",""
"2011047228","","2","0","0","0","0","0","0","0","0","1","0","","02","4","2011","4","40.508246","-80.210536","","11","0","0","0","0","0","1","0","0","","0","0","0","","","0","","2","","40 30:29.686","","0","80 12:37.929","0","0","0","0","2213","0","0","0","N","0","0","0","2","02213","0","","1.0","","1","N","N","","0","","0","0","0","","0","","","2","0","0","0","0","0","0","2","0","2","","","","N","","","","","","","","","",""
"2011045273","","0","0","0","0","0","0","0","0","0","7","0","","02","4","2011","7","40.311724","-79.858509","","11","0","0","0","0","0","1","0","0","1","0","0","0","","","1","","0","","40 18:42.208","5","0","79 51:30.634","4","0","0","0","2443","0","0","0","N","0","0","0","1","02443","1","","5.0","","9","N","N","","1","","0","0","0","","0","N","","1","1","0","0","0","0","0","1","0","1","","","","N","","","","","","","","","",""
"2011044990","","2","0","0","0","0","0","0","0","0","1","0","","02","4","2011","6","40.321148","-79.942158","","11","0","0","0","0","0","2","0","0","2","0","0","0","","","3","","2","","40 19:16.133","2","0","79 56:31.769","8","0","0","0","2454","0","0","0","N","0","0","0","5","02454","0","","1.0","","9","N","N","","0","","0","0","2","","2","N","","4","3","1","0","0","3","0","2","0","4","","","","N","","","","","","","","","",""
"2011047229","","2","0","0","0","0","0","0","0","0","1","0","","02","5","2011","3","40.337228","-80.009622","","11","0","0","1","0","0","0","0","0","","0","0","0","","","1","","3","","40 20:14.021","","0","80 00:34.640","4","0","0","0","2407","0","0","0","N","0","0","0","4","02407","1","","1.0","","9","N","N","","0","","0","0","1","","0","","","3","1","0","0","0","0","0","2","0","3","","","","N","","","","","","","","","",""
"2011045148","","1","0","0","0","0","0","0","0","0","7","0","","02","4","2011","7","40.461669","-79.966125","","11","0","0","0","0","0","0","0","0","","0","0","0","","","0","","3","","40 27:42.008","","0","79 57:58.050","0","0","0","0","2301","0","0","0","N","0","0","0","0","02301","0","","5.0","","1","N","N","","0","","0","0","0","","0","","","1","0","0","0","0","0","0","2","0","1","","","","N","","","","","","","","","",""
"2011045866","","1","0","0","0","0","0","0","0","0","7","0","","02","4","2011","3","40.403048","-79.911959","","11","0","0","0","0","0","0","0","0","","0","0","0","","","0","","0","","40 24:10.972","","0","79 54:43.052","0","0","0","0","2472","0","0","0","N","0","0","0","0","02472","0","","5.0","","1","N","N","","0","","0","0","0","","0","","","1","0","0","0","0","0","0","2","0","1","","","","N","","","","","","","","","",""
"2011045591","","0","0","0","0","0","0","0","0","0","99","0","","02","4","2011","6","40.631947","-79.732887","","11","0","0","0","0","0","1","0","0","","0","0","0","","","0","","2","","40 37:55.009","","2","79 43:58.394","0","0","0","0","2106","0","0","0","N","0","0","0","2","02106","0","","1.0","","1","N","N","","2","","0","0","0","","3","","","2","0","0","0","0","0","0","2","0","2","","","","N","","","","","","","","","",""
"2011044991","","2","0","0","0","0","0","0","0","0","1","0","","02","4","2011","5","40.654436","-80.091593","","11","0","0","0","0","0","0","0","0","1","0","0","0","","","1","","0","","40 39:15.968","4","7","80 05:29.735","3","0","0","0","2212","0","0","0","N","0","0","0","2","02505","0","","1.0","","1","N","N","","0","","1","0","0","","3","N","","2","1","0","0","0","0","0","2","0","2","","","","N","","","","","","","","","",""
"2011045007","","2","0","0","0","0","0","0","0","0","4","0","","02","4","2011","6","40.441387","-79.963469","","11","0","0","0","0","0","0","0","0","1","0","0","0","","","1","","2","","40 26:28.993","6","0","79 57:48.488","8","0","0","0","2301","0","0","0","N","0","0","0","2","02301","0","","1.0","","1","N","N","","0","","0","0","0","","0","Y","","2","1","0","0","0","1","0","2","0","2","","","","N","","","","","","","","","",""
"2011045728","","2","0","0","0","0","0","0","0","0","4","0","","02","4","2011","6","40.452914","-80.170294","","11","0","0","0","0","0","0","0","0","2","0","0","0","","","1","","0","","40 27:10.490","1","7","80 10:13.058","8","0","0","0","2115","0","0","0","N","0","0","0","3","02115","0","","1.0","","9","N","N","","0","","0","0","0","","3","Y","","2","1","0","0","0","1","0","2","0","2","","","","N","","","","","","","","","",""
"2011045149","","1","0","0","0","0","0","0","0","0","7","0","","02","4","2011","7","40.324899","-79.879718","","11","0","0","0","0","0","0","0","0","3","0","0","0","","","1","","3","","40 19:29.637","5","0","79 52:46.983","8","0","0","0","2433","0","0","0","N","0","0","0","1","02433","0","","5.0","","1","N","N","","0","","0","0","0","","0","Y","","1","1","0","0","0","1","0","2","0","1","","","","N","","","","","","","","","",""
"2011045667","","1","0","0","0","0","0","1","0","0","5","1","","02","5","2011","2","40.496048","-79.930433","","11","0","0","0","0","0","0","0","0","","0","0","0","","","1","","0","","40 29:45.773","","0","79 55:49.558","4","0","0","0","2301","0","0","0","","0","0","0","4","02503","1","","1.0","","9","N","","","0","","0","0","0","","0","","","2","1","0","0","0","0","0","2","0","2","","","","N","","","","","","","","","",""
"2011045729","","1","0","0","0","0","0","0","0","0","4","0","","02","4","2011","3","40.448182","-80.161943","","11","0","0","0","0","1","0","0","0","1","0","0","0","","","1","","1","","40 26:53.454","4","0","80 09:42.996","8","0","0","0","2115","0","0","0","N","0","0","0","2","02115","0","","1.0","","9","N","N","","0","","0","0","1","","2","N","","2","1","0","0","0","1","0","2","0","2","","","","N","","","","","","","","","",""
"2011045138","","1","0","0","0","0","0","0","0","0","7","0","","02","4","2011","7","40.478448","-79.761626","","11","0","0","1","0","0","0","0","0","2","0","0","0","","","1","","0","","40 28:42.412","1","0","79 45:41.853","4","0","0","0","2466","0","0","0","N","0","0","0","2","02466","1","","2.0","","1","N","N","","0","","0","0","0","","0","N","","1","1","1","0","0","0","0","2","0","1","","","","N","","","","","","","","","",""
"2011045730","","1","0","0","0","0","0","0","0","0","7","0","","02","5","2011","1","40.483978","-80.185877","","11","0","0","0","0","0","0","0","0","1","0","0","0","","","1","","2","","40 29:02.321","3","0","80 11:09.158","4","0","0","0","2213","0","0","0","N","0","0","0","1","02213","1","","5.0","","1","N","N","","0","","0","0","0","","0","N","","1","1","0","0","0","0","0","2","0","1","","","","N","","","","","","","","","",""
"2011045731","","2","0","0","0","0","0","0","0","0","4","0","","02","4","2011","4","40.334386","-80.002991","","11","0","0","0","0","0","0","0","1","2","0","0","0","","","1","","1","","40 20:03.789","4","0","80 00:10.768","3","0","0","0","2407","0","0","0","N","0","0","0","3","02407","0","","1.0","","1","N","N","","0","","1","0","0","","3","N","","2","1","1","0","0","0","0","2","0","2","","","","N","","","","","","","","","",""
"2011045152","","1","0","0","0","0","0","0","0","0","7","0","","02","4","2011","7","40.445648","-79.991173","","11","0","0","0","0","0","0","0","0","1","0","0","0","","","1","","0","","40 26:44.332","1","0","79 59:28.222","8","0","0","0","2301","0","0","0","N","0","0","0","1","02301","0","","4.0","","1","N","N","","0","","0","0","0","","0","N","","1","1","1","0","0","1","0","2","0","1","","","","N","","","","","","","","","",""
"2011046303","","2","0","0","0","0","0","0","0","0","1","0","","02","5","2011","3","40.355183","-80.048432","","11","0","0","0","0","0","2","0","0","2","0","0","0","","","0","","0","","40 21:18.658","3","0","80 02:54.354","0","0","0","0","2109","0","0","0","N","0","0","0","2","02109","0","","1.0","","9","N","N","","0","","0","0","0","","0","N","","2","0","1","0","0","0","0","2","0","2","","","","N","","","","","","","","","",""
"2011045732","","1","0","0","0","0","0","0","0","0","1","0","","02","4","2011","6","40.352764","-80.026108","","11","0","0","0","0","0","0","0","0","1","0","0","0","","","0","","0","","40 21:09.949","1","0","80 01:33.989","0","0","0","0","2407","0","0","0","N","0","0","0","3","02407","0","","1.0","","1","N","N","","0","","0","0","1","","0","N","","2","0","0","0","0","0","0","2","0","2","","","","N","","","","","","","","","",""
"2011045871","","2","0","0","0","0","0","0","0","0","4","0","","02","5","2011","2","40.447425","-79.942471","","11","0","0","0","0","0","0","0","1","","0","0","0","","","0","","1","","40 26:50.730","","0","79 56:32.895","0","0","0","0","2301","0","0","0","N","0","0","0","2","02301","0","","1.0","","1","N","N","","0","","0","0","0","","2","","","2","0","0","0","0","0","0","2","0","2","","","","N","","","","","","","","","",""
"2011045142","","1","0","0","0","0","0","0","0","0","7","0","","02","4","2011","4","40.416034","-79.885353","","11","0","0","0","0","0","0","0","0","1","0","0","0","","","0","","0","","40 24:57.721","1","0","79 53:07.271","0","0","0","0","2456","0","0","0","N","0","0","0","0","02456","0","","4.0","","1","N","N","","0","","0","0","0","","0","N","","1","0","0","0","0","0","0","2","0","1","","","","N","","","","","","","","","",""
"2011045873","","2","0","0","0","0","0","0","0","0","1","0","","02","5","2011","1","40.522429","-80.034459","","11","0","1","0","0","0","0","1","0","","0","0","0","","","0","","0","","40 31:20.746","","0","80 02:04.053","0","0","0","0","2474","0","0","0","N","0","0","0","2","02474","0","","1.0","","1","N","N","","0","","0","0","0","","0","","","2","0","0","0","0","0","0","2","0","2","","","","N","","","","","","","","","",""
"2011046388","","1","0","0","0","0","0","0","0","0","4","0","","02","5","2011","4","40.410726","-80.014492","","11","0","0","0","0","0","0","0","0","","0","0","0","","","0","","0","","40 24:38.612","","0","80 00:52.172","0","0","0","0","2301","0","0","0","N","0","0","0","3","02301","0","","1.0","","9","N","N","","1","","0","0","0","","0","","","2","0","0","0","0","0","0","2","0","2","","","","N","","","","","","","","","",""
"2011045156","","1","0","0","0","0","0","0","0","0","1","0","","02","4","2011","7","40.447713","-79.893657","","11","0","0","0","0","0","1","0","0","2","0","0","0","","","0","","0","","40 26:51.766","3","0","79 53:37.165","0","0","0","0","2301","0","0","0","N","0","0","0","2","02301","0","","1.0","","1","N","N","","0","","0","0","1","","0","N","","2","0","0","0","0","0","0","2","0","2","","","","N","","","","","","","","","",""
"2011045157","","0","0","0","0","0","0","0","0","0","7","0","","02","4","2011","6","40.551378","-79.895193","","11","0","0","0","0","0","0","0","1","","0","0","0","","","0","","0","","40 33:04.960","","0","79 53:42.693","0","0","0","0","2209","0","0","0","N","0","0","0","1","02209","0","","2.0","","1","N","N","","0","","0","0","0","","0","","","1","0","0","0","0","0","0","2","1","1","","","","N","","","","","","","","","",""
"2011047066","","0","0","0","0","0","0","0","0","0","1","0","90","02","5","2011","5","40.44255","-79.991816","","11","0","0","0","0","0","1","0","0","","0","0","0","","","1","","7","","40 26:33.179","","2","79 59:30.538","8","0","0","0","2301","0","0","0","N","0","0","0","4","02301","0","","1.0","","1","N","N","","3","","0","0","0","","3","","","3","1","0","0","0","1","0","2","0","3","","","Y","Y","8","8","","Y","N","","","","",""