"CRN","ARRIVAL_TM","AUTOMOBILE_COUNT","BELTED_DEATH_COUNT","BELTED_SUSP_SERIOUS_INJ_COUNT","BICYCLE_COUNT","BICYCLE_DEATH_COUNT","BICYCLE_SUSP_SERIOUS_INJ_COUNT","BUS_COUNT","CHLDPAS_DEATH_COUNT","CHLDPAS_SUSP_SERIOUS_INJ_COUNT","COLLISION_TYPE","COMM_VEH_COUNT","CONS_ZONE_SPD_LIM","COUNTY","CRASH_MONTH","CRASH_YEAR","DAY_OF_WEEK","DEC_LATITUDE","DEC_LONGITUDE","DISPATCH_TM","DISTRICT","DRIVER_COUNT_16YR","DRIVER_COUNT_17YR","DRIVER_COUNT_18YR","DRIVER_COUNT_19YR","DRIVER_COUNT_20YR","DRIVER_COUNT_50_64YR","DRIVER_COUNT_65_74YR","DRIVER_COUNT_75PLUS","EST_HRS_CLOSED","FATAL_COUNT","HEAVY_TRUCK_COUNT","HORSE_BUGGY_COUNT","HOUR_OF_DAY","ILLUMINATION","INJURY_COUNT","INTERSECTION_RELATED","INTERSECT_TYPE","LANE_CLOSED","LATITUDE","LN_CLOSE_DIR","LOCATION_TYPE","LONGITUDE","MAX_SEVERITY_LEVEL","MCYCLE_DEATH_COUNT","MCYCLE_SUSP_SERIOUS_INJ_COUNT","MOTORCYCLE_COUNT","MUNICIPALITY","NONMOTR_COUNT","NONMOTR_DEATH_COUNT","NONMOTR_SUSP_SERIOUS_INJ_COUNT","NTFY_HIWY_MAINT","PED_COUNT","PED_DEATH_COUNT","PED_SUSP_SERIOUS_INJ_COUNT","PERSON_COUNT","POLICE_AGCY","POSSIBLE_INJ_COUNT","RDWY_SURF_TYPE_CD","RELATION_TO_ROAD","ROADWAY_CLEARED","ROAD_CONDITION","SCH_BUS_IND","SCH_ZONE_IND","SECONDARY_CRASH","SMALL_TRUCK_COUNT","SPEC_JURIS_CD","SUSP_MINOR_INJ_COUNT","SUSP_SERIOUS_INJ_COUNT","SUV_COUNT","TCD_FUNC_CD","TCD_TYPE","TFC_DETOUR_IND","TIME_OF_DAY","TOTAL_UNITS","TOT_INJ_COUNT","UNBELTED_OCC_COUNT","UNB_DEATH_COUNT","UNB_SUSP_SERIOUS_INJ_COUNT","UNK_INJ_DEG_COUNT","UNK_INJ_PER_COUNT","URBAN_RURAL","VAN_COUNT","VEHICLE_COUNT","WEATHER1","WEATHER2","WORKERS_PRES","WORK_ZONE_IND","WORK_ZONE_LOC","WORK_ZONE_TYPE","WZ_CLOSE_DETOUR","WZ_FLAGGER","WZ_LAW_OFFCR_IND","WZ_LN_CLOSURE","WZ_MOVING","WZ_OTHER","WZ_SHLDER_MDN","WZ_WORKERS_INJ_KILLED"
"2011032326","","1","0","0","0","0","0","0","0","0","1","0","","02","3","2011","6","40.434181","-79.996304","","11","0","0","0","0","0","0","0","0","","0","0","0","","","1","","7","","40 26:03.051","","2","79 59:46.695","4","0","0","0","2301","0","0","0","N","0","0","0","4","68B03","1","","1.0","","1","N","N","","0","","0","0","1","","0","","","2","1","0","0","0","0","0","2","0","2","","","","N","","","","","","","","","",""
"2011030831","","1","0","0","0","0","0","0","0","0","5","0","","02","3","2011","7","40.391264","-80.072528","","11","0","0","0","0","0","1","0","0","","0","0","0","","","0","","0","","40 23:28.552","","0","80 04:21.099","0","0","0","0","2117","0","0","0","N","0","0","0","2","02117","0","","1.0","","1","N","N","","1","","0","0","0","","0","","","2","0","0","0","0","0","0","2","0","2","","","","N","","","","","","","","","",""
"2011031562","","0","0","0","0","0","0","0","0","0","1","0","","02","3","2011","4","40.519901","-80.061955","","11","0","0","0","0","0","1","0","0","2","0","0","0","","","1","","0","","40 31:11.644","2","0","80 03:43.038","4","0","0","0","2215","0","0","0","N","0","0","0","3","68B03","1","","1.0","","1","N","N","","0","","0","0","2","","0","N","","2","1","0","0","0","0","0","2","0","2","","","","N","","","","","","","","","",""
"2011031631","","1","0","0","0","0","0","0","0","0","7","0","","02","3","2011","4","40.540314","-79.840676","","11","0","0","0","1","0","0","0","0","","0","0","0","","","1","","0","","40 32:25.131","","0","79 50:26.432","4","0","0","0","2208","0","0","0","N","0","0","0","1","02208","1","","4.0","","9","N","N","","0","","0","0","0","","0","","","1","1","0","0","0","0","0","2","0","1","","","","N","","","","","","","","","",""
"2011047172","","1","0","0","0","0","0","1","0","0","1","1","","02","5","2011","3","","","","11","0","0","0","0","0","0","0","0","1","0","0","0","","","3","","0","","","3","7","","4","0","0","0","2214","0","0","0","N","0","0","0","36","02214","3","","1.0","","9","Y","N","","0","","0","0","0","","3","N","","2","3","0","0","0","0","0","1","0","2","","","","N","","","","","","","","","",""
"2011046738","","1","0","0","0","0","0","0","0","0","1","0","","02","5","2011","5","40.435623","-80.191428","","11","0","0","1","1","0","0","0","0","","0","0","0","","","0","","0","","40 26:08.243","","0","80 11:29.140","0","0","0","0","2214","0","0","0","N","0","0","0","2","02214","0","","1.0","","1","N","N","","1","","0","0","0","","0","","","2","0","0","0","0","0","0","2","0","2","","","","N","","","","","","","","","",""
"2011030015","","1","0","0","0","0","0","0","0","0","4","0","","02","3","2011","1","40.471793","-79.898506","","11","0","0","0","0","0","1","0","0","1","0","0","0","","","0","","2","","40 28:18.454","4","0","79 53:54.621","0","0","0","0","2301","0","0","0","N","0","0","0","2","02301","0","","1.0","","1","N","N","","0","","0","0","1","","2","N","","2","0","0","0","0","0","0","2","0","2","","","","N","","","","","","","","","",""
"2011031632","","0","0","0","0","0","0","0","0","0","99","0","","02","3","2011","5","40.381227","-80.172908","","11","0","1","0","0","0","0","0","0","2","0","0","0","","","2","","2","","40 22:52.418","3","7","80 10:22.467","3","0","0","0","2119","0","0","0","N","0","0","0","2","02119","0","","1.0","","1","N","N","","0","","1","0","2","","3","N","","2","2","0","0","0","1","0","1","0","2","","","","N","","","","","","","","","",""
"2011030017","","1","0","0","0","0","0","0","0","0","7","0","","02","3","2011","1","40.463663","-79.816948","","11","0","0","0","0","0","0","0","0","6","0","0","0","","","1","","2","","40 27:49.186","5","0","79 49:01.012","3","0","0","0","2113","0","0","0","N","0","0","0","1","02113","0","","5.0","","1","N","N","","0","","1","0","0","","0","Y","","1","1","0","0","0","0","0","2","0","1","","","","N","","","","","","","","","",""
"2011032395","","2","0","0","0","0","0","0","0","0","2","0","","02","3","2011","6","40.498586","-80.061839","","11","0","0","0","0","0","0","0","0","","0","0","0","","","0","","1","","40 29:54.909","","0","80 03:42.620","0","0","0","0","2402","0","0","0","N","0","0","0","4","02402","0","","1.0","","1","N","N","","0","","0","0","0","","2","","","2","0","0","0","0","0","0","2","0","2","","","","N","","","","","","","","","",""
"2011046673","","2","0","0","0","0","0","0","0","0","4","0","","02","5","2011","5","40.282782","-79.957205","","11","0","0","0","0","0","0","1","0","","0","0","0","","","0","","1","","40 16:58.014","","0","79 57:25.939","0","0","0","0","2440","0","0","0","N","0","0","0","2","02440","0","","1.0","","1","N","N","","0","","0","0","0","","3","","","2","0","0","0","0","0","0","2","0","2","","","","N","","","","","","","","","",""
"2011032267","","1","0","0","0","0","0","0","0","0","7","0","","02","3","2011","1","40.631788","-80.058172","","11","0","0","0","0","0","0","0","1","2","0","0","0","","","2","","0","","40 37:54.438","1","0","80 03:29.420","3","0","0","0","2216","0","0","0","N","0","0","0","2","02505","1","","2.0","","1","N","N","","0","","1","0","0","","0","N","","1","2","0","0","0","0","0","2","0","1","","","","N","","","","","","","","","",""
"2011044781","","1","0","0","0","0","0","0","0","0","1","0","","02","4","2011","2","40.437707","-80.013368","","11","0","0","0","0","0","1","0","1","","0","0","0","","","0","","0","","40 26:15.744","","0","80 00:48.123","0","0","0","0","2301","0","0","0","N","0","0","0","3","68B03","0","","1.0","","1","N","N","","0","","0","0","2","","0","","","3","0","0","0","0","0","0","2","0","3","","","","N","","","","","","","","","",""
"2011046102","","1","0","0","0","0","0","0","0","0","7","0","","02","4","2011","6","40.534955","-80.075146","","11","0","0","0","0","0","0","0","0","","0","0","0","","","0","","0","","40 32:05.838","","0","80 04:30.527","0","0","0","0","2215","0","0","0","N","0","0","0","2","68B03","0","","2.0","","1","N","N","","0","","0","0","0","","0","","","1","0","0","0","0","0","0","2","0","1","","","","N","","","","","","","","","",""
"2011030019","","1","0","0","0","0","0","0","0","0","1","0","","02","3","2011","1","40.440296","-80.006994","","11","0","0","0","1","0","0","0","0","","0","0","0","","","1","","3","","40 26:25.066","","2","80 00:25.180","4","0","0","0","2301","0","0","0","N","0","0","0","4","02301","1","","1.0","","1","N","N","","1","","0","0","0","","0","","","2","1","0","0","0","0","0","2","0","2","","","","N","","","","","","","","","",""
"2011045300","","1","0","0","0","0","0","0","0","0","1","0","","02","4","2011","4","40.517006","-80.127447","","11","0","0","0","0","0","0","0","0","1","0","0","0","","","4","","6","","40 31:01.221","2","2","80 07:38.808","4","0","0","0","2434","0","0","0","N","0","0","0","6","68B03","4","","1.0","","1","N","N","","0","","0","0","1","","4","N","","2","4","0","0","0","0","0","2","0","2","","","","N","","","","","","","","","",""
"2011046168","","1","0","0","0","0","0","0","0","0","7","0","","02","4","2011","7","40.370272","-79.927527","","11","0","0","0","0","0","0","0","0","","0","0","0","","","0","","0","","40 22:12.979","","0","79 55:39.097","9","0","0","0","2473","0","0","0","N","0","0","0","1","02473","0","","2.0","","9","N","N","","0","","0","0","0","","0","","","2","0","0","0","0","0","1","2","1","2","","","","N","","","","","","","","","",""
"2011047178","","1","0","0","0","0","0","0","0","0","8","0","","02","5","2011","6","40.456601","-80.01675","","11","0","0","0","0","0","0","0","0","","0","0","0","","","1","","1","","40 27:23.763","","0","80 01:00.300","8","0","0","0","2301","1","0","0","N","1","0","0","2","02301","0","","1.0","","1","N","N","","0","","0","0","0","","2","","","2","1","0","0","0","1","1","2","0","1","","","","N","","","","","","","","","",""
"2011046023","","2","0","0","0","0","0","0","0","0","1","0","","02","5","2011","3","40.413217","-80.076088","","11","0","0","0","0","0","0","1","0","1","0","0","0","","","0","","0","","40 24:47.581","6","0","80 04:33.917","0","0","0","0","2117","0","0","0","N","0","0","0","3","02117","0","","1.0","","1","N","N","","0","","0","0","0","","0","N","","2","0","0","0","0","0","0","2","0","2","","","","N","","","","","","","","","",""
"2011045384","","1","0","0","0","0","0","0","0","0","8","0","","02","5","2011","1","40.428418","-79.974636","","11","0","0","0","0","0","0","0","0","3","0","0","0","","","1","","1","","40 25:42.304","3","0","79 58:28.691","2","0","0","0","2301","1","0","1","N","1","0","1","3","02301","0","","1.0","","1","N","N","","0","","0","1","0","","2","N","","2","1","0","0","0","0","0","2","0","1","","","","N","","","","","","","","","",""
"2011030022","","0","0","0","0","0","0","0","0","0","7","0","","02","3","2011","6","40.550597","-79.957567","","11","0","0","0","0","0","0","0","0","1","0","0","0","","","1","","0","","40 33:02.148","3","0","79 57:27.240","8","0","0","0","2118","0","0","0","N","0","0","0","1","02118","0","","2.0","","9","N","N","","0","","0","0","1","","0","Y","","1","1","0","0","0","1","0","2","0","1","","","","N","","","","","","","","","",""
"2011046678","","2","0","0","0","0","0","0","0","0","7","0","","02","4","2011","4","40.501562","-80.075249","","11","0","0","0","0","0","1","0","0","","0","0","0","","","0","","1","","40 30:05.622","","0","80 04:30.895","0","0","0","0","2405","0","0","0","N","0","0","0","2","02215","0","","2.0","","1","N","N","","0","","0","0","0","","0","","","2","0","0","0","0","0","0","2","0","2","","","","N","","","","","","","","","",""
"2011046693","","0","0","0","0","0","0","0","0","0","0","0","","02","5","2011","5","40.481525","-79.876187","","11","0","0","0","0","0","1","0","0","","0","0","0","","","0","","2","","40 28:53.490","","0","79 52:34.273","0","0","0","0","2113","0","0","0","N","0","0","0","1","02113","0","","2.0","","1","N","N","","0","","0","0","1","","2","","","1","0","1","0","0","0","0","2","0","1","","","","N","","","","","","","","","",""
"2011032272","","1","0","0","0","0","0","0","0","0","1","0","","02","3","2011","1","40.404791","-80.083552","","11","0","0","0","0","0","0","0","0","","0","0","0","","","1","","2","","40 24:17.247","","0","80 05:00.788","3","0","0","0","2415","0","0","0","N","0","0","0","2","02415","0","","1.0","","1","N","N","","1","","1","0","0","","0","","","2","1","0","0","0","0","0","2","0","2","","","","N","","","","","","","","","",""
"2011030023","","2","0","0","0","0","0","0","0","0","4","0","","02","3","2011","7","40.494135","-79.905954","","11","0","0","0","0","0","0","0","0","","0","0","0","","","0","","10","","40 29:38.886","","0","79 54:21.434","0","0","0","0","2401","0","0","0","N","0","0","0","1","02401","0","","1.0","","1","N","N","","0","","0","0","0","","0","","","2","0","0","0","0","0","0","2","0","2","","","","N","","","","","","","","","",""
"2011044724","","0","0","0","0","0","0","0","0","0","4","0","","02","4","2011","5","40.438322","-79.97947","","11","0","0","0","0","0","1","0","0","","0","0","0","","","0","","2","","40 26:17.959","","0","79 58:46.092","0","0","0","0","2301","0","0","0","N","0","0","0","2","02301","0","","1.0","","1","N","N","","1","","0","0","0","","3","","","2","0","0","0","0","0","0","2","1","2","","","","N","","","","","","","","","",""
"2011030843","","1","0","0","0","0","0","0","0","0","4","0","","02","3","2011","4","40.501535","-79.837707","","11","0","0","0","0","0","1","0","0","","0","0","0","","","0","","2","","40 30:05.526","","0","79 50:15.745","0","0","0","0","2113","0","0","0","N","0","0","0","3","02113","0","","1.0","","9","N","N","","1","","0","0","0","","3","","","2","0","0","0","0","0","0","2","0","2","","","","N","","","","","","","","","",""
"2011046696","","1","0","0","0","0","0","0","0","0","1","0","","02","5","2011","5","40.356244","-80.050325","","11","0","0","0","0","0","0","0","0","2","0","0","0","","","0","","0","","40 21:22.480","1","0","80 03:01.169","0","0","0","0","2109","0","0","0","N","0","0","0","2","02109","0","","1.0","","1","N","N","","0","","0","0","0","","0","N","","2","0","0","0","0","0","0","2","1","2","","","","N","","","","","","","","","",""
"2011047185","","2","0","0","0","0","0","0","0","0","4","0","","02","5","2011","6","40.35606","-80.04513","","11","0","0","0","0","0","1","0","0","2","0","0","0","","","0","","1","","40 21:21.815","3","0","80 02:42.469","0","0","0","0","2109","0","0","0","N","0","0","0","3","02109","0","","1.0","","1","N","N","","0","","0","0","0","","2","N","","2","0","2","0","0","0","0","2","0","2","","","","N","","","","","","","","","",""
"2011046697","","1","0","0","0","0","0","0","0","0","8","0","","02","5","2011","5","40.450906","-79.9347","","11","0","0","0","0","0","0","1","0","","0","0","0","","","2","","1","","40 27:03.261","","0","79 56:04.920","8","0","0","0","2301","2","0","0","N","2","0","0","3","02301","0","","1.0","","1","N","N","","0","","0","0","0","","0","","","3","2","0","0","0","2","0","2","0","1","","","","N","","","","","","","","","",""
"2011031645","","2","0","0","0","0","0","0","0","0","1","0","","02","3","2011","5","40.352174","-80.050459","","11","0","0","0","0","0","1","0","0","","0","0","0","","","0","","1","","40 21:07.828","","0","80 03:01.654","0","0","0","0","2109","0","0","0","N","0","0","0","3","02109","0","","1.0","","1","N","N","","0","","0","0","0","","2","","","2","0","0","0","0","0","0","2","0","2","","","","N","","","","","","","","","",""
"2011046684","","0","0","0","0","0","0","0","0","0","1","0","","02","5","2011","5","40.384413","-79.977884","","11","0","0","0","0","0","0","0","0","","0","0","0","","","1","","2","","40 23:03.886","","0","79 58:40.382","8","0","0","1","2301","0","0","0","N","0","0","0","2","02301","0","","1.0","","1","N","N","","0","","0","0","1","","2","","","2","1","0","0","0","1","0","2","0","2","","","","N","","","","","","","","","",""
"2011030029","","0","0","0","0","0","0","0","0","0","7","0","","02","3","2011","3","40.479711","-79.933067","","11","0","0","0","0","0","1","0","0","","0","0","0","","","1","","0","","40 28:46.960","","0","79 55:59.040","4","0","0","0","2301","0","0","0","N","0","0","0","1","02301","1","","4.0","","1","N","N","","0","","0","0","1","","0","","","1","1","0","0","0","0","0","2","0","1","","","","N","","","","","","","","","",""
"2011031646","","1","0","0","0","0","0","0","0","0","7","0","","02","3","2011","1","40.492022","-80.086562","","11","0","0","0","1","0","0","0","0","1","0","0","0","","","0","","1","","40 29:31.279","1","0","80 05:11.624","0","0","0","0","2122","0","0","0","N","0","0","0","1","02122","0","","2.0","","9","N","N","","0","","0","0","0","","0","N","","1","0","1","0","0","0","0","2","0","1","","","","N","","","","","","","","","",""
"2011045977","","2","0","0","0","0","0","0","0","0","1","0","","02","4","2011","4","40.560709","-80.013647","","11","0","0","0","0","0","1","0","0","","0","0","0","","","2","","0","","40 33:38.551","","0","80 00:49.130","4","0","0","0","2108","0","0","0","N","0","0","0","7","02108","2","","1.0","","1","N","N","","2","","0","0","0","","0","","","4","2","0","0","0","0","0","2","0","4","","","","N","","","","","","","","","",""
"2011045392","","0","0","0","0","0","0","0","0","0","5","0","","02","4","2011","7","40.39217","-80.013159","","11","0","0","0","0","0","0","0","0","","0","0","0","","","0","","1","","40 23:31.812","","0","80 00:47.372","9","0","0","0","2301","0","0","0","N","0","0","0","6","02301","0","","1.0","","1","N","N","","0","","0","0","2","","2","","","2","0","1","0","0","0","1","2","0","2","","","","N","","","","","","","","","",""
"2011045470","","2","0","0","0","0","0","0","0","0","1","0","","02","4","2011","7","40.360972","-80.028541","","11","0","0","0","0","0","0","0","1","","0","0","0","","","1","","0","","40 21:39.499","","0","80 01:42.747","4","0","0","0","2416","0","0","0","N","0","0","0","4","02416","1","","1.0","","1","N","N","","0","","0","0","0","","0","","","2","1","0","0","0","0","0","2","0","2","","","","N","","","","","","","","","",""
"2011046686","","1","0","0","0","0","0","0","0","0","8","0","","02","5","2011","5","40.466618","-79.925386","","11","0","0","0","0","0","0","0","0","1","0","0","0","","","1","","1","","40 27:59.824","3","0","79 55:31.389","2","0","0","0","2301","1","0","1","N","1","0","1","4","02301","0","","1.0","","1","N","N","","0","","0","1","0","","2","Y","","2","1","0","0","0","0","0","2","0","1","","","","N","","","","","","","","","",""
"2011046050","","2","0","0","0","0","0","0","0","0","4","0","","02","5","2011","3","40.458569","-80.013967","","11","0","0","0","0","0","0","0","0","","0","0","0","","","0","","1","","40 27:30.848","","0","80 00:50.281","0","0","0","0","2301","0","0","0","N","0","0","0","2","02301","0","","1.0","","9","N","N","","0","","0","0","0","","0","","","2","0","0","0","0","0","0","2","0","2","","","","N","","","","","","","","","",""
"2011046703","","0","0","0","0","0","0","0","0","0","5","0","","02","5","2011","5","40.627141","-80.055356","","11","0","0","0","0","0","1","0","0","","0","0","0","","","0","","0","","40 37:37.706","","0","80 03:19.281","0","0","0","0","2216","0","0","0","N","0","0","0","3","02505","0","","1.0","","1","N","N","","0","","0","0","2","","0","","","2","0","0","0","0","0","0","2","0","2","","","","N","","","","","","","","","",""
"2011046767","","1","0","0","0","0","0","0","0","0","7","0","","02","4","2011","6","40.438167","-80.196063","","11","0","0","0","0","0","0","0","0","2","0","0","0","","","0","","0","","40 26:17.402","4","0","80 11:45.828","0","0","0","0","2214","0","0","0","N","0","0","0","1","68B03","0","","2.0","","1","N","N","","0","","0","0","0","","0","N","","1","0","0","0","0","0","0","2","0","1","","","","N","","","","","","","","","",""
"2011044733","","2","0","0","0","0","0","0","0","0","1","0","","02","4","2011","3","40.490835","-79.741747","","11","0","0","0","0","1","0","0","0","","0","0","0","","","0","","0","","40 29:27.006","","0","79 44:30.289","0","0","0","0","2466","0","0","0","N","0","0","0","3","02466","0","","1.0","","1","N","N","","0","","0","0","0","","0","","","2","0","0","0","0","0","0","2","0","2","","","","N","","","","","","","","","",""
"2011046052","","1","0","0","0","0","0","0","0","0","1","0","","02","5","2011","3","40.384691","-80.05456","","11","0","0","0","0","0","0","0","0","1","0","0","0","","","1","","2","","40 23:04.887","3","0","80 03:16.416","8","0","0","0","2109","0","0","0","N","0","0","0","4","02109","0","","1.0","","9","N","N","","0","","0","0","1","","0","N","","2","1","0","0","0","1","0","2","0","2","","","","N","","","","","","","","","",""
"2011046768","","1","0","0","0","0","0","0","0","0","7","0","","02","4","2011","6","40.527923","-80.272217","","11","0","0","0","0","0","0","0","0","","0","0","0","","","0","","0","","40 31:40.522","","0","80 16:19.982","0","0","0","0","2203","0","0","0","Y","0","0","0","1","68B03","0","","2.0","","1","N","N","","0","","0","0","0","","0","","","1","0","0","0","0","0","0","2","0","1","","","","N","","","","","","","","","",""
"2011045459","","1","0","0","0","0","0","0","0","0","7","0","","02","4","2011","1","40.393889","-79.793303","","11","0","0","0","0","0","0","0","0","1","0","0","0","","","1","","0","","40 23:38.000","6","0","79 47:35.890","8","0","0","0","2470","0","0","0","N","0","0","0","1","02424","0","","5.0","","1","N","N","","0","","0","0","0","","0","Y","","1","1","0","0","0","1","0","2","0","1","","","","N","","","","","","","","","",""
"2011046835","","1","0","0","0","0","0","0","0","0","1","0","","02","5","2011","5","40.464343","-79.824262","","11","0","0","0","1","0","0","1","0","1","0","0","0","","","0","","0","","40 27:51.633","2","0","79 49:27.343","0","0","0","0","2113","0","0","0","N","0","0","0","3","02113","0","","1.0","","1","N","N","","0","","0","0","0","","0","N","","3","0","0","0","0","0","0","2","1","2","","","","N","","","","","","","","","",""
"2011046705","","2","0","0","0","0","0","0","0","0","4","0","","02","5","2011","5","40.440469","-79.991552","","11","0","0","0","0","0","0","0","0","","0","0","0","","","1","","1","","40 26:25.687","","2","79 59:29.586","3","0","0","0","2301","0","0","0","N","0","0","0","2","02301","0","","1.0","","1","N","N","","0","","1","0","0","","2","","","2","1","0","0","0","0","0","2","0","2","","","","N","","","","","","","","","",""
"2011046769","","1","0","0","0","0","0","0","0","0","7","0","","02","4","2011","4","40.427608","-79.949935","","11","0","0","0","0","0","0","0","0","2","0","0","0","","","1","","0","","40 25:39.390","3","0","79 56:59.767","4","0","0","0","2301","0","0","0","N","0","0","0","1","68B03","1","","3.0","","1","N","N","","0","","0","0","0","","0","N","","1","1","0","0","0","0","0","2","0","1","","","","N","","","","","","","","","",""
"2011045460","","0","0","0","0","0","0","0","0","0","6","0","","02","5","2011","1","40.672444","-79.987405","","11","0","0","0","0","0","3","0","0","2","0","0","0","","","5","","0","","40 40:20.798","5","0","79 59:14.658","8","0","0","0","2217","0","0","0","N","0","0","0","5","02505","0","","1.0","","9","N","N","","1","","0","0","2","","0","N","","3","5","0","0","0","5","0","2","0","3","","","","N","","","","","","","","","",""
"2011032284","","0","0","0","0","0","0","0","0","0","0","0","","02","3","2011","1","40.264615","-79.878739","","11","0","0","0","0","0","0","0","0","2","0","0","0","","","1","","2","","40 15:52.615","6","0","79 52:43.460","8","0","0","1","2105","0","0","0","N","0","0","0","1","02105","0","","1.0","","3","N","N","","0","","0","0","0","","2","Y","","1","1","0","0","0","1","0","1","0","1","","","","N","","","","","","","","","",""
"2011046706","","3","0","0","0","0","0","0","0","0","4","0","","02","5","2011","5","40.593889","-79.969982","","11","0","0","0","0","0","0","1","0","","0","0","0","","","0","","0","","40 35:38.001","","0","79 58:11.935","0","0","0","0","2207","0","0","0","N","0","0","0","2","02207","0","","1.0","","1","N","N","","0","","0","0","0","","0","","","3","0","0","0","0","0","0","2","0","3","","","","N","","","","","","","","","",""
"2011046054","","3","0","0","0","0","0","0","0","0","99","0","","02","5","2011","2","40.494118","-80.045028","","11","0","0","0","0","0","1","0","0","","0","0","0","","","0","","0","","40 29:38.824","","0","80 02:42.100","0","0","0","0","2116","0","0","0","N","0","0","0","2","02116","0","","5.0","","1","N","N","","0","","0","0","0","","0","","","3","0","0","0","0","0","0","2","0","3","","","","N","","","","","","","","","",""
"2011046770","","2","0","0","0","0","0","0","0","0","1","0","","02","5","2011","4","40.436638","-80.015389","","11","0","0","0","0","0","0","0","0","","0","0","0","","","0","","0","","40 26:11.898","","4","80 00:55.402","0","0","0","0","2301","0","0","0","N","0","0","0","3","68B03","0","","1.0","","1","N","N","","0","","0","0","1","","0","","","3","0","0","0","0","0","0","2","0","3","","","","N","","","","","","","","","",""
"2011030856","","0","0","0","0","0","0","0","0","0","7","0","","02","2","2011","7","40.655153","-79.837704","","11","0","0","0","0","0","0","0","0","2","0","0","0","","","1","","0","","40 39:18.549","5","0","79 50:15.734","3","0","0","0","2220","0","0","0","Y","0","0","0","1","02220","0","","2.0","","2","N","N","","0","","1","0","1","","0","Y","","1","1","0","0","0","0","0","1","0","1","","","","N","","","","","","","","","",""
"2011047196","","2","0","0","0","0","0","0","0","0","1","0","","02","5","2011","5","40.356579","-79.833412","","11","0","0","0","0","0","0","0","0","","0","0","0","","","1","","2","","40 21:23.684","","0","79 50:00.282","4","0","0","0","2304","0","0","0","N","0","0","0","5","02304","1","","1.0","","1","N","N","","0","","0","0","0","","2","","","2","1","1","0","0","0","1","2","0","2","","","","N","","","","","","","","","",""
"2011045317","","1","0","0","0","0","0","0","0","0","1","0","","02","4","2011","7","40.328653","-79.834169","","11","0","0","0","0","0","0","0","0","1","0","0","0","","","3","","2","","40 19:43.150","2","0","79 50:03.008","8","0","0","0","2304","0","0","0","N","0","0","0","6","02304","0","","1.0","","1","N","N","","0","","0","0","1","","0","Y","","2","3","0","0","0","3","0","2","0","2","","","","N","","","","","","","","","",""
"2011044671","","1","0","0","0","0","0","0","0","0","8","0","","02","4","2011","4","40.448413","-79.934205","","11","0","0","0","0","0","1","0","0","","0","0","0","","","1","","2","","40 26:54.286","","0","79 56:03.138","4","0","0","0","2301","1","0","0","N","1","0","0","2","02301","1","","1.0","","1","N","N","","0","","0","0","0","","2","","","2","1","0","0","0","0","0","2","0","1","","","","N","","","","","","","","","",""
"2011044737","","2","0","0","0","0","0","0","0","0","4","0","","02","4","2011","5","40.349867","-79.855139","","11","0","0","0","0","0","0","0","0","3","0","0","0","","","0","","0","","40 20:59.520","7","0","79 51:18.500","9","0","0","0","2444","0","0","0","N","0","0","0","2","02444","0","","6.0","","1","N","N","","0","","0","0","0","","0","Y","","2","0","0","0","0","0","1","2","0","2","","","","N","","","","","","","","","",""
"2011045400","","1","0","0","0","0","0","0","0","0","7","0","","02","5","2011","1","40.438486","-79.774389","","11","0","0","0","0","0","0","0","0","","0","0","0","","","0","","0","","40 26:18.550","","0","79 46:27.800","9","0","0","0","2446","0","0","0","Y","0","0","0","1","02446","0","","5.0","","9","N","N","","0","","0","0","0","","0","","","1","0","0","0","0","0","1","2","0","1","","","","N","","","","","","","","","",""
"2011030038","","0","0","0","0","0","0","0","0","0","7","0","","02","3","2011","2","40.422378","-80.029692","","11","0","0","0","0","0","0","0","0","1","0","0","0","","","0","","3","","40 25:20.562","2","0","80 01:46.891","0","0","0","0","2301","0","0","0","N","0","0","0","1","02301","0","","1.0","","1","N","N","","1","","0","0","0","","0","N","","1","0","0","0","0","0","0","2","0","1","","","","N","","","","","","","","","",""
"2011047197","","1","0","0","1","0","0","0","0","0","8","0","","02","5","2011","6","40.429075","-79.977593","","11","0","0","0","0","0","0","0","0","","0","0","0","","","1","","1","","40 25:44.670","","0","79 58:39.334","4","0","0","0","2301","1","0","0","N","0","0","0","2","02301","1","","1.0","","1","N","N","","0","","0","0","0","","0","","","2","1","0","0","0","0","0","2","0","1","","","","N","","","","","","","","","",""
"2011045318","","1","0","0","0","0","0","0","0","0","4","0","","02","4","2011","5","40.348168","-79.947286","","11","0","0","0","0","0","1","0","0","2","0","0","0","","","2","","2","","40 20:53.403","3","7","79 56:50.231","8","0","0","0","2473","0","0","0","N","0","0","0","3","02473","0","","1.0","","1","N","N","","0","","0","0","0","","2","Y","","2","2","0","0","0","2","0","2","1","2","","","","N","","","","","","","","","",""
"2011045334","","1","0","0","0","0","0","0","0","0","1","0","","02","4","2011","7","40.336756","-79.970883","","11","0","0","0","0","0","1","0","1","2","0","0","0","","","0","","0","","40 20:12.321","4","0","79 58:15.178","0","0","0","0","2454","0","0","0","N","0","0","0","3","02454","0","","1.0","","1","N","N","","1","","0","0","1","","0","N","","3","0","0","0","0","0","0","2","0","3","","","","N","","","","","","","","","",""