"CRN","ARRIVAL_TM","AUTOMOBILE_COUNT","BELTED_DEATH_COUNT","BELTED_SUSP_SERIOUS_INJ_COUNT","BICYCLE_COUNT","BICYCLE_DEATH_COUNT","BICYCLE_SUSP_SERIOUS_INJ_COUNT","BUS_COUNT","CHLDPAS_DEATH_COUNT","CHLDPAS_SUSP_SERIOUS_INJ_COUNT","COLLISION_TYPE","COMM_VEH_COUNT","CONS_ZONE_SPD_LIM","COUNTY","CRASH_MONTH","CRASH_YEAR","DAY_OF_WEEK","DEC_LATITUDE","DEC_LONGITUDE","DISPATCH_TM","DISTRICT","DRIVER_COUNT_16YR","DRIVER_COUNT_17YR","DRIVER_COUNT_18YR","DRIVER_COUNT_19YR","DRIVER_COUNT_20YR","DRIVER_COUNT_50_64YR","DRIVER_COUNT_65_74YR","DRIVER_COUNT_75PLUS","EST_HRS_CLOSED","FATAL_COUNT","HEAVY_TRUCK_COUNT","HORSE_BUGGY_COUNT","HOUR_OF_DAY","ILLUMINATION","INJURY_COUNT","INTERSECTION_RELATED","INTERSECT_TYPE","LANE_CLOSED","LATITUDE","LN_CLOSE_DIR","LOCATION_TYPE","LONGITUDE","MAX_SEVERITY_LEVEL","MCYCLE_DEATH_COUNT","MCYCLE_SUSP_SERIOUS_INJ_COUNT","MOTORCYCLE_COUNT","MUNICIPALITY","NONMOTR_COUNT","NONMOTR_DEATH_COUNT","NONMOTR_SUSP_SERIOUS_INJ_COUNT","NTFY_HIWY_MAINT","PED_COUNT","PED_DEATH_COUNT","PED_SUSP_SERIOUS_INJ_COUNT","PERSON_COUNT","POLICE_AGCY","POSSIBLE_INJ_COUNT","RDWY_SURF_TYPE_CD","RELATION_TO_ROAD","ROADWAY_CLEARED","ROAD_CONDITION","SCH_BUS_IND","SCH_ZONE_IND","SECONDARY_CRASH","SMALL_TRUCK_COUNT","SPEC_JURIS_CD","SUSP_MINOR_INJ_COUNT","SUSP_SERIOUS_INJ_COUNT","SUV_COUNT","TCD_FUNC_CD","TCD_TYPE","TFC_DETOUR_IND","TIME_OF_DAY","TOTAL_UNITS","TOT_INJ_COUNT","UNBELTED_OCC_COUNT","UNB_DEATH_COUNT","UNB_SUSP_SERIOUS_INJ_COUNT","UNK_INJ_DEG_COUNT","UNK_INJ_PER_COUNT","URBAN_RURAL","VAN_COUNT","VEHICLE_COUNT","WEATHER1","WEATHER2","WORKERS_PRES","WORK_ZONE_IND","WORK_ZONE_LOC","WORK_ZONE_TYPE","WZ_CLOSE_DETOUR","WZ_FLAGGER","WZ_LAW_OFFCR_IND","WZ_LN_CLOSURE","WZ_MOVING","WZ_OTHER","WZ_SHLDER_MDN","WZ_WORKERS_INJ_KILLED"
"2011030404","","0","0","0","0","0","0","0","0","0","7","0","","02","3","2011","7","40.543913","-79.816327","","11","0","0","0","0","1","0","0","0","9","0","0","0","","","0","","0","","40 32:38.088","4","0","79 48:58.777","0","0","0","0","2208","0","0","0","N","0","0","0","1","02208","0","","5.0","","9","N","N","","1","","0","0","0","","0","N","","1","0","0","0","0","0","0","2","0","1","","","","N","","","","","","","","","",""
"2011031669","","1","0","0","0","0","0","0","0","0","7","0","","02","3","2011","6","40.400292","-79.879278","","11","0","0","0","0","0","0","0","0","1","0","0","0","","","0","","0","","40 24:01.052","2","0","79 52:45.402","0","0","0","0","2473","0","0","0","N","0","0","0","1","02473","0","","5.0","","1","N","N","","0","","0","0","0","","0","Y","","1","0","0","0","0","0","0","2","0","1","","","","N","","","","","","","","","",""
"2011031900","","2","0","0","0","0","0","0","0","0","2","0","","02","3","2011","6","40.454367","-79.977746","","11","0","0","0","0","0","1","0","0","","0","0","0","","","2","","1","","40 27:15.721","","0","79 58:39.885","2","0","0","0","2301","0","0","0","N","0","0","0","3","02301","1","","1.0","","1","N","N","","0","","0","1","0","","1","","","2","2","1","0","1","0","0","2","0","2","","","","N","","","","","","","","","",""
"2011031984","","2","0","0","0","0","0","0","0","0","4","0","","02","3","2011","5","40.448415","-79.761143","","11","0","1","0","0","0","0","0","0","","0","0","0","","","0","","1","","40 26:54.295","","0","79 45:40.113","0","0","0","0","2446","0","0","0","N","0","0","0","2","02446","0","","1.0","","1","N","N","","0","","0","0","0","","3","","","2","0","0","0","0","0","0","2","0","2","","","","N","","","","","","","","","",""
"2011030876","","3","0","0","0","0","0","0","0","0","1","0","","02","3","2011","4","40.477536","-79.737156","","11","0","0","0","0","0","1","0","1","1","0","0","0","","","1","","0","","40 28:39.131","4","0","79 44:13.762","8","0","0","0","2466","0","0","0","N","0","0","0","4","02466","0","","1.0","","9","N","N","","0","","0","0","0","","0","N","","3","1","0","0","0","1","0","2","0","3","","","","N","","","","","","","","","",""
"2011031903","","1","0","0","0","0","0","0","0","0","6","0","","02","3","2011","7","40.252088","-75.62356","","11","0","0","0","0","0","0","0","0","","0","0","0","","","0","","1","","40 15:07.517","","0","75 37:24.817","0","0","0","0","2301","0","0","0","N","0","0","0","6","02301","0","","1.0","","1","N","N","","0","","0","0","1","","2","","","2","0","0","0","0","0","0","2","0","2","","","","N","","","","","","","","","",""
"2011032456","","2","0","0","0","0","0","0","0","0","7","0","","02","3","2011","1","40.341219","-79.966149","","11","0","0","0","0","0","1","0","0","1","0","0","0","","","0","","6","","40 20:28.390","3","2","79 57:58.138","0","0","0","0","2454","0","0","0","Y","0","0","0","3","02454","0","","1.0","","1","N","N","","0","","0","0","0","","0","N","","2","0","0","0","0","0","0","2","0","2","","","","N","","","","","","","","","",""
"2011031181","","1","0","0","0","0","0","0","0","0","7","0","","02","3","2011","5","40.572019","-80.016386","","11","0","0","0","0","0","0","0","1","2","0","0","0","","","1","","2","","40 34:19.267","1","7","80 00:58.989","8","0","0","0","2108","0","0","0","N","0","0","0","1","02108","0","","3.0","","1","N","N","","0","","0","0","0","","0","N","","1","1","0","0","0","1","0","2","0","1","","","","N","","","","","","","","","",""
"2011030878","","0","0","0","0","0","0","0","0","0","1","0","","02","3","2011","6","40.513749","-80.152755","","11","0","0","0","0","0","0","1","0","1","0","0","0","","","1","","0","","40 30:49.496","3","0","80 09:09.918","8","0","0","0","2420","0","0","0","","0","0","0","1","02420","0","","2.0","","9","","","","1","","0","0","1","","0","Y","","2","1","0","0","0","1","0","2","0","2","","","","N","","","","","","","","","",""
"2011032457","","1","0","0","0","0","0","0","0","0","0","0","","02","3","2011","2","40.456301","-80.053432","","11","0","0","0","0","0","1","0","0","2","0","0","0","","","1","","2","","40 27:22.683","2","0","80 03:12.355","8","0","0","1","2301","0","0","0","N","0","0","0","4","02301","0","","1.0","","1","N","N","","0","","0","0","0","","3","N","","2","1","0","0","0","1","0","2","0","2","","","","N","","","","","","","","","",""
"2011030201","","0","0","0","0","0","0","0","0","0","7","0","","02","3","2011","2","40.35451","-80.114766","","11","0","0","0","0","0","0","0","0","1","0","0","0","","","1","","2","","40 21:16.237","1","0","80 06:53.157","8","0","0","0","2119","0","0","0","N","0","0","0","1","02119","0","","4.0","","1","N","N","","0","","0","0","1","","2","N","","1","1","0","0","0","1","0","2","0","1","","","","N","","","","","","","","","",""
"2011031762","","1","0","0","0","0","0","0","0","0","2","0","","02","3","2011","5","40.657846","-79.967797","","11","0","0","0","1","0","1","0","0","1","0","0","0","","","0","","1","","40 39:28.245","4","0","79 58:04.068","0","0","0","0","2217","0","0","0","N","0","0","0","2","02505","0","","1.0","","1","N","N","","1","","0","0","0","","3","N","","2","0","0","0","0","0","0","1","0","2","","","","N","","","","","","","","","",""
"2011031182","","0","0","0","0","0","0","0","0","0","7","0","","02","2","2011","2","40.582051","-80.038063","","11","0","0","0","0","0","0","0","0","1","0","0","0","","","1","","0","","40 34:55.385","6","0","80 02:17.026","3","0","0","0","2108","0","0","0","N","0","0","0","1","02108","0","","4.0","","2","N","N","","0","","1","0","1","","0","N","","1","1","1","0","0","0","0","2","0","1","","","","N","","","","","","","","","",""
"2011032438","","2","0","0","0","0","0","0","0","0","2","0","","02","3","2011","2","40.448315","-79.959159","","11","0","0","0","0","0","0","0","0","1","0","0","0","","","1","","0","","40 26:53.934","4","0","79 57:32.974","4","0","0","0","2301","0","0","0","N","0","0","0","1","02301","1","","1.0","","1","N","N","","0","","0","0","1","","0","N","","3","1","0","0","0","0","0","2","0","3","","","","N","","","","","","","","","",""
"2011032573","","1","0","0","0","0","0","0","0","0","8","0","","02","3","2011","2","40.394689","-80.022924","","11","0","0","0","0","0","0","0","0","","0","0","0","","","1","","0","","40 23:40.880","","0","80 01:22.526","8","0","0","0","2301","1","0","0","N","1","0","0","2","02301","0","","1.0","","1","N","N","","0","","0","0","0","","0","","","2","1","0","0","0","1","0","2","0","1","","","","N","","","","","","","","","",""
"2011029660","","0","0","0","0","0","0","0","0","0","4","0","","02","3","2011","6","40.410936","-80.080048","","11","0","0","0","0","0","2","0","0","","0","0","0","","","2","","1","","40 24:39.369","","0","80 04:48.171","8","0","0","0","2415","0","0","0","N","0","0","0","2","02415","0","","1.0","","9","N","N","","0","","0","0","2","","3","","","2","2","0","0","0","2","0","2","0","2","","","","N","","","","","","","","","",""
"2011031183","","1","0","0","0","0","0","0","0","0","1","0","99","02","3","2011","6","40.601051","-80.048784","","11","0","0","0","0","0","0","0","0","1","0","0","0","","","2","","0","","40 36:03.783","1","0","80 02:55.624","8","0","0","0","2108","0","0","0","N","0","0","0","4","02108","0","","1.0","","1","N","N","","1","","0","0","0","","0","N","","2","2","0","0","0","2","0","2","0","2","","","Y","Y","2","1","U","U","N","U","U","U","Y",""
"2011032574","","1","0","0","0","0","0","0","0","0","1","0","","02","3","2011","5","40.438608","-79.743374","","11","0","0","0","0","0","0","1","0","","0","0","0","","","0","","0","","40 26:18.988","","0","79 44:36.147","0","0","0","0","2446","0","0","0","N","0","0","0","5","02446","0","","1.0","","1","N","N","","0","","0","0","2","","0","","","3","0","0","0","0","0","0","2","0","3","","","","N","","","","","","","","","",""
"2011031023","","2","0","0","0","0","0","0","0","0","4","0","","02","3","2011","4","40.274325","-79.947442","","11","0","0","0","0","0","1","0","0","","0","0","0","","","1","","10","","40 16:27.570","","0","79 56:50.792","4","0","0","0","2440","0","0","0","Y","0","0","0","4","02440","1","","1.0","","1","N","N","","0","","0","0","0","","0","","","2","1","0","0","0","0","0","1","0","2","","","","N","","","","","","","","","",""
"2011029728","","1","0","0","0","0","0","0","0","0","1","0","","02","3","2011","7","40.428374","-79.973509","","11","0","0","0","1","0","1","0","0","2","0","0","0","","","1","","10","","40 25:42.148","2","3","79 58:24.631","8","0","0","0","2301","0","0","0","N","0","0","0","6","02301","0","","1.0","","1","N","N","","0","","0","0","1","","0","N","","3","1","2","0","0","1","0","2","1","3","","","","N","","","","","","","","","",""
"2011031184","","1","0","0","0","0","0","0","0","0","4","0","","02","3","2011","6","40.607733","-80.052197","","11","0","1","0","0","0","0","0","0","","0","0","0","","","0","","0","","40 36:27.838","","0","80 03:07.908","0","0","0","0","2108","0","0","0","N","0","0","0","2","02108","0","","1.0","","9","N","N","","0","","0","0","1","","0","","","2","0","0","0","0","0","0","2","0","2","","","","N","","","","","","","","","",""
"2011030881","","2","0","0","0","0","0","0","0","0","5","0","","02","3","2011","2","40.507718","-80.081768","","11","0","0","0","0","0","0","0","1","","0","0","0","","","0","","0","","40 30:27.784","","0","80 04:54.364","0","0","0","0","2405","0","0","0","N","0","0","0","1","02215","0","","1.0","","1","N","N","","0","","0","0","0","","0","","","2","0","0","0","0","0","0","2","0","2","","","","N","","","","","","","","","",""
"2011030191","","1","0","0","0","0","0","0","0","0","7","0","","02","3","2011","7","40.347399","-80.153443","","11","0","0","0","0","0","0","0","0","","0","0","0","","","0","","0","","40 20:50.636","","0","80 09:12.394","9","0","0","0","2119","0","0","0","N","0","0","0","1","02119","0","","4.0","","2","N","N","","0","","0","0","0","","0","","","1","0","0","0","0","0","1","2","0","1","","","","N","","","","","","","","","",""
"2011029729","","1","0","0","0","0","0","0","0","0","4","0","","02","3","2011","6","40.438864","-79.762536","","11","0","1","0","0","0","1","0","0","1","0","0","0","","","0","","1","","40 26:19.910","3","0","79 45:45.128","0","0","0","0","2446","0","0","0","N","0","0","0","6","02446","0","","1.0","","9","N","N","","1","","0","0","1","","2","N","","3","0","1","0","0","0","0","2","0","3","","","","N","","","","","","","","","",""
"2011031185","","1","0","0","0","0","0","0","0","0","6","0","","02","3","2011","1","40.587048","-80.041094","","11","0","0","0","0","1","0","0","0","2","0","0","0","","","0","","2","","40 35:13.372","6","0","80 02:27.938","0","0","0","0","2108","0","0","0","N","0","0","0","2","02108","0","","1.0","","9","N","N","","1","","0","0","0","","0","N","","2","0","0","0","0","0","0","2","0","2","","","","N","","","","","","","","","",""
"2011031992","","1","0","0","0","0","0","0","0","0","7","0","","02","3","2011","7","40.447742","-79.929466","","11","0","0","0","0","0","0","0","0","","0","0","0","","","0","","0","","40 26:51.871","","0","79 55:46.077","0","0","0","0","2301","0","0","0","N","0","0","0","1","02301","0","","5.0","","1","N","N","","0","","0","0","0","","0","","","1","0","0","0","0","0","0","2","0","1","","","","N","","","","","","","","","",""
"2011032441","","0","0","0","0","0","0","0","0","0","7","0","","02","3","2011","7","40.464479","-79.820118","","11","0","0","0","0","0","0","0","0","6","0","0","0","","","1","","0","","40 27:52.126","6","0","79 49:12.426","8","0","0","0","2113","0","0","0","N","0","0","0","1","02113","0","","5.0","","1","N","N","","0","","0","0","1","","0","Y","","1","1","0","0","0","1","0","2","0","1","","","","N","","","","","","","","","",""
"2011032517","","1","0","0","0","0","0","0","0","0","7","0","","02","3","2011","1","40.493831","-80.012038","","11","0","0","0","0","0","0","0","0","","0","0","0","","","0","","0","","40 29:37.791","","2","80 00:43.336","0","0","0","0","2116","0","0","0","N","0","0","0","1","68B03","0","","2.0","","1","N","N","","0","","0","0","0","","0","","","1","0","0","0","0","0","0","2","0","1","","","","N","","","","","","","","","",""
"2011030416","","1","0","0","0","0","0","0","0","0","7","0","","02","3","2011","3","40.485285","-80.03265","","11","0","0","0","0","1","0","0","0","","0","0","0","","","0","","1","","40 29:07.026","","0","80 01:57.540","0","0","0","0","2301","0","0","0","N","0","0","0","1","02301","0","","5.0","","1","N","N","","0","","0","0","0","","0","","","1","0","0","0","0","0","0","2","0","1","","","","N","","","","","","","","","",""
"2011029810","","0","0","0","0","0","0","0","0","0","7","0","","02","3","2011","7","40.456694","-79.974322","","11","0","0","0","0","0","0","0","0","2","0","0","0","","","1","","0","","40 27:24.098","5","0","79 58:27.559","4","0","0","0","2301","0","0","0","N","0","0","0","3","02301","1","","5.0","","1","N","N","","0","","0","0","1","","0","Y","","1","1","3","0","0","0","0","2","0","1","","","","N","","","","","","","","","",""
"2011030727","","1","0","0","0","0","0","0","0","0","7","0","","02","3","2011","4","40.425341","-79.943227","","11","0","0","0","0","0","0","0","0","1","0","0","0","","","0","","2","","40 25:31.227","3","0","79 56:35.617","0","0","0","0","2301","0","0","0","N","0","0","0","1","02301","0","","5.0","","9","N","N","","0","","0","0","0","","0","N","","1","0","0","0","0","0","0","2","0","1","","","","N","","","","","","","","","",""
"2011031474","","1","0","0","0","0","0","0","0","0","1","0","","02","3","2011","3","40.502482","-79.838001","","11","0","0","0","0","0","0","0","0","","0","0","0","","","0","","0","","40 30:08.935","","0","79 50:16.803","0","0","0","0","2468","0","0","0","N","0","0","0","3","02468","0","","1.0","","9","N","N","","1","","0","0","0","","0","","","2","0","0","0","0","0","0","2","0","2","","","","N","","","","","","","","","",""
"2011029812","","0","0","0","0","0","0","0","0","0","7","1","","02","3","2011","6","40.493411","-80.011134","","11","0","0","0","0","0","0","0","0","3","0","1","0","","","0","","0","","40 29:36.281","2","0","80 00:40.084","0","0","0","0","2301","0","0","0","N","0","0","0","1","68B03","0","","2.0","","2","N","N","","0","","0","0","0","","0","N","","1","0","0","0","0","0","0","2","0","1","","","","N","","","","","","","","","",""
"2011030729","","1","0","0","0","0","0","0","0","0","7","0","","02","3","2011","3","40.466752","-79.984364","","11","0","0","0","0","0","0","0","0","","0","0","0","","","2","","0","","40 28:00.307","","0","79 59:03.710","4","0","0","0","2301","0","0","0","N","0","0","0","3","02114","2","","5.0","","1","N","N","","0","","0","0","0","","0","","","1","2","3","0","0","0","0","2","0","1","","","","N","","","","","","","","","",""
"2011036822","","0","0","0","0","0","0","0","0","0","7","0","","02","4","2011","7","40.585309","-79.875103","","11","0","0","0","0","0","0","0","0","","0","0","0","","","0","","0","","40 35:07.111","","0","79 52:30.371","0","0","0","0","2209","0","0","0","N","0","0","0","3","68T02","0","","3.0","","9","N","N","","0","","0","0","0","","0","","","1","0","1","0","0","0","0","2","1","1","","","","N","","","","","","","","","",""
"2011029813","","0","0","0","0","0","0","0","0","0","7","0","","02","3","2011","7","40.525487","-80.130762","","11","0","0","0","0","0","0","0","0","","0","0","0","","","0","","0","","40 31:31.753","","0","80 07:50.742","0","0","0","0","2125","0","0","0","Y","0","0","0","1","68B03","0","","2.0","","2","N","N","","1","","0","0","0","","0","","","1","0","0","0","0","0","0","2","0","1","","","","N","","","","","","","","","",""
"2011030712","","2","0","0","0","0","0","0","0","0","4","0","","02","3","2011","3","40.45289","-79.920715","","11","0","0","0","1","0","0","0","1","","0","0","0","","","0","","1","","40 27:10.404","","0","79 55:14.574","0","0","0","0","2301","0","0","0","N","0","0","0","5","02301","0","","1.0","","1","N","N","","0","","0","0","0","","2","","","2","0","0","0","0","0","0","2","0","2","","","","N","","","","","","","","","",""
"2011030730","","0","0","0","0","0","0","0","0","0","8","0","","02","3","2011","3","40.444431","-79.954831","","11","0","0","0","0","0","0","0","0","","0","0","0","","","1","","1","","40 26:39.951","","0","79 57:17.391","8","0","0","0","2301","1","0","0","N","1","0","0","2","02301","0","","1.0","","1","N","N","","0","","0","0","1","","2","","","2","1","0","0","0","1","0","2","0","1","","","","N","","","","","","","","","",""
"2011037620","","1","0","0","0","0","0","0","0","0","2","0","","02","4","2011","3","40.436358","-79.996493","","11","0","0","0","0","0","2","0","0","","0","0","0","","","0","","2","","40 26:10.887","","1","79 59:47.375","0","0","0","0","2301","0","0","0","N","0","0","0","2","02301","0","","1.0","","1","N","N","","1","","0","0","0","","0","","","2","0","0","0","0","0","0","2","0","2","","","","N","","","","","","","","","",""
"2011030582","","1","0","0","0","0","0","0","0","0","7","0","","02","3","2011","3","40.413617","-79.945488","","11","0","0","0","0","0","1","0","0","","0","0","0","","","1","","2","","40 24:49.022","","0","79 56:43.757","4","0","0","0","2301","0","0","0","N","0","0","0","1","02301","1","","5.0","","1","N","N","","0","","0","0","0","","0","","","1","1","0","0","0","0","0","2","0","1","","","","N","","","","","","","","","",""
"2011031477","","1","0","0","0","0","0","0","0","0","7","0","","02","3","2011","4","40.383964","-79.991738","","11","0","0","0","0","0","0","0","0","","0","0","0","","","0","","0","","40 23:02.270","","0","79 59:30.256","0","0","0","0","2301","0","0","0","N","0","0","0","1","02301","0","","2.0","","1","N","N","","0","","0","0","0","","0","","","1","0","0","0","0","0","0","2","0","1","","","","N","","","","","","","","","",""
"2011029829","","0","0","0","0","0","0","0","0","1","7","0","","02","3","2011","1","40.565822","-80.152055","","11","0","0","0","0","0","0","0","0","","0","0","0","","","3","","0","","40 33:56.960","","0","80 09:07.398","2","0","0","0","2459","0","0","0","N","0","0","0","3","02459","0","","5.0","","1","N","N","","1","","2","1","0","","0","","","1","3","1","0","0","0","0","1","0","1","","","","N","","","","","","","","","",""
"2011032150","","1","0","0","0","0","0","0","0","0","1","0","","02","3","2011","7","40.419913","-79.850154","","11","0","0","0","0","0","1","0","0","1","0","0","0","","","2","","1","","40 25:11.688","3","0","79 51:00.553","4","0","0","0","2431","0","0","0","N","0","0","0","3","02431","2","","1.0","","1","N","N","","0","","0","0","1","","2","N","","2","2","0","0","0","0","0","2","0","2","","","","N","","","","","","","","","",""
"2011029897","","1","0","0","0","0","0","0","0","0","1","0","","02","3","2011","6","40.506733","-80.006887","","11","0","1","0","1","0","1","0","0","1","0","0","0","","","0","","1","","40 30:24.237","1","0","80 00:24.793","0","0","0","0","2116","0","0","0","N","0","0","0","4","02116","0","","1.0","","1","N","N","","1","","0","0","1","","2","N","","3","0","0","0","0","0","0","2","0","3","","","","N","","","","","","","","","",""
"2011037639","","1","0","0","0","0","0","0","0","0","5","0","","02","4","2011","4","40.337115","-79.809418","","11","0","0","0","0","0","0","1","0","2","0","0","0","","","0","","0","","40 20:13.615","1","0","79 48:33.906","0","0","0","0","2477","0","0","0","N","0","0","0","2","02477","0","","1.0","","1","N","N","","1","","0","0","0","","0","N","","2","0","0","0","0","0","0","2","0","2","","","","N","","","","","","","","","",""
"2011031483","","2","0","0","0","0","0","0","0","0","1","0","","02","3","2011","5","40.456904","-79.758798","","11","0","0","0","0","0","0","0","0","","0","0","0","","","1","","3","","40 27:24.855","","0","79 45:31.673","8","0","0","0","2446","0","0","0","N","0","0","0","3","02446","0","","1.0","","1","N","N","","0","","0","0","0","","4","","","2","1","0","0","0","1","0","2","0","2","","","","N","","","","","","","","","",""
"2011029982","","1","0","0","0","0","0","0","0","0","7","0","","02","3","2011","1","40.450253","-79.833617","","11","0","0","0","0","0","0","0","0","","0","0","0","","","0","","0","","40 27:00.909","","0","79 50:01.021","0","0","0","0","2113","0","0","0","N","0","0","0","1","02113","0","","2.0","","1","N","N","","0","","0","0","0","","0","","","1","0","1","0","0","0","0","2","0","1","","","","N","","","","","","","","","",""
"2011032075","","1","0","0","0","0","0","0","0","0","1","0","","02","3","2011","2","40.436588","-80.015484","","11","0","0","0","0","0","0","0","0","","0","0","0","","","1","","0","","40 26:11.715","","0","80 00:55.742","4","0","0","0","2301","0","0","0","N","0","0","0","2","68B03","1","","1.0","","1","N","N","","0","","0","0","1","","0","","","2","1","0","0","0","0","0","2","0","2","","","","N","","","","","","","","","",""
"2011037642","","2","0","0","0","0","0","0","0","0","1","0","","02","4","2011","2","40.443556","-80.096963","","11","0","0","0","0","0","0","0","0","1","0","0","0","","","0","","0","","40 26:36.800","2","0","80 05:49.067","0","0","0","0","2115","0","0","0","N","0","0","0","2","02115","0","","1.0","","9","N","N","","0","","0","0","0","","0","N","","2","0","0","0","0","0","0","2","0","2","","","","N","","","","","","","","","",""
"2011032076","","2","0","0","0","0","0","0","0","0","1","0","","02","3","2011","5","40.442766","-80.160156","","11","0","0","0","0","0","0","0","0","","0","0","0","","","1","","0","","40 26:33.959","","0","80 09:36.561","4","0","0","0","2115","0","0","0","N","0","0","0","2","68B03","1","","1.0","","1","N","N","","0","","0","0","0","","0","","","2","1","0","0","0","0","0","2","0","2","","","","N","","","","","","","","","",""
"2011032155","","2","0","0","0","0","0","0","0","0","4","0","","02","3","2011","7","40.424146","-80.043428","","11","0","0","0","0","0","1","0","0","","0","0","0","","","0","","1","","40 25:26.926","","0","80 02:36.342","0","0","0","0","2435","0","0","0","N","0","0","0","2","02435","0","","1.0","","1","","N","","0","","0","0","0","","2","","","2","0","1","0","0","0","0","2","0","2","","","","N","","","","","","","","","",""
"2011030523","","2","0","0","0","0","0","0","0","0","4","0","","02","3","2011","2","40.350071","-79.864761","","11","0","0","0","0","0","0","0","0","","0","0","0","","","1","","1","","40 21:00.255","","0","79 51:53.138","4","0","0","0","2304","0","0","0","N","0","0","0","3","02304","1","","1.0","","1","N","N","","0","","0","0","0","","3","","","2","1","0","0","0","0","0","2","0","2","","","","N","","","","","","","","","",""
"2011032156","","1","0","0","0","0","0","1","0","0","6","1","","02","3","2011","5","40.542632","-79.77309","","11","0","0","0","0","0","0","1","0","1","0","0","0","","","0","","1","","40 32:33.475","4","0","79 46:23.124","0","0","0","0","2462","0","0","0","N","0","0","0","2","02462","0","","1.0","","1","Y","N","","0","","0","0","0","","2","N","","2","0","1","0","0","0","0","2","0","2","","","","N","","","","","","","","","",""
"2011029985","","2","0","0","0","0","0","0","0","0","4","0","","02","3","2011","1","40.426264","-79.965784","","11","0","0","0","1","0","0","0","0","1","0","0","0","","","2","","1","","40 25:34.549","5","0","79 57:56.821","8","0","0","0","2301","0","0","0","N","0","0","0","4","02301","0","","1.0","","1","N","N","","0","","0","0","0","","2","N","","2","2","0","0","0","2","0","2","0","2","","","","N","","","","","","","","","",""
"2011029838","","0","0","0","0","0","0","0","0","0","7","0","","02","3","2011","7","40.432675","-79.859126","","11","0","0","0","0","0","0","0","0","3","0","0","0","","","1","","0","","40 25:57.630","5","0","79 51:32.853","8","0","0","0","2431","0","0","0","N","0","0","0","1","02431","0","","5.0","","1","N","N","","0","","0","0","1","","0","N","","1","1","1","0","0","1","0","2","0","1","","","","N","","","","","","","","","",""
"2011030655","","0","0","0","0","0","0","0","0","0","7","0","","02","3","2011","1","40.494259","-79.909143","","11","0","0","0","0","0","1","0","0","2","0","0","0","","","1","","7","","40 29:39.331","2","8","79 54:32.913","3","0","0","0","2401","0","0","0","N","0","0","0","3","68D02","0","","5.0","","9","N","N","","0","","1","0","1","","0","","","1","1","0","0","0","0","0","2","0","1","","","","N","","","","","","","","","",""
"2011030595","","0","0","0","0","0","0","0","0","0","1","1","","02","3","2011","2","40.377046","-79.800558","","11","0","0","0","0","0","2","0","0","2","0","1","0","","","0","","0","","40 22:37.365","4","7","79 48:02.007","0","0","0","0","2111","0","0","0","N","0","0","0","2","02111","0","","1.0","","1","N","N","","1","","0","0","0","","0","N","","2","0","0","0","0","0","0","2","0","2","","","","N","","","","","","","","","",""
"2011036784","","1","0","0","0","0","0","0","0","0","7","0","","02","4","2011","1","40.435182","-79.966731","","11","0","0","0","0","0","0","0","0","2","0","0","0","","","1","","0","","40 26:06.654","4","0","79 58:00.232","4","0","0","0","2301","0","0","0","N","0","0","0","3","68B03","1","","3.0","","1","N","N","","0","","0","0","0","","0","N","","1","1","0","0","0","0","0","2","0","1","","","","N","","","","","","","","","",""
"2011037581","","1","0","0","0","0","0","0","0","0","2","0","","02","4","2011","4","40.455886","-79.977053","","11","0","0","0","0","0","1","0","0","","0","0","0","","","0","","1","","40 27:21.189","","0","79 58:37.390","0","0","0","0","2301","0","0","0","N","0","0","0","2","02301","0","","1.0","","1","N","N","","0","","0","0","1","","3","","","2","0","1","0","0","0","0","2","0","2","","","","N","","","","","","","","","",""
"2011030528","","0","0","0","0","0","0","0","0","0","4","0","","02","3","2011","1","40.538573","-80.050237","","11","0","0","0","0","0","2","0","0","1","0","0","0","","","2","","1","","40 32:18.863","7","0","80 03:00.854","3","0","0","0","2116","0","0","0","N","0","0","0","4","02116","0","","1.0","","1","N","N","","0","","1","0","2","","2","N","","2","2","0","0","0","1","0","2","0","2","","","","N","","","","","","","","","",""
"2011029841","","0","0","0","0","0","0","0","0","0","8","0","","02","3","2011","1","40.450598","-79.88064","","11","0","0","0","0","0","0","0","0","","0","0","0","","","1","","0","","40 27:02.152","","0","79 52:50.304","4","0","0","0","2301","1","0","0","N","1","0","0","2","02301","1","","1.0","","1","N","N","","0","","0","0","1","","0","","","2","1","0","0","0","0","0","2","0","1","","","","N","","","","","","","","","",""
"2011030657","","2","0","0","0","0","0","0","0","0","4","0","","02","3","2011","7","40.653683","-79.725084","","11","0","0","0","0","0","0","0","0","","0","0","0","","","0","","0","","40 39:13.257","","3","79 43:30.304","0","0","0","0","2202","0","0","0","N","0","0","0","1","68D02","0","","4.0","","2","N","N","","0","","0","0","0","","0","","","2","0","0","0","0","0","0","1","0","2","","","","N","","","","","","","","","",""
"2011032161","","1","0","0","0","0","0","0","0","0","7","0","","02","3","2011","1","40.417843","-80.048838","","11","0","0","0","0","0","0","0","0","1","0","0","0","","","0","","2","","40 25:04.234","2","0","80 02:55.816","0","0","0","0","2435","0","0","0","N","0","0","0","1","02435","0","","5.0","","1","N","N","","0","","0","0","0","","0","N","","1","0","1","0","0","0","0","2","0","1","","","","N","","","","","","","","","",""