"CRN","ARRIVAL_TM","AUTOMOBILE_COUNT","BELTED_DEATH_COUNT","BELTED_SUSP_SERIOUS_INJ_COUNT","BICYCLE_COUNT","BICYCLE_DEATH_COUNT","BICYCLE_SUSP_SERIOUS_INJ_COUNT","BUS_COUNT","CHLDPAS_DEATH_COUNT","CHLDPAS_SUSP_SERIOUS_INJ_COUNT","COLLISION_TYPE","COMM_VEH_COUNT","CONS_ZONE_SPD_LIM","COUNTY","CRASH_MONTH","CRASH_YEAR","DAY_OF_WEEK","DEC_LATITUDE","DEC_LONGITUDE","DISPATCH_TM","DISTRICT","DRIVER_COUNT_16YR","DRIVER_COUNT_17YR","DRIVER_COUNT_18YR","DRIVER_COUNT_19YR","DRIVER_COUNT_20YR","DRIVER_COUNT_50_64YR","DRIVER_COUNT_65_74YR","DRIVER_COUNT_75PLUS","EST_HRS_CLOSED","FATAL_COUNT","HEAVY_TRUCK_COUNT","HORSE_BUGGY_COUNT","HOUR_OF_DAY","ILLUMINATION","INJURY_COUNT","INTERSECTION_RELATED","INTERSECT_TYPE","LANE_CLOSED","LATITUDE","LN_CLOSE_DIR","LOCATION_TYPE","LONGITUDE","MAX_SEVERITY_LEVEL","MCYCLE_DEATH_COUNT","MCYCLE_SUSP_SERIOUS_INJ_COUNT","MOTORCYCLE_COUNT","MUNICIPALITY","NONMOTR_COUNT","NONMOTR_DEATH_COUNT","NONMOTR_SUSP_SERIOUS_INJ_COUNT","NTFY_HIWY_MAINT","PED_COUNT","PED_DEATH_COUNT","PED_SUSP_SERIOUS_INJ_COUNT","PERSON_COUNT","POLICE_AGCY","POSSIBLE_INJ_COUNT","RDWY_SURF_TYPE_CD","RELATION_TO_ROAD","ROADWAY_CLEARED","ROAD_CONDITION","SCH_BUS_IND","SCH_ZONE_IND","SECONDARY_CRASH","SMALL_TRUCK_COUNT","SPEC_JURIS_CD","SUSP_MINOR_INJ_COUNT","SUSP_SERIOUS_INJ_COUNT","SUV_COUNT","TCD_FUNC_CD","TCD_TYPE","TFC_DETOUR_IND","TIME_OF_DAY","TOTAL_UNITS","TOT_INJ_COUNT","UNBELTED_OCC_COUNT","UNB_DEATH_COUNT","UNB_SUSP_SERIOUS_INJ_COUNT","UNK_INJ_DEG_COUNT","UNK_INJ_PER_COUNT","URBAN_RURAL","VAN_COUNT","VEHICLE_COUNT","WEATHER1","WEATHER2","WORKERS_PRES","WORK_ZONE_IND","WORK_ZONE_LOC","WORK_ZONE_TYPE","WZ_CLOSE_DETOUR","WZ_FLAGGER","WZ_LAW_OFFCR_IND","WZ_LN_CLOSURE","WZ_MOVING","WZ_OTHER","WZ_SHLDER_MDN","WZ_WORKERS_INJ_KILLED"
"2011037538","","2","0","0","0","0","0","0","0","0","1","0","","02","4","2011","3","40.474718","-79.971337","","11","0","0","0","0","0","1","0","0","2","0","0","0","","","3","","0","","40 28:28.986","2","0","79 58:16.813","8","0","0","0","2118","0","0","0","N","0","0","0","3","02118","0","","1.0","","1","N","N","","0","","0","0","0","","0","N","","2","3","1","0","0","3","0","2","0","2","","","","N","","","","","","","","","",""
"2011038365","","1","0","0","0","0","0","0","0","0","6","0","","02","3","2011","2","40.556219","-80.036198","","11","0","1","1","0","0","0","0","0","","0","0","0","","","1","","0","","40 33:22.388","","0","80 02:10.314","4","0","0","0","2108","0","0","0","N","0","0","0","2","02108","1","","1.0","","1","N","N","","1","","0","0","0","","0","","","2","1","0","0","0","0","1","2","0","2","","","","N","","","","","","","","","",""
"2011029882","","1","0","0","0","0","0","0","0","0","7","0","","02","3","2011","1","40.616276","-79.868001","","11","0","0","0","0","0","0","0","0","3","0","0","0","","","0","","2","","40 36:58.594","4","0","79 52:04.803","0","0","0","0","2220","0","0","0","N","0","0","0","1","02220","0","","5.0","","8","N","N","","0","","0","0","0","","0","Y","","1","0","1","0","0","0","0","2","0","1","","","","N","","","","","","","","","",""
"2011030717","","2","0","0","0","0","0","0","0","0","4","0","","02","3","2011","3","40.513601","-79.979419","","11","1","0","0","0","0","0","1","0","1","0","0","0","","","2","","2","","40 30:48.963","5","0","79 58:45.908","8","0","0","0","2118","0","0","0","N","0","0","0","3","02118","0","","1.0","","9","N","N","","0","","0","0","0","","3","Y","","2","2","0","0","0","2","0","2","0","2","","","","N","","","","","","","","","",""
"2011037539","","0","0","0","0","0","0","0","0","0","7","0","","02","4","2011","4","41.018725","-75.317308","","11","0","0","0","0","0","1","0","0","","0","0","0","","","0","","0","","41 01:07.410","","0","75 19:02.310","0","0","0","0","2446","0","0","0","N","0","0","0","1","02446","0","","2.0","","2","N","N","","1","","0","0","0","","0","","","1","0","0","0","0","0","0","1","0","1","","","","N","","","","","","","","","",""
"2011036050","","2","0","0","0","0","0","0","0","0","4","0","","02","3","2011","4","40.572128","-80.023504","","11","0","0","1","0","0","0","1","0","1","0","0","0","","","0","","1","","40 34:19.660","2","0","80 01:24.616","0","0","0","0","2108","0","0","0","N","0","0","0","3","02108","0","","1.0","","9","N","N","","0","","0","0","0","","2","N","","2","0","0","0","0","0","0","2","0","2","","","","N","","","","","","","","","",""
"2011038366","","1","0","0","0","0","0","0","0","0","7","0","","02","3","2011","6","40.569929","-80.039003","","11","0","0","0","0","0","0","0","0","","0","0","0","","","1","","2","","40 34:11.744","","0","80 02:20.410","4","0","0","0","2108","0","0","0","N","0","0","0","1","02108","1","","5.0","","1","N","N","","0","","0","0","0","","3","","","1","1","0","0","0","0","0","2","0","1","","","","N","","","","","","","","","",""
"2011032057","","1","0","0","0","0","0","0","0","0","4","0","","02","3","2011","1","40.443704","-79.998443","","11","0","0","0","0","0","1","0","0","","0","0","0","","","1","","1","","40 26:37.335","","0","79 59:54.396","4","0","0","0","2301","0","0","0","N","0","0","0","3","02301","1","","1.0","","1","N","N","","0","","0","0","1","","2","","","2","1","0","0","0","0","0","2","0","2","","","","N","","","","","","","","","",""
"2011029884","","1","0","0","0","0","0","0","0","0","5","0","","02","3","2011","7","40.42665","-79.986356","","11","0","0","0","0","0","0","0","0","","0","0","0","","","0","","0","","40 25:35.940","","0","79 59:10.883","9","0","0","0","2301","0","0","0","N","0","0","0","1","02301","0","","6.0","","1","N","N","","0","","0","0","0","","0","","","2","0","0","0","0","0","1","2","0","2","","","","N","","","","","","","","","",""
"2011032200","","2","0","0","0","0","0","0","0","0","1","0","","02","3","2011","1","40.436169","-79.82608","","11","0","0","0","0","1","1","0","0","2","0","0","0","","","2","","0","","40 26:10.208","6","0","79 49:33.887","4","0","0","0","2419","0","0","0","N","0","0","0","8","02419","2","","1.0","","1","N","N","","1","","0","0","0","","2","N","","3","2","4","0","0","0","0","2","0","3","","","","N","","","","","","","","","",""
"2011038367","","1","0","0","0","0","0","0","0","0","1","0","","02","3","2011","2","40.581512","-80.056592","","11","0","1","0","0","0","1","0","0","","0","0","0","","","0","","1","","40 34:53.444","","0","80 03:23.731","0","0","0","0","2108","0","0","0","N","0","0","0","4","02108","0","","1.0","","1","N","N","","0","","0","0","1","","2","","","2","0","0","0","0","0","0","2","0","2","","","","N","","","","","","","","","",""
"2011030560","","1","0","0","0","0","0","0","0","0","1","0","","02","3","2011","3","40.441707","-80.021472","","11","0","0","0","0","0","0","0","0","","0","0","0","","","0","","0","","40 26:30.146","","0","80 01:17.298","0","0","0","0","2301","0","0","0","N","0","0","0","2","02301","0","","1.0","","1","N","N","","0","","0","0","0","","2","","","2","0","0","0","0","0","0","2","1","2","","","","N","","","","","","","","","",""
"2011030702","","1","0","0","0","0","0","0","0","0","7","0","","02","3","2011","3","40.391736","-79.981208","","11","0","0","0","0","0","0","0","0","4","0","0","0","","","1","","0","","40 23:30.250","5","0","79 58:52.349","8","0","0","0","2403","0","0","0","N","0","0","0","1","02403","0","","5.0","","1","N","N","","0","","0","0","0","","0","N","","1","1","0","0","0","1","0","2","0","1","","","","N","","","","","","","","","",""
"2011036117","","1","0","0","0","0","0","0","0","0","2","0","","02","4","2011","6","40.322194","-79.852484","","11","0","0","0","0","0","0","0","0","","0","0","0","","","0","","3","","40 19:19.898","","0","79 51:08.942","0","0","0","0","2442","0","0","0","N","0","0","0","2","02442","0","","1.0","","9","N","N","","0","","0","0","1","","3","","","2","0","1","0","0","0","0","2","0","2","","","","N","","","","","","","","","",""
"2011031469","","2","0","0","0","0","0","0","0","0","4","0","","02","3","2011","3","40.292361","-79.915431","","11","0","0","0","0","0","1","0","0","2","0","0","0","","","2","","2","","40 17:32.500","1","7","79 54:55.551","8","0","0","0","2440","0","0","0","N","0","0","0","2","02440","0","","1.0","","1","N","N","","0","","0","0","0","","2","Y","","2","2","0","0","0","2","0","2","0","2","","","","N","","","","","","","","","",""
"2011037543","","1","0","0","0","0","0","0","0","0","1","0","","02","4","2011","3","40.399498","-80.000188","","11","0","0","0","0","0","0","0","0","1","0","0","0","","","0","","2","","40 23:58.193","1","0","80 00:00.675","0","0","0","0","2301","0","0","0","N","0","0","0","3","02301","0","","1.0","","1","N","N","","1","","0","0","0","","0","N","","2","0","0","0","0","0","0","2","0","2","","","","N","","","","","","","","","",""
"2011036118","","0","0","0","0","0","0","0","0","0","7","0","","02","4","2011","6","40.527693","-79.810302","","11","0","0","0","0","0","1","0","0","1","0","0","0","","","0","","0","","40 31:39.694","6","0","79 48:37.086","0","0","0","0","2466","0","0","0","N","0","0","0","2","02466","0","","2.0","","9","N","N","","0","","0","0","1","","0","N","","1","0","0","0","0","0","0","1","0","1","","","","N","","","","","","","","","",""
"2011029887","","2","0","0","0","0","0","0","0","0","1","0","","02","3","2011","6","40.345671","-79.939023","","11","0","0","0","0","0","0","0","0","","0","0","0","","","1","","0","","40 20:44.415","","0","79 56:20.484","8","0","0","0","2473","0","0","0","N","0","0","0","3","02473","0","","1.0","","9","N","N","","0","","0","0","0","","0","","","2","1","0","0","0","1","0","2","0","2","","","","N","","","","","","","","","",""
"2011032061","","0","0","0","0","0","0","0","0","0","7","0","","02","3","2011","7","40.596766","-79.872325","","11","0","0","0","0","0","0","0","0","2","0","0","0","","","2","","0","","40 35:48.356","5","0","79 52:20.371","4","0","0","0","2209","0","0","0","Y","0","0","0","2","02209","2","","2.0","","2","N","N","","1","","0","0","0","","0","N","","1","2","1","0","0","0","0","2","0","1","","","","N","","","","","","","","","",""
"2011029808","","0","0","0","0","0","0","0","0","0","7","0","","02","3","2011","1","40.458593","-79.955591","","11","0","0","0","0","0","0","0","0","2","0","0","0","","","0","","0","","40 27:30.935","2","0","79 57:20.128","0","0","0","0","2301","0","0","0","N","0","0","0","2","02301","0","","2.0","","1","N","N","","0","","0","0","1","","0","N","","1","0","2","0","0","0","0","2","0","1","","","","N","","","","","","","","","",""
"2011032140","","3","0","0","0","0","0","0","0","0","4","0","","02","3","2011","7","40.414181","-79.921616","","11","0","0","0","0","0","1","0","0","3","0","0","0","","","3","","2","","40 24:51.051","2","0","79 55:17.818","8","0","0","0","2301","0","0","0","N","0","0","0","3","02301","0","","1.0","","1","N","N","","0","","0","0","0","","2","N","","3","3","0","0","0","3","0","2","0","3","","","","N","","","","","","","","","",""
"2011031471","","2","0","0","0","0","0","0","0","0","2","0","","02","3","2011","5","40.508979","-79.763064","","11","1","0","0","0","0","0","0","0","1","0","0","0","","","0","","2","","40 30:32.326","5","0","79 45:47.029","0","0","0","0","2466","0","0","0","N","0","0","0","5","02466","0","","1.0","","9","N","N","","0","","0","0","0","","3","N","","2","0","1","0","0","0","0","1","0","2","","","","N","","","","","","","","","",""
"2011037545","","2","0","0","0","0","0","0","0","0","4","0","","02","4","2011","3","40.457257","-79.909028","","11","0","0","0","0","0","0","0","1","","0","0","0","","","1","","1","","40 27:26.125","","0","79 54:32.499","8","0","0","0","2301","0","0","0","N","0","0","0","2","02301","0","","1.0","","1","N","N","","0","","0","0","0","","2","","","2","1","0","0","0","1","0","2","0","2","","","","N","","","","","","","","","",""
"2011037629","","1","0","0","0","0","0","0","0","0","1","1","","02","4","2011","3","40.427874","-79.705622","","11","0","0","0","0","0","1","0","0","2","0","1","0","","","1","","0","","40 25:40.345","4","0","79 42:20.240","8","0","0","0","2446","0","0","0","N","0","0","0","2","02446","0","","1.0","","1","N","N","","0","","0","0","0","","0","N","","2","1","0","0","0","1","0","2","0","2","","","","N","","","","","","","","","",""
"2011029809","","2","0","0","0","0","0","0","0","0","1","0","","02","3","2011","1","40.47198","-80.061411","","11","0","0","0","0","0","0","0","0","","0","0","0","","","0","","0","","40 28:19.127","","0","80 03:41.080","0","0","0","0","2444","0","0","0","N","0","0","0","4","02444","0","","1.0","","1","N","N","","0","","0","0","0","","0","","","2","0","0","0","0","0","0","2","0","2","","","","N","","","","","","","","","",""
"2011030707","","1","0","0","0","0","0","0","0","0","4","0","","02","3","2011","3","40.486449","-80.054369","","11","0","0","0","0","0","1","0","0","","0","0","0","","","1","","1","","40 29:11.217","","0","80 03:15.730","8","0","0","0","2404","0","0","0","N","0","0","0","2","02404","0","","1.0","","9","N","N","","1","","0","0","0","","2","","","2","1","0","0","0","1","0","2","0","2","","","","N","","","","","","","","","",""
"2011036204","","2","0","0","0","0","0","0","0","0","2","0","","02","3","2011","5","40.356176","-80.028305","","11","0","0","0","0","0","0","0","0","2","0","0","0","","","1","","0","","40 21:22.234","2","0","80 01:41.899","3","0","0","0","2416","0","0","0","N","0","0","0","2","02416","0","","1.0","","1","N","N","","0","","1","0","0","","0","N","","2","1","0","0","0","0","0","2","0","2","","","","N","","","","","","","","","",""
"2011037112","","1","0","0","0","0","0","0","0","0","7","0","","02","4","2011","3","40.36649","-79.964577","","11","0","0","0","0","1","0","0","0","","0","0","0","","","0","","0","","40 21:59.364","","7","79 57:52.477","0","0","0","0","2476","0","0","0","N","0","0","0","1","02476","0","","5.0","","9","N","N","","0","","0","0","1","","0","","","2","0","0","0","0","0","0","2","0","2","","","","N","","","","","","","","","",""
"2011036496","","1","0","0","0","0","0","0","0","0","1","0","","02","4","2011","6","40.445117","-79.989394","","11","0","0","0","0","0","2","0","0","1","0","0","0","","","1","","6","","40 26:42.421","1","8","79 59:21.819","4","0","0","0","2301","0","0","0","N","0","0","0","3","02301","1","","1.0","","1","N","N","","1","","0","0","1","","0","Y","","3","1","0","0","0","0","0","2","0","3","","","","N","","","","","","","","","",""
"2011037096","","1","0","0","0","0","0","0","0","0","7","0","","02","3","2011","1","40.494876","-79.808646","","11","0","0","0","0","0","0","0","0","","0","0","0","","","0","","0","","40 29:41.555","","0","79 48:31.125","0","0","0","0","2113","0","0","0","N","0","0","0","1","02113","0","","5.0","","1","N","N","","0","","0","0","0","","0","","","1","0","0","0","0","0","0","2","0","1","","","","N","","","","","","","","","",""
"2011037763","","0","0","0","0","0","0","0","0","0","7","0","","02","4","2011","4","40.464016","-79.818936","","11","0","0","0","0","0","0","0","0","2","0","1","0","","","0","","0","","40 27:50.457","7","0","79 49:08.169","0","0","0","0","2113","0","0","0","N","0","0","0","1","02113","0","","4.0","","2","N","N","","0","","0","0","0","","0","N","","1","0","0","0","0","0","0","2","0","1","","","","N","","","","","","","","","",""
"2011037777","","2","0","0","0","0","0","0","0","0","1","0","","02","4","2011","5","40.457237","-79.934066","","11","0","0","0","0","0","0","0","0","","0","0","0","","","1","","1","","40 27:26.053","","0","79 56:02.637","8","0","0","0","2301","0","0","0","N","0","0","0","2","02301","0","","1.0","","1","N","N","","0","","0","0","0","","2","","","2","1","1","0","0","1","0","2","0","2","","","","N","","","","","","","","","",""
"2011038652","","2","0","0","0","0","0","0","0","0","4","0","","02","4","2011","6","40.357768","-79.994881","","11","0","1","0","0","0","0","0","0","","0","0","0","","","0","","0","","40 21:27.964","","0","79 59:41.571","0","0","0","0","2476","0","0","0","N","0","0","0","4","02476","0","","1.0","","9","N","N","","0","","0","0","0","","0","","","2","0","0","0","0","0","0","2","0","2","","","","N","","","","","","","","","",""
"2011035745","","1","0","0","0","0","0","0","0","0","4","0","","02","3","2011","5","40.653194","-80.079498","","11","0","0","0","0","0","1","0","0","1","0","0","0","","","0","","1","","40 39:11.498","7","0","80 04:46.192","0","0","0","0","2212","0","0","0","N","0","0","0","2","02505","0","","1.0","","9","N","N","","0","","0","0","1","","3","N","","2","0","0","0","0","0","0","2","0","2","","","","N","","","","","","","","","",""
"2011037780","","1","0","0","0","0","0","0","0","0","7","0","","02","3","2011","7","40.44702","-79.710012","","11","0","0","0","0","0","0","0","0","2","0","0","0","","","1","","0","","40 26:49.272","1","0","79 42:36.043","8","0","0","0","2446","0","0","0","N","0","0","0","3","02446","0","","5.0","","9","N","N","","0","","0","0","0","","0","N","","1","1","0","0","0","1","0","2","0","1","","","","N","","","","","","","","","",""
"2011036903","","1","0","0","0","0","0","0","0","0","0","0","","02","4","2011","2","40.418076","-79.986347","","11","0","0","0","0","0","0","0","0","1","0","0","0","","","0","","2","","40 25:05.073","5","0","79 59:10.849","0","0","0","0","2301","0","0","0","N","0","0","0","1","02301","0","","1.0","","1","N","N","","0","","0","0","0","","3","Y","","1","0","0","0","0","0","0","2","0","1","","","","N","","","","","","","","","",""
"2011036288","","2","0","0","0","0","0","0","0","0","4","0","","02","4","2011","6","40.428847","-79.982167","","11","0","0","1","0","0","0","0","0","","0","0","0","","","0","","0","","40 25:43.848","","0","79 58:55.801","0","0","0","0","2301","0","0","0","N","0","0","0","6","02301","0","","1.0","","1","N","N","","0","","0","0","0","","0","","","2","0","1","0","0","0","0","2","0","2","","","","N","","","","","","","","","",""
"2011038528","","0","0","0","0","0","0","0","0","0","1","0","","02","4","2011","6","40.347114","-79.864117","","11","0","0","0","0","0","1","0","0","","0","0","0","","","1","","1","","40 20:49.611","","0","79 51:50.822","4","0","0","0","2304","0","0","0","N","0","0","0","3","02304","1","","1.0","","1","N","N","","1","","0","0","1","","2","","","2","1","3","0","0","0","0","2","0","2","","","","N","","","","","","","","","",""
"2011036143","","1","0","0","0","0","0","0","0","0","4","0","","02","4","2011","6","40.450703","-79.905774","","11","0","0","0","0","0","2","0","0","","0","0","0","","","0","","1","","40 27:02.532","","0","79 54:20.787","9","0","0","0","2301","0","0","0","N","0","0","0","2","02301","0","","1.0","","9","N","N","","0","","0","0","1","","3","","","2","0","0","0","0","0","2","2","0","2","","","","N","","","","","","","","","",""
"2011037198","","2","0","0","0","0","0","0","0","0","1","0","","02","4","2011","2","40.543817","-80.035881","","11","0","0","0","0","0","2","1","0","1","0","0","0","","","1","","0","","40 32:37.740","1","0","80 02:09.171","4","0","0","0","2116","0","0","0","N","0","0","0","6","02116","1","","1.0","","9","N","N","","1","","0","0","1","","0","N","","5","1","0","0","0","0","0","2","0","4","","","","N","","","","","","","","","",""
"2011036144","","1","0","0","0","0","0","0","0","0","1","0","","02","4","2011","6","40.42551","-79.964658","","11","0","0","0","0","0","2","1","0","1","0","0","0","","","1","","2","","40 25:31.835","4","0","79 57:52.767","8","0","0","0","2301","0","0","0","N","0","0","0","3","02301","0","","1.0","","9","N","N","","1","","0","0","0","","2","N","","3","1","0","0","0","1","0","2","1","3","","","","N","","","","","","","","","",""
"2011038475","","3","0","0","0","0","0","0","0","0","2","0","","02","4","2011","3","40.474329","-80.060608","","11","0","0","0","0","0","0","0","0","1","0","0","0","","","5","","0","","40 28:27.584","1","3","80 03:38.189","4","0","0","0","2122","0","0","0","N","0","0","0","8","02122","5","","1.0","","9","N","N","","0","","0","0","0","","0","N","","3","5","1","0","0","0","0","2","0","3","","","","N","","","","","","","","","",""
"2011037783","","1","0","0","0","0","0","0","0","0","7","0","","02","4","2011","4","40.609497","-79.920976","","11","0","0","0","0","0","0","0","0","","0","0","0","","","0","","2","","40 36:34.189","","0","79 55:15.513","0","0","0","0","2207","0","0","0","N","0","0","0","1","02207","0","","5.0","","2","N","N","","0","","0","0","0","","3","","","1","0","0","0","0","0","0","2","0","1","","","","N","","","","","","","","","",""
"2011036290","","1","0","0","0","0","0","0","0","0","1","0","","02","4","2011","6","","","","11","0","0","0","0","0","1","0","0","","0","0","0","","","0","","6","","","","2","","0","0","0","0","2456","0","0","0","N","0","0","0","2","02456","0","","7.0","","1","N","N","","0","","0","0","1","","3","","","2","0","2","0","0","0","0","1","0","2","","","","N","","","","","","","","","",""
"2011038531","","0","0","0","0","0","0","0","0","0","7","0","","02","4","2011","6","40.274578","-79.894876","","11","0","0","0","0","0","0","0","1","1","0","0","0","","","0","","0","","40 16:28.479","1","0","79 53:41.552","0","0","0","0","2440","0","0","0","N","0","0","0","1","02440","0","","5.0","","1","N","N","","1","","0","0","0","","0","N","","1","0","0","0","0","0","0","2","0","1","","","","N","","","","","","","","","",""
"2011036906","","1","0","0","0","0","0","0","0","0","7","0","","02","4","2011","2","40.417691","-80.201003","","11","0","1","0","0","0","0","0","0","2","0","0","0","","","0","","0","","40 25:03.688","5","0","80 12:03.610","0","0","0","0","2214","0","0","0","N","0","0","0","1","02214","0","","2.0","","1","N","N","","0","","0","0","0","","0","Y","","1","0","1","0","0","0","0","1","0","1","","","","N","","","","","","","","","",""
"2011038658","","1","0","0","0","0","0","0","0","0","7","0","","02","4","2011","6","40.44568","-79.773265","","11","0","1","0","0","0","0","0","0","","0","0","0","","","0","","0","","40 26:44.448","","0","79 46:23.754","0","0","0","0","2446","0","0","0","N","0","0","0","1","02446","0","","5.0","","9","N","N","","0","","0","0","0","","0","","","1","0","0","0","0","0","0","2","0","1","","","","N","","","","","","","","","",""
"2011038477","","1","0","0","0","0","0","0","0","0","1","0","","02","4","2011","7","40.545305","-80.030738","","11","0","0","0","1","0","0","0","0","","0","0","0","","","0","","2","","40 32:43.098","","0","80 01:50.656","0","0","0","0","2116","0","0","0","N","0","0","0","7","02116","0","","1.0","","1","N","N","","0","","0","0","2","","2","","","3","0","0","0","0","0","0","2","0","3","","","","N","","","","","","","","","",""
"2011036980","","1","0","0","0","0","0","0","0","0","7","0","","02","1","2011","7","40.449995","-80.00044","","11","0","0","0","0","0","0","0","1","","0","0","0","","","1","","0","","40 26:59.983","","0","80 00:01.585","3","0","0","0","2301","0","0","0","N","0","0","0","1","68B03","0","","4.0","","1","N","N","","0","","1","0","0","","0","","","1","1","0","0","0","0","0","2","0","1","","","","N","","","","","","","","","",""
"2011038659","","2","0","0","0","0","0","0","0","0","1","0","","02","4","2011","6","40.278691","-79.864303","","11","0","0","0","0","0","0","1","0","","0","0","0","","","1","","0","","40 16:43.288","","0","79 51:51.491","4","0","0","0","2443","0","0","0","N","0","0","0","2","02443","1","","1.0","","9","N","N","","0","","0","0","0","","0","","","2","1","0","0","0","0","0","1","0","2","","","","N","","","","","","","","","",""
"2011036981","","2","0","0","0","0","0","0","0","0","1","0","","02","3","2011","7","40.434315","-79.995937","","11","0","0","0","0","0","0","0","1","","0","0","0","","","1","","0","","40 26:03.534","","0","79 59:45.374","4","0","0","0","2301","0","0","0","N","0","0","0","5","68B03","1","","1.0","","9","N","N","","0","","0","0","1","","0","","","3","1","0","0","0","0","0","2","0","3","","","","N","","","","","","","","","",""
"2011037786","","1","0","0","0","0","0","0","0","0","7","0","","02","4","2011","4","40.536364","-80.074114","","11","0","0","0","0","0","0","0","0","1","0","0","0","","","0","","0","","40 32:10.912","2","0","80 04:26.810","0","0","0","0","2215","0","0","0","N","0","0","0","1","02215","0","","2.0","","2","N","N","","0","","0","0","0","","0","N","","1","0","0","0","0","0","0","2","0","1","","","","N","","","","","","","","","",""
"2011038479","","1","0","0","0","0","0","0","0","0","7","0","","02","4","2011","4","40.289767","-79.997164","","11","0","0","0","0","0","0","0","0","1","0","0","0","","","0","","0","","40 17:23.161","7","0","79 59:49.789","9","0","0","0","2219","0","0","0","N","0","0","0","1","02219","0","","5.0","","1","N","N","","0","","0","0","0","","0","N","","1","0","0","0","0","0","1","2","0","1","","","","N","","","","","","","","","",""
"2011036982","","1","0","0","0","0","0","0","0","0","7","0","","02","4","2011","1","40.438745","-80.243493","","11","0","0","0","0","0","0","0","0","","0","0","0","","","0","","0","","40 26:19.481","","0","80 14:36.576","0","0","0","0","2214","0","0","0","N","0","0","0","2","68B03","0","","3.0","","1","N","N","","0","","0","0","0","","0","","","1","0","0","0","0","0","0","2","0","1","","","","N","","","","","","","","","",""
"2011038661","","4","0","0","0","0","0","0","0","0","5","0","","02","4","2011","5","40.418939","-80.013572","","11","0","0","0","0","0","0","0","0","2","0","0","0","","","0","","0","","40 25:08.180","5","0","80 00:48.859","0","0","0","0","2301","0","0","0","N","0","0","0","5","02301","0","","1.0","","1","N","N","","0","","0","0","1","","0","Y","","5","0","0","0","0","0","0","2","0","5","","","","N","","","","","","","","","",""
"2011038480","","1","0","0","0","0","0","0","0","0","5","0","","02","4","2011","6","40.441803","-80.199389","","11","0","0","0","0","0","0","0","0","1","0","0","0","","","0","","0","","40 26:30.492","3","0","80 11:57.801","0","0","0","0","2214","0","0","0","N","0","0","0","1","02214","0","","2.0","","1","N","N","","0","","0","0","1","","0","N","","2","0","0","0","0","0","0","2","0","2","","","","N","","","","","","","","","",""
"2011036983","","1","0","0","0","0","0","0","0","0","99","0","","02","4","2011","1","40.656781","-80.092579","","11","0","0","0","0","0","1","0","0","","0","0","0","","","0","","0","","40 39:24.412","","0","80 05:33.286","0","0","0","0","2212","0","0","0","N","0","0","0","2","68B03","0","","1.0","","1","N","N","","0","","0","0","0","","0","","","1","0","0","0","0","0","0","2","0","1","","","","N","","","","","","","","","",""
"2011037788","","1","0","0","0","0","0","0","0","0","7","0","","02","3","2011","7","40.276949","-79.877518","","11","0","0","0","0","0","0","0","0","3","0","0","0","","","1","","0","","40 16:37.016","5","0","79 52:39.066","4","0","0","0","2105","0","0","0","N","0","0","0","2","02105","1","","4.0","","1","N","N","","0","","0","0","0","","0","Y","","1","1","1","0","0","0","1","2","0","1","","","","N","","","","","","","","","",""
"2011038536","","0","0","0","0","0","0","0","0","0","99","0","","02","4","2011","5","40.64901","-79.937166","","11","0","0","0","0","0","0","0","0","","0","0","0","","","0","","0","","40 38:56.436","","0","79 56:13.799","0","0","0","0","2217","0","0","0","N","0","0","0","1","02505","0","","1.0","","1","N","N","","0","","0","0","1","","0","","","1","0","0","0","0","0","0","2","0","1","","","","N","","","","","","","","","",""
"2011037191","","1","0","0","0","0","0","0","0","0","7","0","","02","4","2011","1","40.515989","-79.799269","","11","0","0","0","0","0","0","0","0","","0","0","0","","","0","","0","","40 30:57.561","","0","79 47:57.369","0","0","0","0","2466","0","0","0","N","0","0","0","4","68T02","0","","3.0","","1","N","N","","0","","0","0","0","","0","","","1","0","0","0","0","0","0","2","0","1","","","","N","","","","","","","","","",""
"2011036299","","1","0","0","0","0","0","0","0","0","7","0","","02","4","2011","6","40.451821","-80.205624","","11","0","0","0","0","0","0","0","0","2","0","0","0","","","1","","0","","40 27:06.555","4","3","80 12:20.247","4","0","0","0","2214","0","0","0","N","0","0","0","1","02214","1","","2.0","","9","N","N","","0","","0","0","0","","0","N","","1","1","0","0","0","0","0","2","0","1","","","","N","","","","","","","","","",""
"2011038538","","1","0","0","0","0","0","0","0","0","1","0","","02","4","2011","6","40.437064","-80.191504","","11","0","0","0","1","1","0","0","0","","0","0","0","","","0","","0","","40 26:13.431","","7","80 11:29.416","0","0","0","0","2214","0","0","0","N","0","0","0","4","02214","0","","1.0","","9","N","N","","1","","0","0","1","","2","","","3","0","0","0","0","0","0","2","0","3","","","","N","","","","","","","","","",""
"2011037207","","1","0","0","0","0","0","0","0","0","1","0","","02","4","2011","7","40.514875","-79.952629","","11","0","0","0","0","0","2","0","0","1","0","0","0","","","1","","0","","40 30:53.551","1","0","79 57:09.465","4","0","0","0","2118","0","0","0","N","0","0","0","6","02118","1","","1.0","","1","N","N","","0","","0","0","0","","0","N","","2","1","0","0","0","0","0","2","1","2","","","","N","","","","","","","","","",""