"CRN","ARRIVAL_TM","AUTOMOBILE_COUNT","BELTED_DEATH_COUNT","BELTED_SUSP_SERIOUS_INJ_COUNT","BICYCLE_COUNT","BICYCLE_DEATH_COUNT","BICYCLE_SUSP_SERIOUS_INJ_COUNT","BUS_COUNT","CHLDPAS_DEATH_COUNT","CHLDPAS_SUSP_SERIOUS_INJ_COUNT","COLLISION_TYPE","COMM_VEH_COUNT","CONS_ZONE_SPD_LIM","COUNTY","CRASH_MONTH","CRASH_YEAR","DAY_OF_WEEK","DEC_LATITUDE","DEC_LONGITUDE","DISPATCH_TM","DISTRICT","DRIVER_COUNT_16YR","DRIVER_COUNT_17YR","DRIVER_COUNT_18YR","DRIVER_COUNT_19YR","DRIVER_COUNT_20YR","DRIVER_COUNT_50_64YR","DRIVER_COUNT_65_74YR","DRIVER_COUNT_75PLUS","EST_HRS_CLOSED","FATAL_COUNT","HEAVY_TRUCK_COUNT","HORSE_BUGGY_COUNT","HOUR_OF_DAY","ILLUMINATION","INJURY_COUNT","INTERSECTION_RELATED","INTERSECT_TYPE","LANE_CLOSED","LATITUDE","LN_CLOSE_DIR","LOCATION_TYPE","LONGITUDE","MAX_SEVERITY_LEVEL","MCYCLE_DEATH_COUNT","MCYCLE_SUSP_SERIOUS_INJ_COUNT","MOTORCYCLE_COUNT","MUNICIPALITY","NONMOTR_COUNT","NONMOTR_DEATH_COUNT","NONMOTR_SUSP_SERIOUS_INJ_COUNT","NTFY_HIWY_MAINT","PED_COUNT","PED_DEATH_COUNT","PED_SUSP_SERIOUS_INJ_COUNT","PERSON_COUNT","POLICE_AGCY","POSSIBLE_INJ_COUNT","RDWY_SURF_TYPE_CD","RELATION_TO_ROAD","ROADWAY_CLEARED","ROAD_CONDITION","SCH_BUS_IND","SCH_ZONE_IND","SECONDARY_CRASH","SMALL_TRUCK_COUNT","SPEC_JURIS_CD","SUSP_MINOR_INJ_COUNT","SUSP_SERIOUS_INJ_COUNT","SUV_COUNT","TCD_FUNC_CD","TCD_TYPE","TFC_DETOUR_IND","TIME_OF_DAY","TOTAL_UNITS","TOT_INJ_COUNT","UNBELTED_OCC_COUNT","UNB_DEATH_COUNT","UNB_SUSP_SERIOUS_INJ_COUNT","UNK_INJ_DEG_COUNT","UNK_INJ_PER_COUNT","URBAN_RURAL","VAN_COUNT","VEHICLE_COUNT","WEATHER1","WEATHER2","WORKERS_PRES","WORK_ZONE_IND","WORK_ZONE_LOC","WORK_ZONE_TYPE","WZ_CLOSE_DETOUR","WZ_FLAGGER","WZ_LAW_OFFCR_IND","WZ_LN_CLOSURE","WZ_MOVING","WZ_OTHER","WZ_SHLDER_MDN","WZ_WORKERS_INJ_KILLED"
"2011035856","","1","0","0","0","0","0","0","0","0","5","1","","02","3","2011","4","40.432461","-79.871149","","11","0","0","0","0","0","0","0","0","1","0","1","0","","","0","","0","","40 25:56.859","4","0","79 52:16.136","0","0","0","0","2411","0","0","0","N","0","0","0","3","68B03","0","","1.0","","9","N","N","","0","","0","0","0","","0","N","","2","0","0","0","0","0","0","2","0","2","","","","N","","","","","","","","","",""
"2011036608","","2","0","0","0","0","0","0","0","0","6","0","","02","4","2011","1","40.431547","-80.014624","","11","0","0","0","0","0","0","0","0","","0","0","0","","","1","","0","","40 25:53.569","","0","80 00:52.646","8","0","0","0","2301","0","0","0","N","0","0","0","2","02301","0","","4.0","","1","N","N","","0","","0","0","0","","0","","","2","1","0","0","0","1","0","2","0","2","","","","N","","","","","","","","","",""
"2011038245","","0","0","0","0","0","0","0","0","0","4","0","","02","4","2011","5","40.434031","-79.7325","","11","0","0","0","0","0","0","0","1","2","0","0","0","","","1","","2","","40 26:02.512","3","0","79 43:57.000","8","0","0","0","2446","0","0","0","N","0","0","0","6","02446","0","","1.0","","1","N","N","","0","","0","0","2","","2","N","","2","1","3","0","0","1","0","2","0","2","","","","N","","","","","","","","","",""
"2011033050","","2","0","0","0","0","0","0","0","0","4","0","","02","3","2011","1","40.468738","-79.959461","","11","0","0","0","0","0","1","0","1","","0","0","0","","","2","","1","","40 28:07.456","","0","79 57:34.059","8","0","0","0","2301","0","0","0","N","0","0","0","3","02301","0","","1.0","","1","N","N","","0","","0","0","0","","3","","","2","2","0","0","0","2","0","2","0","2","","","","N","","","","","","","","","",""
"2011037299","","2","0","0","0","0","0","0","0","0","4","0","","02","4","2011","3","40.438761","-79.997342","","11","0","0","0","0","1","0","0","0","","0","0","0","","","0","","1","","40 26:19.539","","0","79 59:50.431","0","0","0","0","2301","0","0","0","N","0","0","0","4","02301","0","","1.0","","1","N","N","","0","","0","0","0","","2","","","2","0","1","0","0","0","0","2","0","2","","","","N","","","","","","","","","",""
"2011035857","","2","0","0","0","0","0","0","0","0","1","0","","02","3","2011","4","40.411489","-80.075846","","11","0","0","0","0","0","1","0","0","","0","0","0","","","1","","6","","40 24:41.361","","2","80 04:33.046","4","0","0","0","2117","0","0","0","N","0","0","0","2","68B03","1","","1.0","","9","N","N","","0","","0","0","0","","4","","","2","1","0","0","0","0","0","2","0","2","","","","N","","","","","","","","","",""
"2011037423","","1","0","0","0","0","0","0","0","0","1","0","","02","4","2011","3","40.506733","-80.006887","","11","0","0","0","0","0","0","0","0","1","0","0","0","","","2","","10","","40 30:24.237","1","0","80 00:24.793","8","0","0","0","2116","0","0","0","N","0","0","0","2","02116","0","","1.0","","1","N","N","","1","","0","0","0","","2","N","","2","2","1","0","0","2","0","2","0","2","","","","N","","","","","","","","","",""
"2011036532","","2","0","0","0","0","0","0","0","0","4","0","","02","4","2011","7","40.527129","-79.816606","","11","0","0","0","0","0","1","0","0","","0","0","0","","","2","","2","","40 31:37.663","","0","79 48:59.780","8","0","0","0","2466","0","0","0","N","0","0","0","3","02466","0","","1.0","","1","N","N","","0","","0","0","0","","1","","","2","2","0","0","0","2","0","2","0","2","","","","N","","","","","","","","","",""
"2011037300","","1","0","0","0","0","0","0","0","0","4","0","","02","4","2011","6","40.592141","-80.074993","","11","0","0","0","0","0","0","1","0","","0","0","0","","","0","","2","","40 35:31.706","","0","80 04:29.976","0","0","0","0","2481","0","0","0","N","0","0","0","4","02481","0","","1.0","","1","N","N","","0","","0","0","1","","3","","","2","0","0","0","0","0","0","2","0","2","","","","N","","","","","","","","","",""
"2011038107","","1","0","0","0","0","0","0","0","0","1","0","","02","4","2011","5","40.44616","-79.895557","","11","0","0","0","0","0","0","0","0","1","0","0","0","","","0","","0","","40 26:46.176","2","0","79 53:44.005","0","0","0","0","2301","0","0","0","N","0","0","0","2","02301","0","","1.0","","1","N","Y","","0","","0","0","1","","0","N","","2","0","0","0","0","0","0","2","0","2","","","","N","","","","","","","","","",""
"2011037437","","0","0","0","0","0","0","0","0","0","8","0","","02","4","2011","3","40.347008","-79.864094","","11","0","0","0","0","0","0","0","0","","0","0","0","","","1","","1","","40 20:49.229","","0","79 51:50.737","4","0","0","0","2304","1","0","0","N","1","0","0","2","02304","1","","1.0","","9","N","N","","0","","0","0","0","","2","","","2","1","0","0","0","0","0","2","1","1","","","","N","","","","","","","","","",""
"2011033052","","1","0","0","0","0","0","0","0","0","4","1","","02","3","2011","2","40.489147","-80.0798","","11","0","0","0","0","0","0","0","1","4","1","1","0","","","2","","1","","40 29:20.928","5","0","80 04:47.279","1","0","0","0","2122","0","0","0","N","0","0","0","4","02122","0","2","1.0","","1","N","N","","0","0","1","1","0","","3","Y","","2","2","0","0","0","0","0","2","0","2","","","","N","","","","","","","","","",""
"2011033799","","1","0","0","0","0","0","0","0","0","7","0","","02","3","2011","5","40.331439","-79.881126","","11","0","0","0","0","0","0","0","0","3","0","0","0","","","1","","0","","40 19:53.181","6","0","79 52:52.054","3","0","0","0","2455","0","0","0","N","0","0","0","1","02455","0","","5.0","","1","N","N","","0","","1","0","0","","0","Y","","1","1","0","0","0","0","0","2","0","1","","","","N","","","","","","","","","",""
"2011034610","","0","0","0","0","0","0","0","0","0","7","0","","02","3","2011","2","40.377226","-79.926631","","11","0","0","0","0","0","0","0","0","","0","0","0","","","0","","0","","40 22:38.012","","0","79 55:35.870","0","0","0","0","2301","0","0","0","N","0","0","0","1","02301","0","","2.0","","2","N","N","","0","","0","0","1","","0","","","1","0","0","0","0","0","0","2","0","1","","","","N","","","","","","","","","",""
"2011033086","","2","0","0","0","0","0","0","0","0","1","0","","02","3","2011","4","40.454366","-79.977746","","11","0","0","0","0","0","0","0","0","","0","0","0","","","0","","2","","40 27:15.719","","0","79 58:39.886","0","0","0","0","2301","0","0","0","N","0","0","0","2","02301","0","","1.0","","9","N","N","","0","","0","0","0","","2","","","2","0","0","0","0","0","0","2","0","2","","","","N","","","","","","","","","",""
"2011036549","","1","0","0","0","0","0","0","0","0","4","0","","02","4","2011","7","40.491356","-79.969606","","11","0","0","0","0","0","0","0","0","","0","0","0","","","1","","0","","40 29:28.880","","0","79 58:10.583","8","0","0","0","2118","0","0","0","N","0","0","0","3","02118","0","","1.0","","1","N","N","","1","","0","0","0","","0","","","2","1","0","0","0","1","0","2","0","2","","","","N","","","","","","","","","",""
"2011037301","","2","0","0","0","0","0","0","0","0","4","0","","02","4","2011","6","40.519726","-80.217799","","11","0","0","0","1","0","0","0","0","","0","0","0","","","1","","2","","40 31:11.012","","7","80 13:04.075","4","0","0","0","2213","0","0","0","N","0","0","0","4","02213","1","","1.0","","1","N","N","","0","","0","0","0","","2","","","2","1","0","0","0","0","0","2","0","2","","","","N","","","","","","","","","",""
"2011035921","","2","0","0","0","0","0","0","0","0","1","0","","02","3","2011","5","40.455576","-80.042008","","11","0","0","0","1","0","0","0","0","1","0","0","0","","","0","","0","","40 27:20.073","4","0","80 02:31.230","0","0","0","0","2301","0","0","0","N","0","0","0","3","02301","0","","1.0","","1","N","N","","0","","0","0","0","","2","N","","2","0","0","0","0","0","0","2","0","2","","","","N","","","","","","","","","",""
"2011037425","","2","0","0","0","0","0","0","0","0","1","0","","02","4","2011","3","40.344517","-79.845235","","11","0","0","0","0","0","0","0","0","","0","0","0","","","0","","0","","40 20:40.261","","0","79 50:42.846","9","0","0","0","2304","0","0","0","N","0","0","0","1","02304","0","","6.0","","9","N","N","","0","","0","0","0","","0","","","2","0","0","0","0","0","1","2","0","2","","","","N","","","","","","","","","",""
"2011038234","","2","0","0","0","0","0","0","0","0","4","0","","02","4","2011","5","40.354121","-80.004936","","11","0","0","0","0","0","0","0","0","","0","0","0","","","2","","1","","40 21:14.837","","0","80 00:17.770","4","0","0","0","2476","0","0","0","N","0","0","0","2","02476","2","","1.0","","1","N","N","","0","","0","0","0","","3","","","2","2","0","0","0","0","0","2","0","2","","","","N","","","","","","","","","",""
"2011036755","","1","0","0","0","0","0","0","0","0","1","0","","02","4","2011","7","40.436058","-79.979366","","11","0","0","0","0","0","1","0","0","","0","0","0","","","0","","0","","40 26:09.809","","0","79 58:45.716","0","0","0","0","2301","0","0","0","N","0","0","0","5","02301","0","","1.0","","1","N","N","","0","","0","0","1","","0","","","2","0","0","0","0","0","0","2","0","2","","","","N","","","","","","","","","",""
"2011033053","","0","0","0","0","0","0","0","0","0","1","0","","02","3","2011","1","40.619219","-80.075845","","11","0","0","0","0","0","0","0","0","","0","0","0","","","0","","0","","40 37:09.190","","0","80 04:33.041","0","0","0","0","2212","0","0","0","N","0","0","0","2","02505","0","","1.0","","1","N","N","","0","","0","0","2","","0","","","2","0","0","0","0","0","0","2","0","2","","","","N","","","","","","","","","",""
"2011038026","","1","0","0","0","0","0","0","0","0","1","0","","02","4","2011","2","40.509904","-80.003813","","11","0","0","0","0","0","0","0","0","","0","0","0","","","1","","0","","40 30:35.654","","0","80 00:13.726","4","0","0","0","2116","0","0","0","N","0","0","0","2","02116","1","","1.0","","9","N","N","","0","","0","0","1","","2","","","2","1","0","0","0","0","0","2","0","2","","","","N","","","","","","","","","",""
"2011037287","","2","0","0","0","0","0","0","0","0","4","0","","02","4","2011","1","40.444246","-80.028226","","11","0","0","0","0","0","0","0","1","","0","0","0","","","1","","5","","40 26:39.286","","8","80 01:41.615","8","0","0","0","2301","0","0","0","N","0","0","0","2","02301","0","","1.0","","1","N","N","","0","","0","0","0","","2","","","2","1","0","0","0","1","0","2","0","2","","","","N","","","","","","","","","",""
"2011038097","","1","0","0","0","0","0","0","0","0","8","0","","02","4","2011","5","40.518797","-79.843006","","11","0","0","0","0","0","0","1","0","1","0","0","0","","","1","","10","","40 31:07.670","4","0","79 50:34.823","8","0","0","0","2451","1","0","0","N","1","0","0","2","02451","0","","4.0","","1","N","N","","0","","0","0","0","","0","Y","","2","1","0","0","0","1","0","2","0","1","","","","N","","","","","","","","","",""
"2011038250","","0","0","0","0","0","0","0","0","0","99","0","","02","4","2011","5","40.460402","-79.844273","","11","0","0","0","0","0","0","0","0","","0","0","0","","","1","","0","","40 27:37.447","","0","79 50:39.382","8","0","0","1","2301","0","0","0","N","0","0","0","1","02301","0","","1.0","","1","N","N","","0","","0","0","0","","0","","","1","1","0","0","0","1","0","2","0","1","","","","N","","","","","","","","","",""
"2011037288","","1","0","0","0","0","0","0","0","0","4","0","","02","4","2011","2","40.425976","-79.916852","","11","0","0","0","0","0","1","0","0","","0","0","0","","","0","","1","","40 25:33.513","","0","79 55:00.667","0","0","0","0","2301","0","0","0","N","0","0","0","3","02301","0","","1.0","","9","N","N","","1","","0","0","0","","3","","","2","0","2","0","0","0","0","2","0","2","","","","N","","","","","","","","","",""
"2011037427","","2","0","0","0","0","0","0","0","0","2","0","40","02","4","2011","3","40.496722","-80.068502","","11","0","0","0","0","0","1","0","0","1","0","0","0","","","0","","0","","40 29:48.199","5","0","80 04:06.608","9","0","0","0","2402","0","0","0","N","0","0","0","2","02402","0","","1.0","","9","N","N","","0","","0","0","0","","0","Y","","2","0","0","0","0","0","2","2","0","2","","","N","Y","3","1","","","N","Y","","","Y",""
"2011037440","","2","0","0","0","0","0","0","0","0","4","0","","02","3","2011","4","","","","11","0","0","0","1","0","0","0","0","2","0","0","0","","","0","","1","","","1","0","","0","0","0","0","2473","0","0","0","N","0","0","0","2","02473","0","","1.0","","1","N","N","","0","","0","0","0","","2","N","","2","0","0","0","0","0","0","1","0","2","","","","N","","","","","","","","","",""
"2011033055","","1","0","0","0","0","0","0","0","0","1","1","","02","3","2011","3","40.525598","-79.840956","","11","0","0","0","0","0","1","0","0","","0","1","0","","","1","","1","","40 31:32.153","","0","79 50:27.440","4","0","0","0","2451","0","0","0","N","0","0","0","3","02451","1","","1.0","","1","N","N","","0","","0","0","0","","2","","","2","1","0","0","0","0","0","2","0","2","","","","N","","","","","","","","","",""
"2011033802","","1","0","0","0","0","0","0","0","0","2","0","","02","3","2011","5","40.467016","-80.024881","","11","0","0","1","0","0","0","0","0","2","0","0","0","","","2","","1","","40 28:01.259","7","0","80 01:29.570","8","0","0","0","2301","0","0","0","N","0","0","0","3","02301","0","","1.0","","1","N","N","","1","","0","0","0","","2","Y","","2","2","0","0","0","2","0","2","0","2","","","","N","","","","","","","","","",""
"2011038028","","1","0","0","0","0","0","0","0","0","4","0","","02","4","2011","4","40.479031","-80.00008","","11","0","0","0","0","0","0","0","0","","0","0","0","","","0","","0","","40 28:44.511","","0","80 00:00.288","9","0","0","0","2301","0","0","0","N","0","0","0","3","02301","0","","1.0","","1","N","N","","0","","0","0","1","","0","","","2","0","2","0","0","0","1","2","0","2","","","","N","","","","","","","","","",""
"2011035781","","1","0","0","0","0","0","0","0","0","4","0","","02","3","2011","5","40.347703","-79.996067","","11","0","0","1","0","0","0","0","0","","0","0","0","","","0","","1","","40 20:51.730","","0","79 59:45.841","0","0","0","0","2403","0","0","0","N","0","0","0","3","02403","0","","1.0","","1","N","N","","0","","0","0","1","","3","","","2","0","0","0","0","0","0","2","0","2","","","","N","","","","","","","","","",""
"2011038099","","1","0","0","0","0","0","0","0","0","1","0","","02","4","2011","5","40.424055","-79.927287","","11","0","0","0","0","0","0","0","0","","0","0","0","","","2","","0","","40 25:26.598","","0","79 55:38.233","8","0","0","0","2301","0","0","0","N","0","0","0","3","02301","0","","1.0","","1","N","N","","0","","0","0","0","","0","","","2","2","0","0","0","2","0","2","1","2","","","","N","","","","","","","","","",""
"2011035924","","2","0","0","0","0","0","0","0","0","4","0","","02","3","2011","5","40.440466","-79.991536","","11","0","0","0","0","0","0","0","0","","0","0","0","","","0","","1","","40 26:25.678","","0","79 59:29.530","0","0","0","0","2301","0","0","0","N","0","0","0","4","02301","0","","1.0","","1","N","N","","0","","0","0","0","","0","","","2","0","0","0","0","0","0","2","0","2","","","","N","","","","","","","","","",""
"2011037429","","1","0","0","0","0","0","0","0","0","1","0","","02","4","2011","3","40.363426","-80.045948","","11","0","0","0","0","0","1","1","0","2","0","0","0","","","1","","0","","40 21:48.334","6","7","80 02:45.412","4","0","0","0","2109","0","0","0","N","0","0","0","2","02109","1","","1.0","","9","N","N","","0","","0","0","1","","0","Y","","2","1","0","0","0","0","0","2","0","2","","","","N","","","","","","","","","",""
"2011033056","","1","0","0","0","0","0","0","0","0","1","0","","02","3","2011","4","40.449558","-80.02511","","11","0","0","0","0","0","1","0","0","1","0","0","0","","","0","","0","","40 26:58.409","1","3","80 01:30.397","0","0","0","0","2301","0","0","0","N","0","0","0","2","02301","0","","1.0","","1","N","N","","0","","0","0","0","","0","N","","2","0","0","0","0","0","0","2","1","2","","","","N","","","","","","","","","",""
"2011035938","","2","0","0","0","0","0","0","0","0","4","0","","02","3","2011","5","40.411014","-80.005933","","11","0","0","0","0","0","0","0","0","2","0","0","0","","","3","","1","","40 24:39.651","1","0","80 00:21.360","8","0","0","0","2301","0","0","0","N","0","0","0","3","02301","0","","1.0","","9","N","N","","0","","0","0","0","","2","Y","","2","3","1","0","0","3","0","2","0","2","","","","N","","","","","","","","","",""
"2011035784","","1","0","0","0","0","0","0","0","0","4","0","","02","3","2011","5","40.469578","-80.038779","","11","0","0","0","0","0","0","0","0","","0","0","0","","","0","","2","","40 28:10.480","","0","80 02:19.604","0","0","0","0","2301","0","0","0","N","0","0","0","2","02301","0","","1.0","","1","N","N","","0","","0","0","1","","0","","","2","0","1","0","0","0","0","2","0","2","","","","N","","","","","","","","","",""
"2011037443","","2","0","0","0","0","0","0","0","0","6","0","","02","4","2011","4","40.462239","-79.905569","","11","0","0","0","0","0","0","0","0","2","0","0","0","","","0","","2","","40 27:44.061","5","0","79 54:20.047","0","0","0","0","2301","0","0","0","N","0","0","0","3","02301","0","","1.0","","1","N","N","","0","","0","0","0","","0","Y","","2","0","0","0","0","0","0","2","0","2","","","","N","","","","","","","","","",""
"2011035316","","1","0","0","0","0","0","0","0","0","4","0","","02","3","2011","5","40.430349","-80.133228","","11","0","0","0","0","0","0","0","0","1","0","0","0","","","0","","2","","40 25:49.257","3","2","80 07:59.621","0","0","0","0","2115","0","0","0","N","0","0","0","6","02115","0","","1.0","","1","N","N","","0","","0","0","0","","3","Y","","2","0","0","0","0","0","0","2","1","2","","","","N","","","","","","","","","",""
"2011035927","","1","0","0","0","0","0","0","0","0","0","0","","02","3","2011","5","40.361751","-79.950745","","11","0","0","0","0","0","0","0","0","1","0","0","0","","","0","","0","","40 21:42.305","3","0","79 57:02.683","0","0","0","0","2403","0","0","0","N","0","0","0","1","02403","0","","5.0","","9","N","N","","0","","0","0","0","","0","N","","1","0","0","0","0","0","0","2","0","1","","","","N","","","","","","","","","",""
"2011035317","","1","0","0","0","0","0","1","0","0","4","1","","02","3","2011","7","40.319528","-80.02695","","11","0","0","0","0","0","1","0","0","1","0","0","0","","","0","","1","","40 19:10.301","2","0","80 01:37.019","0","0","0","0","2407","0","0","0","N","0","0","0","3","02407","0","","1.0","","1","N","N","","0","","0","0","0","","2","N","","2","0","0","0","0","0","0","2","0","2","","","","N","","","","","","","","","",""
"2011035942","","0","0","0","0","0","0","0","0","0","7","0","","02","3","2011","5","40.319476","-79.898551","","11","0","0","0","0","0","0","0","0","2","0","0","0","","","0","","0","","40 19:10.114","1","0","79 53:54.782","0","0","0","0","2473","0","0","0","N","0","0","0","1","02473","0","","5.0","","9","N","N","","0","","0","0","1","","0","N","","1","0","0","0","0","0","0","2","0","1","","","","N","","","","","","","","","",""
"2011035318","","3","0","0","0","0","0","0","0","0","4","0","","02","3","2011","2","40.366474","-80.014118","","11","0","0","0","0","0","2","0","0","1","0","0","0","","","1","","0","","40 21:59.306","3","0","80 00:50.824","4","0","0","0","2416","0","0","0","N","0","0","0","2","02416","1","","1.0","","1","N","N","","0","","0","0","0","","0","N","","3","1","0","0","0","0","0","2","0","3","","","","N","","","","","","","","","",""
"2011038116","","2","0","0","0","0","0","0","0","0","1","0","","02","4","2011","5","40.44003","-80.223596","","11","0","0","0","0","0","0","0","1","","0","0","0","","","1","","2","","40 26:24.108","","0","80 13:24.944","4","0","0","0","2214","0","0","0","N","0","0","0","3","02214","1","","1.0","","1","N","N","","0","","0","0","0","","0","","","2","1","0","0","0","0","0","2","0","2","","","","N","","","","","","","","","",""
"2011038257","","0","0","0","0","0","0","0","0","0","7","0","","02","4","2011","6","","","","11","0","0","0","0","1","0","0","0","2","0","0","0","","","1","","0","","","2","0","","4","0","0","0","2214","0","0","0","N","0","0","0","1","02214","1","","5.0","","1","N","N","","0","","0","0","0","","0","N","","1","1","1","0","0","0","0","1","1","1","","","","N","","","","","","","","","",""
"2011036544","","1","0","0","0","0","0","0","0","0","4","0","","02","3","2011","2","40.526932","-79.988275","","11","0","0","0","0","0","1","0","0","1","0","0","0","","","0","","2","","40 31:36.955","1","0","79 59:17.790","0","0","0","0","2116","0","0","0","N","0","0","0","4","02116","0","","1.0","","1","N","N","","0","","0","0","1","","0","N","","2","0","0","0","0","0","0","2","0","2","","","","N","","","","","","","","","",""
"2011035805","","1","0","0","0","0","0","0","0","0","1","0","","02","3","2011","2","40.449671","-80.107928","","11","0","0","0","0","1","0","0","0","","0","0","0","","","0","","0","","40 26:58.816","","0","80 06:28.539","0","0","0","0","2115","0","0","0","N","0","0","0","3","02115","0","","1.0","","1","N","N","","0","","0","0","1","","0","","","2","0","0","0","0","0","0","2","0","2","","","","N","","","","","","","","","",""
"2011035806","","1","0","0","0","0","0","0","0","0","4","0","","02","3","2011","2","40.343872","-80.032907","","11","1","0","0","0","0","0","0","0","2","0","0","0","","","0","","0","","40 20:37.939","3","0","80 01:58.465","0","0","0","0","2407","0","0","0","N","0","0","0","2","02407","0","","1.0","","1","N","N","","0","","0","0","1","","0","N","","2","0","0","0","0","0","0","2","0","2","","","","N","","","","","","","","","",""
"2011036621","","2","0","0","0","0","0","0","0","0","4","0","","02","4","2011","7","40.501721","-79.982719","","11","0","0","0","1","0","0","1","0","","0","0","0","","","0","","1","","40 30:06.197","","0","79 58:57.787","0","0","0","0","2118","0","0","0","N","0","0","0","3","02118","0","","1.0","","1","N","N","","0","","0","0","0","","3","","","2","0","0","0","0","0","0","2","0","2","","","","N","","","","","","","","","",""
"2011036546","","1","0","0","0","0","0","0","0","0","7","0","","02","4","2011","7","40.530126","-80.018093","","11","0","0","0","0","0","0","0","0","1","0","0","0","","","0","","2","","40 31:48.454","4","0","80 01:05.136","0","0","0","0","2116","0","0","0","N","0","0","0","1","02116","0","","5.0","","9","N","N","","0","","0","0","0","","2","N","","1","0","0","0","0","0","0","2","0","1","","","","N","","","","","","","","","",""
"2011036766","","1","0","0","0","0","0","0","0","0","7","0","","02","4","2011","6","40.66391","-79.879597","","11","0","0","0","0","0","0","0","0","1","0","0","0","","","0","","0","","40 39:50.076","5","0","79 52:46.549","9","0","0","0","2220","0","0","0","N","0","0","0","1","02220","0","","2.0","","9","N","N","","0","","0","0","0","","0","N","","1","0","0","0","0","0","1","1","0","1","","","","N","","","","","","","","","",""
"2011035793","","1","0","0","0","0","0","0","0","0","2","0","","02","3","2011","4","40.369303","-79.815595","","11","0","0","0","0","0","0","0","0","4","1","0","0","","","1","","0","","40 22:09.492","5","0","79 48:56.143","1","0","0","0","2111","0","0","0","N","0","0","0","2","02111","0","2","1.0","","1","N","N","","1","0","1","0","0","","0","Y","","2","1","1","1","0","0","0","2","0","2","","","","N","","","","","","","","","",""
"2011038050","","1","0","0","0","0","0","0","0","0","5","0","","02","4","2011","5","40.463228","-79.927392","","11","0","0","0","0","0","2","0","0","","0","0","0","","","1","","0","","40 27:47.620","","0","79 55:38.610","4","0","0","0","2301","0","0","0","N","0","0","0","2","02301","1","","1.0","","1","N","N","","0","","0","0","1","","0","","","2","1","0","0","0","0","0","2","0","2","","","","N","","","","","","","","","",""
"2011035948","","1","0","0","0","0","0","0","0","0","7","0","","02","4","2011","6","40.480017","-79.919668","","11","0","0","0","0","0","0","0","0","3","0","0","0","","","0","","0","","40 28:48.061","5","0","79 55:10.804","0","0","0","0","2301","0","0","0","N","0","0","0","1","02301","0","","2.0","","9","N","N","","0","","0","0","0","","0","Y","","1","0","0","0","0","0","0","2","0","1","","","","N","","","","","","","","","",""
"2011037451","","0","0","0","0","0","0","0","0","0","7","0","","02","4","2011","4","40.396225","-79.9982","","11","0","0","0","0","0","0","0","0","","0","0","0","","","0","","0","","40 23:46.409","","0","79 59:53.520","0","0","0","0","2301","0","0","0","N","0","0","0","1","02301","0","","2.0","","2","N","N","","1","","0","0","0","","0","","","1","0","0","0","0","0","0","2","0","1","","","","N","","","","","","","","","",""
"2011033759","","0","0","0","0","0","0","0","0","0","7","0","","02","3","2011","7","40.581353","-80.029071","","11","0","0","0","0","0","1","0","0","1","0","0","0","","","0","","0","","40 34:52.869","2","0","80 01:44.657","0","0","0","0","2108","0","0","0","N","0","0","0","1","02108","0","","4.0","","2","N","N","","0","","0","0","1","","0","N","","1","0","0","0","0","0","0","2","0","1","","","","N","","","","","","","","","",""
"2011037452","","1","0","0","0","0","0","0","0","0","7","0","","02","4","2011","4","40.396225","-79.9982","","11","0","0","0","0","0","0","0","0","","0","0","0","","","0","","0","","40 23:46.409","","0","79 59:53.520","0","0","0","0","2301","0","0","0","N","0","0","0","1","02301","0","","3.0","","2","N","N","","0","","0","0","0","","0","","","1","0","0","0","0","0","0","2","0","1","","","","N","","","","","","","","","",""
"2011036564","","1","0","0","0","0","0","0","0","0","5","0","","02","4","2011","1","40.427463","-79.987497","","11","0","0","0","0","0","0","0","0","2","0","0","0","","","0","","0","","40 25:38.866","1","0","79 59:14.989","9","0","0","0","2301","0","0","0","N","0","0","0","3","02301","0","","2.0","","1","N","N","","0","","0","0","0","","0","N","","2","0","0","0","0","0","1","2","0","2","","","","N","","","","","","","","","",""
"2011035935","","2","0","0","0","0","0","0","0","0","4","0","","02","3","2011","5","40.43708","-79.998329","","11","0","0","0","0","0","0","0","0","1","0","0","0","","","0","","1","","40 26:13.487","7","0","79 59:53.986","0","0","0","0","2301","0","0","0","N","0","0","0","5","02301","0","","1.0","","9","N","N","","0","","0","0","0","","2","N","","2","0","0","0","0","0","0","2","0","2","","","","N","","","","","","","","","",""
"2011038264","","2","0","0","0","0","0","0","0","0","1","0","","02","3","2011","1","40.27693","-79.933961","","11","0","0","0","0","0","0","0","1","","0","0","0","","","0","","0","","40 16:36.948","","0","79 56:02.261","0","0","0","0","2440","0","0","0","N","0","0","0","2","02440","0","","1.0","","1","N","N","","0","","0","0","0","","0","","","2","0","0","0","0","0","0","2","0","2","","","","N","","","","","","","","","",""
"2011034575","","2","0","0","0","0","0","0","0","0","4","0","","02","3","2011","1","40.350637","-79.924567","","11","0","0","0","0","0","1","0","1","1","0","0","0","","","1","","2","","40 21:02.294","6","0","79 55:28.441","8","0","0","0","2473","0","0","0","N","0","0","0","3","02473","0","","1.0","","1","N","N","","0","","0","0","0","","3","N","","2","1","0","0","0","1","0","2","0","2","","","","N","","","","","","","","","",""
"2011036641","","1","0","0","0","0","0","0","0","0","7","0","","02","4","2011","7","40.524152","-79.753354","","11","0","1","0","0","0","0","0","0","","0","0","0","","","0","","0","","40 31:26.947","","0","79 45:12.074","0","0","0","0","2466","0","0","0","N","0","0","0","4","02466","0","","4.0","","1","N","N","","0","","0","0","0","","0","","","1","0","0","0","0","0","0","1","0","1","","","","N","","","","","","","","","",""