"CRN","ARRIVAL_TM","AUTOMOBILE_COUNT","BELTED_DEATH_COUNT","BELTED_SUSP_SERIOUS_INJ_COUNT","BICYCLE_COUNT","BICYCLE_DEATH_COUNT","BICYCLE_SUSP_SERIOUS_INJ_COUNT","BUS_COUNT","CHLDPAS_DEATH_COUNT","CHLDPAS_SUSP_SERIOUS_INJ_COUNT","COLLISION_TYPE","COMM_VEH_COUNT","CONS_ZONE_SPD_LIM","COUNTY","CRASH_MONTH","CRASH_YEAR","DAY_OF_WEEK","DEC_LATITUDE","DEC_LONGITUDE","DISPATCH_TM","DISTRICT","DRIVER_COUNT_16YR","DRIVER_COUNT_17YR","DRIVER_COUNT_18YR","DRIVER_COUNT_19YR","DRIVER_COUNT_20YR","DRIVER_COUNT_50_64YR","DRIVER_COUNT_65_74YR","DRIVER_COUNT_75PLUS","EST_HRS_CLOSED","FATAL_COUNT","HEAVY_TRUCK_COUNT","HORSE_BUGGY_COUNT","HOUR_OF_DAY","ILLUMINATION","INJURY_COUNT","INTERSECTION_RELATED","INTERSECT_TYPE","LANE_CLOSED","LATITUDE","LN_CLOSE_DIR","LOCATION_TYPE","LONGITUDE","MAX_SEVERITY_LEVEL","MCYCLE_DEATH_COUNT","MCYCLE_SUSP_SERIOUS_INJ_COUNT","MOTORCYCLE_COUNT","MUNICIPALITY","NONMOTR_COUNT","NONMOTR_DEATH_COUNT","NONMOTR_SUSP_SERIOUS_INJ_COUNT","NTFY_HIWY_MAINT","PED_COUNT","PED_DEATH_COUNT","PED_SUSP_SERIOUS_INJ_COUNT","PERSON_COUNT","POLICE_AGCY","POSSIBLE_INJ_COUNT","RDWY_SURF_TYPE_CD","RELATION_TO_ROAD","ROADWAY_CLEARED","ROAD_CONDITION","SCH_BUS_IND","SCH_ZONE_IND","SECONDARY_CRASH","SMALL_TRUCK_COUNT","SPEC_JURIS_CD","SUSP_MINOR_INJ_COUNT","SUSP_SERIOUS_INJ_COUNT","SUV_COUNT","TCD_FUNC_CD","TCD_TYPE","TFC_DETOUR_IND","TIME_OF_DAY","TOTAL_UNITS","TOT_INJ_COUNT","UNBELTED_OCC_COUNT","UNB_DEATH_COUNT","UNB_SUSP_SERIOUS_INJ_COUNT","UNK_INJ_DEG_COUNT","UNK_INJ_PER_COUNT","URBAN_RURAL","VAN_COUNT","VEHICLE_COUNT","WEATHER1","WEATHER2","WORKERS_PRES","WORK_ZONE_IND","WORK_ZONE_LOC","WORK_ZONE_TYPE","WZ_CLOSE_DETOUR","WZ_FLAGGER","WZ_LAW_OFFCR_IND","WZ_LN_CLOSURE","WZ_MOVING","WZ_OTHER","WZ_SHLDER_MDN","WZ_WORKERS_INJ_KILLED"
"2011034088","","1","0","0","0","0","0","0","0","0","7","0","","02","3","2011","7","40.347766","-79.862727","","11","0","0","0","0","0","0","0","0","1","0","0","0","","","1","","1","","40 20:51.957","7","0","79 51:45.817","8","0","0","0","2304","0","0","0","N","0","0","0","3","02304","0","","1.0","","1","N","N","","0","","0","0","0","","0","N","","1","1","3","0","0","1","0","2","0","1","","","","N","","","","","","","","","",""
"2011034165","","2","0","0","0","0","0","0","0","0","1","0","","02","3","2011","7","40.474747","-80.02962","","11","0","0","0","0","0","0","0","0","","0","0","0","","","0","","0","","40 28:29.089","","0","80 01:46.632","0","0","0","0","2301","0","0","0","N","0","0","0","1","02301","0","","6.0","","1","N","N","","0","","0","0","1","","0","","","3","0","0","0","0","0","0","2","0","3","","","","N","","","","","","","","","",""
"2011033340","","2","0","0","0","0","0","0","0","0","6","0","","02","3","2011","5","40.471256","-79.787295","","11","0","0","0","0","0","0","0","0","","0","0","0","","","0","","0","","40 28:16.520","","0","79 47:14.261","9","0","0","0","2113","0","0","0","N","0","0","0","4","02113","0","","2.0","","9","N","N","","0","","0","0","0","","0","","","2","0","2","0","0","0","4","2","0","2","","","","N","","","","","","","","","",""
"2011033353","","3","0","0","0","0","0","0","0","0","1","0","","02","2","2011","4","40.424715","-80.113528","","11","0","0","0","0","0","1","0","0","2","0","0","0","","","1","","0","","40 25:28.974","3","0","80 06:48.699","3","0","0","0","2102","0","0","0","N","0","0","0","5","68B03","0","","1.0","","1","N","N","","0","","1","0","1","","0","N","","4","1","0","0","0","0","0","2","0","4","","","","N","","","","","","","","","",""
"2011034102","","1","0","0","0","0","0","0","0","0","1","0","","02","3","2011","6","40.44866","-80.006623","","11","0","0","0","0","0","0","0","0","1","0","0","0","","","1","","6","","40 26:55.176","1","3","80 00:23.843","4","0","0","0","2301","0","0","0","N","0","0","0","4","68B03","1","","1.0","","1","N","N","","0","","0","0","1","","4","N","","2","1","2","0","0","0","0","2","0","2","","","","N","","","","","","","","","",""
"2011032735","","1","0","0","0","0","0","0","0","0","1","0","","02","3","2011","2","40.503278","-79.947658","","11","0","0","0","0","0","0","0","0","","0","0","0","","","2","","1","","40 30:11.802","","0","79 56:51.568","4","0","0","0","2430","0","0","0","N","0","0","0","3","02430","2","","1.0","","1","N","N","","1","","0","0","0","","2","","","2","2","0","0","0","0","0","2","0","2","","","","N","","","","","","","","","",""
"2011034766","","0","0","0","0","0","0","0","0","0","8","0","","02","3","2011","3","40.438113","-79.95398","","11","0","0","0","0","0","0","0","0","","0","0","0","","","1","","1","","40 26:17.206","","0","79 57:14.328","8","0","0","0","2301","1","0","0","N","1","0","0","2","02301","0","","1.0","","9","N","N","","0","","0","0","1","","2","","","2","1","0","0","0","1","0","2","0","1","","","","N","","","","","","","","","",""
"2011034090","","1","0","0","0","0","0","0","0","0","7","0","","02","3","2011","7","40.416574","-80.043696","","11","0","0","0","0","0","0","0","0","","0","0","0","","","0","","1","","40 24:59.666","","0","80 02:37.305","0","0","0","0","2435","0","0","0","N","0","0","0","1","02435","0","","4.0","","1","N","N","","0","","0","0","0","","3","","","1","0","0","0","0","0","0","2","0","1","","","","N","","","","","","","","","",""
"2011033354","","0","0","0","0","0","0","0","0","0","7","0","","02","3","2011","3","40.439314","-80.008253","","11","0","0","0","0","0","1","0","0","2","0","0","0","","","2","","6","","40 26:21.532","3","2","80 00:29.710","4","0","0","0","2301","0","0","0","Y","0","0","0","2","68B03","2","","7.0","","1","N","N","","0","","0","0","1","","0","N","","1","2","0","0","0","0","0","2","0","1","","","","N","","","","","","","","","",""
"2011034185","","0","0","0","0","0","0","0","0","0","7","0","","02","3","2011","6","40.380629","-80.073882","","11","0","0","0","0","0","0","0","0","1","0","0","0","","","0","","0","","40 22:50.266","3","0","80 04:25.974","0","0","0","0","2117","0","0","0","N","0","0","0","2","02117","0","","5.0","","1","N","N","","0","","0","0","1","","0","N","","1","0","0","0","0","0","0","2","0","1","","","","N","","","","","","","","","",""
"2011034262","","1","0","0","0","0","0","0","0","0","4","0","","02","3","2011","7","40.438131","-79.985108","","11","0","0","0","0","0","1","0","0","","0","0","0","","","0","","1","","40 26:17.271","","0","79 59:06.388","0","0","0","0","2301","0","0","0","N","0","0","0","2","02301","0","","1.0","","1","N","N","","0","","0","0","0","","3","","","2","0","0","0","0","0","0","2","1","2","","","","N","","","","","","","","","",""
"2011032825","","2","0","0","0","0","0","0","0","0","1","0","","02","3","2011","5","40.513138","-80.222331","","11","0","0","0","1","0","0","0","0","","0","0","0","","","0","","2","","40 30:47.296","","0","80 13:20.390","0","0","0","0","2213","0","0","0","N","0","0","0","3","02213","0","","1.0","","9","N","N","","0","","0","0","0","","2","","","2","0","0","0","0","0","0","2","0","2","","","","N","","","","","","","","","",""
"2011035229","","1","0","0","0","0","0","0","0","0","4","0","","02","3","2011","7","40.390804","-80.073844","","11","0","0","1","0","0","0","0","1","1","0","0","0","","","1","","0","","40 23:26.894","4","0","80 04:25.840","3","0","0","0","2117","0","0","0","N","0","0","0","4","02117","0","","1.0","","1","N","N","","0","","1","0","1","","0","N","","2","1","0","0","0","0","0","2","0","2","","","","N","","","","","","","","","",""
"2011035154","","2","0","1","0","0","0","0","0","0","1","0","","02","3","2011","7","40.438601","-79.862276","","11","0","0","0","0","0","0","0","1","2","0","0","0","","","1","","0","","40 26:18.964","3","0","79 51:44.192","2","0","0","0","2419","0","0","0","N","0","0","0","2","68B03","0","","1.0","","1","N","N","","0","","0","1","0","","0","N","","2","1","0","0","0","0","0","2","0","2","","","","N","","","","","","","","","",""
"2011032906","","1","0","0","0","0","0","0","0","0","4","0","","02","3","2011","6","40.473795","-80.061896","","11","0","0","1","0","0","0","0","0","2","0","0","0","","","0","","0","","40 28:25.662","3","3","80 03:42.827","0","0","0","0","2444","0","0","0","N","0","0","0","2","02444","0","","1.0","","1","N","N","","0","","0","0","0","","0","Y","","2","0","0","0","0","0","0","2","1","2","","","","N","","","","","","","","","",""
"2011033651","","2","0","0","0","0","0","0","0","0","4","0","","02","3","2011","5","40.468096","-79.883344","","11","0","0","0","0","0","1","0","1","2","0","0","0","","","1","","2","","40 28:05.145","6","0","79 53:00.038","4","0","0","0","2113","0","0","0","N","0","0","0","2","02113","1","","1.0","","1","N","N","","0","","0","0","0","","3","N","","2","1","0","0","0","0","0","2","0","2","","","","N","","","","","","","","","",""
"2011035218","","1","0","0","0","0","0","0","0","0","1","0","","02","3","2011","4","40.434912","-80.034056","","11","0","0","0","0","1","1","0","0","","0","0","0","","","0","","2","","40 26:05.682","","0","80 02:02.602","0","0","0","0","2301","0","0","0","N","0","0","0","2","02301","0","","1.0","","1","N","N","","1","","0","0","0","","3","","","2","0","1","0","0","0","0","2","0","2","","","","N","","","","","","","","","",""
"2011035155","","3","0","0","0","0","0","0","0","0","1","0","","02","3","2011","7","40.441252","-79.858478","","11","0","0","0","0","0","1","0","0","2","0","0","0","","","0","","0","","40 26:28.508","4","0","79 51:30.522","0","0","0","0","2419","0","0","0","N","0","0","0","4","68B03","0","","1.0","","1","N","N","","0","","0","0","0","","0","N","","3","0","1","0","0","0","0","2","0","3","","","","N","","","","","","","","","",""
"2011032907","","0","0","0","0","0","0","0","0","0","0","0","","02","3","2011","3","40.261104","-79.826995","","11","0","0","0","0","0","0","0","0","3","0","0","0","","","1","","0","","40 15:39.975","5","0","79 49:37.182","4","0","0","0","2105","0","0","0","N","0","0","0","2","02105","1","","2.0","","1","N","N","","0","","0","0","1","","0","Y","","1","1","0","0","0","0","0","2","0","1","","","","N","","","","","","","","","",""
"2011034280","","1","0","0","0","0","0","0","0","0","7","0","","02","3","2011","1","40.435004","-79.993029","","11","0","0","0","0","0","0","0","0","","0","0","0","","","0","","0","","40 26:06.016","","0","79 59:34.906","9","0","0","0","2301","0","0","0","N","0","0","0","2","02301","0","","5.0","","1","N","N","","0","","0","0","0","","0","","","1","0","0","0","0","0","1","2","0","1","","","","N","","","","","","","","","",""
"2011034348","","0","0","0","0","0","0","0","0","0","7","0","","02","3","2011","1","40.39851","-80.027607","","11","0","0","0","0","0","0","0","0","","0","0","0","","","0","","2","","40 23:54.636","","0","80 01:39.385","0","0","0","0","2301","0","0","0","N","0","0","0","1","02301","0","","5.0","","1","N","N","","1","","0","0","0","","0","","","1","0","0","0","0","0","0","2","0","1","","","","N","","","","","","","","","",""
"2011033669","","1","0","0","0","0","0","0","0","0","1","1","","02","3","2011","5","40.463471","-79.930682","","11","0","0","0","0","0","0","0","0","","0","1","0","","","0","","1","","40 27:48.495","","0","79 55:50.455","0","0","0","0","2301","0","0","0","N","0","0","0","3","02301","0","","1.0","","1","N","N","","0","","0","0","0","","0","","","2","0","0","0","0","0","0","2","0","2","","","","N","","","","","","","","","",""
"2011034281","","1","0","0","0","0","0","0","0","0","7","0","","02","3","2011","7","40.465189","-80.053723","","11","0","0","0","0","0","0","0","0","","0","0","0","","","0","","0","","40 27:54.680","","99","80 03:13.402","9","0","0","0","2444","0","0","0","N","0","0","0","1","02444","0","","4.0","","1","N","N","","0","","0","0","0","","0","","","1","0","0","0","0","0","1","2","0","1","","","","N","","","","","","","","","",""
"2011033670","","0","0","0","0","0","0","0","0","0","1","0","","02","3","2011","4","40.442793","-80.024606","","11","0","0","0","0","0","2","0","0","","0","0","0","","","0","","0","","40 26:34.054","","0","80 01:28.580","0","0","0","0","2301","0","0","0","N","0","0","0","3","02301","0","","1.0","","1","N","N","","0","","0","0","1","","0","","","2","0","0","0","0","0","0","2","1","2","","","","N","","","","","","","","","",""
"2011034269","","1","0","0","0","0","0","0","0","0","7","0","","02","3","2011","7","40.391512","-79.883591","","11","0","0","0","0","0","0","0","0","1","0","0","0","","","1","","2","","40 23:29.443","1","0","79 53:00.927","3","0","0","0","2473","0","0","0","N","0","0","0","1","02473","0","","5.0","","1","N","N","","0","","1","0","0","","0","N","","1","1","0","0","0","0","0","2","0","1","","","","N","","","","","","","","","",""
"2011032847","","1","0","0","0","0","0","0","0","0","7","0","","02","1","2011","7","40.445368","-79.847236","","11","0","0","0","0","0","0","0","0","","0","0","0","","","0","","0","","40 26:43.325","","0","79 50:50.051","0","0","0","0","2419","0","0","0","N","0","0","0","1","68B03","0","","2.0","","9","N","N","","0","","0","0","0","","0","","","1","0","0","0","0","0","0","2","0","1","","","","N","","","","","","","","","",""
"2011032848","","0","0","0","0","0","0","0","0","0","1","0","","02","3","2011","2","40.432464","-80.023138","","11","0","0","0","0","0","0","0","0","","0","0","0","","","0","","0","","40 25:56.871","","0","80 01:23.297","0","0","0","0","2301","0","0","0","N","0","0","0","3","68B03","0","","1.0","","1","N","N","","1","","0","0","1","","0","","","2","0","0","0","0","0","0","2","0","2","","","","N","","","","","","","","","",""
"2011040576","","0","0","0","0","0","0","0","0","0","7","1","","02","4","2011","7","40.490564","-79.876529","","11","0","0","0","0","0","0","0","0","5","0","1","0","","","1","","0","","40 29:26.030","1","0","79 52:35.506","4","0","0","0","2112","0","0","0","N","0","0","0","1","68D02","1","","5.0","","9","N","N","","0","","0","0","0","","0","Y","","1","1","0","0","0","0","0","2","0","1","","","","N","","","","","","","","","",""
"2011033590","","1","0","0","0","0","0","0","0","0","7","0","","02","3","2011","5","40.469593","-80.018611","","11","0","0","0","0","0","0","0","0","","0","0","0","","","0","","0","","40 28:10.536","","0","80 01:06.999","0","0","0","0","2301","0","0","0","N","0","0","0","1","02301","0","","5.0","","9","N","N","","0","","0","0","0","","0","","","1","0","0","0","0","0","0","2","0","1","","","","N","","","","","","","","","",""
"2011032925","","0","0","0","0","0","0","0","0","0","0","0","","02","3","2011","3","40.449178","-79.929217","","11","0","0","0","0","0","0","0","0","2","0","0","0","","","1","","0","","40 26:57.040","5","0","79 55:45.181","2","0","0","0","2301","0","0","0","","0","0","0","2","02301","0","","1.0","","1","","","","1","","0","1","0","","0","Y","","1","1","0","0","0","0","0","2","0","1","","","","N","","","","","","","","","",""
"2011032774","","1","0","0","0","0","0","0","0","0","4","0","","02","3","2011","3","40.449706","-80.025099","","11","0","0","0","0","0","2","0","0","","0","0","0","","","1","","1","","40 26:58.940","","8","80 01:30.356","8","0","0","0","2301","0","0","0","N","0","0","0","4","02301","0","","1.0","","1","N","N","","1","","0","0","1","","2","","","3","1","0","0","0","1","0","2","0","3","","","","N","","","","","","","","","",""
"2011034501","","0","0","0","0","0","0","0","0","0","1","0","","02","3","2011","6","40.641459","-80.097606","","11","0","0","0","0","0","0","0","0","","0","0","0","","","0","","0","","40 38:29.253","","0","80 05:51.380","0","0","0","0","2212","0","0","0","N","0","0","0","2","68B03","0","","1.0","","1","N","N","","0","","0","0","2","","0","","","2","0","0","0","0","0","0","2","0","2","","","","N","","","","","","","","","",""
"2011041340","","2","0","0","0","0","0","0","0","0","1","0","","02","4","2011","4","40.530909","-80.069509","","11","0","0","1","0","0","1","0","0","1","0","0","0","","","0","","2","","40 31:51.271","3","0","80 04:10.234","0","0","0","0","2215","0","0","0","N","0","0","0","6","02215","0","","1.0","","1","N","N","","0","","0","0","1","","2","N","","3","0","0","0","0","0","0","2","0","3","","","","N","","","","","","","","","",""
"2011032775","","1","0","0","0","0","0","0","0","0","4","0","","02","3","2011","2","40.534248","-80.050656","","11","0","0","0","0","0","1","1","0","2","0","0","0","","","1","","0","","40 32:03.294","5","0","80 03:02.361","8","0","0","0","2116","0","0","0","N","0","0","0","3","02116","0","","1.0","","1","N","N","","1","","0","0","0","","0","Y","","2","1","0","0","0","1","0","2","0","2","","","","N","","","","","","","","","",""
"2011033593","","1","0","0","0","0","0","0","0","0","1","0","","02","3","2011","5","40.567209","-80.212432","","11","0","0","0","0","0","1","0","0","1","0","0","0","","","0","","2","","40 34:01.952","2","99","80 12:44.755","0","0","0","0","2441","0","0","0","N","0","0","0","2","02441","0","","1.0","","9","N","N","","1","","0","0","0","","2","N","","2","0","0","0","0","0","0","2","0","2","","","","N","","","","","","","","","",""
"2011034502","","1","0","0","0","0","0","0","0","0","1","0","","02","3","2011","6","40.497999","-80.020703","","11","0","0","0","0","0","2","0","0","","0","0","0","","","0","","0","","40 29:52.795","","0","80 01:14.532","0","0","0","0","2116","0","0","0","N","0","0","0","2","68B03","0","","1.0","","1","N","N","","0","","0","0","1","","0","","","2","0","0","0","0","0","0","2","0","2","","","","N","","","","","","","","","",""
"2011034276","","1","0","0","0","0","0","0","0","0","8","0","","02","3","2011","7","40.456279","-79.97498","","11","0","0","0","0","0","0","0","0","1","0","0","0","","","1","","1","","40 27:22.604","3","0","79 58:29.928","4","0","0","0","2301","1","0","0","N","1","0","0","2","02301","1","","1.0","","1","N","N","","0","","0","0","0","","2","Y","","2","1","0","0","0","0","0","2","0","1","","","","N","","","","","","","","","",""
"2011035242","","1","0","0","0","0","0","0","0","0","2","0","","02","3","2011","3","40.446198","-80.00983","","11","0","0","0","0","0","0","0","0","1","0","0","0","","","0","","2","","40 26:46.313","2","0","80 00:35.389","0","0","0","0","2301","0","0","0","N","0","0","0","4","02301","0","","1.0","","1","N","N","","0","","0","0","2","","3","N","","3","0","1","0","0","0","0","2","0","3","","","","N","","","","","","","","","",""
"2011034503","","1","0","0","0","0","0","0","0","0","7","0","","02","3","2011","7","40.431164","-79.872828","","11","0","0","0","0","0","0","0","0","","0","0","0","","","0","","0","","40 25:52.190","","0","79 52:22.182","0","0","0","0","2411","0","0","0","N","0","0","0","1","68B03","0","","3.0","","1","N","N","","0","","0","0","0","","0","","","1","0","0","0","0","0","0","2","0","1","","","","N","","","","","","","","","",""
"2011041342","","1","0","0","0","0","0","0","0","0","7","0","","02","3","2011","5","40.454391","-79.947535","","11","0","0","0","0","0","0","0","0","","0","0","0","","","0","","0","","40 27:15.809","","0","79 56:51.125","0","0","0","0","2301","0","0","0","N","0","0","0","2","02301","0","","5.0","","1","N","N","","0","","0","0","0","","0","","","1","0","0","0","0","0","0","2","0","1","","","","N","","","","","","","","","",""
"2011034203","","1","0","0","0","0","0","0","0","0","7","0","","02","3","2011","7","40.606462","-79.769097","","11","0","0","0","0","0","0","0","0","2","0","0","0","","","0","","0","","40 36:23.263","6","0","79 46:08.749","9","0","0","0","2206","0","0","0","N","0","0","0","1","02206","0","","5.0","","1","N","N","","0","","0","0","0","","0","N","","1","0","0","0","0","0","1","1","0","1","","","","N","","","","","","","","","",""
"2011034358","","1","0","0","0","0","0","0","0","0","4","0","","02","3","2011","7","40.385399","-79.821905","","11","0","0","0","0","0","1","0","0","","0","0","0","","","1","","1","","40 23:07.436","","0","79 49:18.858","8","0","0","0","2111","0","0","0","N","0","0","0","6","02111","0","","1.0","","1","N","N","","1","","0","0","0","","3","","","2","1","0","0","0","1","0","2","0","2","","","","N","","","","","","","","","",""
"2011032917","","1","0","0","0","0","0","0","0","0","1","0","","02","2","2011","6","40.583265","-79.778026","","11","0","0","0","0","0","1","0","0","","0","0","0","","","1","","0","","40 34:59.753","","0","79 46:40.893","8","0","0","0","2104","0","0","0","N","0","0","0","2","02104","0","","1.0","","1","N","N","","1","","0","0","0","","0","","","2","1","2","0","0","1","0","2","0","2","","","","N","","","","","","","","","",""
"2011033678","","0","0","0","0","0","0","0","0","0","7","0","","02","3","2011","5","40.434546","-80.008105","","11","0","0","0","0","0","1","0","0","2","0","0","0","","","1","","0","","40 26:04.366","4","7","80 00:29.179","8","0","0","1","2301","0","0","0","N","0","0","0","1","02301","0","","2.0","","1","N","N","","0","","0","0","0","","2","N","","1","1","0","0","0","1","0","2","0","1","","","","N","","","","","","","","","",""
"2011041344","","1","0","0","0","0","0","0","0","0","7","0","","02","4","2011","2","40.460622","-79.892689","","11","0","0","0","0","0","0","0","0","","0","0","0","","","0","","10","","40 27:38.239","","0","79 53:33.680","9","0","0","0","2301","0","0","0","","0","0","0","2","02301","0","","5.0","","1","N","N","","0","","0","0","0","","0","","","1","0","0","0","0","0","2","2","0","1","","","","N","","","","","","","","","",""
"2011033449","","0","0","0","0","0","0","0","0","0","2","0","","02","3","2011","7","40.559203","-80.023335","","11","0","0","0","0","0","0","0","0","2","0","0","0","","","0","","0","","40 33:33.129","2","0","80 01:24.005","0","0","0","0","2108","0","0","0","N","0","0","0","2","02108","0","","1.0","","1","N","N","","1","","0","0","1","","0","N","","2","0","0","0","0","0","0","2","0","2","","","","N","","","","","","","","","",""
"2011032791","","2","0","0","0","0","0","0","0","0","1","0","","02","3","2011","3","40.523407","-79.768338","","11","0","1","0","0","0","0","0","0","","0","0","0","","","3","","2","","40 31:24.265","","0","79 46:06.016","4","0","0","0","2466","0","0","0","Y","0","0","0","4","02466","1","","1.0","","1","N","N","","0","","0","0","0","","0","","","2","3","0","0","0","2","0","1","0","2","","","","N","","","","","","","","","",""
"2011033596","","0","0","0","0","0","0","0","0","0","6","0","","02","3","2011","3","40.217229","-79.843435","","11","0","0","0","0","0","0","0","0","2","0","0","0","","","0","","0","","40 13:02.023","2","1","79 50:36.367","0","0","0","0","2204","0","0","0","N","0","0","0","2","02204","0","","1.0","","9","N","N","","2","","0","0","0","","0","Y","","2","0","0","0","0","0","0","2","0","2","","","","N","","","","","","","","","",""
"2011032918","","2","0","0","0","0","0","0","0","0","4","0","","02","3","2011","3","40.409743","-80.085101","","11","0","0","0","0","0","1","0","0","1","0","0","0","","","0","","1","","40 24:35.073","3","0","80 05:06.364","0","0","0","0","2415","0","0","0","N","0","0","0","2","02415","0","","1.0","","1","N","N","","1","","0","0","1","","3","N","","4","0","1","0","0","0","0","2","0","4","","","","N","","","","","","","","","",""
"2011034438","","1","0","0","0","0","0","1","0","0","1","1","","02","3","2011","1","40.444556","-79.942795","","11","0","0","0","0","0","0","0","0","1","0","0","0","","","2","","0","","40 26:40.403","3","0","79 56:34.061","4","0","0","0","2301","0","0","0","N","0","0","0","5","02503","2","","1.0","","1","N","N","","0","","0","0","0","","0","N","","2","2","1","0","0","0","0","2","0","2","","","","N","","","","","","","","","",""
"2011035245","","2","0","0","0","0","0","0","0","0","4","0","","02","3","2011","4","40.370676","-79.828684","","11","0","0","0","0","0","2","0","0","1","0","0","0","","","2","","3","","40 22:14.434","1","0","79 49:43.264","8","0","0","0","2111","0","0","0","N","0","0","0","6","02111","0","","1.0","","1","N","N","","0","","0","0","0","","0","N","","2","2","0","0","0","2","0","2","0","2","","","","N","","","","","","","","","",""
"2011039796","","0","0","0","0","0","0","0","0","0","7","0","","02","4","2011","4","40.54443","-79.962732","","11","0","0","0","0","0","0","0","0","","0","0","0","","","1","","3","","40 32:39.947","","0","79 57:45.836","4","0","0","0","2118","0","0","0","N","0","0","0","1","02118","1","","5.0","","1","N","N","","0","","0","0","1","","0","","","1","1","0","0","0","0","0","2","0","1","","","","N","","","","","","","","","",""
"2011033597","","1","0","0","0","0","0","0","0","0","8","0","","02","3","2011","5","40.440425","-79.994868","","11","0","0","0","0","0","0","0","0","","0","0","0","","","1","","1","","40 26:25.530","","0","79 59:41.524","4","0","0","0","2301","1","0","0","N","1","0","0","2","02301","1","","1.0","","9","N","N","","0","","0","0","0","","2","","","2","1","0","0","0","0","0","2","0","1","","","","N","","","","","","","","","",""
"2011032931","","0","0","0","0","0","0","0","0","0","7","0","","02","3","2011","2","40.652144","-79.919033","","11","0","0","0","0","0","1","0","0","2","0","0","0","","","0","","0","","40 39:07.717","3","7","79 55:08.517","0","0","0","0","2220","0","0","0","N","0","0","0","1","02220","0","","5.0","","1","N","N","","1","","0","0","0","","0","N","","1","0","0","0","0","0","0","1","0","1","","","","N","","","","","","","","","",""
"2011034439","","2","0","0","0","0","0","0","0","0","4","0","","02","3","2011","1","40.458061","-79.934662","","11","0","0","0","0","0","0","0","0","1","0","0","0","","","3","","1","","40 27:29.021","3","0","79 56:04.783","4","0","0","0","2301","0","0","0","N","0","0","0","6","02301","3","","1.0","","1","N","N","","0","","0","0","0","","2","N","","2","3","2","0","0","0","0","2","0","2","","","","N","","","","","","","","","",""
"2011035016","","2","0","0","0","0","0","0","0","0","2","0","","02","3","2011","3","40.455834","-79.992062","","11","0","0","0","0","0","2","0","0","1","0","0","0","","","0","","6","","40 27:21.004","3","2","79 59:31.422","0","0","0","0","2301","0","0","0","N","0","0","0","5","02301","0","","3.0","","1","Y","N","","0","","0","0","0","","0","N","","3","0","0","0","0","0","0","2","1","3","","","","N","","","","","","","","","",""
"2011035042","","0","0","0","0","0","0","0","0","0","7","0","","02","3","2011","5","40.506159","-80.031702","","11","0","0","0","0","0","0","1","0","","0","0","0","","","1","","0","","40 30:22.174","","0","80 01:54.126","4","0","0","0","2116","0","0","0","N","0","0","0","1","68B03","1","","3.0","","1","N","N","","0","","0","0","1","","0","","","1","1","0","0","0","0","0","2","0","1","","","","N","","","","","","","","","",""
"2011035043","","2","0","0","0","0","0","0","0","0","1","0","","02","3","2011","7","40.437013","-80.148902","","11","0","0","0","0","0","0","0","0","","0","0","0","","","2","","0","","40 26:13.246","","0","80 08:56.047","4","0","0","0","2115","0","0","0","N","0","0","0","3","68B03","2","","1.0","","1","N","N","","0","","0","0","0","","0","","","2","2","0","0","0","0","0","2","0","2","","","","N","","","","","","","","","",""
"2011032934","","1","0","0","0","0","0","0","0","0","7","0","","02","3","2011","3","40.350522","-79.925245","","11","0","0","0","0","0","0","0","0","1","0","0","0","","","1","","0","","40 21:01.879","3","0","79 55:30.883","4","0","0","0","2473","0","0","0","N","0","0","0","1","02473","1","","5.0","","1","N","N","","0","","0","0","0","","0","N","","1","1","0","0","0","0","0","2","0","1","","","","N","","","","","","","","","",""
"2011034441","","2","0","0","0","0","0","0","0","0","4","0","","02","3","2011","1","","","","11","0","0","0","0","0","1","0","0","2","0","0","0","","","1","","2","","","6","0","","8","0","0","0","2126","0","0","0","N","0","0","0","2","02126","0","","1.0","","1","N","N","","0","","0","0","0","","2","Y","","2","1","0","0","0","1","0","1","0","2","","","","N","","","","","","","","","",""
"2011034295","","0","0","0","0","0","0","0","0","0","7","0","","02","3","2011","6","40.568051","-79.79776","","11","0","0","0","0","0","1","0","0","","0","0","0","","","1","","0","","40 34:04.983","","0","79 47:51.936","4","0","0","0","2206","0","0","0","Y","0","0","0","1","68D02","1","","2.0","","1","N","N","","1","","0","0","0","","0","","","1","1","0","0","0","0","0","2","0","1","","","","N","","","","","","","","","",""
"2011034442","","1","0","0","0","0","0","0","0","0","7","0","","02","3","2011","4","40.642209","-79.748818","","11","0","0","0","0","0","0","0","0","1","0","0","0","","","0","","0","","40 38:31.953","1","0","79 44:55.743","9","0","0","0","2202","0","0","0","N","0","0","0","1","02202","0","","4.0","","9","N","N","","0","","0","0","0","","0","N","","1","0","0","0","0","0","1","1","0","1","","","","N","","","","","","","","","",""
"2011035250","","1","0","0","0","0","0","0","0","0","7","0","","02","3","2011","7","40.655546","-79.806372","","11","0","0","1","0","0","0","0","0","","0","0","0","","","0","","0","","40 39:19.965","","0","79 48:22.939","0","0","0","0","2202","0","0","0","N","0","0","0","4","02202","0","","5.0","","1","N","N","","0","","0","0","0","","0","","","1","0","0","0","0","0","0","1","0","1","","","","N","","","","","","","","","",""