"CRN","ARRIVAL_TM","AUTOMOBILE_COUNT","BELTED_DEATH_COUNT","BELTED_SUSP_SERIOUS_INJ_COUNT","BICYCLE_COUNT","BICYCLE_DEATH_COUNT","BICYCLE_SUSP_SERIOUS_INJ_COUNT","BUS_COUNT","CHLDPAS_DEATH_COUNT","CHLDPAS_SUSP_SERIOUS_INJ_COUNT","COLLISION_TYPE","COMM_VEH_COUNT","CONS_ZONE_SPD_LIM","COUNTY","CRASH_MONTH","CRASH_YEAR","DAY_OF_WEEK","DEC_LATITUDE","DEC_LONGITUDE","DISPATCH_TM","DISTRICT","DRIVER_COUNT_16YR","DRIVER_COUNT_17YR","DRIVER_COUNT_18YR","DRIVER_COUNT_19YR","DRIVER_COUNT_20YR","DRIVER_COUNT_50_64YR","DRIVER_COUNT_65_74YR","DRIVER_COUNT_75PLUS","EST_HRS_CLOSED","FATAL_COUNT","HEAVY_TRUCK_COUNT","HORSE_BUGGY_COUNT","HOUR_OF_DAY","ILLUMINATION","INJURY_COUNT","INTERSECTION_RELATED","INTERSECT_TYPE","LANE_CLOSED","LATITUDE","LN_CLOSE_DIR","LOCATION_TYPE","LONGITUDE","MAX_SEVERITY_LEVEL","MCYCLE_DEATH_COUNT","MCYCLE_SUSP_SERIOUS_INJ_COUNT","MOTORCYCLE_COUNT","MUNICIPALITY","NONMOTR_COUNT","NONMOTR_DEATH_COUNT","NONMOTR_SUSP_SERIOUS_INJ_COUNT","NTFY_HIWY_MAINT","PED_COUNT","PED_DEATH_COUNT","PED_SUSP_SERIOUS_INJ_COUNT","PERSON_COUNT","POLICE_AGCY","POSSIBLE_INJ_COUNT","RDWY_SURF_TYPE_CD","RELATION_TO_ROAD","ROADWAY_CLEARED","ROAD_CONDITION","SCH_BUS_IND","SCH_ZONE_IND","SECONDARY_CRASH","SMALL_TRUCK_COUNT","SPEC_JURIS_CD","SUSP_MINOR_INJ_COUNT","SUSP_SERIOUS_INJ_COUNT","SUV_COUNT","TCD_FUNC_CD","TCD_TYPE","TFC_DETOUR_IND","TIME_OF_DAY","TOTAL_UNITS","TOT_INJ_COUNT","UNBELTED_OCC_COUNT","UNB_DEATH_COUNT","UNB_SUSP_SERIOUS_INJ_COUNT","UNK_INJ_DEG_COUNT","UNK_INJ_PER_COUNT","URBAN_RURAL","VAN_COUNT","VEHICLE_COUNT","WEATHER1","WEATHER2","WORKERS_PRES","WORK_ZONE_IND","WORK_ZONE_LOC","WORK_ZONE_TYPE","WZ_CLOSE_DETOUR","WZ_FLAGGER","WZ_LAW_OFFCR_IND","WZ_LN_CLOSURE","WZ_MOVING","WZ_OTHER","WZ_SHLDER_MDN","WZ_WORKERS_INJ_KILLED"
"2011039276","","2","0","0","0","0","0","0","0","0","1","0","","02","4","2011","2","40.452125","-79.712956","","11","0","0","0","1","0","0","0","0","","0","0","0","","","0","","0","","40 27:07.651","","0","79 42:46.641","0","0","0","0","2466","0","0","0","N","0","0","0","2","02466","0","","1.0","","1","N","N","","0","","0","0","0","","2","","","2","0","0","0","0","0","0","2","0","2","","","","N","","","","","","","","","",""
"2011041381","","1","0","0","0","0","0","0","0","0","7","0","","02","4","2011","1","40.419989","-80.10386","","11","0","0","0","0","0","1","0","0","","0","0","0","","","0","","0","","40 25:11.959","","0","80 06:13.896","9","0","0","0","2115","0","0","0","Y","0","0","0","1","68B03","0","","3.0","","1","N","N","","0","","0","0","0","","0","","","1","0","0","0","0","0","1","2","0","1","","","","N","","","","","","","","","",""
"2011039131","","1","0","0","0","0","0","0","0","0","4","0","","02","4","2011","1","40.459808","-79.971395","","11","0","0","0","0","0","0","0","0","","0","0","0","","","1","","2","","40 27:35.309","","0","79 58:17.023","4","0","0","0","2301","0","0","0","N","0","0","0","1","02301","1","","1.0","","1","N","N","","0","","0","0","1","","0","","","2","1","0","0","0","0","0","2","0","2","","","","N","","","","","","","","","",""
"2011040115","","1","0","0","0","0","0","0","0","0","0","0","","02","4","2011","4","40.314295","-79.939111","","11","0","0","1","0","0","1","0","0","","0","0","0","","","0","","0","","40 18:51.462","","0","79 56:20.799","0","0","0","0","2440","0","0","0","N","0","0","0","4","02440","0","","1.0","","9","N","N","","0","","0","0","1","","0","","","2","0","0","0","0","0","0","2","0","2","","","","N","","","","","","","","","",""
"2011041530","","1","0","0","0","0","0","1","0","0","4","1","","02","4","2011","6","40.335416","-80.051261","","11","0","0","0","0","0","1","1","0","1","0","0","0","","","0","","0","","40 20:07.499","4","0","80 03:04.541","0","0","0","0","2407","0","0","0","N","0","0","0","7","02407","0","","3.0","","1","Y","N","","0","","0","0","0","","0","N","","2","0","0","0","0","0","0","2","0","2","","","","N","","","","","","","","","",""
"2011039278","","1","0","1","0","0","0","0","0","0","7","0","","02","4","2011","2","40.489886","-80.021444","","11","0","0","0","0","0","1","0","0","1","0","0","0","","","1","","2","","40 29:23.589","1","0","80 01:17.198","2","0","0","0","2301","0","0","0","N","0","0","0","2","02301","0","","5.0","","1","N","N","","0","","0","1","0","","0","N","","1","1","0","0","0","0","0","2","0","1","","","","N","","","","","","","","","",""
"2011039292","","2","0","0","0","0","0","0","0","0","1","0","","02","4","2011","2","40.410433","-80.005409","","11","0","0","0","0","0","0","0","0","1","0","0","0","","","0","","0","","40 24:37.558","1","0","80 00:19.474","9","0","0","0","2301","0","0","0","N","0","0","0","3","02301","0","","1.0","","1","N","N","","0","","0","0","0","","0","N","","2","0","0","0","0","0","1","2","0","2","","","","N","","","","","","","","","",""
"2011039886","","2","0","0","0","0","0","0","0","0","4","0","","02","4","2011","4","40.429174","-79.999231","","11","0","0","0","0","0","1","0","0","1","0","0","0","","","0","","1","","40 25:45.028","1","3","79 59:57.233","0","0","0","0","2301","0","0","0","N","0","0","0","2","02301","0","","1.0","","9","N","N","","0","","0","0","0","","2","N","","2","0","0","0","0","0","0","2","0","2","","","","N","","","","","","","","","",""
"2011040771","","1","0","0","0","0","0","0","0","0","4","0","","02","4","2011","6","40.4532","-79.992708","","11","0","0","0","0","1","1","0","0","1","0","0","0","","","1","","1","","40 27:11.520","1","0","79 59:33.748","3","0","0","0","2301","0","0","0","N","0","0","0","2","02301","0","","1.0","","1","N","N","","0","","1","0","1","","2","N","","2","1","1","0","0","0","0","2","0","2","","","","N","","","","","","","","","",""
"2011041531","","0","0","0","0","0","0","0","0","0","4","0","","02","4","2011","3","40.345885","-80.054097","","11","0","0","0","0","0","0","0","0","","0","0","0","","","0","","0","","40 20:45.186","","0","80 03:14.749","0","0","0","0","2407","0","0","0","N","0","0","0","2","02407","0","","1.0","","9","N","N","","0","","0","0","1","","0","","","2","0","0","0","0","0","0","2","1","2","","","","N","","","","","","","","","",""
"2011040117","","2","0","0","0","0","0","0","0","0","1","0","","02","4","2011","4","40.436289","-79.994504","","11","0","0","0","0","0","0","0","0","1","0","0","0","","","0","","6","","40 26:10.641","2","8","79 59:40.214","0","0","0","0","2301","0","0","0","N","0","0","0","3","02301","0","","1.0","","1","N","N","","0","","0","0","0","","2","N","","2","0","0","0","0","0","0","2","0","2","","","","N","","","","","","","","","",""
"2011039905","","1","0","0","0","0","0","0","0","0","7","0","","02","4","2011","4","40.488509","-79.92298","","11","0","0","0","0","0","0","0","0","","0","0","0","","","1","","0","","40 29:18.631","","0","79 55:22.728","4","0","0","0","2301","0","0","0","N","0","0","0","1","02301","1","","2.0","","9","N","N","","0","","0","0","0","","0","","","1","1","0","0","0","0","0","2","0","1","","","","N","","","","","","","","","",""
"2011040772","","2","0","0","0","0","0","0","0","0","4","0","","02","4","2011","6","40.440519","-80.238481","","11","0","0","0","0","0","0","0","0","","0","0","0","","","1","","1","","40 26:25.870","","0","80 14:18.530","8","0","0","0","2214","0","0","0","N","0","0","0","4","02214","0","","1.0","","1","N","N","","2","","0","0","0","","0","","","4","1","0","0","0","1","0","2","0","4","","","","N","","","","","","","","","",""
"2011041532","","1","0","0","0","0","0","0","0","0","4","0","","02","4","2011","2","40.33813","-80.031265","","11","0","0","0","0","0","0","0","0","1","0","0","0","","","2","","1","","40 20:17.268","6","0","80 01:52.554","4","0","0","0","2407","0","0","0","N","0","0","0","3","02407","2","","1.0","","9","N","N","","1","","0","0","0","","3","Y","","2","2","0","0","0","0","0","2","0","2","","","","N","","","","","","","","","",""
"2011039358","","1","0","0","0","0","0","0","0","0","4","0","","02","4","2011","5","40.627893","-79.719262","","11","0","0","0","0","0","0","0","0","","0","0","0","","","2","","1","","40 37:40.413","","0","79 43:09.343","4","0","0","0","2106","0","0","0","N","0","0","0","5","02106","2","","1.0","","1","N","N","","0","","0","0","0","","0","","","2","2","0","0","0","0","0","2","1","2","","","","N","","","","","","","","","",""
"2011040131","","1","0","0","0","0","0","0","0","0","5","0","","02","4","2011","5","40.417483","-80.012701","","11","0","0","0","0","0","0","0","0","1","0","0","0","","","0","","0","","40 25:02.938","7","0","80 00:45.723","0","0","0","0","2301","0","0","0","N","0","0","0","1","02301","0","","6.0","","1","N","N","","0","","0","0","1","","0","N","","2","0","1","0","0","0","0","2","0","2","","","","N","","","","","","","","","",""
"2011040995","","2","0","0","0","0","0","0","0","0","4","0","","02","4","2011","6","40.380741","-79.999689","","11","0","0","0","0","0","1","0","1","","0","0","0","","","0","","10","","40 22:50.666","","0","79 59:58.882","0","0","0","0","2301","0","0","0","N","0","0","0","3","02301","0","","1.0","","1","N","N","","0","","0","0","0","","0","","","2","0","0","0","0","0","0","2","0","2","","","","N","","","","","","","","","",""
"2011040709","","2","0","0","0","0","0","0","0","0","1","0","","02","4","2011","4","40.52197","-79.852496","","11","0","0","0","0","0","0","0","0","","0","0","0","","","1","","0","","40 31:19.093","","0","79 51:08.987","3","0","0","0","2208","0","0","0","N","0","0","0","2","68D02","0","","1.0","","1","N","N","","0","","1","0","0","","0","","","2","1","0","0","0","0","0","2","0","2","","","","N","","","","","","","","","",""
"2011041533","","2","0","0","0","0","0","0","0","0","4","0","","02","4","2011","2","40.34583","-80.033283","","11","0","0","0","0","0","0","0","0","1","0","0","0","","","1","","1","","40 20:44.988","5","0","80 01:59.818","4","0","0","0","2407","0","0","0","N","0","0","0","2","02407","1","","1.0","","9","N","N","","0","","0","0","0","","3","Y","","2","1","1","0","0","0","0","2","0","2","","","","N","","","","","","","","","",""
"2011040921","","1","0","0","0","0","0","0","0","0","7","0","","02","4","2011","7","40.459831","-79.920722","","11","0","0","0","0","0","1","0","0","","0","0","0","","","0","","2","","40 27:35.391","","0","79 55:14.599","9","0","0","0","2301","0","0","0","N","0","0","0","2","02301","0","","5.0","","9","N","N","","0","","0","0","0","","2","","","1","0","0","0","0","0","2","2","0","1","","","","N","","","","","","","","","",""
"2011039136","","3","0","0","0","0","0","0","0","0","5","0","","02","4","2011","1","40.463941","-79.966318","","11","0","0","0","0","0","0","0","0","","0","0","0","","","0","","1","","40 27:50.186","","0","79 57:58.744","0","0","0","0","2301","0","0","0","N","0","0","0","2","02301","0","","1.0","","1","N","N","","0","","0","0","0","","0","","","3","0","0","0","0","0","0","2","0","3","","","","N","","","","","","","","","",""
"2011039216","","0","0","0","0","0","0","0","0","0","99","0","","02","4","2011","1","40.59009","-79.888223","","11","0","0","0","0","0","1","0","0","","0","0","0","","","0","","0","","40 35:24.323","","0","79 53:17.601","0","0","0","0","2209","0","0","0","N","0","0","0","1","68T02","0","","1.0","","1","N","N","","0","","0","0","0","","0","","","1","0","0","0","0","0","0","1","1","1","","","","N","","","","","","","","","",""
"2011041534","","2","0","0","0","0","0","0","0","0","4","0","","02","4","2011","5","40.328666","-80.022537","","11","0","0","0","0","1","0","0","0","1","0","0","0","","","0","","0","","40 19:43.196","5","0","80 01:21.133","0","0","0","0","2407","0","0","0","N","0","0","0","4","02407","0","","1.0","","1","N","N","","1","","0","0","0","","0","Y","","3","0","0","0","0","0","0","2","0","3","","","","N","","","","","","","","","",""
"2011040641","","2","0","0","0","0","0","0","0","0","2","0","","02","4","2011","5","40.349431","-80.112264","","11","0","0","0","0","0","1","0","0","1","0","0","0","","","2","","0","","40 20:57.950","5","7","80 06:44.149","3","0","0","0","2119","0","0","0","N","0","0","0","2","02119","1","","1.0","","1","N","N","","0","","1","0","0","","0","N","","2","2","0","0","0","0","0","2","0","2","","","","N","","","","","","","","","",""
"2011039217","","0","0","0","0","0","0","0","0","0","99","0","","02","4","2011","1","40.594171","-79.903757","","11","0","0","0","0","0","0","0","0","","0","0","0","","","0","","0","","40 35:39.015","","0","79 54:13.526","0","0","0","0","2209","0","0","0","N","0","0","0","1","68T02","0","","1.0","","1","N","N","","1","","0","0","0","","0","","","1","0","0","0","0","0","0","1","0","1","","","","N","","","","","","","","","",""
"2011041535","","0","0","0","0","0","0","0","0","0","7","0","","02","4","2011","6","40.374133","-80.011625","","11","0","0","0","0","0","0","0","0","5","0","0","0","","","0","","0","","40 22:26.878","6","0","80 00:41.850","9","0","0","0","2416","0","0","0","N","0","0","0","1","02416","0","","5.0","","1","N","N","","0","","0","0","0","","0","Y","","1","0","0","0","0","0","1","2","1","1","","","","N","","","","","","","","","",""
"2011040121","","3","0","0","0","0","0","0","0","0","5","0","","02","4","2011","5","40.416125","-79.973168","","11","0","0","0","0","0","1","0","0","","0","0","0","","","0","","1","","40 24:58.050","","0","79 58:23.404","0","0","0","0","2301","0","0","0","N","0","0","0","1","02301","0","","4.0","","1","N","N","","0","","0","0","0","","0","","","4","0","0","0","0","0","0","2","0","3","","","","N","","","","","","","","","",""
"2011040777","","2","0","0","0","0","0","0","0","0","1","0","","02","4","2011","6","40.448579","-79.933747","","11","0","0","0","1","0","0","0","1","1","0","0","0","","","1","","0","","40 26:54.884","4","0","79 56:01.489","8","0","0","0","2301","0","0","0","N","0","0","0","3","02301","0","","1.0","","1","N","N","","0","","0","0","1","","2","N","","3","1","0","0","0","1","0","2","0","3","","","","N","","","","","","","","","",""
"2011040924","","3","0","0","0","0","0","0","0","0","4","0","","02","4","2011","7","40.467239","-79.963967","","11","0","0","0","0","0","0","0","0","","0","0","0","","","0","","0","","40 28:02.062","","7","79 57:50.282","0","0","0","0","2301","0","0","0","N","0","0","0","1","02301","0","","4.0","","1","N","N","","0","","0","0","1","","0","","","4","0","0","0","0","0","0","2","0","4","","","","N","","","","","","","","","",""
"2011039156","","1","0","0","0","0","0","0","0","0","7","0","","02","4","2011","1","40.409231","-79.898096","","11","0","0","0","0","0","0","0","0","1","0","0","0","","","1","","0","","40 24:33.233","6","0","79 53:53.147","4","0","0","0","2448","0","0","0","N","0","0","0","1","02448","1","","2.0","","1","N","N","","0","","0","0","0","","0","N","","1","1","0","0","0","0","0","2","0","1","","","","N","","","","","","","","","",""
"2011040137","","1","0","0","0","0","0","0","0","0","7","0","","02","4","2011","5","","","","11","0","0","0","0","0","0","0","0","","0","0","0","","","0","","7","","","","0","","0","0","0","0","2301","0","0","0","N","0","0","0","1","02301","0","","3.0","","1","N","N","","0","","0","0","0","","0","","","1","0","0","0","0","0","0","1","0","1","","","","N","","","","","","","","","",""
"2011040646","","1","0","0","0","0","0","0","0","0","1","0","","02","4","2011","5","40.356609","-80.11956","","11","0","0","0","0","0","0","0","0","","0","0","0","","","1","","0","","40 21:23.793","","0","80 07:10.417","4","0","0","0","2119","0","0","0","N","0","0","0","2","02119","1","","1.0","","1","N","N","","0","","0","0","0","","0","","","2","1","0","0","0","0","0","2","1","2","","","","N","","","","","","","","","",""
"2011039983","","1","0","0","0","0","0","0","0","0","4","0","","02","4","2011","4","40.445684","-80.03018","","11","0","0","0","0","0","0","0","0","1","0","0","0","","","0","","3","","40 26:44.463","4","0","80 01:48.649","0","0","0","0","2301","0","0","0","N","0","0","0","2","02301","0","","1.0","","1","N","N","","1","","0","0","0","","0","N","","2","0","0","0","0","0","0","2","0","2","","","","N","","","","","","","","","",""
"2011040795","","0","0","0","0","0","0","0","0","0","1","0","","02","4","2011","5","40.367165","-80.186778","","11","0","0","0","0","0","0","0","0","","0","0","0","","","0","","0","","40 22:01.794","","7","80 11:12.400","9","0","0","0","2119","0","0","0","N","0","0","0","2","02119","0","","1.0","","1","N","N","","0","","0","0","2","","0","","","2","0","0","0","0","0","1","1","0","2","","","","N","","","","","","","","","",""
"2011040126","","1","0","0","0","0","0","0","0","0","5","1","","02","4","2011","4","40.425545","-80.019514","","11","0","0","0","0","0","0","0","0","1","0","1","0","","","0","","0","","40 25:31.962","4","0","80 01:10.251","0","0","0","0","2301","0","0","0","N","0","0","0","2","02301","0","","1.0","","9","N","N","","0","","0","0","0","","0","N","","2","0","0","0","0","0","0","2","0","2","","","","N","","","","","","","","","",""
"2011040265","","0","0","0","0","0","0","0","0","0","4","0","","02","3","2011","4","40.563849","-79.990086","","11","0","0","0","0","0","0","0","0","","0","0","0","","","1","","1","","40 33:49.858","","0","79 59:24.311","4","0","0","0","2108","0","0","0","N","0","0","0","3","02108","1","","1.0","","9","N","N","","0","","0","0","1","","3","","","2","1","0","0","0","0","0","2","1","2","","","","N","","","","","","","","","",""
"2011041230","","2","0","0","0","0","0","0","0","0","1","0","","02","4","2011","6","40.577695","-79.865768","","11","0","0","0","0","0","1","0","0","2","0","0","0","","","1","","0","","40 34:39.703","3","0","79 51:56.764","4","0","0","0","2209","0","0","0","N","0","0","0","2","02209","1","","1.0","","1","N","N","","0","","0","0","0","","0","N","","2","1","0","0","0","0","0","1","0","2","","","","N","","","","","","","","","",""
"2011039509","","1","0","0","0","0","0","0","0","0","99","0","","02","3","2011","4","40.368214","-80.035736","","11","0","0","0","0","0","1","0","0","","0","0","0","","","0","","0","","40 22:05.570","","0","80 02:08.649","0","0","0","0","2416","0","0","0","N","0","0","0","1","02416","0","","1.0","","9","N","N","","0","","0","0","0","","0","","","1","0","0","0","0","0","0","2","0","1","","","","N","","","","","","","","","",""
"2011040267","","1","0","0","0","0","0","0","0","0","4","0","","02","4","2011","7","40.55704","-80.018388","","11","0","0","0","0","0","1","0","1","2","0","0","0","","","1","","0","","40 33:25.345","6","7","80 01:06.198","4","0","0","0","2108","0","0","0","N","0","0","0","3","02108","1","","1.0","","1","N","N","","0","","0","0","0","","2","N","","2","1","0","0","0","0","0","2","1","2","","","","N","","","","","","","","","",""
"2011038900","","2","0","0","0","0","0","0","0","0","4","0","","02","4","2011","6","40.435548","-79.998688","","11","0","0","0","0","0","0","0","0","","0","0","0","","","0","","0","","40 26:07.974","","0","79 59:55.277","0","0","0","0","2301","0","0","0","N","0","0","0","3","68B03","0","","1.0","","9","N","N","","0","","0","0","0","","0","","","2","0","0","0","0","0","0","2","0","2","","","","N","","","","","","","","","",""
"2011039510","","1","0","0","0","0","0","0","0","0","1","0","","02","4","2011","7","40.365136","-80.023826","","11","0","0","0","0","0","2","0","0","","0","0","0","","","1","","2","","40 21:54.491","","0","80 01:25.772","8","0","0","0","2416","0","0","0","N","0","0","0","2","02416","0","","1.0","","1","N","N","","0","","0","0","1","","0","","","2","1","0","0","0","1","0","2","0","2","","","","N","","","","","","","","","",""
"2011038901","","3","0","0","0","0","0","0","0","0","1","0","","02","4","2011","6","40.442399","-79.992162","","11","0","0","0","0","0","1","0","0","1","0","0","0","","","4","","0","","40 26:32.636","2","0","79 59:31.782","8","0","0","0","2301","0","0","0","N","0","0","0","8","68B03","0","","1.0","","9","N","N","","0","","0","0","0","","0","N","","3","4","1","0","0","4","0","2","0","3","","","","N","","","","","","","","","",""
"2011043545","","1","0","0","0","0","0","1","0","0","1","1","","02","4","2011","2","40.407476","-79.824004","","11","0","0","0","0","0","0","0","0","","0","0","0","","","0","","2","","40 24:26.913","","0","79 49:26.414","0","0","0","0","2467","0","0","0","N","0","0","0","4","02503","0","","1.0","","1","N","N","","0","","0","0","0","","3","","","2","0","0","0","0","0","0","2","0","2","","","","N","","","","","","","","","",""
"2011039511","","0","0","0","0","0","0","0","0","0","5","0","","02","4","2011","1","40.366614","-80.014504","","11","0","0","0","0","0","0","1","1","","0","0","0","","","0","","2","","40 21:59.810","","0","80 00:52.214","0","0","0","0","2416","0","0","0","N","0","0","0","2","02416","0","","1.0","","1","N","N","","0","","0","0","1","","2","","","2","0","0","0","0","0","0","2","1","2","","","","N","","","","","","","","","",""
"2011041086","","4","0","0","0","0","0","0","0","0","1","0","","02","4","2011","7","40.432329","-79.800734","","11","1","0","0","0","0","1","0","0","1","0","0","0","","","0","","0","","40 25:56.385","3","3","79 48:02.642","0","0","0","0","2446","0","0","0","N","0","0","0","4","02446","0","","1.0","","9","N","N","","0","","0","0","0","","0","N","","4","0","0","0","0","0","0","2","0","4","","","","N","","","","","","","","","",""
"2011041163","","0","0","0","0","0","0","0","0","0","5","0","","02","4","2011","7","40.451709","-79.981622","","11","0","0","0","0","0","0","0","0","","0","0","0","","","1","","1","","40 27:06.152","","0","79 58:53.839","8","0","0","0","2301","0","0","0","N","0","0","0","3","02301","0","","1.0","","9","N","N","","1","","0","0","0","","0","","","2","1","1","0","0","1","0","2","1","2","","","","N","","","","","","","","","",""
"2011039040","","2","0","0","0","0","0","0","0","0","4","0","","02","4","2011","1","40.352757","-79.821461","","11","0","0","0","0","0","2","0","0","","0","0","0","","","2","","1","","40 21:09.924","","0","79 49:17.259","4","0","0","0","2477","0","0","0","N","0","0","0","2","02477","2","","1.0","","1","N","N","","0","","0","0","0","","3","","","2","2","0","0","0","0","0","2","0","2","","","","N","","","","","","","","","",""
"2011038827","","2","0","0","0","0","0","0","0","0","7","0","","02","3","2011","3","40.370676","-79.828684","","11","0","0","1","0","0","0","0","0","","0","0","0","","","0","","3","","40 22:14.434","","0","79 49:43.264","0","0","0","0","2111","0","0","0","N","0","0","0","2","02111","0","","5.0","","1","N","N","","0","","0","0","0","","0","","","2","0","1","0","0","0","0","2","0","2","","","","N","","","","","","","","","",""
"2011041164","","0","0","0","0","0","0","0","0","0","1","0","","02","4","2011","7","40.358325","-80.071858","","11","0","0","0","0","0","1","0","0","","0","0","0","","","0","","3","","40 21:29.970","","0","80 04:18.690","0","0","0","0","2123","0","0","0","N","0","0","0","3","02123","0","","1.0","","9","N","N","","1","","0","0","2","","3","","","3","0","0","0","0","0","0","2","0","3","","","","N","","","","","","","","","",""
"2011041295","","1","0","0","0","0","0","0","0","0","4","0","","02","4","2011","1","40.457246","-79.997838","","11","0","0","0","0","0","0","0","0","2","0","0","0","","","1","","1","","40 27:26.085","3","0","79 59:52.216","8","0","0","0","2301","0","0","0","N","0","0","0","8","02301","0","","1.0","","1","N","N","","0","","0","0","1","","2","Y","","2","1","0","0","0","1","0","2","0","2","","","","N","","","","","","","","","",""
"2011041296","","3","0","0","0","0","0","0","0","0","1","0","","02","4","2011","7","40.409526","-79.954928","","11","0","0","0","0","0","0","0","0","3","0","0","0","","","1","","0","","40 24:34.295","3","0","79 57:17.739","4","0","0","0","2403","0","0","0","N","0","0","0","5","02403","1","","1.0","","9","N","N","","0","","0","0","1","","0","N","","4","1","0","0","0","0","0","2","0","4","","","","N","","","","","","","","","",""
"2011044308","","0","0","0","0","0","0","0","0","0","7","0","","02","4","2011","4","40.393177","-79.934822","","11","0","0","0","0","0","0","0","0","","0","0","0","","","0","","6","","40 23:35.436","","8","79 56:05.359","0","0","0","0","2301","0","0","0","N","0","0","0","1","02301","0","","2.0","","9","N","N","","0","","0","0","0","","0","","","1","0","0","0","0","0","0","2","1","1","","","","N","","","","","","","","","",""
"2011040489","","1","0","0","0","0","0","0","0","0","2","0","","02","4","2011","5","40.394396","-79.997265","","11","0","0","0","0","0","1","0","0","1","0","0","0","","","2","","2","","40 23:39.824","1","0","79 59:50.155","8","0","0","0","2301","0","0","0","N","0","0","0","3","02301","0","","1.0","","1","N","N","","0","","0","0","0","","2","N","","2","2","0","0","0","2","0","2","1","2","","","","N","","","","","","","","","",""
"2011040362","","2","0","0","0","0","0","0","0","0","5","0","","02","4","2011","4","40.499231","-80.063466","","11","0","0","0","0","0","0","0","0","","0","0","0","","","0","","0","","40 29:57.231","","0","80 03:48.477","0","0","0","0","2402","0","0","0","N","0","0","0","1","02402","0","","6.0","","9","N","N","","0","","0","0","0","","0","","","2","0","0","0","0","0","0","2","0","2","","","","N","","","","","","","","","",""
"2011043551","","2","0","0","0","0","0","0","0","0","4","0","","02","4","2011","2","40.458145","-79.908464","","11","0","0","0","0","0","0","0","0","","0","0","0","","","0","","2","","40 27:29.322","","0","79 54:30.472","9","0","0","0","2301","0","0","0","N","0","0","0","3","02301","0","","1.0","","1","N","N","","0","","0","0","0","","0","","","2","0","1","0","0","0","1","2","0","2","","","","N","","","","","","","","","",""
"2011044312","","0","0","0","0","0","0","0","0","0","4","0","","02","4","2011","3","40.520823","-80.025258","","11","0","0","1","0","0","0","0","0","1","0","0","0","","","2","","1","","40 31:14.962","4","0","80 01:30.930","4","0","0","0","2474","0","0","0","N","0","0","0","3","02474","2","","1.0","","1","N","N","","1","","0","0","1","","2","Y","","2","2","0","0","0","0","0","2","0","2","","","","N","","","","","","","","","",""
"2011041013","","2","0","0","0","0","0","0","0","0","4","0","","02","4","2011","7","40.489661","-80.018379","","11","0","0","0","0","0","2","0","0","1","0","0","0","","","0","","5","","40 29:22.778","1","0","80 01:06.165","0","0","0","0","2301","0","0","0","N","0","0","0","2","02301","0","","1.0","","9","N","N","","0","","0","0","0","","2","N","","2","0","1","0","0","0","0","2","0","2","","","","N","","","","","","","","","",""
"2011041014","","2","0","0","0","0","0","0","0","0","4","0","","02","4","2011","7","40.449819","-79.929656","","11","0","0","0","0","0","0","0","0","","0","0","0","","","2","","2","","40 26:59.348","","0","79 55:46.761","4","0","0","0","2301","0","0","0","N","0","0","0","2","02301","2","","1.0","","9","N","N","","0","","0","0","0","","2","","","2","2","0","0","0","0","0","2","0","2","","","","N","","","","","","","","","",""
"2011041170","","2","0","0","0","0","0","0","0","0","5","0","","02","4","2011","4","40.422978","-80.049829","","11","0","0","0","0","0","0","0","0","","0","0","0","","","0","","0","","40 25:22.721","","0","80 02:59.383","0","0","0","0","2301","0","0","0","N","0","0","0","2","02301","0","","1.0","","1","N","N","","0","","0","0","0","","0","","","2","0","0","0","0","0","0","2","0","2","","","","N","","","","","","","","","",""
"2011041095","","2","0","0","0","0","0","0","0","0","2","0","","02","4","2011","7","40.333537","-80.133396","","11","0","0","0","0","1","0","0","0","","0","0","0","","","0","","2","","40 20:00.732","","0","80 08:00.226","0","0","0","0","2119","0","0","0","N","0","0","0","3","02119","0","","1.0","","9","N","N","","0","","0","0","0","","0","","","2","0","0","0","0","0","0","2","0","2","","","","N","","","","","","","","","",""
"2011041159","","1","0","0","0","0","0","0","0","0","1","0","","02","4","2011","5","40.197863","-79.886257","","11","0","0","0","1","0","0","0","0","2","0","0","0","","","1","","0","","40 11:52.308","3","0","79 53:10.524","4","0","0","0","2204","0","0","0","N","0","0","0","3","02204","1","","1.0","","1","N","N","","0","","0","0","0","","0","N","","2","1","3","0","0","0","0","2","1","2","","","","N","","","","","","","","","",""
"2011039470","","0","0","0","0","0","0","0","0","0","7","0","","02","4","2011","2","40.198889","-79.883321","","11","0","0","0","0","0","0","0","0","1","0","0","0","","","0","","0","","40 11:56.001","5","0","79 52:59.955","0","0","0","0","2204","0","0","0","N","0","0","0","1","02204","0","","2.0","","9","N","N","","0","","0","0","1","","0","Y","","1","0","0","0","0","0","0","1","0","1","","","","N","","","","","","","","","",""
"2011039598","","1","0","0","0","0","0","0","0","0","5","1","","02","4","2011","2","40.49039","-79.869753","","11","0","0","0","0","0","2","0","0","","0","1","0","","","0","","0","","40 29:25.404","","0","79 52:11.111","0","0","0","0","2112","0","0","0","N","0","0","0","2","02112","0","","1.0","","1","N","N","","0","","0","0","0","","0","","","2","0","0","0","0","0","0","2","0","2","","","","N","","","","","","","","","",""