"CRN","ARRIVAL_TM","AUTOMOBILE_COUNT","BELTED_DEATH_COUNT","BELTED_SUSP_SERIOUS_INJ_COUNT","BICYCLE_COUNT","BICYCLE_DEATH_COUNT","BICYCLE_SUSP_SERIOUS_INJ_COUNT","BUS_COUNT","CHLDPAS_DEATH_COUNT","CHLDPAS_SUSP_SERIOUS_INJ_COUNT","COLLISION_TYPE","COMM_VEH_COUNT","CONS_ZONE_SPD_LIM","COUNTY","CRASH_MONTH","CRASH_YEAR","DAY_OF_WEEK","DEC_LATITUDE","DEC_LONGITUDE","DISPATCH_TM","DISTRICT","DRIVER_COUNT_16YR","DRIVER_COUNT_17YR","DRIVER_COUNT_18YR","DRIVER_COUNT_19YR","DRIVER_COUNT_20YR","DRIVER_COUNT_50_64YR","DRIVER_COUNT_65_74YR","DRIVER_COUNT_75PLUS","EST_HRS_CLOSED","FATAL_COUNT","HEAVY_TRUCK_COUNT","HORSE_BUGGY_COUNT","HOUR_OF_DAY","ILLUMINATION","INJURY_COUNT","INTERSECTION_RELATED","INTERSECT_TYPE","LANE_CLOSED","LATITUDE","LN_CLOSE_DIR","LOCATION_TYPE","LONGITUDE","MAX_SEVERITY_LEVEL","MCYCLE_DEATH_COUNT","MCYCLE_SUSP_SERIOUS_INJ_COUNT","MOTORCYCLE_COUNT","MUNICIPALITY","NONMOTR_COUNT","NONMOTR_DEATH_COUNT","NONMOTR_SUSP_SERIOUS_INJ_COUNT","NTFY_HIWY_MAINT","PED_COUNT","PED_DEATH_COUNT","PED_SUSP_SERIOUS_INJ_COUNT","PERSON_COUNT","POLICE_AGCY","POSSIBLE_INJ_COUNT","RDWY_SURF_TYPE_CD","RELATION_TO_ROAD","ROADWAY_CLEARED","ROAD_CONDITION","SCH_BUS_IND","SCH_ZONE_IND","SECONDARY_CRASH","SMALL_TRUCK_COUNT","SPEC_JURIS_CD","SUSP_MINOR_INJ_COUNT","SUSP_SERIOUS_INJ_COUNT","SUV_COUNT","TCD_FUNC_CD","TCD_TYPE","TFC_DETOUR_IND","TIME_OF_DAY","TOTAL_UNITS","TOT_INJ_COUNT","UNBELTED_OCC_COUNT","UNB_DEATH_COUNT","UNB_SUSP_SERIOUS_INJ_COUNT","UNK_INJ_DEG_COUNT","UNK_INJ_PER_COUNT","URBAN_RURAL","VAN_COUNT","VEHICLE_COUNT","WEATHER1","WEATHER2","WORKERS_PRES","WORK_ZONE_IND","WORK_ZONE_LOC","WORK_ZONE_TYPE","WZ_CLOSE_DETOUR","WZ_FLAGGER","WZ_LAW_OFFCR_IND","WZ_LN_CLOSURE","WZ_MOVING","WZ_OTHER","WZ_SHLDER_MDN","WZ_WORKERS_INJ_KILLED"
"2011043995","","2","0","0","0","0","0","0","0","0","1","0","","02","4","2011","7","40.362366","-79.931995","","11","0","0","0","0","0","0","0","0","","0","0","0","","","0","","2","","40 21:44.516","","0","79 55:55.181","0","0","0","0","2473","0","0","0","N","0","0","0","3","02473","0","","1.0","","1","N","N","","0","","0","0","0","","2","","","2","0","0","0","0","0","0","2","0","2","","","","N","","","","","","","","","",""
"2011042527","","0","0","0","0","0","0","0","0","0","1","0","","02","4","2011","4","40.356559","-80.119451","","11","0","0","0","0","0","1","0","0","","0","0","0","","","3","","0","","40 21:23.614","","1","80 07:10.025","4","0","0","0","2119","0","0","0","N","0","0","0","4","02119","3","","1.0","","1","N","N","","0","","0","0","2","","2","","","2","3","0","0","0","0","0","2","0","2","","","","N","","","","","","","","","",""
"2011042664","","1","0","0","0","0","0","0","0","0","7","0","","02","4","2011","3","40.406172","-80.107544","","11","0","0","0","0","0","0","0","0","","0","0","0","","","0","","0","","40 24:22.220","","0","80 06:27.159","0","0","0","0","2102","0","0","0","N","0","0","0","1","68B03","0","","3.0","","9","N","N","","0","","0","0","0","","0","","","1","0","0","0","0","0","0","2","0","1","","","","N","","","","","","","","","",""
"2011043407","","2","0","0","0","0","0","0","0","0","4","0","","02","4","2011","2","40.439164","-79.960261","","11","0","0","0","0","0","0","0","0","","0","0","0","","","1","","2","","40 26:20.992","","0","79 57:36.941","8","0","0","0","2301","0","0","0","N","0","0","0","4","02301","0","","1.0","","1","N","N","","0","","0","0","0","","0","","","2","1","0","0","0","1","0","2","0","2","","","","N","","","","","","","","","",""
"2011041835","","1","0","0","0","0","0","0","0","0","1","0","","02","4","2011","3","40.363177","-80.046937","","11","0","0","0","0","0","0","0","0","2","0","0","0","","","0","","2","","40 21:47.436","2","0","80 02:48.972","0","0","0","0","2109","0","0","0","N","0","0","0","4","02109","0","","1.0","","9","N","N","","0","","0","0","1","","2","N","","2","0","0","0","0","0","0","2","0","2","","","","N","","","","","","","","","",""
"2011044218","","1","0","0","0","0","0","0","0","0","1","0","","02","4","2011","4","40.401117","-80.063496","","11","0","0","0","0","0","1","0","0","","0","0","0","","","2","","0","","40 24:04.021","","0","80 03:48.584","4","0","0","0","2117","0","0","0","N","0","0","0","2","02117","2","","1.0","","1","N","N","","0","","0","0","0","","0","","","2","2","0","0","0","0","0","2","1","2","","","","N","","","","","","","","","",""
"2011042441","","0","0","0","0","0","0","0","0","0","1","0","","02","4","2011","5","40.437663","-79.97255","","11","0","0","0","0","0","1","0","0","","0","0","0","","","0","","1","","40 26:15.588","","3","79 58:21.180","0","0","0","0","2301","0","0","0","N","0","0","0","3","02301","0","","1.0","","1","N","N","","0","","0","0","2","","2","","","2","0","0","0","0","0","0","2","0","2","","","","N","","","","","","","","","",""
"2011041836","","1","0","0","0","0","0","0","0","0","4","0","","02","4","2011","3","40.311835","-79.940581","","11","0","0","0","0","0","1","0","0","2","0","0","0","","","0","","0","","40 18:42.606","6","0","79 56:26.091","0","0","0","0","2440","0","0","0","N","0","0","0","2","02440","0","","1.0","","9","N","N","","0","","0","0","1","","0","N","","2","0","0","0","0","0","0","2","0","2","","","","N","","","","","","","","","",""
"2011041916","","0","0","0","0","0","0","0","0","0","1","0","","02","3","2011","7","40.444899","-79.851806","","11","0","0","0","0","0","0","1","0","2","0","0","0","","","0","","0","","40 26:41.638","4","0","79 51:06.501","0","0","0","0","2478","0","0","0","N","0","0","0","8","68B03","0","","1.0","","1","N","N","","1","","0","0","3","","0","N","","4","0","0","0","0","0","0","2","0","4","","","","N","","","","","","","","","",""
"2011041977","","1","0","0","0","0","0","0","0","0","7","0","","02","3","2011","3","40.521896","-80.048194","","11","0","0","0","0","0","0","0","1","2","0","0","0","","","1","","2","","40 31:18.826","4","0","80 02:53.498","4","0","0","0","2116","0","0","0","Y","0","0","0","1","02116","1","","5.0","","1","N","N","","0","","0","0","0","","0","N","","1","1","0","0","0","0","0","2","0","1","","","","N","","","","","","","","","",""
"2011042518","","2","0","0","0","0","0","0","0","0","4","0","","02","4","2011","5","40.39786","-80.065759","","11","0","0","0","1","0","0","0","0","1","0","0","0","","","2","","0","","40 23:52.297","2","0","80 03:56.732","4","0","0","0","2117","0","0","0","N","0","0","0","2","02117","2","","1.0","","1","N","N","","0","","0","0","0","","0","N","","2","2","0","0","0","0","0","2","0","2","","","","N","","","","","","","","","",""
"2011041917","","2","0","0","0","0","0","0","0","0","1","0","","02","4","2011","1","40.426999","-79.891591","","11","0","0","0","0","0","0","0","0","","0","0","0","","","0","","0","","40 25:37.196","","0","79 53:29.728","0","0","0","0","2301","0","0","0","N","0","0","0","3","68B03","0","","1.0","","1","N","N","","0","","0","0","0","","0","","","2","0","0","0","0","0","0","2","0","2","","","","N","","","","","","","","","",""
"2011041978","","2","0","0","0","0","0","0","0","0","4","0","","02","4","2011","3","40.49884","-79.963412","","11","0","1","0","0","0","0","0","0","","0","0","0","","","0","","2","","40 29:55.825","","0","79 57:48.283","0","0","0","0","2118","0","0","0","N","0","0","0","4","02118","0","","1.0","","9","N","N","","0","","0","0","0","","3","","","2","0","0","0","0","0","0","2","0","2","","","","N","","","","","","","","","",""
"2011042519","","0","0","0","0","0","0","0","0","0","5","0","","02","4","2011","5","40.456567","-80.029179","","11","0","0","0","0","0","1","0","0","3","0","0","0","","","0","","2","","40 27:23.641","3","1","80 01:45.045","0","0","0","0","2301","0","0","0","N","0","0","0","3","02301","0","","1.0","","1","N","N","","0","","0","0","1","","0","Y","","2","0","2","0","0","0","0","2","1","2","","","","N","","","","","","","","","",""
"2011043260","","1","0","0","0","0","0","0","0","0","7","0","","02","4","2011","3","40.548487","-79.837048","","11","0","0","0","0","0","0","0","0","2","0","0","0","","","0","","0","","40 32:54.553","3","0","79 50:13.373","0","0","0","0","2208","0","0","0","N","0","0","0","1","02208","0","","2.0","","9","N","N","","0","","0","0","0","","0","Y","","1","0","0","0","0","0","0","2","0","1","","","","N","","","","","","","","","",""
"2011043272","","0","0","0","0","0","0","0","0","0","7","0","","02","4","2011","2","40.486154","-80.053721","","11","0","0","0","0","0","0","0","0","","0","0","0","","","0","","0","","40 29:10.154","","0","80 03:13.395","0","0","0","0","2404","0","0","0","N","0","0","0","1","02404","0","","6.0","","1","N","N","","1","","0","0","0","","0","","","1","0","1","0","0","0","0","2","0","1","","","","N","","","","","","","","","",""
"2011044145","","1","0","0","0","0","0","0","0","0","8","0","","02","4","2011","2","40.400764","-79.905696","","11","0","0","0","0","0","0","0","0","","0","0","0","","","1","","2","","40 24:02.750","","0","79 54:20.505","8","0","0","0","2438","1","0","0","N","1","0","0","2","02438","0","","1.0","","9","N","N","","0","","0","0","0","","3","","","2","1","0","0","0","1","0","2","0","1","","","","N","","","","","","","","","",""
"2011041918","","1","0","0","0","0","0","0","0","0","4","0","","02","4","2011","2","40.456659","-80.000113","","11","0","0","0","0","0","0","0","0","","0","0","0","","","0","","1","","40 27:23.972","","0","80 00:00.406","0","0","0","0","2301","0","0","0","N","0","0","0","2","68B03","0","","1.0","","1","N","N","","0","","0","0","0","","3","","","2","0","0","0","0","0","0","2","1","2","","","","N","","","","","","","","","",""
"2011044146","","2","0","0","0","0","0","0","0","0","4","0","","02","4","2011","4","40.347412","-79.832379","","11","0","0","0","0","0","0","0","0","","0","0","0","","","0","","0","","40 20:50.683","","0","79 49:56.564","0","0","0","0","2304","0","0","0","N","0","0","0","3","02304","0","","1.0","","1","N","Y","","0","","0","0","0","","0","","","2","0","0","0","0","0","0","2","0","2","","","","N","","","","","","","","","",""
"2011041919","","1","0","0","0","0","0","0","0","0","7","0","","02","4","2011","4","40.422843","-80.103004","","11","0","0","0","0","0","0","0","0","","0","0","0","","","0","","7","","40 25:22.234","","2","80 06:10.813","0","0","0","0","2115","0","0","0","N","0","0","0","2","68B03","0","","4.0","","1","N","N","","0","","0","0","0","","0","","","1","0","0","0","0","0","0","2","0","1","","","","N","","","","","","","","","",""
"2011042733","","1","0","0","0","0","0","0","0","0","1","0","25","02","4","2011","5","40.40252","-79.917586","","11","0","0","0","0","0","1","1","0","2","0","0","0","","","1","","0","","40 24:09.073","6","0","79 55:03.308","8","0","0","0","2472","0","0","0","N","0","0","0","2","02472","0","","1.0","","1","N","N","","0","","0","0","0","","0","Y","","2","1","0","0","0","1","0","2","1","2","","","Y","Y","2","3","","","Y","Y","","","",""
"2011044147","","1","0","0","0","0","0","0","0","0","7","0","","02","4","2011","3","40.555944","-80.142664","","11","0","0","0","0","0","1","0","0","","0","0","0","","","1","","0","","40 33:21.400","","0","80 08:33.591","3","0","0","0","2459","0","0","0","N","0","0","0","1","02459","0","","5.0","","9","N","N","","0","","1","0","0","","0","","","1","1","0","0","0","0","0","1","0","1","","","","N","","","","","","","","","",""
"2011041920","","1","0","0","0","0","0","0","0","0","7","0","","02","4","2011","7","40.428684","-79.935208","","11","0","0","0","0","0","0","0","0","","0","0","0","","","0","","0","","40 25:43.263","","0","79 56:06.750","0","0","0","0","2301","0","0","0","N","0","0","0","1","68B03","0","","3.0","","1","N","N","","0","","0","0","0","","0","","","1","0","0","0","0","0","0","2","0","1","","","","N","","","","","","","","","",""
"2011043275","","1","0","0","0","0","0","0","0","0","7","0","40","02","4","2011","2","40.464794","-79.979884","","11","0","0","0","0","0","1","0","0","1","0","0","0","","","0","","2","","40 27:53.259","1","0","79 58:47.582","0","0","0","0","2301","0","0","0","Y","0","0","0","1","02301","0","","1.0","","9","N","N","","0","","0","0","0","","1","N","","1","0","0","0","0","0","0","2","0","1","","","N","Y","2","1","","","N","Y","","Y","",""
"2011041921","","2","0","0","0","0","0","0","0","0","1","1","","02","4","2011","7","40.448418","-80.166761","","11","0","0","0","0","0","1","0","0","","0","1","0","","","0","","0","","40 26:54.305","","0","80 10:00.338","0","0","0","0","2115","0","0","0","N","0","0","0","6","68B03","0","","1.0","","1","N","N","","0","","0","0","0","","0","","","3","0","1","0","0","0","0","2","0","3","","","","N","","","","","","","","","",""
"2011041982","","1","0","0","0","0","0","0","0","0","7","0","","02","3","2011","3","40.521782","-80.005197","","11","0","0","0","0","0","0","0","0","","0","0","0","","","0","","10","","40 31:18.414","","0","80 00:18.708","0","0","0","0","2116","0","0","0","N","0","0","0","1","02116","0","","5.0","","1","N","N","","0","","0","0","0","","0","","","1","0","0","0","0","0","0","2","0","1","","","","N","","","","","","","","","",""
"2011042447","","1","0","0","0","0","0","0","0","0","4","0","","02","4","2011","5","40.447425","-79.942471","","11","0","0","0","0","0","1","1","0","","0","0","0","","","0","","1","","40 26:50.730","","0","79 56:32.895","0","0","0","0","2301","0","0","0","N","0","0","0","2","02301","0","","1.0","","1","N","N","","0","","0","0","1","","2","","","2","0","0","0","0","0","0","2","0","2","","","","N","","","","","","","","","",""
"2011043202","","1","0","0","0","0","0","0","0","0","7","0","","02","3","2011","3","40.419382","-80.052276","","11","0","0","0","0","0","1","0","0","1","0","0","0","","","1","","0","","40 25:09.776","4","0","80 03:08.193","4","0","0","0","2435","0","0","0","N","0","0","0","2","68B03","1","","3.0","","9","N","N","","0","","0","0","1","","0","N","","2","1","0","0","0","0","0","2","0","2","","","","N","","","","","","","","","",""
"2011041922","","1","0","0","0","0","0","0","0","0","1","1","","02","4","2011","2","40.417719","-80.055536","","11","0","0","0","0","0","0","0","1","","0","1","0","","","0","","0","","40 25:03.789","","0","80 03:19.930","0","0","0","0","2435","0","0","0","N","0","0","0","2","68B03","0","","1.0","","1","N","N","","0","","0","0","0","","0","","","2","0","0","0","0","0","0","2","0","2","","","","N","","","","","","","","","",""
"2011043203","","1","0","0","0","0","0","0","0","0","5","0","","02","4","2011","7","40.455819","-80.185269","","11","0","0","0","0","0","0","0","0","","0","0","0","","","3","","0","","40 27:20.949","","0","80 11:06.970","4","0","0","0","2214","0","0","0","N","0","0","0","4","68B03","2","","1.0","","1","N","N","","0","","0","0","1","","0","","","2","3","0","0","0","1","0","2","0","2","","","","N","","","","","","","","","",""
"2011044020","","1","0","0","0","0","0","0","0","0","7","0","","02","4","2011","4","40.446178","-79.715651","","11","0","0","0","0","0","0","0","0","1","0","0","0","","","0","","0","","40 26:46.242","7","0","79 42:56.345","0","0","0","0","2446","0","0","0","N","0","0","0","1","02446","0","","5.0","","1","N","N","","0","","0","0","0","","0","Y","","1","0","0","0","0","0","0","2","0","1","","","","N","","","","","","","","","",""
"2011043355","","1","0","0","0","0","0","0","0","0","1","0","","02","4","2011","6","40.34862","-79.938984","","11","0","0","0","0","0","0","0","0","1","0","0","0","","","2","","0","","40 20:55.032","1","0","79 56:20.342","4","0","0","0","2473","0","0","0","N","0","0","0","5","02473","2","","1.0","","9","N","N","","0","","0","0","1","","0","N","","2","2","0","0","0","0","0","2","0","2","","","","N","","","","","","","","","",""
"2011043356","","2","0","0","0","0","0","0","0","0","2","0","","02","4","2011","1","40.272811","-79.872476","","11","0","1","0","0","0","0","0","0","2","0","0","0","","","0","","2","","40 16:22.119","6","0","79 52:20.913","0","0","0","0","2105","0","0","0","N","0","0","0","3","02105","0","","1.0","","1","N","N","","0","","0","0","0","","3","Y","","2","0","0","0","0","0","0","2","0","2","","","","N","","","","","","","","","",""
"2011041986","","1","0","0","0","0","0","0","0","0","8","0","","02","4","2011","3","40.432799","-79.923113","","11","0","0","0","0","0","0","0","0","","0","0","0","","","1","","0","","40 25:58.076","","0","79 55:23.206","4","0","0","0","2301","1","0","0","N","1","0","0","3","02301","1","","6.0","","1","N","N","","0","","0","0","0","","0","","","2","1","0","0","0","0","0","2","0","1","","","","N","","","","","","","","","",""
"2011042453","","0","0","0","0","0","0","0","0","0","7","0","","02","4","2011","5","40.524183","-80.015833","","11","0","0","0","0","0","0","0","0","","0","0","0","","","0","","0","","40 31:27.060","","0","80 00:57.000","0","0","0","0","2116","0","0","0","N","0","0","0","2","02116","0","","2.0","","1","N","N","","0","","0","0","1","","0","","","1","0","0","0","0","0","0","2","0","1","","","","N","","","","","","","","","",""
"2011043281","","1","0","0","0","0","0","0","0","0","7","0","","02","4","2011","2","40.463713","-79.705448","","11","1","0","0","0","0","0","0","0","1","0","0","0","","","2","","2","","40 27:49.365","3","0","79 42:19.614","8","0","0","0","2466","0","0","0","N","0","0","0","2","02466","0","","5.0","","9","N","N","","0","","0","0","0","","0","N","","1","2","0","0","0","2","0","2","0","1","","","","N","","","","","","","","","",""
"2011041848","","2","0","0","0","0","0","0","0","0","6","0","","02","4","2011","3","40.503966","-79.843208","","11","0","0","0","0","0","1","0","0","","0","0","0","","","0","","2","","40 30:14.277","","0","79 50:35.547","0","0","0","0","2468","0","0","0","N","0","0","0","2","02468","0","","1.0","","9","N","N","","0","","0","0","0","","3","","","2","0","0","0","0","0","0","2","0","2","","","","N","","","","","","","","","",""
"2011043421","","1","0","0","0","0","0","0","0","0","7","0","","02","4","2011","6","40.548049","-80.018135","","11","0","0","0","0","0","1","0","0","","0","0","0","","","0","","0","","40 32:52.976","","7","80 01:05.287","0","0","0","0","2116","0","0","0","N","0","0","0","1","02116","0","","4.0","","1","N","N","","0","","0","0","0","","0","","","1","0","0","0","0","0","0","2","0","1","","","","N","","","","","","","","","",""
"2011041987","","0","0","0","0","0","0","0","0","0","7","0","","02","3","2011","3","40.52366","-79.989273","","11","0","0","0","0","0","0","0","0","","0","0","0","","","0","","0","","40 31:25.177","","0","79 59:21.381","0","0","0","0","2116","0","0","0","N","0","0","0","1","02116","0","","5.0","","1","N","N","","0","","0","0","1","","0","","","1","0","0","0","0","0","0","2","0","1","","","","N","","","","","","","","","",""
"2011041915","","0","0","0","0","0","0","0","0","0","5","1","","02","3","2011","2","40.416016","-80.085136","","11","0","0","0","0","0","1","0","0","2","0","1","0","","","0","","0","","40 24:57.657","3","3","80 05:06.489","0","0","0","0","2415","0","0","0","N","0","0","0","4","68B03","0","","1.0","","1","N","N","","0","","0","0","0","","0","N","","2","0","0","0","0","0","0","2","1","2","","","","N","","","","","","","","","",""
"2011042742","","1","0","0","0","0","0","0","0","0","1","0","","02","4","2011","6","40.399474","-80.0003","","11","0","0","0","0","1","0","0","0","1","0","0","0","","","0","","2","","40 23:58.107","2","0","80 00:01.081","0","0","0","0","2301","0","0","0","N","0","0","0","2","02301","0","","1.0","","9","N","N","","0","","0","0","1","","0","N","","2","0","2","0","0","0","0","2","0","2","","","","N","","","","","","","","","",""
"2011042758","","1","0","0","0","0","0","0","0","0","1","0","","02","4","2011","6","40.429936","-80.028684","","11","0","0","0","0","0","0","0","0","","0","0","0","","","0","","3","","40 25:47.769","","2","80 01:43.261","0","0","0","0","2301","0","0","0","N","0","0","0","5","02301","0","","1.0","","9","N","N","","0","","0","0","1","","4","","","2","0","0","0","0","0","0","2","0","2","","","","N","","","","","","","","","",""
"2011041783","","2","0","0","0","0","0","0","0","0","4","0","","02","4","2011","6","40.541767","-79.823047","","11","0","0","0","0","0","2","0","0","","0","0","0","","","1","","0","","40 32:30.360","","5","79 49:22.969","4","0","0","0","2208","0","0","0","N","0","0","0","3","68T02","1","","1.0","","1","N","N","","0","","0","0","0","","0","","","2","1","0","0","0","0","0","2","0","2","","","","N","","","","","","","","","",""
"2011044155","","1","0","0","0","0","0","0","0","0","1","0","","02","4","2011","7","40.513896","-80.030041","","11","0","0","0","0","0","0","0","0","","0","0","0","","","1","","2","","40 30:50.027","","0","80 01:48.149","4","0","0","0","2474","0","0","0","N","0","0","0","2","02474","1","","1.0","","1","N","N","","1","","0","0","0","","2","","","2","1","0","0","0","0","0","2","0","2","","","","N","","","","","","","","","",""
"2011044167","","1","0","0","0","0","0","0","0","0","4","0","","02","4","2011","4","40.526013","-79.842703","","11","0","0","0","0","0","1","0","1","1","0","0","0","","","1","","2","","40 31:33.645","6","0","79 50:33.731","8","0","0","1","2451","0","0","0","N","0","0","0","3","02451","0","","1.0","","1","N","Y","","0","","0","0","0","","1","N","","2","1","0","0","0","1","0","2","0","2","","","","N","","","","","","","","","",""
"2011042759","","1","0","0","0","0","0","0","0","0","1","0","","02","4","2011","6","40.458623","-79.932811","","11","0","0","0","0","0","1","0","0","","0","1","0","","","1","","0","","40 27:31.042","","0","79 55:58.118","8","0","0","0","2301","0","0","0","N","0","0","0","3","02301","0","","1.0","","9","N","N","","0","","0","0","1","","0","","","3","1","0","0","0","1","0","2","0","3","","","","N","","","","","","","","","",""
"2011044168","","1","0","0","0","0","0","0","0","0","4","0","","02","4","2011","4","40.456419","-79.998646","","11","0","0","0","0","0","0","0","0","","0","0","0","","","0","","2","","40 27:23.110","","0","79 59:55.124","0","0","0","0","2301","0","0","0","N","0","0","0","4","02301","0","","1.0","","1","N","N","","0","","0","0","0","","2","","","2","0","0","0","0","0","0","2","0","2","","","","N","","","","","","","","","",""
"2011043424","","1","0","0","0","0","0","0","0","0","4","0","","02","4","2011","1","40.539989","-80.057755","","11","0","0","0","0","0","0","1","0","1","0","0","0","","","1","","0","","40 32:23.960","4","0","80 03:27.919","4","0","0","0","2116","0","0","0","N","0","0","0","2","02116","1","","1.0","","1","N","N","","1","","0","0","0","","0","N","","2","1","0","0","0","0","0","2","0","2","","","","N","","","","","","","","","",""
"2011042746","","2","0","0","0","0","0","0","0","0","4","0","","02","4","2011","6","40.378435","-79.990799","","11","0","0","0","0","0","0","0","0","2","0","0","0","","","0","","0","","40 22:42.365","5","0","79 59:26.876","0","0","0","0","2476","0","0","0","N","0","0","0","4","02476","0","","1.0","","9","N","N","","0","","0","0","0","","0","N","","2","0","0","0","0","0","0","2","0","2","","","","N","","","","","","","","","",""
"2011042761","","0","0","0","0","0","0","0","0","0","4","0","","02","4","2011","6","40.558166","-79.771724","","11","0","0","0","0","0","0","0","1","1","0","0","0","","","1","","0","","40 33:29.396","5","0","79 46:18.207","4","0","0","0","2121","0","0","0","N","0","0","0","4","02121","1","","1.0","","1","N","N","","1","","0","0","1","","0","N","","3","1","2","0","0","0","0","1","1","3","","","","N","","","","","","","","","",""
"2011042473","","0","0","0","0","0","0","0","0","0","7","0","","02","4","2011","5","40.46804","-79.79166","","11","0","0","0","0","0","0","0","0","2","0","0","0","","","0","","0","","40 28:04.944","1","0","79 47:29.975","0","0","0","0","2113","0","0","0","N","0","0","0","2","02113","0","","5.0","","1","N","N","","0","","0","0","1","","0","N","","1","0","0","0","0","0","0","2","0","1","","","","N","","","","","","","","","",""
"2011042748","","2","0","0","0","0","0","0","0","0","4","0","","02","4","2011","6","40.495756","-80.066879","","11","0","0","1","0","0","1","0","0","","0","0","0","","","1","","2","","40 29:44.722","","0","80 04:00.764","4","0","0","0","2402","0","0","0","N","0","0","0","3","02402","1","","1.0","","1","N","N","","0","","0","0","0","","2","","","2","1","2","0","0","0","0","2","0","2","","","","N","","","","","","","","","",""
"2011042609","","0","0","0","0","0","0","0","0","0","7","0","","02","4","2011","5","40.481465","-79.806537","","11","0","0","0","0","0","0","1","0","1","0","0","0","","","1","","0","","40 28:53.273","6","0","79 48:23.534","2","0","1","1","2113","0","0","0","N","0","0","0","1","02113","0","","2.0","","1","N","N","","0","","0","1","0","","0","N","","1","1","0","0","0","0","0","2","0","1","","","","N","","","","","","","","","",""
"2011041871","","2","0","0","0","0","0","0","0","0","1","0","","02","4","2011","3","40.4215","-80.051429","","11","0","0","0","0","0","1","0","0","1","0","0","0","","","0","","0","","40 25:17.401","4","0","80 03:05.145","0","0","0","0","2435","0","0","0","N","0","0","0","3","02435","0","","1.0","","9","N","N","","0","","0","0","0","","0","N","","2","0","0","0","0","0","0","2","0","2","","","","N","","","","","","","","","",""
"2011042749","","2","0","0","0","0","0","0","0","0","4","0","","02","4","2011","6","40.305275","-79.892568","","11","0","0","0","0","0","1","0","0","1","0","0","0","","","2","","1","","40 18:18.990","7","0","79 53:33.243","8","0","0","0","2302","0","0","0","N","0","0","0","2","02302","0","","1.0","","9","N","N","","0","","0","0","0","","3","Y","","2","2","0","0","0","2","0","2","0","2","","","","N","","","","","","","","","",""
"2011044031","","1","0","0","0","0","0","0","0","0","7","0","","02","4","2011","1","40.53817","-80.079351","","11","0","0","0","0","0","1","0","0","","0","0","0","","","0","","0","","40 32:17.412","","0","80 04:45.662","0","0","0","0","2215","0","0","0","N","0","0","0","3","68B03","0","","4.0","","9","N","N","","0","","0","0","0","","0","","","1","0","0","0","0","0","0","2","0","1","","","","N","","","","","","","","","",""
"2011041789","","2","0","0","0","0","0","0","0","0","7","0","","02","4","2011","1","40.429174","-79.999231","","11","0","0","0","0","0","0","0","0","1","0","0","0","","","0","","10","","40 25:45.028","2","4","79 59:57.233","0","0","0","0","2301","0","0","0","N","0","0","0","4","02301","0","","4.0","","1","N","N","","0","","0","0","0","","0","N","","2","0","0","0","0","0","0","2","0","2","","","","N","","","","","","","","","",""
"2011042765","","2","0","0","0","0","0","0","0","0","4","0","","02","4","2011","6","40.447287","-79.944189","","11","0","0","0","0","0","0","0","0","","0","0","0","","","1","","2","","40 26:50.233","","0","79 56:39.080","4","0","0","0","2301","0","0","0","N","0","0","0","2","02301","1","","1.0","","9","N","N","","0","","0","0","0","","3","","","2","1","0","0","0","0","0","2","0","2","","","","N","","","","","","","","","",""
"2011044032","","1","0","0","0","0","0","0","0","0","1","0","","02","4","2011","3","40.502833","-80.136546","","11","0","0","1","0","0","0","0","0","1","0","0","0","","","0","","6","","40 30:10.200","1","2","80 08:11.565","0","0","0","0","2115","0","0","0","N","0","0","0","2","68B03","0","","1.0","","1","N","N","","0","","0","0","0","","4","N","","2","0","0","0","0","0","0","2","1","2","","","","N","","","","","","","","","",""
"2011028530","","0","0","0","0","0","0","0","0","0","7","0","","02","3","2011","1","40.464871","-79.853252","","11","0","0","0","0","0","0","0","0","","0","0","0","","","0","","2","","40 27:53.536","","0","79 51:11.706","0","0","0","0","2113","0","0","0","N","0","0","0","1","02113","0","","5.0","","7","N","N","","0","","0","0","1","","3","","","1","0","0","0","0","0","0","2","0","1","","","","N","","","","","","","","","",""
"2011043229","","0","0","0","0","0","0","0","0","0","7","0","","02","4","2011","1","40.455437","-80.248182","","11","0","0","0","0","0","0","0","0","","0","0","0","","","1","","1","","40 27:19.573","","0","80 14:53.455","8","0","0","0","2203","0","0","0","N","0","0","0","2","02203","0","","5.0","","1","N","N","","0","","0","0","1","","0","","","1","1","0","0","0","1","0","2","0","1","","","","N","","","","","","","","","",""
"2011041874","","1","0","0","0","0","0","0","0","0","1","0","","02","4","2011","3","40.382832","-80.010272","","11","0","0","0","0","0","2","0","0","","0","0","0","","","0","","2","","40 22:58.195","","0","80 00:36.979","0","0","0","0","2301","0","0","0","N","0","0","0","3","02301","0","","1.0","","9","N","N","","0","","0","0","1","","0","","","2","0","1","0","0","0","0","2","0","2","","","","N","","","","","","","","","",""
"2011042753","","2","0","0","0","0","0","0","0","0","4","0","","02","4","2011","3","40.530577","-80.009757","","11","0","0","0","0","0","1","0","0","1","0","0","0","","","2","","1","","40 31:50.078","3","0","80 00:35.126","4","0","0","0","2116","0","0","0","N","0","0","0","2","02116","2","","1.0","","9","N","N","","0","","0","0","0","","0","N","","2","2","0","0","0","0","0","2","0","2","","","","N","","","","","","","","","",""