"CRN","ARRIVAL_TM","AUTOMOBILE_COUNT","BELTED_DEATH_COUNT","BELTED_SUSP_SERIOUS_INJ_COUNT","BICYCLE_COUNT","BICYCLE_DEATH_COUNT","BICYCLE_SUSP_SERIOUS_INJ_COUNT","BUS_COUNT","CHLDPAS_DEATH_COUNT","CHLDPAS_SUSP_SERIOUS_INJ_COUNT","COLLISION_TYPE","COMM_VEH_COUNT","CONS_ZONE_SPD_LIM","COUNTY","CRASH_MONTH","CRASH_YEAR","DAY_OF_WEEK","DEC_LATITUDE","DEC_LONGITUDE","DISPATCH_TM","DISTRICT","DRIVER_COUNT_16YR","DRIVER_COUNT_17YR","DRIVER_COUNT_18YR","DRIVER_COUNT_19YR","DRIVER_COUNT_20YR","DRIVER_COUNT_50_64YR","DRIVER_COUNT_65_74YR","DRIVER_COUNT_75PLUS","EST_HRS_CLOSED","FATAL_COUNT","HEAVY_TRUCK_COUNT","HORSE_BUGGY_COUNT","HOUR_OF_DAY","ILLUMINATION","INJURY_COUNT","INTERSECTION_RELATED","INTERSECT_TYPE","LANE_CLOSED","LATITUDE","LN_CLOSE_DIR","LOCATION_TYPE","LONGITUDE","MAX_SEVERITY_LEVEL","MCYCLE_DEATH_COUNT","MCYCLE_SUSP_SERIOUS_INJ_COUNT","MOTORCYCLE_COUNT","MUNICIPALITY","NONMOTR_COUNT","NONMOTR_DEATH_COUNT","NONMOTR_SUSP_SERIOUS_INJ_COUNT","NTFY_HIWY_MAINT","PED_COUNT","PED_DEATH_COUNT","PED_SUSP_SERIOUS_INJ_COUNT","PERSON_COUNT","POLICE_AGCY","POSSIBLE_INJ_COUNT","RDWY_SURF_TYPE_CD","RELATION_TO_ROAD","ROADWAY_CLEARED","ROAD_CONDITION","SCH_BUS_IND","SCH_ZONE_IND","SECONDARY_CRASH","SMALL_TRUCK_COUNT","SPEC_JURIS_CD","SUSP_MINOR_INJ_COUNT","SUSP_SERIOUS_INJ_COUNT","SUV_COUNT","TCD_FUNC_CD","TCD_TYPE","TFC_DETOUR_IND","TIME_OF_DAY","TOTAL_UNITS","TOT_INJ_COUNT","UNBELTED_OCC_COUNT","UNB_DEATH_COUNT","UNB_SUSP_SERIOUS_INJ_COUNT","UNK_INJ_DEG_COUNT","UNK_INJ_PER_COUNT","URBAN_RURAL","VAN_COUNT","VEHICLE_COUNT","WEATHER1","WEATHER2","WORKERS_PRES","WORK_ZONE_IND","WORK_ZONE_LOC","WORK_ZONE_TYPE","WZ_CLOSE_DETOUR","WZ_FLAGGER","WZ_LAW_OFFCR_IND","WZ_LN_CLOSURE","WZ_MOVING","WZ_OTHER","WZ_SHLDER_MDN","WZ_WORKERS_INJ_KILLED"
"2011044253","","1","0","0","0","0","0","0","0","0","7","0","","02","1","2011","5","40.438979","-80.242952","","11","0","0","0","0","0","1","0","0","1","0","0","0","","","0","","0","","40 26:20.324","3","0","80 14:34.627","0","0","0","0","2214","0","0","0","N","0","0","0","2","68B03","0","","3.0","","7","N","N","","1","","0","0","0","","0","N","","2","0","0","0","0","0","0","2","0","2","","","","N","","","","","","","","","",""
"2011028531","","2","0","0","0","0","0","0","0","0","4","0","","02","3","2011","5","40.438078","-79.994416","","11","0","0","0","0","0","2","0","0","1","0","0","0","","","0","","1","","40 26:17.079","1","1","79 59:39.896","0","0","0","0","2301","0","0","0","N","0","0","0","2","02301","0","","1.0","","9","N","N","","0","","0","0","0","","2","N","","2","0","0","0","0","0","0","2","0","2","","","","N","","","","","","","","","",""
"2011042465","","1","0","0","0","0","0","0","0","0","1","0","25","02","4","2011","5","40.438041","-79.994066","","11","0","0","0","0","0","0","0","0","","0","0","0","","","0","","2","","40 26:16.948","","3","79 59:38.639","0","0","0","0","2301","0","0","0","N","0","0","0","2","02301","0","","1.0","","1","N","N","","1","","0","0","0","","0","","","2","0","0","0","0","0","0","2","0","2","","","Y","Y","1","2","","","N","Y","","","",""
"2011043230","","2","0","0","0","0","0","0","0","0","4","0","","02","4","2011","1","40.430656","-79.751413","","11","0","0","0","0","0","0","0","0","2","0","0","0","","","1","","0","","40 25:50.363","2","0","79 45:05.088","8","0","0","0","2446","0","0","0","N","0","0","0","5","02446","0","","1.0","","1","N","N","","0","","0","0","0","","0","N","","2","1","1","0","0","1","0","2","0","2","","","","N","","","","","","","","","",""
"2011042613","","2","0","0","0","0","0","0","0","0","1","0","","02","4","2011","5","40.542869","-79.727352","","11","0","0","0","0","1","0","0","0","","0","0","0","","","0","","0","","40 32:34.328","","0","79 43:38.468","0","0","0","0","2466","0","0","0","N","0","0","0","3","02466","0","","1.0","","1","N","N","","0","","0","0","0","","0","","","2","0","0","0","0","0","0","1","0","2","","","","N","","","","","","","","","",""
"2011044254","","1","0","0","0","0","0","0","0","0","1","0","","02","1","2011","4","40.434225","-79.996413","","11","0","0","0","0","0","0","0","0","1","0","0","0","","","1","","0","","40 26:03.209","3","2","79 59:47.086","4","0","0","0","2301","0","0","0","N","0","0","0","3","68B03","1","","1.0","","9","N","N","","0","","0","0","1","","0","N","","2","1","0","0","0","0","0","2","0","2","","","","N","","","","","","","","","",""
"2011041876","","1","0","0","0","0","0","0","0","0","7","0","","02","4","2011","3","40.529495","-79.779471","","11","0","0","1","0","0","0","0","0","1","0","0","0","","","0","","0","","40 31:46.181","1","0","79 46:46.096","0","0","0","0","2466","0","0","0","N","0","0","0","1","02466","0","","2.0","","9","N","N","","0","","0","0","0","","0","N","","1","0","0","0","0","0","0","2","0","1","","","","N","","","","","","","","","",""
"2011043434","","4","0","0","0","0","0","0","0","0","1","0","","02","4","2011","2","40.430008","-79.988686","","11","0","0","0","1","0","0","0","0","","0","0","0","","","2","","0","","40 25:48.030","","3","79 59:19.270","8","0","0","0","2301","0","0","0","N","0","0","0","4","02301","0","","1.0","","1","N","N","","0","","0","0","0","","0","","","4","2","0","0","0","2","0","2","0","4","","","","N","","","","","","","","","",""
"2011044255","","1","0","0","0","0","0","0","0","0","4","0","","02","4","2011","3","40.433344","-80.254499","","11","0","0","0","0","0","1","0","0","","0","0","0","","","0","","0","","40 26:00.040","","0","80 15:16.198","9","0","0","0","2214","0","0","0","N","0","0","0","2","68B03","0","","1.0","","1","N","N","","1","","0","0","0","","0","","","2","0","0","0","0","0","1","2","0","2","","","","N","","","","","","","","","",""
"2011043294","","2","0","0","0","0","0","0","0","0","1","0","","02","3","2011","6","40.437485","-80.014023","","11","0","0","0","0","1","0","0","0","1","0","0","0","","","0","","0","","40 26:14.945","4","4","80 00:50.484","0","0","0","0","2301","0","0","0","N","0","0","0","3","68B03","0","","1.0","","9","N","N","","0","","0","0","1","","0","N","","3","0","0","0","0","0","0","2","0","3","","","","N","","","","","","","","","",""
"2011044117","","2","0","0","0","0","0","0","0","0","4","0","","02","4","2011","4","40.437839","-79.998873","","11","0","0","0","0","0","0","0","0","","0","0","0","","","0","","10","","40 26:16.220","","0","79 59:55.942","0","0","0","0","2301","0","0","0","N","0","0","0","2","02301","0","","1.0","","1","N","N","","0","","0","0","0","","3","","","2","0","0","0","0","0","0","2","0","2","","","","N","","","","","","","","","",""
"2011043371","","2","0","0","0","0","0","0","0","0","1","0","","02","4","2011","1","40.435296","-79.946663","","11","0","0","0","0","0","1","0","0","","0","0","0","","","0","","3","","40 26:07.065","","0","79 56:47.986","0","0","0","0","2301","0","0","0","N","0","0","0","6","02301","0","","1.0","","1","N","N","","0","","0","0","0","","4","","","2","0","0","0","0","0","0","2","0","2","","","","N","","","","","","","","","",""
"2011044179","","1","0","0","0","0","0","0","0","0","4","0","","02","4","2011","2","40.494139","-79.962424","","11","0","0","0","0","0","1","0","0","","0","0","0","","","1","","0","","40 29:38.899","","0","79 57:44.725","4","0","0","0","2118","0","0","0","N","0","0","0","3","02118","1","","1.0","","1","N","N","","0","","0","0","1","","0","","","2","1","0","0","0","0","0","2","0","2","","","","N","","","","","","","","","",""
"2011043435","","1","0","0","0","0","0","0","0","0","4","0","","02","4","2011","2","40.437655","-79.770029","","11","0","0","1","0","0","0","1","0","","0","0","0","","","2","","0","","40 26:15.558","","0","79 46:12.104","4","0","0","0","2446","0","0","0","N","0","0","0","2","02446","2","","1.0","","1","N","N","","0","","0","0","0","","3","","","2","2","1","0","0","0","0","2","1","2","","","","N","","","","","","","","","",""
"2011043972","","2","0","0","0","0","0","0","0","0","7","0","","02","4","2011","3","40.431031","-79.882994","","11","0","0","0","0","0","1","0","0","","0","0","0","","","0","","1","","40 25:51.711","","0","79 52:58.778","0","0","0","0","2426","0","0","0","N","0","0","0","1","02426","0","","2.0","","9","N","N","","0","","0","0","0","","0","","","2","0","0","0","0","0","0","2","0","2","","","","N","","","","","","","","","",""
"2011043295","","1","0","0","0","0","0","0","0","0","7","0","","02","4","2011","1","40.422617","-80.101783","","11","0","0","0","0","0","0","0","0","","0","0","0","","","1","","0","","40 25:21.420","","0","80 06:06.420","4","0","0","0","2115","0","0","0","N","0","0","0","1","68B03","1","","4.0","","9","N","N","","0","","0","0","0","","0","","","1","1","0","0","0","0","0","2","0","1","","","","N","","","","","","","","","",""
"2011044104","","1","0","0","0","0","0","0","0","0","4","0","","02","3","2011","7","40.540489","-80.037653","","11","0","0","0","0","0","1","0","0","","0","0","0","","","0","","0","","40 32:25.759","","0","80 02:15.552","9","0","0","0","2116","0","0","0","N","0","0","0","1","02116","0","","1.0","","1","N","N","","0","","0","0","1","","0","","","2","0","0","0","0","0","1","2","0","2","","","","N","","","","","","","","","",""
"2011043372","","1","0","0","0","0","0","0","0","0","1","0","","02","4","2011","6","","","","11","0","0","0","0","0","2","0","0","","0","0","0","","","0","","0","","","","0","","0","0","0","0","2446","0","0","0","N","0","0","0","4","02446","0","","1.0","","1","N","N","","0","","0","0","1","","0","","","3","0","0","0","0","0","0","1","1","3","","","","N","","","","","","","","","",""
"2011042469","","2","0","0","0","0","0","0","0","0","1","0","","02","4","2011","4","40.548498","-80.028104","","11","0","0","0","0","0","0","0","1","1","0","0","0","","","0","","1","","40 32:54.592","3","0","80 01:41.174","0","0","0","0","2116","0","0","0","N","0","0","0","3","02116","0","","1.0","","1","N","N","","0","","0","0","0","","0","N","","2","0","1","0","0","0","0","2","0","2","","","","N","","","","","","","","","",""
"2011043234","","2","0","0","0","0","0","0","0","0","1","0","","02","4","2011","6","40.424816","-79.843844","","11","0","0","0","0","0","1","0","0","2","0","0","0","","","1","","0","","40 25:29.337","3","0","79 50:37.838","4","0","0","0","2431","0","0","0","N","0","0","0","1","02431","1","","1.0","","9","N","N","","0","","0","0","0","","0","N","","2","1","0","0","0","0","0","2","0","2","","","","N","","","","","","","","","",""
"2011042555","","2","0","0","0","0","0","0","0","0","5","0","","02","4","2011","3","40.439711","-80.009739","","11","0","0","1","0","0","1","0","0","1","0","0","0","","","1","","0","","40 26:22.960","1","0","80 00:35.059","4","0","0","0","2301","0","0","0","N","0","0","0","3","68B03","1","","1.0","","9","N","N","","0","","0","0","0","","0","N","","2","1","0","0","0","0","0","2","0","2","","","","N","","","","","","","","","",""
"2011042631","","0","0","0","0","0","0","0","0","0","7","0","","02","4","2011","6","40.448253","-80.008902","","11","0","0","0","0","0","0","0","0","1","0","0","0","","","1","","6","","40 26:53.709","2","2","80 00:32.048","4","0","0","0","2301","0","0","0","N","0","0","0","1","02301","1","","2.0","","1","N","N","","1","","0","0","0","","0","N","","1","1","0","0","0","0","0","2","0","1","","","","N","","","","","","","","","",""
"2011042002","","0","0","0","0","0","0","0","0","0","7","0","","02","4","2011","6","40.443898","-79.778091","","11","0","0","0","0","0","0","0","0","1","0","0","0","","","1","","0","","40 26:38.032","4","1","79 46:41.128","8","0","0","1","2446","0","0","0","N","0","0","0","1","02446","0","","5.0","","1","N","N","","0","","0","0","0","","0","N","","1","1","0","0","0","1","0","2","0","1","","","","N","","","","","","","","","",""
"2011043974","","0","0","0","0","0","0","0","0","0","0","0","","02","4","2011","3","40.22856","-79.855219","","11","0","0","0","0","0","0","0","0","","0","0","0","","","1","","1","","40 13:42.815","","0","79 51:18.787","4","0","0","1","2204","0","0","0","N","0","0","0","1","02204","1","","1.0","","9","N","N","","0","","0","0","0","","0","","","1","1","0","0","0","0","0","2","0","1","","","","N","","","","","","","","","",""
"2011042556","","1","0","0","0","0","0","0","0","0","7","0","","02","4","2011","4","40.430157","-79.881353","","11","0","0","0","0","0","0","0","0","2","0","0","0","","","1","","0","","40 25:48.564","3","0","79 52:52.869","4","0","0","0","2426","0","0","0","N","0","0","0","1","68B03","1","","4.0","","1","N","N","","0","","0","0","0","","0","N","","1","1","0","0","0","0","0","2","0","1","","","","N","","","","","","","","","",""
"2011044106","","2","0","0","0","0","0","0","0","0","4","0","","02","4","2011","3","40.44879","-80.044363","","11","0","0","0","0","0","0","0","0","","0","0","0","","","3","","0","","40 26:55.644","","0","80 02:39.706","4","0","0","0","2301","0","0","0","N","0","0","0","5","02301","1","","1.0","","1","N","N","","0","","0","0","0","","0","","","2","3","0","0","0","2","0","2","0","2","","","","N","","","","","","","","","",""
"2011041880","","2","0","0","0","0","0","0","0","0","6","0","","02","4","2011","3","40.357634","-79.832266","","11","0","0","0","0","0","0","1","0","2","0","0","0","","","0","","0","","40 21:27.481","4","0","79 49:56.157","0","0","0","0","2304","0","0","0","N","0","0","0","2","02304","0","","1.0","","9","N","N","","0","","0","0","0","","0","Y","","2","0","1","0","0","0","0","2","0","2","","","","N","","","","","","","","","",""
"2011042632","","0","0","0","0","0","0","0","0","0","0","0","","02","4","2011","5","40.427503","-79.946876","","11","0","0","0","0","0","1","0","0","","0","0","0","","","0","","2","","40 25:39.010","","0","79 56:48.753","0","0","0","0","2301","0","0","0","N","0","0","0","1","02301","0","","1.0","","1","N","N","","0","","0","0","1","","0","","","1","0","0","0","0","0","0","2","0","1","","","","N","","","","","","","","","",""
"2011043173","","2","0","0","0","0","0","0","0","0","4","0","","02","4","2011","6","40.4592","-79.922055","","11","0","0","0","0","0","1","0","0","","0","0","0","","","0","","1","","40 27:33.120","","0","79 55:19.398","0","0","0","0","2301","0","0","0","N","0","0","0","2","02301","0","","1.0","","9","N","N","","0","","0","0","0","","2","","","2","0","0","0","0","0","0","2","0","2","","","","N","","","","","","","","","",""
"2011043439","","2","0","0","0","0","0","0","0","0","4","0","","02","4","2011","2","40.432291","-79.865057","","11","0","0","0","1","0","0","0","0","1","0","0","0","","","1","","2","","40 25:56.248","3","7","79 51:54.205","3","0","0","0","2431","0","0","0","N","0","0","0","2","02431","0","","1.0","","1","N","N","","0","","1","0","0","","2","N","","2","1","0","0","0","0","0","2","0","2","","","","N","","","","","","","","","",""
"2011041799","","1","0","0","0","0","0","0","0","0","8","0","","02","4","2011","3","40.429174","-79.999231","","11","0","0","0","0","0","0","1","0","","0","0","0","","","1","","2","","40 25:45.028","","0","79 59:57.233","4","0","0","0","2301","1","0","0","N","1","0","0","2","02301","1","","1.0","","9","N","N","","0","","0","0","0","","2","","","2","1","0","0","0","0","0","2","0","1","","","","N","","","","","","","","","",""
"2011041882","","1","0","0","0","0","0","0","0","0","6","0","","02","4","2011","5","40.548666","-80.036979","","11","0","0","0","0","0","1","0","0","","0","0","0","","","0","","1","","40 32:55.197","","0","80 02:13.125","0","0","0","0","2116","0","0","0","N","0","0","0","2","02116","0","","1.0","","1","N","N","","0","","0","0","1","","2","","","2","0","0","0","0","0","0","2","0","2","","","","N","","","","","","","","","",""
"2011044184","","0","0","0","0","0","0","0","0","0","4","0","","02","4","2011","2","40.531486","-79.960212","","11","1","0","0","0","0","0","0","0","","0","0","0","","","0","","2","","40 31:53.349","","0","79 57:36.764","0","0","0","0","2118","0","0","0","N","0","0","0","2","02118","0","","1.0","","1","N","N","","0","","0","0","2","","0","","","2","0","1","0","0","0","0","2","0","2","","","","N","","","","","","","","","",""
"2011028539","","1","0","0","0","0","0","0","0","0","7","0","","02","3","2011","4","40.507528","-79.887441","","11","0","0","0","0","0","1","0","0","","0","0","0","","","0","","0","","40 30:27.100","","0","79 53:14.787","0","0","0","0","2432","0","0","0","N","0","0","0","1","02432","0","","5.0","","9","N","N","","0","","0","0","0","","0","","","1","0","0","0","0","0","0","2","0","1","","","","N","","","","","","","","","",""
"2011042020","","1","0","0","0","0","0","0","0","0","1","0","","02","4","2011","4","40.356058","-79.899435","","11","0","0","0","0","0","0","0","0","","0","0","0","","","1","","3","","40 21:21.810","","0","79 53:57.967","8","0","0","0","2423","0","0","0","N","0","0","0","3","02304","0","","1.0","","9","N","N","","1","","0","0","0","","2","","","2","1","0","0","0","1","0","2","0","2","","","","N","","","","","","","","","",""
"2011044110","","1","0","0","0","0","0","0","0","0","5","1","","02","4","2011","1","40.382986","-79.857411","","11","0","0","0","0","0","1","0","0","","0","0","0","","","0","","1","","40 22:58.749","","0","79 51:26.678","0","0","0","0","2303","0","0","0","N","0","0","0","3","02303","0","","1.0","","1","N","N","","0","","0","0","0","","2","","","2","0","0","0","0","0","0","2","1","2","","","","N","","","","","","","","","",""
"2011044186","","0","0","0","0","0","0","0","0","0","5","0","","02","4","2011","4","40.549719","-79.959331","","11","0","0","0","0","0","0","0","0","2","0","0","0","","","4","","1","","40 32:58.989","2","0","79 57:33.590","8","0","0","0","2118","0","0","0","N","0","0","0","7","02118","0","","1.0","","1","N","N","","0","","0","0","1","","2","N","","2","4","0","0","0","4","0","2","1","2","","","","N","","","","","","","","","",""
"2011042699","","1","0","0","0","0","0","0","0","0","2","0","90","02","4","2011","3","40.61587","-80.055322","","11","0","0","0","0","0","0","0","0","","0","0","0","","","0","","1","","40 36:57.132","","0","80 03:19.160","0","0","0","0","2216","0","0","0","N","0","0","0","3","02505","0","","1.0","","9","N","N","","0","","0","0","1","","2","","","2","0","0","0","0","0","0","2","0","2","","","Y","Y","2","3","","","N","Y","","","Y",""
"2011043177","","2","0","0","0","0","0","0","0","0","4","0","","02","4","2011","6","40.534035","-80.019122","","11","0","0","1","1","0","0","0","1","","0","0","0","","","1","","1","","40 32:02.526","","0","80 01:08.839","4","0","0","0","2116","0","0","0","N","0","0","0","4","02116","1","","1.0","","1","N","N","","0","","0","0","1","","3","","","3","1","0","0","0","0","0","2","0","3","","","","N","","","","","","","","","",""
"2011043240","","2","0","1","0","0","0","0","0","0","4","0","","02","4","2011","1","40.290658","-79.913337","","11","0","0","0","0","0","0","0","1","","0","0","0","","","3","","2","","40 17:26.370","","0","79 54:48.014","2","0","0","0","2440","0","0","0","N","0","0","0","4","02440","1","","1.0","","1","N","N","","0","","0","2","0","","3","","","2","3","1","0","1","0","0","2","0","2","","","","N","","","","","","","","","",""
"2011044126","","0","0","0","0","0","0","1","0","0","4","1","90","02","4","2011","4","40.341843","-79.960966","","11","0","0","0","0","0","0","1","0","","0","0","0","","","1","","1","","40 20:30.634","","0","79 57:39.477","8","0","0","0","2454","0","0","0","N","0","0","0","8","02454","0","","1.0","","1","Y","N","","0","","0","0","0","","3","","","2","1","0","0","0","1","0","2","0","2","","","Y","Y","4","1","","","N","","Y","Y","",""
"2011042637","","1","0","0","0","0","0","0","0","0","4","0","","02","4","2011","1","40.427458","-79.968428","","11","0","0","0","0","1","0","0","0","","0","0","0","","","1","","1","","40 25:38.849","","0","79 58:06.341","8","0","0","0","2301","0","0","0","N","0","0","0","4","02301","0","","1.0","","9","N","N","","1","","0","0","0","","2","","","2","1","0","0","0","1","0","2","0","2","","","","N","","","","","","","","","",""
"2011044187","","2","0","0","0","0","0","0","0","0","2","0","","02","4","2011","4","40.453297","-79.947387","","11","0","0","1","0","0","1","0","0","","0","0","0","","","1","","2","","40 27:11.869","","0","79 56:50.593","4","0","0","0","2301","0","0","0","N","0","0","0","3","02301","1","","1.0","","9","N","N","","0","","0","0","0","","2","","","2","1","1","0","0","0","0","2","0","2","","","","N","","","","","","","","","",""
"2011043443","","1","0","0","0","0","0","0","0","0","4","0","","02","4","2011","5","40.426986","-80.125174","","11","0","0","0","0","0","0","0","0","1","0","0","0","","","1","","1","","40 25:37.149","1","0","80 07:30.626","4","0","0","0","2115","0","0","0","N","0","0","0","2","02115","1","","1.0","","1","N","N","","0","","0","0","1","","2","N","","2","1","0","0","0","0","0","2","0","2","","","","N","","","","","","","","","",""
"2011042638","","5","0","0","0","0","0","0","0","0","5","0","","02","4","2011","5","40.449509","-79.986426","","11","0","0","0","0","0","0","0","0","2","0","0","0","","","0","","0","","40 26:58.232","4","0","79 59:11.133","0","0","0","0","2301","0","0","0","N","0","0","0","1","02301","0","","6.0","","1","N","N","","0","","0","0","0","","0","N","","5","0","0","0","0","0","0","2","0","5","","","","N","","","","","","","","","",""
"2011043444","","1","0","0","1","0","0","0","0","0","8","0","","02","4","2011","4","40.597496","-79.871741","","11","0","0","0","0","0","0","0","0","","0","0","0","","","1","","0","","40 35:50.985","","0","79 52:18.267","4","0","0","0","2209","1","0","0","N","0","0","0","2","02209","1","","2.0","","1","N","N","","0","","0","0","0","","0","","","2","1","0","0","0","0","0","2","0","1","","","","N","","","","","","","","","",""
"2011041887","","2","0","0","0","0","0","0","0","0","1","0","","02","4","2011","3","40.478428","-80.04426","","11","0","0","0","1","0","0","0","0","2","0","0","0","","","1","","0","","40 28:42.339","3","3","80 02:39.335","8","0","0","0","2301","0","0","0","N","0","0","0","2","02301","0","","1.0","","9","N","N","","0","","0","0","0","","0","N","","2","1","0","0","0","1","0","2","0","2","","","","N","","","","","","","","","",""
"2011043445","","2","0","0","0","0","0","0","0","0","6","0","","02","4","2011","5","40.501292","-80.175302","","11","0","0","0","0","0","1","0","0","","0","0","0","","","0","","0","","40 30:04.650","","0","80 10:31.087","0","0","0","0","2213","0","0","0","N","0","0","0","2","02213","0","","1.0","","1","N","Y","","0","","0","0","0","","8","","","2","0","0","0","0","0","0","2","0","2","","","","N","","","","","","","","","",""
"2011041820","","1","0","0","0","0","0","0","0","0","8","0","","02","4","2011","3","40.456009","-79.947616","","11","0","0","0","0","1","0","0","0","","0","0","0","","","1","","1","","40 27:21.634","","0","79 56:51.419","4","0","0","0","2301","1","0","0","N","1","0","0","2","02301","1","","1.0","","9","N","N","","0","","0","0","0","","3","","","2","1","0","0","0","0","0","2","0","1","","","","N","","","","","","","","","",""
"2011041888","","3","0","0","0","0","0","0","0","0","1","0","","02","4","2011","3","40.407221","-80.033929","","11","0","0","0","0","0","2","0","0","","0","0","0","","","1","","0","","40 24:25.997","","0","80 02:02.144","8","0","0","0","2301","0","0","0","N","0","0","0","4","02301","0","","1.0","","9","N","N","","0","","0","0","0","","2","","","3","1","1","0","0","1","0","2","0","3","","","","N","","","","","","","","","",""
"2011042703","","3","0","0","0","0","0","0","0","0","1","0","","02","4","2011","4","40.34837","-79.944808","","11","0","0","0","0","0","0","0","0","2","0","0","0","","","1","","2","","40 20:54.133","4","7","79 56:41.310","8","0","0","0","2473","0","0","0","N","0","0","0","4","02473","0","","1.0","","1","N","N","","0","","0","0","0","","2","N","","3","1","0","0","0","1","0","2","0","3","","","","N","","","","","","","","","",""
"2011043181","","1","0","0","0","0","0","0","0","0","7","0","","02","4","2011","1","40.354934","-79.878867","","11","0","0","0","0","0","0","0","0","2","0","0","0","","","1","","9","","40 21:17.763","7","0","79 52:43.922","8","0","0","0","2473","0","0","0","N","0","0","0","1","02304","0","","2.0","","9","N","N","","0","","0","0","0","","5","Y","","1","1","1","0","0","1","0","2","0","1","","","","N","","","","","","","","","",""
"2011043244","","0","0","0","0","0","0","0","0","0","4","0","","02","4","2011","7","40.530208","-80.017409","","11","0","0","0","0","0","0","0","0","","0","0","0","","","0","","1","","40 31:48.749","","0","80 01:02.673","0","0","0","0","2116","0","0","0","N","0","0","0","5","02116","0","","1.0","","1","N","N","","0","","0","0","2","","3","","","2","0","2","0","0","0","0","2","0","2","","","","N","","","","","","","","","",""
"2011042716","","1","0","0","0","0","0","0","0","0","7","0","","02","4","2011","6","40.503156","-79.919366","","11","0","0","0","0","0","1","0","0","","0","0","0","","","1","","0","","40 30:11.361","","0","79 55:09.717","3","0","0","0","2461","0","0","0","N","0","0","0","1","02461","0","","5.0","","1","N","N","","0","","1","0","0","","0","","","1","1","0","0","0","0","0","2","0","1","","","","N","","","","","","","","","",""
"2011042027","","2","0","0","0","0","0","0","0","0","4","0","","02","4","2011","4","40.339624","-79.853683","","11","0","0","0","0","0","0","0","0","","0","0","0","","","0","","0","","40 20:22.646","","0","79 51:13.258","0","0","0","0","2304","0","0","0","N","0","0","0","0","02304","0","","5.0","","1","N","N","","0","","0","0","0","","0","","","2","0","0","0","0","0","0","2","0","2","","","","N","","","","","","","","","",""
"2011044192","","0","0","0","0","0","0","0","0","0","4","0","","02","4","2011","4","40.650023","-79.799035","","11","0","0","0","0","0","0","1","0","","0","0","0","","","0","","1","","40 39:00.082","","0","79 47:56.527","0","0","0","0","2202","0","0","0","N","0","0","0","2","02202","0","","1.0","","9","N","N","","1","","0","0","1","","3","","","2","0","0","0","0","0","0","1","0","2","","","","N","","","","","","","","","",""
"2011042784","","2","0","0","0","0","0","0","0","0","7","0","","02","4","2011","6","40.464212","-79.986336","","11","0","0","0","0","0","0","0","0","","0","0","0","","","0","","0","","40 27:51.163","","0","79 59:10.809","9","0","0","0","2301","0","0","0","N","0","0","0","2","02301","0","","5.0","","9","N","N","","0","","0","0","0","","0","","","2","0","0","0","0","0","2","2","0","2","","","","N","","","","","","","","","",""
"2011044193","","0","0","0","0","0","0","0","0","0","1","0","","02","4","2011","4","40.421688","-79.997417","","11","0","0","0","0","0","1","0","0","","0","0","0","","","1","","1","","40 25:18.076","","0","79 59:50.701","4","0","0","0","2301","0","0","0","N","0","0","0","3","02301","1","","1.0","","1","N","N","","1","","0","0","1","","2","","","2","1","0","0","0","0","0","2","0","2","","","","N","","","","","","","","","",""
"2011042029","","2","0","0","0","0","0","0","0","0","2","0","","02","4","2011","3","40.427512","-79.974716","","11","0","0","0","0","0","0","0","0","1","0","0","0","","","1","","1","","40 25:39.043","7","0","79 58:28.977","4","0","0","0","2301","0","0","0","N","0","0","0","2","02301","1","","1.0","","9","N","N","","0","","0","0","0","","1","N","","2","1","0","0","0","0","0","2","0","2","","","","N","","","","","","","","","",""
"2011043184","","0","0","0","0","0","0","0","0","0","4","0","","02","4","2011","4","40.613871","-79.948757","","11","0","0","0","0","0","0","0","1","2","0","0","0","","","2","","1","","40 36:49.935","4","0","79 56:55.525","8","0","0","0","2207","0","0","0","N","0","0","0","3","02207","0","","1.0","","1","N","N","","0","","0","0","2","","3","N","","2","2","0","0","0","2","0","2","0","2","","","","N","","","","","","","","","",""
"2011043986","","1","0","0","0","0","0","0","0","0","1","0","","02","4","2011","4","40.438739","-79.752328","","11","0","0","0","0","0","0","0","0","1","0","0","0","","","0","","0","","40 26:19.462","3","1","79 45:08.381","0","0","0","0","2446","0","0","0","N","0","0","0","3","02446","0","","1.0","","1","N","N","","0","","0","0","1","","0","N","","2","0","0","0","0","0","0","2","0","2","","","","N","","","","","","","","","",""
"2011042505","","2","0","0","0","0","0","0","0","0","5","0","","02","4","2011","7","40.541076","-79.802491","","11","0","0","0","0","0","0","0","0","","0","0","0","","","0","","2","","40 32:27.874","","0","79 48:08.969","0","0","0","0","2418","0","0","0","N","0","0","0","8","02418","0","","1.0","","9","N","N","","0","","0","0","0","","0","","","2","0","0","0","0","0","0","2","0","2","","","","N","","","","","","","","","",""
"2011041892","","1","0","0","0","0","0","0","0","0","1","0","","02","4","2011","3","40.448994","-80.106283","","11","0","0","0","0","0","0","0","0","1","0","0","0","","","2","","1","","40 26:56.379","3","0","80 06:22.617","4","0","0","0","2115","0","0","0","N","0","0","0","2","02115","2","","1.0","","9","N","N","","0","","0","0","1","","2","Y","","2","2","1","0","0","0","0","2","0","2","","","","N","","","","","","","","","",""