"CRN","ARRIVAL_TM","AUTOMOBILE_COUNT","BELTED_DEATH_COUNT","BELTED_SUSP_SERIOUS_INJ_COUNT","BICYCLE_COUNT","BICYCLE_DEATH_COUNT","BICYCLE_SUSP_SERIOUS_INJ_COUNT","BUS_COUNT","CHLDPAS_DEATH_COUNT","CHLDPAS_SUSP_SERIOUS_INJ_COUNT","COLLISION_TYPE","COMM_VEH_COUNT","CONS_ZONE_SPD_LIM","COUNTY","CRASH_MONTH","CRASH_YEAR","DAY_OF_WEEK","DEC_LATITUDE","DEC_LONGITUDE","DISPATCH_TM","DISTRICT","DRIVER_COUNT_16YR","DRIVER_COUNT_17YR","DRIVER_COUNT_18YR","DRIVER_COUNT_19YR","DRIVER_COUNT_20YR","DRIVER_COUNT_50_64YR","DRIVER_COUNT_65_74YR","DRIVER_COUNT_75PLUS","EST_HRS_CLOSED","FATAL_COUNT","HEAVY_TRUCK_COUNT","HORSE_BUGGY_COUNT","HOUR_OF_DAY","ILLUMINATION","INJURY_COUNT","INTERSECTION_RELATED","INTERSECT_TYPE","LANE_CLOSED","LATITUDE","LN_CLOSE_DIR","LOCATION_TYPE","LONGITUDE","MAX_SEVERITY_LEVEL","MCYCLE_DEATH_COUNT","MCYCLE_SUSP_SERIOUS_INJ_COUNT","MOTORCYCLE_COUNT","MUNICIPALITY","NONMOTR_COUNT","NONMOTR_DEATH_COUNT","NONMOTR_SUSP_SERIOUS_INJ_COUNT","NTFY_HIWY_MAINT","PED_COUNT","PED_DEATH_COUNT","PED_SUSP_SERIOUS_INJ_COUNT","PERSON_COUNT","POLICE_AGCY","POSSIBLE_INJ_COUNT","RDWY_SURF_TYPE_CD","RELATION_TO_ROAD","ROADWAY_CLEARED","ROAD_CONDITION","SCH_BUS_IND","SCH_ZONE_IND","SECONDARY_CRASH","SMALL_TRUCK_COUNT","SPEC_JURIS_CD","SUSP_MINOR_INJ_COUNT","SUSP_SERIOUS_INJ_COUNT","SUV_COUNT","TCD_FUNC_CD","TCD_TYPE","TFC_DETOUR_IND","TIME_OF_DAY","TOTAL_UNITS","TOT_INJ_COUNT","UNBELTED_OCC_COUNT","UNB_DEATH_COUNT","UNB_SUSP_SERIOUS_INJ_COUNT","UNK_INJ_DEG_COUNT","UNK_INJ_PER_COUNT","URBAN_RURAL","VAN_COUNT","VEHICLE_COUNT","WEATHER1","WEATHER2","WORKERS_PRES","WORK_ZONE_IND","WORK_ZONE_LOC","WORK_ZONE_TYPE","WZ_CLOSE_DETOUR","WZ_FLAGGER","WZ_LAW_OFFCR_IND","WZ_LN_CLOSURE","WZ_MOVING","WZ_OTHER","WZ_SHLDER_MDN","WZ_WORKERS_INJ_KILLED"
"2011027864","","1","0","0","0","0","0","0","0","0","7","0","","02","3","2011","1","40.523949","-80.272792","","11","0","0","0","0","0","0","0","0","","0","0","0","","","0","","0","","40 31:26.215","","0","80 16:22.050","0","0","0","0","2203","0","0","0","Y","0","0","0","1","68B03","0","","3.0","","2","N","N","","0","","0","0","0","","0","","","1","0","0","0","0","0","0","2","0","1","","","","N","","","","","","","","","",""
"2011026634","","1","0","0","0","0","0","0","0","0","7","0","","02","3","2011","6","40.417705","-79.848759","","11","0","0","0","0","0","0","0","0","2","0","0","0","","","1","","1","","40 25:03.738","3","0","79 50:55.534","4","0","0","0","2431","0","0","0","N","0","0","0","1","02431","1","","5.0","","1","N","N","","0","","0","0","0","","2","N","","1","1","0","0","0","0","0","2","0","1","","","","N","","","","","","","","","",""
"2011028574","","2","0","0","0","0","0","0","0","0","2","0","","02","3","2011","5","40.423968","-79.932768","","11","0","0","0","0","0","1","0","0","","0","0","0","","","1","","2","","40 25:26.284","","0","79 55:57.964","3","0","0","0","2301","0","0","0","N","0","0","0","2","02301","0","","1.0","","9","N","N","","0","","1","0","0","","0","","","2","1","0","0","0","0","0","2","0","2","","","","N","","","","","","","","","",""
"2011027865","","2","0","0","0","0","0","0","0","0","1","0","","02","3","2011","1","40.420204","-80.05005","","11","0","0","0","0","0","1","0","0","","0","0","0","","","3","","6","","40 25:12.734","","2","80 03:00.181","4","0","0","0","2435","0","0","0","N","0","0","0","6","68B03","3","","1.0","","9","N","N","","0","","0","0","0","","3","","","2","3","0","0","0","0","0","2","0","2","","","","N","","","","","","","","","",""
"2011027406","","1","0","0","0","0","0","0","0","0","7","0","","02","2","2011","5","40.429548","-79.87555","","11","0","0","0","0","0","0","0","0","2","0","0","0","","","0","","0","","40 25:46.374","3","0","79 52:31.979","0","0","0","0","2426","0","0","0","N","0","0","0","1","68B03","0","","3.0","","1","N","N","","0","","0","0","0","","0","N","","1","0","0","0","0","0","0","2","0","1","","","","N","","","","","","","","","",""
"2011027084","","2","0","0","0","0","0","0","0","0","4","0","35","02","3","2011","1","40.474536","-79.971494","","11","0","0","1","0","0","1","0","0","1","0","0","0","","","2","","2","","40 28:28.330","5","0","79 58:17.378","8","0","0","0","2445","0","0","0","N","0","0","0","4","02445","0","","1.0","","1","N","N","","0","","0","0","0","","0","Y","","2","2","4","0","0","2","0","2","0","2","","","N","Y","2","1","Y","","N","Y","","","Y",""
"2011029461","","0","0","0","0","0","0","0","0","0","8","0","","02","3","2011","6","40.42947","-80.007298","","11","0","0","0","0","0","0","0","0","","0","0","0","","","2","","1","","40 25:46.092","","0","80 00:26.272","4","0","0","0","2301","2","0","0","N","2","0","0","5","02301","2","","1.0","","9","N","N","","0","","0","0","1","","2","","","3","2","0","0","0","0","0","2","0","1","","","","N","","","","","","","","","",""
"2011027407","","3","0","0","0","0","0","0","0","0","1","0","","02","2","2011","3","40.641155","-80.097304","","11","0","0","0","0","0","0","0","0","3","0","0","0","","","0","","0","","40 38:28.157","1","0","80 05:50.296","9","0","0","0","2212","0","0","0","N","0","0","0","4","68B03","0","","1.0","","2","N","N","","0","","0","0","0","","0","N","","4","0","1","0","0","0","1","2","0","4","","","","N","","","","","","","","","",""
"2011028576","","1","0","0","0","0","0","0","0","0","5","0","","02","3","2011","4","40.473554","-79.972133","","11","0","0","0","0","0","0","0","0","","0","0","0","","","0","","0","","40 28:24.794","","0","79 58:19.677","0","0","0","0","2301","0","0","0","N","0","0","0","2","02301","0","","1.0","","9","N","N","","1","","0","0","0","","0","","","2","0","0","0","0","0","0","2","0","2","","","","N","","","","","","","","","",""
"2011029462","","1","0","0","0","0","0","0","0","0","1","0","","02","3","2011","6","40.4359","-79.995204","","11","0","0","0","0","0","0","0","0","","0","1","0","","","0","","2","","40 26:09.241","","1","79 59:42.733","0","0","0","0","2301","0","0","0","N","0","0","0","4","02301","0","","1.0","","9","N","N","","0","","0","0","0","","2","","","2","0","0","0","0","0","0","2","0","2","","","","N","","","","","","","","","",""
"2011028577","","2","0","0","0","0","0","0","0","0","4","0","","02","3","2011","5","40.500278","-79.865577","","11","0","0","0","1","0","0","0","0","","0","0","0","","","0","","1","","40 30:01.000","","0","79 51:56.077","0","0","0","0","2112","0","0","0","N","0","0","0","2","02112","0","","1.0","","9","N","N","","0","","0","0","0","","0","","","2","0","0","0","0","0","0","2","0","2","","","","N","","","","","","","","","",""
"2011029463","","1","0","0","0","0","0","0","0","0","4","0","","02","3","2011","5","40.434178","-79.764747","","11","0","0","0","0","0","1","0","0","1","0","0","0","","","1","","0","","40 26:03.040","3","0","79 45:53.090","8","0","0","0","2446","0","0","0","N","0","0","0","2","02446","0","","1.0","","9","N","N","","0","","0","0","1","","0","N","","2","1","0","0","0","1","0","2","0","2","","","","N","","","","","","","","","",""
"2011027267","","2","0","0","0","0","0","0","0","0","4","0","","02","3","2011","2","40.470747","-79.964845","","11","0","0","0","0","0","0","0","0","","0","0","0","","","0","","0","","40 28:14.689","","7","79 57:53.442","0","0","0","0","2301","0","0","0","","0","0","0","2","02301","0","","1.0","","1","","","","0","","0","0","0","","0","","","2","0","0","0","0","0","0","2","0","2","","","","N","","","","","","","","","",""
"2011028022","","1","0","0","0","0","0","0","0","0","1","0","","02","3","2011","3","40.278445","-79.905137","","11","0","0","0","0","0","0","1","0","","0","0","0","","","1","","0","","40 16:42.403","","0","79 54:18.492","8","0","0","0","2440","0","0","0","N","0","0","0","4","02440","0","","1.0","","1","N","N","","1","","0","0","1","","2","","","3","1","0","0","0","1","0","2","0","3","","","","N","","","","","","","","","",""
"2011028047","","2","0","0","0","0","0","0","0","0","1","0","","02","3","2011","5","","","","11","0","0","0","0","1","0","0","0","","0","0","0","","","1","","0","","","","7","","4","0","0","0","2106","0","0","0","N","0","0","0","2","02106","1","","1.0","","1","N","N","","0","","0","0","0","","0","","","2","1","0","0","0","0","0","1","0","2","","","","N","","","","","","","","","",""
"2011028165","","2","0","0","0","0","0","0","0","0","2","0","","02","3","2011","1","40.36616","-80.106978","","11","0","0","0","0","0","0","0","2","2","0","0","0","","","1","","1","","40 21:58.177","3","0","80 06:25.119","8","0","0","0","2102","0","0","0","N","0","0","0","4","02102","0","","1.0","","1","N","N","","1","","0","0","0","","2","N","","3","1","0","0","0","1","0","2","0","3","","","","N","","","","","","","","","",""
"2011028258","","1","0","0","0","0","0","0","0","0","7","0","","02","3","2011","1","40.337873","-80.036442","","11","0","0","0","0","0","0","0","0","","0","0","0","","","1","","0","","40 20:16.342","","0","80 02:11.191","4","0","0","0","2407","0","0","0","N","0","0","0","4","02407","1","","2.0","","7","N","N","","0","","0","0","0","","0","","","1","1","0","0","0","0","0","2","0","1","","","","N","","","","","","","","","",""
"2011026826","","1","0","0","0","0","0","0","0","0","1","0","","02","2","2011","6","40.407693","-79.909594","","11","0","0","0","0","0","1","0","0","","0","0","0","","","0","","0","","40 24:27.694","","0","79 54:34.540","9","0","0","0","2438","0","0","0","N","0","0","0","2","02438","0","","1.0","","1","N","N","","0","","0","0","1","","0","","","2","0","0","0","0","0","1","2","0","2","","","","N","","","","","","","","","",""
"2011028259","","3","0","0","0","0","0","0","0","0","1","0","","02","3","2011","4","40.337584","-80.01093","","11","0","0","1","0","0","1","0","0","","0","0","0","","","1","","0","","40 20:15.303","","0","80 00:39.348","4","0","0","0","2407","0","0","0","N","0","0","0","3","02407","1","","1.0","","9","N","N","","0","","0","0","0","","0","","","3","1","0","0","0","0","0","2","0","3","","","","N","","","","","","","","","",""
"2011028192","","3","0","0","0","0","0","0","0","0","6","0","","02","3","2011","1","40.424286","-79.986261","","11","0","0","0","0","0","0","0","0","","0","0","0","","","0","","0","","40 25:27.430","","0","79 59:10.538","0","0","0","0","2301","0","0","0","N","0","0","0","2","02301","0","","1.0","","2","N","N","","0","","0","0","0","","0","","","3","0","0","0","0","0","0","2","0","3","","","","N","","","","","","","","","",""
"2011027680","","1","0","0","0","0","0","0","0","0","7","0","","02","3","2011","1","40.656285","-80.079422","","11","0","0","0","0","0","0","0","0","1","0","0","0","","","0","","0","","40 39:22.626","4","0","80 04:45.918","0","0","0","0","2212","0","0","0","N","0","0","0","1","68T02","0","","3.0","","6","N","N","","0","","0","0","0","","0","N","","1","0","0","0","0","0","0","2","0","1","","","","N","","","","","","","","","",""
"2011027595","","0","0","0","0","0","0","0","0","0","1","0","","02","1","2011","5","40.428692","-79.888861","","11","0","0","0","0","0","0","0","0","","0","0","0","","","3","","6","","40 25:43.292","","0","79 53:19.898","3","0","0","0","2426","0","0","0","N","0","0","0","5","68B03","2","","1.0","","1","N","N","","0","","1","0","2","","4","","","2","3","0","0","0","0","0","2","0","2","","","","N","","","","","","","","","",""
"2011027681","","1","0","0","0","0","0","0","0","0","7","0","","02","3","2011","1","40.509849","-79.789898","","11","0","0","0","0","0","0","0","0","2","0","0","0","","","0","","0","","40 30:35.456","3","0","79 47:23.632","0","0","0","0","2466","0","0","0","N","0","0","0","2","68T02","0","","3.0","","6","N","N","","0","","0","0","0","","0","N","","1","0","0","0","0","0","0","2","0","1","","","","N","","","","","","","","","",""
"2011029244","","0","0","0","0","0","0","1","0","0","1","1","","02","3","2011","6","40.454689","-79.880703","","11","0","0","0","0","0","1","1","0","","0","0","0","","","1","","2","","40 27:16.881","","0","79 52:50.531","8","0","0","0","2301","1","0","0","N","1","0","0","3","02503","0","","1.0","","2","N","N","","0","","0","0","0","","3","","","3","1","0","0","0","1","0","2","1","2","","","","N","","","","","","","","","",""
"2011026832","","0","0","0","0","0","0","0","0","0","7","0","","02","2","2011","2","40.404435","-79.912687","","11","0","0","0","0","0","0","0","0","","0","0","0","","","0","","1","","40 24:15.965","","99","79 54:45.673","0","0","0","0","2438","0","0","0","","0","0","0","1","02438","0","","9.0","","7","","","","1","","0","0","0","","0","","","1","0","0","0","0","0","0","2","0","1","","","","N","","","","","","","","","",""
"2011027596","","2","0","0","0","0","0","0","0","0","1","1","","02","3","2011","4","40.439175","-79.861608","","11","0","0","0","0","0","2","0","1","","0","1","0","","","0","","0","","40 26:21.029","","0","79 51:41.787","0","0","0","0","2478","0","0","0","N","0","0","0","4","68B03","0","","1.0","","1","N","N","","0","","0","0","1","","0","","","4","0","0","0","0","0","0","2","0","4","","","","N","","","","","","","","","",""
"2011027682","","1","0","0","0","0","0","0","0","0","7","0","55","02","3","2011","1","40.634469","-79.98949","","11","0","0","0","0","0","0","0","0","1","0","0","0","","","0","","0","","40 38:04.087","3","0","79 59:22.164","0","0","0","0","2217","0","0","0","N","0","0","0","1","68T02","0","","2.0","","1","N","N","","0","","0","0","0","","0","N","","1","0","0","0","0","0","0","1","0","1","","","N","Y","8","1","N","N","N","N","N","Y","N",""
"2011029245","","3","0","0","0","0","0","0","0","0","1","0","","02","3","2011","5","40.477229","-79.784262","","11","0","0","0","0","0","0","1","1","2","0","0","0","","","1","","0","","40 28:38.023","4","7","79 47:03.342","4","0","0","0","2113","0","0","0","N","0","0","0","3","02113","1","","1.0","","9","N","N","","0","","0","0","0","","0","N","","3","1","0","0","0","0","0","2","0","3","","","","N","","","","","","","","","",""
"2011027597","","0","0","0","0","0","0","0","0","0","7","0","","02","3","2011","1","40.521088","-80.064821","","11","0","0","0","1","0","0","0","0","","0","0","0","","","0","","0","","40 31:15.918","","0","80 03:53.357","0","0","0","0","2215","0","0","0","Y","0","0","0","1","68B03","0","","4.0","","2","N","N","","0","","0","0","1","","0","","","1","0","0","0","0","0","0","2","0","1","","","","N","","","","","","","","","",""
"2011027598","","1","0","0","0","0","0","0","0","0","1","0","","02","3","2011","2","40.425886","-79.900939","","11","0","0","0","0","0","0","0","0","","0","0","0","","","2","","0","","40 25:33.188","","0","79 54:03.382","3","0","0","0","2301","0","0","0","N","0","0","0","3","68B03","1","","1.0","","1","N","N","","1","","1","0","0","","0","","","2","2","0","0","0","0","0","2","0","2","","","","N","","","","","","","","","",""
"2011024047","","0","0","0","0","0","0","0","0","0","1","1","","02","2","2011","3","40.381306","-79.817778","","11","0","0","0","0","0","0","0","0","3","0","1","0","","","2","","0","","40 22:52.700","1","0","79 49:04.000","4","0","0","0","2111","0","0","0","N","0","0","0","3","02111","2","","1.0","","1","N","N","","1","","0","0","0","","0","N","","2","2","1","0","0","0","0","2","0","2","","","","N","","","","","","","","","",""
"2011026866","","1","0","0","0","0","0","0","0","0","4","0","","02","3","2011","1","40.37143","-80.080044","","11","0","0","0","0","0","0","0","0","","0","0","0","","","2","","2","","40 22:17.148","","0","80 04:48.158","8","0","0","0","2117","0","0","0","N","0","0","0","3","02117","0","","1.0","","9","N","N","","0","","0","0","1","","0","","","2","2","0","0","0","2","0","2","0","2","","","","N","","","","","","","","","",""
"2011029249","","1","0","0","0","0","0","0","0","0","6","0","","02","3","2011","6","40.458321","-79.842998","","11","0","0","0","0","0","0","0","1","","0","0","0","","","0","","0","","40 27:29.955","","0","79 50:34.791","0","0","0","0","2113","0","0","0","N","0","0","0","2","02113","0","","1.0","","9","N","N","","1","","0","0","0","","0","","","2","0","0","0","0","0","0","2","0","2","","","","N","","","","","","","","","",""
"2011028177","","2","0","0","0","0","0","0","0","0","4","0","","02","3","2011","4","40.480832","-79.822365","","11","0","0","0","0","0","0","1","1","","0","0","0","","","2","","0","","40 28:50.994","","0","79 49:20.513","3","0","0","0","2113","0","0","0","N","0","0","0","2","02113","0","","1.0","","9","N","N","","0","","1","0","0","","0","","","2","2","0","0","0","1","0","2","0","2","","","","N","","","","","","","","","",""
"2011026678","","1","0","0","0","0","0","0","0","0","1","0","","02","3","2011","6","40.325651","-80.08612","","11","1","0","0","0","0","0","0","0","1","0","0","0","","","0","","0","","40 19:32.343","6","0","80 05:10.032","0","0","0","0","2123","0","0","0","N","0","0","0","3","02123","0","","1.0","","9","N","N","","0","","0","0","1","","0","N","","2","0","0","0","0","0","0","2","0","2","","","","N","","","","","","","","","",""
"2011026679","","2","0","0","0","0","0","0","0","0","4","0","","02","3","2011","6","40.433969","-79.883829","","11","0","0","0","0","0","0","0","0","","0","0","0","","","0","","1","","40 26:02.288","","0","79 53:01.784","0","0","0","0","2426","0","0","0","N","0","0","0","3","02426","0","","1.0","","9","N","N","","0","","0","0","0","","3","","","2","0","0","0","0","0","0","2","0","2","","","","N","","","","","","","","","",""
"2011026838","","0","0","0","0","0","0","0","0","0","7","0","","02","3","2011","1","40.449184","-80.023432","","11","0","0","0","0","0","0","0","0","","0","0","0","","","1","","7","","40 26:57.061","","2","80 01:24.355","8","0","0","0","2301","0","0","0","N","0","0","0","1","02301","0","","2.0","","2","N","N","","0","","0","0","1","","0","","","1","1","1","0","0","1","0","2","0","1","","","","N","","","","","","","","","",""
"2011026868","","3","0","0","0","0","0","0","0","0","5","0","","02","3","2011","1","40.323945","-79.892442","","11","0","0","0","0","0","0","0","0","2","0","0","0","","","1","","0","","40 19:26.202","5","0","79 53:32.791","8","0","0","0","2433","0","0","0","N","0","0","0","3","02433","0","","6.0","","9","N","N","","1","","0","0","0","","0","Y","","4","1","1","0","0","1","0","2","0","4","","","","N","","","","","","","","","",""
"2011028381","","1","0","0","0","0","0","0","0","0","8","0","","02","3","2011","4","40.407105","-80.02706","","11","0","0","0","0","0","0","0","0","","0","0","0","","","1","","0","","40 24:25.578","","0","80 01:37.416","4","0","0","0","2301","1","0","0","N","1","0","0","3","02301","1","","1.0","","9","N","N","","0","","0","0","0","","0","","","2","1","0","0","0","0","0","2","0","1","","","","N","","","","","","","","","",""
"2011026839","","1","0","0","0","0","0","0","0","0","7","0","","02","3","2011","1","40.424529","-79.978418","","11","0","0","0","0","1","0","0","0","","0","0","0","","","0","","0","","40 25:28.304","","0","79 58:42.304","0","0","0","0","2301","0","0","0","N","0","0","0","1","02301","0","","2.0","","7","N","N","","0","","0","0","0","","0","","","1","0","0","0","0","0","0","2","0","1","","","","N","","","","","","","","","",""
"2011026869","","1","0","0","0","0","0","0","0","0","0","0","","02","3","2011","1","40.657524","-79.962149","","11","0","0","0","0","0","0","0","0","3","0","0","0","","","0","","0","","40 39:27.088","4","0","79 57:43.737","0","0","0","0","2217","0","0","0","N","0","0","0","1","02505","0","","1.0","","2","N","N","","0","","0","0","0","","0","N","","1","0","0","0","0","0","0","2","0","1","","","","N","","","","","","","","","",""
"2011026840","","1","0","0","0","0","0","0","0","0","7","0","","02","3","2011","1","40.445219","-80.029672","","11","0","0","0","0","0","0","0","0","","0","0","0","","","0","","0","","40 26:42.790","","0","80 01:46.818","0","0","0","0","2301","0","0","0","N","0","0","0","1","02301","0","","4.0","","6","N","N","","0","","0","0","0","","0","","","1","0","0","0","0","0","0","2","0","1","","","","N","","","","","","","","","",""
"2011029254","","2","0","0","0","0","0","0","0","0","4","0","","02","3","2011","6","40.374469","-80.073299","","11","0","0","0","0","0","0","0","1","1","0","0","0","","","0","","1","","40 22:28.088","4","0","80 04:23.876","0","0","0","0","2109","0","0","0","N","0","0","0","2","02109","0","","1.0","","9","N","N","","0","","0","0","0","","2","N","","2","0","0","0","0","0","0","2","0","2","","","","N","","","","","","","","","",""
"2011026751","","0","0","0","0","0","0","0","0","0","4","0","","02","3","2011","7","40.323716","-79.943405","","11","0","0","0","0","0","1","0","0","2","0","0","0","","","6","","0","","40 19:25.378","5","0","79 56:36.259","4","0","0","0","2454","0","0","0","N","0","0","0","9","02454","3","","1.0","","9","N","N","","0","","0","0","2","","0","N","","2","6","0","0","0","3","0","2","0","2","","","","N","","","","","","","","","",""
"2011027527","","1","0","0","0","0","0","0","0","0","7","0","","02","2","2011","3","40.602745","-79.86971","","11","0","0","0","0","0","0","0","0","","0","0","0","","","0","","0","","40 36:09.882","","0","79 52:10.956","0","0","0","0","2220","0","0","0","N","0","0","0","1","02220","0","","5.0","","6","N","N","","0","","0","0","0","","0","","","1","0","0","0","0","0","0","2","0","1","","","","N","","","","","","","","","",""
"2011026941","","1","0","0","0","0","0","0","0","0","7","0","","02","3","2011","5","40.428091","-80.130458","","11","0","0","0","0","0","0","0","0","","0","0","0","","","0","","0","","40 25:41.126","","0","80 07:49.650","0","0","0","0","2102","0","0","0","N","0","0","0","1","68B03","0","","4.0","","1","N","N","","0","","0","0","0","","0","","","1","0","0","0","0","0","0","2","0","1","","","","N","","","","","","","","","",""
"2011029255","","1","0","0","0","0","0","0","0","0","2","0","","02","3","2011","6","40.494992","-80.026011","","11","0","0","0","0","0","1","0","0","1","0","0","0","","","0","","0","","40 29:41.970","3","0","80 01:33.640","0","0","0","0","2301","0","0","0","N","0","0","0","2","02301","0","","1.0","","7","N","N","","1","","0","0","0","","0","Y","","2","0","0","0","0","0","0","2","0","2","","","","N","","","","","","","","","",""
"2011026684","","1","0","0","0","0","0","0","0","0","4","0","","02","3","2011","7","40.460421","-79.842602","","11","0","0","0","0","0","0","0","0","2","0","0","0","","","1","","0","","40 27:37.515","1","0","79 50:33.366","3","0","0","0","2113","0","0","0","N","0","0","0","2","02113","0","","1.0","","9","N","N","","1","","1","0","0","","3","N","","2","1","1","0","0","0","0","2","0","2","","","","N","","","","","","","","","",""
"2011026752","","1","0","0","0","0","0","0","0","0","8","0","","02","3","2011","7","40.448882","-79.893916","","11","0","0","0","0","0","1","0","0","","0","0","0","","","1","","1","","40 26:55.975","","0","79 53:38.097","8","0","0","0","2301","1","0","0","N","1","0","0","2","02301","0","","1.0","","9","N","N","","0","","0","0","0","","2","","","2","1","0","0","0","1","0","2","0","1","","","","N","","","","","","","","","",""
"2011026842","","0","0","0","0","0","0","0","0","0","7","0","","02","3","2011","1","40.44472","-79.973697","","11","0","0","0","0","0","0","0","0","","0","0","0","","","0","","2","","40 26:40.992","","0","79 58:25.309","9","0","0","0","2301","0","0","0","N","0","0","0","1","02301","0","","2.0","","98","N","Y","","0","","0","0","1","","0","","","1","0","0","0","0","0","1","2","0","1","","","","N","","","","","","","","","",""
"2011026942","","2","0","0","0","0","0","0","0","0","5","0","","02","3","2011","6","40.443098","-79.839","","11","0","0","0","0","0","2","0","0","2","0","0","0","","","2","","0","","40 26:35.153","4","0","79 50:20.399","4","0","0","0","2419","0","0","0","N","0","0","0","3","68B03","2","","1.0","","1","N","N","","0","","0","0","1","","0","N","","4","2","0","0","0","0","0","2","0","3","","","","N","","","","","","","","","",""
"2011029256","","2","0","0","0","0","0","0","0","0","4","0","","02","3","2011","6","40.482101","-80.069755","","11","0","0","0","0","0","1","0","0","","0","0","0","","","0","","2","","40 28:55.562","","0","80 04:11.117","0","0","0","0","2122","0","0","0","N","0","0","0","2","02122","0","","1.0","","1","N","N","","0","","0","0","0","","2","","","2","0","1","0","0","0","0","2","0","2","","","","N","","","","","","","","","",""
"2011027708","","0","0","0","0","0","0","0","0","0","0","1","","02","3","2011","2","40.428601","-79.937318","","11","0","0","0","0","0","1","0","0","4","0","1","0","","","1","","6","","40 25:42.965","4","2","79 56:14.344","8","0","0","0","2301","0","0","0","N","0","0","0","1","02301","0","","7.0","","1","N","N","","0","","0","0","0","","4","Y","","1","1","0","0","0","1","0","2","0","1","","","","N","","","","","","","","","",""
"2011026685","","1","0","0","0","0","0","0","0","0","4","0","","02","2","2011","2","40.59812","-79.939476","","11","0","0","0","0","0","1","0","0","","0","0","0","","","0","","0","","40 35:53.232","","0","79 56:22.113","0","0","0","0","2207","0","0","0","N","0","0","0","4","02207","0","","1.0","","7","N","N","","0","","0","0","1","","0","","","2","0","0","0","0","0","0","2","0","2","","","","N","","","","","","","","","",""
"2011027529","","2","0","0","0","0","0","0","0","0","6","0","","02","2","2011","3","40.605133","-79.890492","","11","0","0","0","0","0","1","0","0","3","0","0","0","","","0","","0","","40 36:18.479","6","0","79 53:25.771","0","0","0","0","2220","0","0","0","N","0","0","0","6","02220","0","","1.0","","7","N","N","","0","","0","0","1","","0","Y","","3","0","0","0","0","0","0","1","0","3","","","","N","","","","","","","","","",""
"2011026943","","1","0","0","0","0","0","0","0","0","7","0","","02","3","2011","6","40.441194","-79.825258","","11","0","0","0","0","0","1","0","0","","0","0","0","","","0","","0","","40 26:28.299","","2","79 49:30.930","0","0","0","0","2124","0","0","0","Y","0","0","0","1","68B03","0","","4.0","","1","N","N","","0","","0","0","0","","0","","","1","0","0","0","0","0","0","2","0","1","","","","N","","","","","","","","","",""
"2011026686","","3","0","0","0","0","0","0","0","0","1","0","","02","3","2011","5","40.475582","-79.707342","","11","0","0","1","0","0","1","0","0","","0","0","0","","","0","","1","","40 28:32.094","","0","79 42:26.430","0","0","0","0","2466","0","0","0","N","0","0","0","3","02466","0","","1.0","","1","N","N","","0","","0","0","0","","2","","","3","0","0","0","0","0","0","2","0","3","","","","N","","","","","","","","","",""
"2011026754","","2","0","0","0","0","0","0","0","0","4","0","","02","3","2011","7","40.456468","-79.896671","","11","0","0","0","0","0","1","0","0","","0","0","0","","","2","","1","","40 27:23.286","","0","79 53:48.015","8","0","0","0","2301","0","0","0","N","0","0","0","3","02301","0","","1.0","","9","N","N","","0","","0","0","0","","2","","","2","2","0","0","0","2","0","2","0","2","","","","N","","","","","","","","","",""
"2011028390","","1","0","0","0","0","0","0","0","0","8","0","","02","3","2011","4","40.464758","-79.941125","","11","0","0","0","0","0","1","0","0","1","0","0","0","","","1","","1","","40 27:53.128","6","0","79 56:28.050","8","0","0","0","2301","1","0","0","N","1","0","0","3","02301","0","","1.0","","9","N","N","","0","","0","0","0","","2","Y","","2","1","0","0","0","1","0","2","0","1","","","","N","","","","","","","","","",""
"2011026944","","1","0","0","0","0","0","0","0","0","7","0","","02","3","2011","7","40.489259","-80.26943","","11","0","0","0","0","0","0","0","0","","0","0","0","","","0","","0","","40 29:21.333","","0","80 16:09.948","0","0","0","0","2203","0","0","0","Y","0","0","0","1","68B03","0","","4.0","","9","N","N","","0","","0","0","0","","0","","","1","0","0","0","0","0","0","2","0","1","","","","N","","","","","","","","","",""
"2011026945","","1","0","0","0","0","0","0","0","0","7","0","","02","3","2011","7","40.549836","-80.086525","","11","0","0","0","0","0","0","0","0","","0","0","0","","","0","","0","","40 32:59.408","","0","80 05:11.490","0","0","0","0","2215","0","0","0","N","0","0","0","1","68B03","0","","2.0","","9","N","N","","0","","0","0","0","","0","","","1","0","0","0","0","0","0","2","0","1","","","","N","","","","","","","","","",""
"2011025527","","2","0","0","0","0","0","0","0","0","4","0","","02","3","2011","4","40.450465","-80.175113","","11","0","0","0","0","1","0","0","0","1","0","0","0","","","2","","1","","40 27:01.674","4","2","80 10:30.406","4","0","0","0","2214","0","0","0","N","0","0","0","4","02214","2","","1.0","","1","N","N","","0","","0","0","0","","2","N","","2","2","0","0","0","0","1","2","0","2","","","","N","","","","","","","","","",""
"2011026689","","0","0","0","0","0","0","0","0","0","8","0","","02","3","2011","7","40.44025","-79.994446","","11","0","0","0","0","0","0","0","0","","0","0","0","","","1","","1","","40 26:24.899","","0","79 59:40.005","8","0","0","0","2301","1","0","0","N","1","0","0","2","02301","0","","1.0","","9","N","N","","0","","0","0","0","","2","","","2","1","0","0","0","1","0","2","1","1","","","","N","","","","","","","","","",""