"CRN","ARRIVAL_TM","AUTOMOBILE_COUNT","BELTED_DEATH_COUNT","BELTED_SUSP_SERIOUS_INJ_COUNT","BICYCLE_COUNT","BICYCLE_DEATH_COUNT","BICYCLE_SUSP_SERIOUS_INJ_COUNT","BUS_COUNT","CHLDPAS_DEATH_COUNT","CHLDPAS_SUSP_SERIOUS_INJ_COUNT","COLLISION_TYPE","COMM_VEH_COUNT","CONS_ZONE_SPD_LIM","COUNTY","CRASH_MONTH","CRASH_YEAR","DAY_OF_WEEK","DEC_LATITUDE","DEC_LONGITUDE","DISPATCH_TM","DISTRICT","DRIVER_COUNT_16YR","DRIVER_COUNT_17YR","DRIVER_COUNT_18YR","DRIVER_COUNT_19YR","DRIVER_COUNT_20YR","DRIVER_COUNT_50_64YR","DRIVER_COUNT_65_74YR","DRIVER_COUNT_75PLUS","EST_HRS_CLOSED","FATAL_COUNT","HEAVY_TRUCK_COUNT","HORSE_BUGGY_COUNT","HOUR_OF_DAY","ILLUMINATION","INJURY_COUNT","INTERSECTION_RELATED","INTERSECT_TYPE","LANE_CLOSED","LATITUDE","LN_CLOSE_DIR","LOCATION_TYPE","LONGITUDE","MAX_SEVERITY_LEVEL","MCYCLE_DEATH_COUNT","MCYCLE_SUSP_SERIOUS_INJ_COUNT","MOTORCYCLE_COUNT","MUNICIPALITY","NONMOTR_COUNT","NONMOTR_DEATH_COUNT","NONMOTR_SUSP_SERIOUS_INJ_COUNT","NTFY_HIWY_MAINT","PED_COUNT","PED_DEATH_COUNT","PED_SUSP_SERIOUS_INJ_COUNT","PERSON_COUNT","POLICE_AGCY","POSSIBLE_INJ_COUNT","RDWY_SURF_TYPE_CD","RELATION_TO_ROAD","ROADWAY_CLEARED","ROAD_CONDITION","SCH_BUS_IND","SCH_ZONE_IND","SECONDARY_CRASH","SMALL_TRUCK_COUNT","SPEC_JURIS_CD","SUSP_MINOR_INJ_COUNT","SUSP_SERIOUS_INJ_COUNT","SUV_COUNT","TCD_FUNC_CD","TCD_TYPE","TFC_DETOUR_IND","TIME_OF_DAY","TOTAL_UNITS","TOT_INJ_COUNT","UNBELTED_OCC_COUNT","UNB_DEATH_COUNT","UNB_SUSP_SERIOUS_INJ_COUNT","UNK_INJ_DEG_COUNT","UNK_INJ_PER_COUNT","URBAN_RURAL","VAN_COUNT","VEHICLE_COUNT","WEATHER1","WEATHER2","WORKERS_PRES","WORK_ZONE_IND","WORK_ZONE_LOC","WORK_ZONE_TYPE","WZ_CLOSE_DETOUR","WZ_FLAGGER","WZ_LAW_OFFCR_IND","WZ_LN_CLOSURE","WZ_MOVING","WZ_OTHER","WZ_SHLDER_MDN","WZ_WORKERS_INJ_KILLED"
"2011028209","","1","0","0","0","0","0","0","0","0","8","0","","02","3","2011","4","40.440126","-79.996436","","11","0","0","0","0","0","0","0","0","","0","0","0","","","1","","2","","40 26:24.453","","0","79 59:47.169","4","0","0","0","2301","1","0","0","N","1","0","0","2","02301","1","","1.0","","9","N","N","","0","","0","0","0","","2","","","2","1","0","0","0","0","0","2","0","1","","","","N","","","","","","","","","",""
"2011027699","","1","0","0","0","0","0","0","0","0","7","0","","02","3","2011","2","40.567812","-80.069501","","11","0","0","0","0","1","0","0","0","1","0","0","0","","","1","","0","","40 34:04.123","1","0","80 04:10.205","8","0","0","0","2481","0","0","0","N","0","0","0","1","02481","0","","5.0","","1","N","N","","0","","0","0","0","","0","Y","","1","1","0","0","0","1","0","2","0","1","","","","N","","","","","","","","","",""
"2011026774","","1","0","0","0","0","0","0","0","0","4","0","","02","3","2011","7","40.459193","-79.970767","","11","0","0","0","1","0","0","0","0","","0","0","0","","","2","","1","","40 27:33.094","","0","79 58:14.761","4","0","0","0","2301","0","0","0","N","0","0","0","6","02301","2","","1.0","","9","N","N","","0","","0","0","1","","2","","","2","2","0","0","0","0","0","2","0","2","","","","N","","","","","","","","","",""
"2011028394","","0","0","0","0","0","0","0","0","0","8","0","","02","3","2011","4","40.463471","-79.930682","","11","0","0","0","0","0","0","0","0","1","0","0","0","","","1","","1","","40 27:48.495","3","0","79 55:50.455","4","0","0","0","2301","1","0","0","N","1","0","0","2","02301","1","","1.0","","9","N","N","","0","","0","0","0","","2","N","","2","1","0","0","0","0","0","2","1","1","","","","N","","","","","","","","","",""
"2011026691","","2","0","0","0","0","0","0","0","0","2","0","","02","3","2011","7","40.392976","-79.980286","","11","0","0","0","0","0","0","0","0","","0","0","0","","","0","","0","","40 23:34.715","","7","79 58:49.031","0","0","0","0","2301","0","0","0","N","0","0","0","3","02301","0","","1.0","","9","N","N","","0","","0","0","0","","3","","","2","0","1","0","0","0","0","2","0","2","","","","N","","","","","","","","","",""
"2011029125","","2","0","0","0","0","0","0","0","0","4","0","","02","3","2011","6","40.364781","-80.182162","","11","0","0","0","0","0","1","0","1","","0","0","0","","","0","","2","","40 21:53.213","","0","80 10:55.782","9","0","0","0","2119","0","0","0","N","0","0","0","2","02119","0","","1.0","","1","N","N","","0","","0","0","0","","3","","","2","0","0","0","0","0","2","1","0","2","","","","N","","","","","","","","","",""
"2011026693","","3","0","0","0","0","0","0","0","0","4","0","","02","3","2011","7","40.43805","-79.993342","","11","0","0","0","0","0","0","1","0","1","0","0","0","","","0","","1","","40 26:16.980","4","0","79 59:36.031","0","0","0","0","2301","0","0","0","N","0","0","0","3","02301","0","","1.0","","1","N","N","","0","","0","0","0","","3","N","","3","0","0","0","0","0","0","2","0","3","","","","N","","","","","","","","","",""
"2011026694","","1","0","0","0","0","0","0","0","0","1","0","","02","2","2011","6","40.512821","-80.030999","","11","0","0","0","0","0","0","0","0","","0","0","0","","","0","","1","","40 30:46.155","","0","80 01:51.597","0","0","0","0","2474","0","0","0","N","0","0","0","3","02474","0","","1.0","","98","N","N","","1","","0","0","0","","0","","","2","0","0","0","0","0","0","2","0","2","","","","N","","","","","","","","","",""
"2011026881","","2","0","0","0","0","0","0","0","0","4","0","","02","3","2011","7","40.532196","-79.957366","","11","0","0","0","0","1","0","0","0","1","0","0","0","","","0","","0","","40 31:55.907","3","0","79 57:26.518","9","0","0","0","2118","0","0","0","N","0","0","0","3","02118","0","","1.0","","9","N","N","","0","","0","0","0","","0","N","","2","0","0","0","0","0","1","2","0","2","","","","N","","","","","","","","","",""
"2011028398","","0","0","0","0","0","0","0","0","0","5","1","","02","3","2011","4","40.416141","-79.847897","","11","0","0","0","0","0","1","0","0","","0","1","0","","","0","","2","","40 24:58.108","","0","79 50:52.429","0","0","0","0","2431","0","0","0","N","0","0","0","3","02431","0","","1.0","","9","N","N","","0","","0","0","2","","2","","","3","0","1","0","0","0","0","2","0","3","","","","N","","","","","","","","","",""
"2011026696","","1","0","0","0","0","0","0","0","0","1","0","","02","2","2011","2","40.367917","-79.800222","","11","0","0","0","0","0","1","0","0","","0","0","0","","","1","","0","","40 22:04.500","","0","79 48:00.800","8","0","0","0","2111","0","0","0","N","0","0","0","3","02111","0","","1.0","","7","N","N","","0","","0","0","2","","0","","","3","1","0","0","0","1","0","2","0","3","","","","N","","","","","","","","","",""
"2011026854","","1","0","0","0","0","0","0","0","0","2","0","","02","3","2011","1","40.383056","-80.03888","","11","0","0","0","0","0","1","0","0","3","0","0","0","","","3","","0","","40 22:59.003","1","0","80 02:19.967","3","0","0","0","2109","0","0","0","N","0","0","0","3","02109","2","","1.0","","7","N","N","","0","","1","0","1","","0","N","","2","3","1","0","0","0","0","2","0","2","","","","N","","","","","","","","","",""
"2011026883","","2","0","0","0","0","0","0","0","0","1","0","","02","3","2011","1","40.438301","-79.897062","","11","0","0","0","0","1","0","0","0","","0","0","0","","","0","","2","","40 26:17.883","","0","79 53:49.423","0","0","0","0","2301","0","0","0","N","0","0","0","6","02301","0","","1.0","","9","N","N","","0","","0","0","0","","0","","","3","0","0","0","0","0","0","2","1","3","","","","N","","","","","","","","","",""
"2011027705","","2","0","0","0","0","0","0","0","0","4","0","","02","3","2011","3","40.526656","-80.004408","","11","0","0","0","0","0","1","0","0","1","0","0","0","","","0","","0","","40 31:35.961","4","0","80 00:15.868","0","0","0","0","2116","0","0","0","N","0","0","0","3","02116","0","","1.0","","2","N","N","","0","","0","0","0","","0","N","","2","0","1","0","0","0","0","2","0","2","","","","N","","","","","","","","","",""
"2011028234","","2","0","0","0","0","0","0","0","0","1","0","","02","3","2011","4","40.482756","-79.809521","","11","0","0","0","0","0","0","0","0","","0","0","0","","","1","","0","","40 28:57.920","","0","79 48:34.275","4","0","0","0","2113","0","0","0","N","0","0","0","4","02113","1","","1.0","","9","N","N","","0","","0","0","0","","2","","","2","1","0","0","0","0","0","2","0","2","","","","N","","","","","","","","","",""
"2011026855","","0","0","0","0","0","0","0","0","0","7","0","","02","3","2011","1","40.449277","-80.024125","","11","0","0","0","0","0","0","0","0","","0","0","0","","","0","","0","","40 26:57.398","","0","80 01:26.850","0","0","0","0","2301","0","0","0","N","0","0","0","2","02301","0","","1.0","","2","N","N","","0","","0","0","1","","0","","","1","0","0","0","0","0","0","2","0","1","","","","N","","","","","","","","","",""
"2011024014","","2","0","0","0","0","0","0","0","0","4","0","","02","2","2011","1","40.480398","-79.954446","","11","0","0","0","0","0","0","0","0","","0","0","0","","","0","","1","","40 28:49.433","","0","79 57:16.007","0","0","0","0","2301","0","0","0","N","0","0","0","3","02301","0","","1.0","","1","N","N","","0","","0","0","0","","2","","","2","0","0","0","0","0","0","2","0","2","","","","N","","","","","","","","","",""
"2011028235","","1","0","0","0","0","0","0","0","0","1","0","","02","3","2011","4","40.440287","-79.919569","","11","0","0","0","0","0","1","0","0","","0","0","0","","","1","","2","","40 26:25.033","","0","79 55:10.448","4","0","0","0","2301","0","0","0","N","0","0","0","2","02301","1","","1.0","","9","N","N","","0","","0","0","1","","3","","","2","1","0","0","0","0","0","2","0","2","","","","N","","","","","","","","","",""
"2011026856","","1","0","0","0","0","0","0","0","0","7","0","","02","3","2011","1","40.448519","-80.012794","","11","0","0","0","0","0","0","0","0","","0","0","0","","","0","","7","","40 26:54.669","","2","80 00:46.057","0","0","0","0","2301","0","0","0","N","0","0","0","1","02301","0","","3.0","","2","N","N","","0","","0","0","0","","0","","","1","0","0","0","0","0","0","2","0","1","","","","N","","","","","","","","","",""
"2011024015","","1","0","0","0","0","0","0","0","0","4","0","","02","2","2011","3","40.341946","-80.170368","","11","0","0","0","0","0","0","0","0","2","0","0","0","","","0","","0","","40 20:31.004","3","0","80 10:13.326","9","0","0","0","2119","0","0","0","N","0","0","0","3","02119","0","","1.0","","2","N","N","","1","","0","0","0","","0","N","","3","0","0","0","0","0","3","2","1","3","","","","N","","","","","","","","","",""
"2011028145","","0","0","0","0","0","0","0","0","0","99","0","","02","3","2011","2","40.444498","-79.753536","","11","0","0","0","0","0","0","0","0","","0","0","0","","","0","","0","","40 26:40.192","","0","79 45:12.728","0","0","0","0","2446","0","0","0","N","0","0","0","6","68T02","0","","1.0","","1","N","N","","0","","0","0","0","","0","","","1","0","0","0","0","0","0","2","1","1","","","","N","","","","","","","","","",""
"2011026700","","1","0","0","0","0","0","0","0","0","4","0","","02","3","2011","5","40.400218","-80.088232","","11","0","0","0","0","0","0","0","0","2","0","0","0","","","2","","0","","40 24:00.784","5","0","80 05:17.635","8","0","0","0","2117","0","0","0","N","0","0","0","4","02117","0","","1.0","","1","N","N","","0","","0","0","0","","0","Y","","2","2","0","0","0","2","0","2","1","2","","","","N","","","","","","","","","",""
"2011026784","","2","0","0","0","0","0","0","0","0","4","0","","02","3","2011","7","40.448652","-80.002304","","11","0","0","0","0","0","0","0","0","","0","0","0","","","0","","1","","40 26:55.147","","0","80 00:08.294","0","0","0","0","2301","0","0","0","N","0","0","0","3","02301","0","","1.0","","9","N","N","","0","","0","0","0","","2","","","2","0","0","0","0","0","0","2","0","2","","","","N","","","","","","","","","",""
"2011028402","","1","0","0","0","0","0","0","0","0","7","0","","02","3","2011","4","40.449403","-80.022785","","11","0","0","0","0","0","0","0","0","1","0","0","0","","","0","","0","","40 26:57.850","1","0","80 01:22.026","0","0","0","0","2301","0","0","0","N","0","0","0","1","02301","0","","2.0","","9","N","N","","0","","0","0","0","","0","N","","1","0","0","0","0","0","0","2","0","1","","","","N","","","","","","","","","",""
"2011025541","","1","0","0","0","0","0","0","0","0","4","0","","02","2","2011","1","40.534777","-79.990405","","11","0","0","0","0","0","0","1","0","1","0","0","0","","","1","","2","","40 32:05.197","1","0","79 59:25.458","4","0","0","0","2116","0","0","0","N","0","0","0","2","02116","1","","1.0","","1","N","N","","0","","0","0","0","","3","N","","2","1","0","0","0","0","0","2","1","2","","","","N","","","","","","","","","",""
"2011026860","","1","0","0","0","0","0","0","0","0","8","0","","02","2","2011","2","40.443712","-79.998446","","11","0","0","0","0","0","0","0","0","","0","0","0","","","1","","1","","40 26:37.363","","0","79 59:54.405","4","0","0","0","2301","1","0","0","N","1","0","0","2","02301","1","","1.0","","1","N","N","","0","","0","0","0","","2","","","2","1","0","0","0","0","1","2","0","1","","","","N","","","","","","","","","",""
"2011028403","","1","0","0","0","0","0","0","0","0","2","0","","02","2","2011","1","40.421217","-79.98178","","11","0","0","0","0","0","0","0","0","1","0","0","0","","","0","","0","","40 25:16.381","2","0","79 58:54.408","0","0","0","0","2301","0","0","0","N","0","0","0","1","02301","0","","2.0","","1","N","N","","1","","0","0","1","","0","N","","3","0","1","0","0","0","0","2","0","3","","","","N","","","","","","","","","",""
"2011028223","","1","0","0","0","0","0","0","0","0","5","1","","02","3","2011","4","","","","11","0","0","0","0","0","1","1","0","","0","1","0","","","1","","0","","","","0","","4","0","0","0","2301","0","0","0","N","0","0","0","2","02301","1","","1.0","","9","N","N","","0","","0","0","0","","0","","","2","1","0","0","0","0","0","1","0","2","","","","N","","","","","","","","","",""
"2011028404","","0","0","0","0","0","0","0","0","0","7","0","","02","3","2011","4","40.387111","-80.206401","","11","0","0","0","0","0","0","0","0","","0","0","0","","","0","","2","","40 23:13.599","","0","80 12:23.043","0","0","0","0","2214","0","0","0","N","0","0","0","1","02214","0","","5.0","","9","N","N","","1","","0","0","0","","0","","","1","0","0","0","0","0","0","2","0","1","","","","N","","","","","","","","","",""
"2011028224","","1","0","0","0","0","0","0","0","0","7","0","","02","3","2011","3","40.465466","-79.946427","","11","0","0","0","0","0","0","0","0","","0","0","0","","","0","","1","","40 27:55.677","","0","79 56:47.137","0","0","0","0","2301","0","0","0","N","0","0","0","1","02301","0","","5.0","","3","N","N","","0","","0","0","0","","2","","","1","0","1","0","0","0","0","2","0","1","","","","N","","","","","","","","","",""
"2011029208","","2","0","0","0","0","0","0","0","0","2","0","","02","3","2011","6","40.450915","-79.954954","","11","0","0","0","0","0","0","0","0","1","0","0","0","","","1","","5","","40 27:03.294","4","0","79 57:17.834","4","0","0","0","2301","0","0","0","N","0","0","0","2","02301","1","","7.0","","9","N","N","","0","","0","0","0","","2","N","","2","1","0","0","0","0","0","2","0","2","","","","N","","","","","","","","","",""
"2011028226","","2","0","1","0","0","0","0","0","0","2","0","","02","3","2011","4","40.438078","-79.994416","","11","0","0","0","0","0","0","0","0","","0","0","0","","","1","","1","","40 26:17.079","","2","79 59:39.896","2","0","0","0","2301","0","0","0","","0","0","0","2","02301","0","","1.0","","9","","","","0","","0","1","0","","2","","","2","1","0","0","0","0","0","2","0","2","","","","N","","","","","","","","","",""
"2011026705","","2","0","0","0","0","0","0","0","0","4","0","","02","3","2011","7","40.437295","-79.975965","","11","0","0","0","0","0","1","0","0","","0","0","0","","","1","","1","","40 26:14.262","","0","79 58:33.474","4","0","0","0","2301","0","0","0","N","0","0","0","3","02301","1","","1.0","","9","N","N","","0","","0","0","0","","3","","","2","1","0","0","0","0","0","2","0","2","","","","N","","","","","","","","","",""
"2011026791","","1","0","0","0","0","0","0","0","0","7","0","","02","3","2011","1","40.405499","-80.033532","","11","0","0","0","0","0","0","0","0","2","0","0","0","","","1","","0","","40 24:19.796","5","0","80 02:00.715","4","0","0","0","2301","0","0","0","N","0","0","0","1","02301","1","","4.0","","9","N","N","","0","","0","0","0","","0","Y","","1","1","0","0","0","0","0","2","0","1","","","","N","","","","","","","","","",""
"2011029210","","2","0","0","0","0","0","0","0","0","4","0","","02","2","2011","4","40.526932","-79.988275","","11","0","0","0","0","0","0","0","0","","0","0","0","","","0","","2","","40 31:36.955","","0","79 59:17.790","0","0","0","0","2116","0","0","0","N","0","0","0","2","02116","0","","1.0","","1","N","N","","0","","0","0","0","","3","","","2","0","0","0","0","0","0","2","0","2","","","","N","","","","","","","","","",""
"2011024023","","1","0","0","0","0","0","0","0","0","7","0","","02","2","2011","2","40.519064","-80.284197","","11","0","0","0","0","0","0","0","0","","0","0","0","","","0","","0","","40 31:08.630","","0","80 17:03.110","0","0","0","0","2203","0","0","0","N","0","0","0","1","02203","0","","5.0","","6","Y","N","","0","","0","0","0","","0","","","1","0","0","0","0","0","0","1","0","1","","","","N","","","","","","","","","",""
"2011027549","","1","0","0","0","0","0","0","0","0","7","0","","02","3","2011","3","40.475053","-79.733834","","11","0","0","0","0","0","0","0","0","2","0","0","0","","","2","","0","","40 28:30.192","2","0","79 44:01.804","8","0","0","0","2466","0","0","0","N","0","0","0","2","02466","0","","5.0","","2","N","N","","0","","0","0","0","","0","N","","1","2","0","0","0","2","0","2","0","1","","","","N","","","","","","","","","",""
"2011028408","","1","0","0","0","0","0","0","0","0","4","0","","02","3","2011","7","40.460929","-80.076459","","11","0","0","0","0","0","0","0","0","","0","0","0","","","1","","0","","40 27:39.344","","0","80 04:35.252","3","0","0","0","2301","0","0","0","N","0","0","0","1","02301","0","","5.0","","1","N","N","","1","","1","0","0","","0","","","2","1","0","0","0","0","0","2","0","2","","","","N","","","","","","","","","",""
"2011025547","","1","0","0","0","0","0","0","0","0","4","0","","02","2","2011","6","40.550563","-80.019253","","11","0","0","0","0","0","0","0","0","1","0","0","0","","","2","","1","","40 33:02.025","1","7","80 01:09.311","4","0","0","0","2116","0","0","0","N","0","0","0","6","02116","2","","1.0","","1","N","N","","0","","0","0","1","","2","N","","2","2","0","0","0","0","0","2","0","2","","","","N","","","","","","","","","",""
"2011028152","","1","0","0","0","0","0","0","0","0","8","0","","02","3","2011","4","40.449819","-79.929656","","11","0","0","0","0","0","0","0","0","2","0","0","0","","","1","","1","","40 26:59.348","4","0","79 55:46.761","3","0","0","0","2301","1","0","0","N","1","0","0","2","02301","0","","1.0","","9","N","N","","0","","1","0","0","","2","N","","2","1","0","0","0","0","0","2","0","1","","","","N","","","","","","","","","",""
"2011026793","","0","0","0","0","0","0","1","0","0","4","1","","02","3","2011","3","40.438351","-79.998585","","11","0","0","0","0","0","1","0","0","1","0","0","0","","","0","","1","","40 26:18.063","7","0","79 59:54.906","0","0","0","0","2301","0","0","0","N","0","0","0","5","02503","0","","1.0","","1","N","N","","0","","0","0","1","","1","Y","","2","0","0","0","0","0","0","2","0","2","","","","N","","","","","","","","","",""
"2011027731","","0","0","0","0","0","0","0","0","0","7","0","","02","3","2011","3","40.412229","-79.777216","","11","0","0","0","0","0","0","0","0","2","0","0","0","","","1","","0","","40 24:44.025","2","0","79 46:37.978","3","0","0","0","2446","0","0","0","N","0","0","0","1","02446","0","","2.0","","2","N","N","","0","","1","0","0","","0","N","","1","1","0","0","0","0","0","2","1","1","","","","N","","","","","","","","","",""
"2011026709","","1","0","0","0","0","0","0","0","0","1","0","","02","3","2011","7","40.455834","-79.992062","","11","0","0","0","0","0","0","0","0","","0","0","0","","","4","","6","","40 27:21.004","","2","79 59:31.422","8","0","0","0","2301","0","0","0","N","0","0","0","6","02301","0","","7.0","","9","N","N","","0","","0","0","1","","0","","","2","4","0","0","0","4","0","2","0","2","","","","N","","","","","","","","","",""
"2011026725","","1","0","0","0","0","0","0","0","0","0","1","","02","2","2011","2","40.398649","-80.105284","","11","0","0","0","0","0","0","0","0","1","0","1","0","","","0","","0","","40 23:55.138","2","0","80 06:19.022","0","0","0","0","2102","0","0","0","N","0","0","0","4","68B03","0","","1.0","","1","N","N","","0","","0","0","0","","0","N","","2","0","0","0","0","0","0","2","0","2","","","","N","","","","","","","","","",""
"2011027551","","1","0","0","0","0","0","0","0","0","7","0","","02","3","2011","7","40.438294","-79.779851","","11","0","0","0","0","0","0","0","0","","0","0","0","","","1","","0","","40 26:17.858","","0","79 46:47.464","4","0","0","0","2446","0","0","0","N","0","0","0","1","02446","1","","2.0","","1","N","N","","0","","0","0","0","","0","","","1","1","0","0","0","0","0","2","0","1","","","","N","","","","","","","","","",""
"2011028154","","1","0","0","0","0","0","0","0","0","1","0","","02","3","2011","2","40.550056","-80.0857","","11","0","0","0","1","0","0","0","0","","0","0","0","","","0","","1","","40 33:00.203","","0","80 05:08.520","0","0","0","0","2215","0","0","0","N","0","0","0","2","02215","0","","1.0","","2","N","N","","0","","0","0","1","","0","","","2","0","0","0","0","0","0","2","0","2","","","","N","","","","","","","","","",""
"2011026710","","1","0","0","0","0","0","0","0","0","4","0","","02","3","2011","7","40.434463","-79.787278","","11","0","0","0","0","0","0","0","0","","0","0","0","","","2","","0","","40 26:04.066","","0","79 47:14.200","8","0","0","0","2446","0","0","0","N","0","0","0","5","02446","0","","1.0","","9","N","N","","1","","0","0","0","","0","","","2","2","2","0","0","2","0","2","0","2","","","","N","","","","","","","","","",""
"2011026726","","1","0","0","0","0","0","0","0","0","1","0","","02","3","2011","4","40.427345","-79.952975","","11","0","0","0","0","0","2","0","0","","0","0","0","","","1","","0","","40 25:38.443","","0","79 57:10.710","4","0","0","0","2301","0","0","0","N","0","0","0","3","68B03","1","","1.0","","1","N","N","","1","","0","0","1","","0","","","3","1","0","0","0","0","0","2","0","3","","","","N","","","","","","","","","",""
"2011028247","","2","0","0","0","0","0","0","0","0","4","0","","02","2","2011","7","40.545878","-80.016897","","11","0","0","0","0","0","0","0","1","1","0","0","0","","","0","","1","","40 32:45.159","1","0","80 01:00.828","0","0","0","0","2116","0","0","0","N","0","0","0","3","02116","0","","1.0","","1","N","N","","0","","0","0","0","","2","N","","2","0","1","0","0","0","0","2","0","2","","","","N","","","","","","","","","",""
"2011027487","","2","0","0","0","0","0","0","0","0","99","0","","02","3","2011","2","40.406565","-79.99236","","11","0","0","0","0","0","0","0","0","1","0","0","0","","","0","","0","","40 24:23.634","4","0","79 59:32.496","0","0","0","0","2301","0","0","0","N","0","0","0","2","02301","0","","1.0","","1","N","N","","0","","0","0","0","","0","N","","2","0","0","0","0","0","0","2","0","2","","","","N","","","","","","","","","",""
"2011026796","","2","0","0","0","0","0","0","0","0","5","0","","02","3","2011","7","40.507729","-80.081793","","11","0","0","0","0","0","0","0","0","","0","0","0","","","0","","0","","40 30:27.824","","0","80 04:54.454","0","0","0","0","2405","0","0","0","N","0","0","0","1","02215","0","","2.0","","9","N","N","","0","","0","0","0","","0","","","2","0","0","0","0","0","0","2","0","2","","","","N","","","","","","","","","",""
"2011027554","","1","0","0","0","0","0","0","0","0","7","0","","02","3","2011","3","40.535222","-79.764743","","11","0","0","0","0","0","0","0","0","","0","0","0","","","0","","0","","40 32:06.799","","0","79 45:53.075","0","0","0","0","2466","0","0","0","N","0","0","0","2","02466","0","","5.0","","2","N","N","","0","","0","0","0","","0","","","1","0","2","0","0","0","0","1","0","1","","","","N","","","","","","","","","",""
"2011028315","","0","0","0","0","0","0","0","0","0","7","0","","02","1","2011","6","40.437485","-80.014023","","11","0","0","0","0","0","1","0","0","1","0","0","0","","","0","","0","","40 26:14.945","4","4","80 00:50.484","0","0","0","0","2301","0","0","0","Y","0","0","0","2","68B03","0","","5.0","","1","N","N","","1","","0","0","0","","0","N","","1","0","0","0","0","0","0","2","0","1","","","","N","","","","","","","","","",""
"2011027735","","0","0","0","0","0","0","0","0","0","1","0","","02","3","2011","3","40.439811","-79.959355","","11","0","0","0","0","0","1","0","0","","0","0","0","","","1","","1","","40 26:23.319","","0","79 57:33.678","8","0","0","0","2301","0","0","0","N","0","0","0","3","02301","0","","1.0","","1","N","N","","1","","0","0","0","","2","","","2","1","1","0","0","1","0","2","1","2","","","","N","","","","","","","","","",""
"2011027488","","0","0","0","0","0","0","0","0","0","8","0","","02","3","2011","2","40.425279","-79.964316","","11","0","0","0","0","0","1","0","0","1","0","0","0","","","1","","0","","40 25:31.005","3","0","79 57:51.536","8","0","0","0","2301","1","0","0","N","1","0","0","2","02301","0","","1.0","","1","N","N","","0","","0","0","1","","0","N","","2","1","0","0","0","1","0","2","0","1","","","","N","","","","","","","","","",""
"2011028317","","1","0","0","0","0","0","0","0","0","7","0","","02","2","2011","4","40.410839","-80.073769","","11","0","0","0","0","0","0","0","0","","0","0","0","","","1","","0","","40 24:39.019","","3","80 04:25.567","3","0","0","0","2117","0","0","0","N","0","0","0","1","68B03","0","","3.0","","1","N","N","","0","","1","0","0","","0","","","1","1","1","0","0","0","0","2","0","1","","","","N","","","","","","","","","",""
"2011028158","","3","0","0","0","0","0","0","0","0","5","0","","02","3","2011","3","40.377577","-79.975448","","11","0","0","0","0","0","1","0","0","","0","0","0","","","3","","0","","40 22:39.277","","0","79 58:31.612","8","0","0","0","2413","0","0","0","N","0","0","0","3","02413","0","","2.0","","1","","N","","0","","0","0","0","","0","","","3","3","0","0","0","3","0","2","0","3","","","","N","","","","","","","","","",""
"2011026799","","2","0","0","0","0","0","0","0","0","4","0","","02","3","2011","1","40.429286","-79.999241","","11","0","0","0","0","0","0","0","0","","0","0","0","","","0","","1","","40 25:45.428","","3","79 59:57.266","0","0","0","0","2301","0","0","0","N","0","0","0","5","02301","0","","1.0","","9","N","N","","0","","0","0","0","","2","","","2","0","0","0","0","0","0","2","0","2","","","","N","","","","","","","","","",""
"2011028318","","0","0","0","0","0","0","0","0","0","1","0","","02","3","2011","4","40.445398","-80.009598","","11","0","0","0","0","0","0","0","0","1","0","0","0","","","0","","3","","40 26:43.431","2","8","80 00:34.551","9","0","0","0","2301","0","0","0","N","0","0","0","2","68B03","0","","1.0","","1","N","N","","0","","0","0","2","","0","N","","2","0","0","0","0","0","1","2","0","2","","","","N","","","","","","","","","",""
"2011028253","","1","0","0","0","0","0","0","0","0","1","0","","02","3","2011","4","40.414631","-80.009416","","11","0","0","0","0","0","1","0","0","9","0","0","0","","","1","","0","","40 24:52.673","2","4","80 00:33.899","8","0","0","0","2301","0","0","0","N","0","0","0","2","02301","0","","1.0","","1","N","N","","0","","0","0","1","","0","N","","2","1","0","0","0","1","0","2","0","2","","","","N","","","","","","","","","",""
"2011028319","","1","0","0","0","0","0","0","0","0","1","0","","02","3","2011","7","40.433433","-79.869918","","11","0","0","0","0","0","0","0","0","","0","0","0","","","0","","0","","40 26:00.359","","0","79 52:11.706","0","0","0","0","2478","0","0","0","N","0","0","0","3","68B03","0","","1.0","","9","N","N","","0","","0","0","1","","0","","","3","0","0","0","0","0","0","2","1","3","","","","N","","","","","","","","","",""
"2011028181","","1","0","0","0","0","0","0","0","0","8","0","","02","3","2011","4","40.440619","-79.958253","","11","0","0","0","0","0","0","1","0","","0","0","0","","","1","","1","","40 26:26.229","","0","79 57:29.710","8","0","0","0","2301","1","0","0","N","1","0","0","2","02301","0","","1.0","","9","N","N","","0","","0","0","0","","2","","","2","1","0","0","0","1","0","2","0","1","","","","N","","","","","","","","","",""
"2011028254","","1","0","0","0","0","0","0","0","0","7","0","","02","2","2011","1","40.546274","-80.054774","","11","0","0","0","0","0","1","0","0","","0","0","0","","","1","","0","","40 32:46.587","","0","80 03:17.187","4","0","0","0","2116","0","0","0","N","0","0","0","1","02116","1","","5.0","","1","N","N","","0","","0","0","0","","0","","","1","1","0","0","0","0","0","2","0","1","","","","N","","","","","","","","","",""