"CRN","ARRIVAL_TM","AUTOMOBILE_COUNT","BELTED_DEATH_COUNT","BELTED_SUSP_SERIOUS_INJ_COUNT","BICYCLE_COUNT","BICYCLE_DEATH_COUNT","BICYCLE_SUSP_SERIOUS_INJ_COUNT","BUS_COUNT","CHLDPAS_DEATH_COUNT","CHLDPAS_SUSP_SERIOUS_INJ_COUNT","COLLISION_TYPE","COMM_VEH_COUNT","CONS_ZONE_SPD_LIM","COUNTY","CRASH_MONTH","CRASH_YEAR","DAY_OF_WEEK","DEC_LATITUDE","DEC_LONGITUDE","DISPATCH_TM","DISTRICT","DRIVER_COUNT_16YR","DRIVER_COUNT_17YR","DRIVER_COUNT_18YR","DRIVER_COUNT_19YR","DRIVER_COUNT_20YR","DRIVER_COUNT_50_64YR","DRIVER_COUNT_65_74YR","DRIVER_COUNT_75PLUS","EST_HRS_CLOSED","FATAL_COUNT","HEAVY_TRUCK_COUNT","HORSE_BUGGY_COUNT","HOUR_OF_DAY","ILLUMINATION","INJURY_COUNT","INTERSECTION_RELATED","INTERSECT_TYPE","LANE_CLOSED","LATITUDE","LN_CLOSE_DIR","LOCATION_TYPE","LONGITUDE","MAX_SEVERITY_LEVEL","MCYCLE_DEATH_COUNT","MCYCLE_SUSP_SERIOUS_INJ_COUNT","MOTORCYCLE_COUNT","MUNICIPALITY","NONMOTR_COUNT","NONMOTR_DEATH_COUNT","NONMOTR_SUSP_SERIOUS_INJ_COUNT","NTFY_HIWY_MAINT","PED_COUNT","PED_DEATH_COUNT","PED_SUSP_SERIOUS_INJ_COUNT","PERSON_COUNT","POLICE_AGCY","POSSIBLE_INJ_COUNT","RDWY_SURF_TYPE_CD","RELATION_TO_ROAD","ROADWAY_CLEARED","ROAD_CONDITION","SCH_BUS_IND","SCH_ZONE_IND","SECONDARY_CRASH","SMALL_TRUCK_COUNT","SPEC_JURIS_CD","SUSP_MINOR_INJ_COUNT","SUSP_SERIOUS_INJ_COUNT","SUV_COUNT","TCD_FUNC_CD","TCD_TYPE","TFC_DETOUR_IND","TIME_OF_DAY","TOTAL_UNITS","TOT_INJ_COUNT","UNBELTED_OCC_COUNT","UNB_DEATH_COUNT","UNB_SUSP_SERIOUS_INJ_COUNT","UNK_INJ_DEG_COUNT","UNK_INJ_PER_COUNT","URBAN_RURAL","VAN_COUNT","VEHICLE_COUNT","WEATHER1","WEATHER2","WORKERS_PRES","WORK_ZONE_IND","WORK_ZONE_LOC","WORK_ZONE_TYPE","WZ_CLOSE_DETOUR","WZ_FLAGGER","WZ_LAW_OFFCR_IND","WZ_LN_CLOSURE","WZ_MOVING","WZ_OTHER","WZ_SHLDER_MDN","WZ_WORKERS_INJ_KILLED"
"2011068903","","1","0","0","0","0","0","0","0","0","2","0","","02","7","2011","6","40.450846","-79.886404","","11","0","0","0","0","0","0","0","0","2","0","0","0","","","0","","2","","40 27:03.045","1","0","79 53:11.054","9","0","0","0","2301","0","0","0","N","0","0","0","1","02301","0","","1.0","","9","N","N","","0","","0","0","0","","0","N","","2","0","0","0","0","0","1","2","0","2","","","","N","","","","","","","","","",""
"2011071032","","1","0","0","0","0","0","0","0","0","7","0","","02","7","2011","5","40.42997","-79.884384","","11","0","0","0","0","0","1","0","0","2","0","0","0","","","1","","0","","40 25:47.891","6","0","79 53:03.783","4","0","0","0","2426","0","0","0","N","0","0","0","1","02426","1","","5.0","","1","N","N","","0","","0","0","0","","8","Y","","1","1","0","0","0","0","0","2","0","1","","","","N","","","","","","","","","",""
"2011069643","","2","0","0","0","0","0","0","0","0","4","0","","02","7","2011","1","40.438371","-80.154403","","11","0","0","0","0","0","1","0","0","","0","0","0","","","0","","1","","40 26:18.137","","0","80 09:15.852","0","0","0","0","2115","0","0","0","N","0","0","0","3","68B03","0","","1.0","","1","N","N","","0","","0","0","0","","2","","","2","0","0","0","0","0","0","2","0","2","","","","N","","","","","","","","","",""
"2011069567","","2","0","0","0","0","0","0","0","0","6","0","","02","7","2011","1","40.449667","-80.0183","","11","0","0","0","0","0","1","0","0","","0","0","0","","","1","","1","","40 26:58.800","","0","80 01:05.879","4","0","0","0","2301","0","0","0","N","0","0","0","6","02301","1","","1.0","","1","N","N","","0","","0","0","0","","2","","","2","1","0","0","0","0","0","2","0","2","","","","N","","","","","","","","","",""
"2011070213","","0","0","0","0","0","0","0","0","0","1","0","","02","7","2011","3","40.462178","-79.814625","","11","0","0","0","0","0","0","0","0","2","0","0","0","","","1","","2","","40 27:43.840","4","0","79 48:52.650","4","0","0","0","2113","0","0","0","N","0","0","0","5","02113","1","","1.0","","1","N","N","","0","","0","0","0","","0","Y","","2","1","0","0","0","0","0","2","2","2","","","","N","","","","","","","","","",""
"2011070416","","0","0","0","0","0","0","0","0","0","7","0","","02","7","2011","3","40.309453","-79.82992","","11","0","0","0","0","0","0","0","1","","0","0","0","","","0","","3","","40 18:34.032","","0","79 49:47.711","0","0","0","0","2105","0","0","0","N","0","0","0","1","02105","0","","5.0","","1","N","N","","1","","0","0","0","","0","","","1","0","0","0","0","0","0","1","0","1","","","","N","","","","","","","","","",""
"2011069507","","1","0","0","0","0","0","0","0","0","7","0","","02","7","2011","6","40.642353","-79.720204","","11","0","0","0","0","0","0","0","0","","0","0","0","","","0","","0","","40 38:32.469","","0","79 43:12.735","0","0","0","0","2106","0","0","0","Y","0","0","0","4","68D02","0","","5.0","","9","N","N","","0","","0","0","0","","0","","","1","0","0","0","0","0","0","2","0","1","","","","N","","","","","","","","","",""
"2011070824","","0","0","0","0","0","0","0","0","0","7","0","","02","7","2011","5","40.352354","-79.919016","","11","0","0","0","0","0","0","0","0","2","0","0","0","","","1","","0","","40 21:08.474","3","0","79 55:08.458","8","0","0","0","2473","0","0","0","N","0","0","0","1","02473","0","","4.0","","1","N","N","","0","","0","0","1","","0","N","","1","1","1","0","0","1","0","2","0","1","","","","N","","","","","","","","","",""
"2011069797","","1","0","0","0","0","0","0","0","0","1","0","","02","7","2011","1","40.438664","-79.744184","","11","0","0","0","0","0","0","1","0","","0","0","0","","","1","","0","","40 26:19.189","","0","79 44:39.062","4","0","0","0","2446","0","0","0","N","0","0","0","2","02446","1","","1.0","","1","N","N","","0","","0","0","1","","0","","","2","1","0","0","0","0","0","2","0","2","","","","N","","","","","","","","","",""
"2011069723","","1","0","0","0","0","0","0","0","0","5","0","","02","7","2011","7","40.370656","-79.982354","","11","0","0","0","0","0","0","0","0","","0","0","0","","","0","","1","","40 22:14.361","","0","79 58:56.474","9","0","0","0","2413","0","0","0","N","0","0","0","2","02413","0","","1.0","","1","N","N","","0","","0","0","0","","1","","","2","0","0","0","0","0","1","2","1","2","","","","N","","","","","","","","","",""
"2011070778","","1","0","0","0","0","0","0","0","0","1","0","","02","7","2011","4","40.658399","-80.008613","","11","0","0","1","0","0","0","0","0","1","0","0","0","","","0","","3","","40 39:30.237","3","0","80 00:31.008","0","0","0","0","2216","0","0","0","N","0","0","0","2","02505","0","","1.0","","1","N","N","","1","","0","0","0","","3","N","","2","0","0","0","0","0","0","2","0","2","","","","N","","","","","","","","","",""
"2011071038","","1","0","0","0","0","0","0","0","0","4","0","","02","7","2011","5","40.434035","-79.752432","","11","0","0","0","0","0","2","0","0","2","0","0","0","","","0","","0","","40 26:02.525","4","0","79 45:08.754","0","0","0","0","2446","0","0","0","N","0","0","0","4","02446","0","","1.0","","1","N","N","","0","","0","0","1","","0","N","","2","0","0","0","0","0","0","2","0","2","","","","N","","","","","","","","","",""
"2011069050","","3","0","0","0","0","0","0","0","0","1","0","","02","7","2011","6","40.484516","-79.860573","","11","0","0","0","0","0","1","0","1","1","0","0","0","","","0","","0","","40 29:04.257","3","0","79 51:38.062","0","0","0","0","2113","0","0","0","N","0","0","0","3","02113","0","","1.0","","1","N","N","","0","","0","0","0","","0","Y","","3","0","0","0","0","0","0","2","0","3","","","","N","","","","","","","","","",""
"2011069051","","1","0","0","0","0","0","0","0","0","4","0","","02","7","2011","6","40.447956","-80.002082","","11","0","0","0","0","0","0","0","0","","0","0","0","","","0","","1","","40 26:52.641","","0","80 00:07.495","0","0","0","0","2301","0","0","0","N","0","0","0","5","02301","0","","1.0","","1","N","N","","0","","0","0","2","","0","","","3","0","0","0","0","0","0","2","0","3","","","","N","","","","","","","","","",""
"2011069066","","1","0","0","0","0","0","0","0","0","4","1","","02","7","2011","6","40.540518","-79.813823","","11","0","0","0","0","0","2","0","0","","0","1","0","","","1","","2","","40 32:25.865","","0","79 48:49.763","3","0","0","0","2208","0","0","0","N","0","0","0","2","02208","0","","1.0","","1","N","N","","0","","1","0","0","","2","","","2","1","0","0","0","0","0","2","0","2","","","","N","","","","","","","","","",""
"2011070435","","1","0","0","0","0","0","0","0","0","7","0","","02","7","2011","1","40.441754","-79.857243","","11","0","0","0","0","0","0","0","0","","0","0","0","","","1","","0","","40 26:30.313","","0","79 51:26.074","4","0","0","0","2419","0","0","0","N","0","0","0","1","02419","1","","5.0","","1","N","N","","0","","0","0","0","","0","","","1","1","0","0","0","0","0","2","0","1","","","","N","","","","","","","","","",""
"2011070142","","1","0","0","0","0","0","0","0","0","4","0","","02","7","2011","2","40.327654","-79.891448","","11","0","0","0","0","1","0","0","0","","0","0","0","","","1","","1","","40 19:39.554","","0","79 53:29.212","4","0","0","1","2433","0","0","0","N","0","0","0","4","02433","1","","1.0","","1","N","N","","0","","0","0","0","","3","","","2","1","0","0","0","0","0","2","0","2","","","","N","","","","","","","","","",""
"2011069052","","1","0","0","0","0","0","0","0","0","4","0","","02","7","2011","7","40.433937","-79.732222","","11","0","0","0","0","0","0","1","0","","0","0","0","","","0","","0","","40 26:02.174","","0","79 43:56.000","0","0","0","0","2446","0","0","0","N","0","0","0","3","02446","0","","2.0","","1","N","N","","0","","0","0","1","","0","","","2","0","0","0","0","0","0","2","0","2","","","","N","","","","","","","","","",""
"2011068912","","2","0","0","0","0","0","0","0","0","2","0","","02","7","2011","5","40.473616","-80.063129","","11","0","0","0","0","0","0","0","0","2","0","0","0","","","1","","2","","40 28:25.019","6","3","80 03:47.263","4","0","0","0","2444","0","0","0","N","0","0","0","3","02122","1","","1.0","","1","N","N","","0","","0","0","0","","0","N","","2","1","1","0","0","0","0","2","0","2","","","","N","","","","","","","","","",""
"2011069589","","2","0","0","0","0","0","0","0","0","1","0","","02","7","2011","1","40.493831","-79.78911","","11","0","0","0","1","0","0","0","0","1","0","0","0","","","0","","0","","40 29:37.791","3","0","79 47:20.796","0","0","0","0","2113","0","0","0","N","0","0","0","3","02113","0","","1.0","","1","N","N","","0","","0","0","0","","0","Y","","2","0","0","0","0","0","0","2","0","2","","","","N","","","","","","","","","",""
"2011070299","","2","0","0","0","0","0","0","0","0","7","0","","02","6","2011","3","40.553981","-80.085968","","11","0","0","0","0","0","0","0","0","","0","0","0","","","0","","0","","40 33:14.330","","0","80 05:09.484","0","0","0","0","2215","0","0","0","N","0","0","0","2","68B03","0","","2.0","","1","N","N","","0","","0","0","0","","0","","","2","0","0","0","0","0","0","2","0","2","","","","N","","","","","","","","","",""
"2011069731","","2","0","0","0","0","0","0","0","0","2","0","","02","7","2011","1","40.493443","-79.975487","","11","0","0","0","0","0","0","0","0","","0","0","0","","","2","","3","","40 29:36.395","","6","79 58:31.754","8","0","0","0","2445","0","0","0","N","0","0","0","4","02445","0","","1.0","","1","N","N","","0","","0","0","0","","2","","","2","2","0","0","0","2","0","2","0","2","","","","N","","","","","","","","","",""
"2011069805","","2","0","0","0","0","0","0","0","0","4","0","","02","7","2011","2","40.384611","-79.949461","","11","0","0","0","0","0","0","0","1","","0","0","0","","","2","","1","","40 23:04.599","","0","79 56:58.059","4","0","0","0","2403","0","0","0","N","0","0","0","2","02403","2","","1.0","","1","N","N","","0","","0","0","0","","3","","","2","2","1","0","0","0","0","2","0","2","","","","N","","","","","","","","","",""
"2011070224","","1","0","0","0","0","0","0","0","0","7","0","","02","7","2011","2","40.477351","-79.745559","","11","0","0","0","0","0","0","0","0","","0","0","0","","","0","","0","","40 28:38.462","","0","79 44:44.012","0","0","0","0","2466","0","0","0","N","0","0","0","1","02466","0","","2.0","","9","N","N","","0","","0","0","0","","0","","","1","0","0","0","0","0","0","2","0","1","","","","N","","","","","","","","","",""
"2011070300","","1","0","0","0","0","0","0","0","0","7","0","","02","7","2011","5","40.458507","-80.189217","","11","0","0","0","0","1","0","0","0","","0","0","0","","","1","","0","","40 27:30.626","","0","80 11:21.180","8","0","0","0","2213","0","0","0","N","0","0","0","1","68B03","0","","3.0","","1","N","N","","0","","0","0","0","","0","","","1","1","0","0","0","1","0","2","0","1","","","","N","","","","","","","","","",""
"2011071046","","0","0","0","0","0","0","0","0","0","7","0","","02","7","2011","7","40.593333","-80.184444","","11","0","0","1","0","0","0","0","0","3","0","0","0","","","3","","0","","40 35:36.000","6","0","80 11:04.000","3","0","0","0","2480","0","0","0","N","0","0","0","3","02480","0","","5.0","","3","N","N","","0","","1","0","1","","0","Y","","1","3","1","0","0","2","0","1","0","1","","","","N","","","","","","","","","",""
"2011069732","","0","0","0","0","0","0","0","0","0","7","0","","02","7","2011","6","40.369334","-79.867863","","11","0","0","0","0","1","0","0","0","","0","0","0","","","1","","0","","40 22:09.602","","0","79 52:04.306","4","0","0","0","2473","0","0","0","N","0","0","0","1","02473","1","","5.0","","1","N","N","","0","","0","0","1","","0","","","1","1","0","0","0","0","0","2","0","1","","","","N","","","","","","","","","",""
"2011070440","","1","0","0","0","0","0","0","0","0","4","0","","02","7","2011","4","40.454029","-79.912399","","11","0","0","0","0","0","0","0","0","","0","0","0","","","1","","1","","40 27:14.504","","0","79 54:44.638","4","0","0","0","2301","0","0","0","N","0","0","0","3","02301","1","","1.0","","1","N","N","","1","","0","0","0","","2","","","2","1","0","0","0","0","0","2","0","2","","","","N","","","","","","","","","",""
"2011070788","","0","0","0","0","0","0","0","0","0","8","0","","02","7","2011","6","40.671302","-79.932211","","11","0","0","0","0","0","1","0","0","","0","0","0","","","1","","0","","40 40:16.688","","7","79 55:55.961","8","0","0","0","2207","1","0","0","N","1","0","0","2","02207","0","","6.0","","1","N","N","","1","","0","0","0","","0","","","2","1","1","0","0","1","0","1","0","1","","","","N","","","","","","","","","",""
"2011070301","","0","0","0","0","0","0","0","0","0","4","1","","02","7","2011","6","40.418443","-80.088741","","11","0","0","0","0","0","0","0","0","1","0","1","0","","","2","","0","","40 25:06.393","3","0","80 05:19.467","4","0","0","0","2457","0","0","0","N","0","0","0","3","68B03","2","","2.0","","1","N","N","","0","","0","0","0","","0","N","","2","2","0","0","0","0","0","2","1","2","","","","N","","","","","","","","","",""
"2011069072","","3","0","0","0","0","0","0","0","0","1","0","","02","7","2011","7","40.444904","-79.993896","","11","0","0","0","1","0","0","0","0","","0","0","0","","","1","","1","","40 26:41.654","","0","79 59:38.025","4","0","0","0","2301","0","0","0","N","0","0","0","5","02301","1","","1.0","","1","N","N","","0","","0","0","0","","2","","","3","1","4","0","0","0","0","2","0","3","","","","N","","","","","","","","","",""
"2011070999","","1","0","0","0","0","0","0","0","0","7","0","","02","7","2011","4","40.484709","-79.749761","","11","0","0","0","0","0","0","0","0","1","0","0","0","","","2","","0","","40 29:04.952","4","0","79 44:59.139","3","0","0","0","2466","0","0","0","N","0","0","0","3","02466","1","","5.0","","1","N","N","","0","","1","0","0","","0","N","","1","2","1","0","0","0","0","2","0","1","","","","N","","","","","","","","","",""
"2011070302","","1","0","0","0","0","0","0","0","0","7","0","","02","7","2011","2","40.454348","-79.995003","","11","0","0","0","0","0","0","0","0","","0","0","0","","","1","","6","","40 27:15.652","","2","79 59:42.009","8","0","0","0","2301","0","0","0","Y","0","0","0","1","68B03","0","","3.0","","9","N","N","","0","","0","0","0","","0","","","1","1","0","0","0","1","0","2","0","1","","","","N","","","","","","","","","",""
"2011069734","","0","0","0","0","0","0","0","0","0","4","1","","02","7","2011","5","40.671648","-80.103395","","11","0","0","0","0","0","1","1","0","2","0","0","0","","","2","","0","","40 40:17.932","1","0","80 06:12.222","3","0","0","0","2212","0","0","0","N","0","0","0","3","02505","1","","1.0","","1","N","N","","1","","1","0","0","","0","N","","2","2","0","0","0","0","0","2","1","2","","","","N","","","","","","","","","",""
"2011069808","","1","0","0","0","0","0","0","0","0","1","0","","02","7","2011","2","40.632084","-80.058555","","11","0","0","0","0","0","0","1","0","","0","0","0","","","1","","0","","40 37:55.504","","0","80 03:30.798","3","0","0","0","2216","0","0","0","N","0","0","0","2","02505","0","","1.0","","1","N","N","","2","","1","0","0","","0","","","3","1","0","0","0","0","0","2","0","3","","","","N","","","","","","","","","",""
"2011071000","","2","0","0","0","0","0","0","0","0","4","0","","02","7","2011","4","40.391316","-80.044411","","11","0","0","0","0","0","2","0","0","2","0","0","0","","","1","","1","","40 23:28.739","2","0","80 02:39.879","4","0","0","0","2109","0","0","0","N","0","0","0","4","02109","1","","1.0","","1","N","N","","0","","0","0","0","","2","N","","2","1","0","0","0","0","0","2","0","2","","","","N","","","","","","","","","",""
"2011069596","","1","0","0","0","0","0","0","0","0","4","0","","02","7","2011","1","40.429267","-79.999168","","11","0","0","0","0","0","0","0","0","2","0","0","0","","","1","","1","","40 25:45.362","1","3","79 59:57.003","8","0","0","0","2301","0","0","0","N","0","0","0","2","02301","0","","1.0","","1","N","N","","0","","0","0","1","","2","Y","","2","1","0","0","0","1","0","2","0","2","","","","N","","","","","","","","","",""
"2011069735","","1","0","0","0","0","0","0","0","0","4","0","","02","7","2011","2","40.338896","-79.960051","","11","0","0","0","0","0","0","0","0","2","0","0","0","","","0","","0","","40 20:20.024","2","0","79 57:36.182","0","0","0","0","2454","0","0","0","N","0","0","0","2","02454","0","","1.0","","1","N","N","","1","","0","0","0","","0","Y","","2","0","0","0","0","0","0","2","0","2","","","","N","","","","","","","","","",""
"2011071001","","1","0","0","0","0","0","0","0","0","1","0","","02","7","2011","4","40.479593","-79.729239","","11","0","0","0","0","0","2","0","0","","0","0","0","","","0","","2","","40 28:46.535","","0","79 43:45.262","0","0","0","0","2466","0","0","0","","0","0","0","3","02466","0","","1.0","","1","N","N","","0","","0","0","1","","0","","","2","0","0","0","0","0","0","2","0","2","","","","N","","","","","","","","","",""
"2011070229","","2","0","0","0","0","0","0","0","0","2","0","","02","7","2011","2","40.452271","-79.980808","","11","0","0","0","1","0","0","0","0","","0","0","0","","","0","","2","","40 27:08.175","","0","79 58:50.908","0","0","0","0","2301","0","0","0","N","0","0","0","6","02301","0","","1.0","","1","N","N","","0","","0","0","0","","0","","","2","0","0","0","0","0","0","2","0","2","","","","N","","","","","","","","","",""
"2011069812","","1","0","0","0","0","0","0","0","0","7","0","","02","7","2011","2","40.468174","-80.052405","","11","0","0","0","0","0","0","0","0","","0","0","0","","","0","","0","","40 28:05.426","","0","80 03:08.658","0","0","0","0","2444","0","0","0","N","0","0","0","1","02444","0","","2.0","","9","N","N","","0","","0","0","0","","0","","","1","0","0","0","0","0","0","2","0","1","","","","N","","","","","","","","","",""
"2011071003","","2","0","0","0","0","0","0","0","0","2","0","","02","6","2011","5","40.438623","-79.760409","","11","0","0","0","0","1","1","0","0","","0","0","0","","","2","","0","","40 26:19.043","","0","79 45:37.471","4","0","0","0","2446","0","0","0","N","0","0","0","2","02446","2","","1.0","","1","N","N","","0","","0","0","0","","0","","","2","2","0","0","0","0","0","2","0","2","","","","N","","","","","","","","","",""
"2011069813","","1","0","0","0","0","0","0","0","0","4","0","","02","7","2011","6","40.574391","-80.016529","","11","0","0","0","0","0","1","1","0","","0","0","0","","","0","","1","","40 34:27.807","","0","80 00:59.504","0","0","0","0","2108","0","0","0","N","0","0","0","4","02108","0","","1.0","","1","N","N","","0","","0","0","0","","3","","","2","0","0","0","0","0","0","2","1","2","","","","N","","","","","","","","","",""
"2011069740","","3","0","0","0","0","0","0","0","0","1","0","","02","7","2011","5","40.660891","-80.093133","","11","0","0","0","0","0","2","1","0","","0","0","0","","","0","","0","","40 39:39.207","","0","80 05:35.277","0","0","0","0","2212","0","0","0","N","0","0","0","3","02505","0","","1.0","","1","N","N","","0","","0","0","0","","0","","","3","0","0","0","0","0","0","2","0","3","","","","N","","","","","","","","","",""
"2011069814","","1","0","0","0","0","0","0","0","0","4","0","","02","6","2011","5","40.498477","-80.207684","","11","0","0","0","0","0","0","0","0","1","0","0","0","","","0","","1","","40 29:54.517","7","0","80 12:27.663","0","0","0","0","2213","0","0","0","N","0","0","0","3","02213","0","","1.0","","1","N","N","","0","","0","0","1","","3","N","","2","0","0","0","0","0","0","2","0","2","","","","N","","","","","","","","","",""
"2011070234","","0","0","0","0","0","0","0","0","0","7","0","","02","7","2011","2","40.395675","-80.071187","","11","1","0","0","0","0","0","0","0","","0","0","0","","","0","","0","","40 23:44.430","","0","80 04:16.273","0","0","0","0","2117","0","0","0","N","0","0","0","3","02117","0","","5.0","","1","N","N","","0","","0","0","1","","0","","","1","0","1","0","0","0","0","2","0","1","","","","N","","","","","","","","","",""
"2011069815","","2","0","0","0","0","0","0","0","0","2","0","","02","7","2011","1","40.522587","-80.178697","","11","0","0","0","1","0","0","1","0","2","0","0","0","","","1","","0","","40 31:21.314","2","0","80 10:43.309","8","0","0","0","2213","0","0","0","Y","0","0","0","2","02213","0","","1.0","","1","N","N","","0","","0","0","0","","0","N","","2","1","0","0","0","1","0","2","0","2","","","","N","","","","","","","","","",""
"2011068937","","1","0","0","0","0","0","0","0","0","1","0","","02","7","2011","6","40.391757","-80.060831","","11","0","0","0","1","0","1","0","0","","0","0","0","","","0","","0","","40 23:30.326","","0","80 03:38.991","0","0","0","0","2109","0","0","0","N","0","0","0","2","02109","0","","1.0","","1","N","N","","0","","0","0","1","","0","","","2","0","0","0","0","0","0","2","0","2","","","","N","","","","","","","","","",""
"2011069462","","1","0","0","0","0","0","0","0","0","7","0","","02","7","2011","7","40.493465","-79.760773","","11","0","0","1","0","0","0","0","0","","0","0","0","","","0","","2","","40 29:36.473","","0","79 45:38.784","0","0","0","0","2466","0","0","0","N","0","0","0","1","02466","0","","2.0","","1","N","N","","0","","0","0","0","","3","","","1","0","0","0","0","0","0","2","0","1","","","","N","","","","","","","","","",""
"2011068860","","0","0","0","0","0","0","1","0","0","4","1","","02","7","2011","1","40.441997","-79.956347","","11","0","0","0","0","0","0","0","0","","0","0","0","","","1","","1","","40 26:31.189","","0","79 57:22.850","3","0","0","0","2301","0","0","0","N","0","0","0","4","02503","0","","1.0","","1","N","N","","0","","1","0","1","","2","","","2","1","1","0","0","0","0","2","0","2","","","","N","","","","","","","","","",""
"2011069464","","1","0","0","0","0","0","0","0","0","1","0","","02","7","2011","1","40.38319","-80.043908","","11","0","0","0","0","0","2","0","0","2","0","0","0","","","1","","1","","40 22:59.484","5","0","80 02:38.069","8","0","0","0","2109","0","0","0","N","0","0","0","6","02109","0","","1.0","","1","N","N","","0","","0","0","2","","2","N","","3","1","2","0","0","1","0","2","0","3","","","","N","","","","","","","","","",""
"2011070238","","0","0","0","0","0","0","0","0","0","7","0","","02","7","2011","3","40.582304","-80.079354","","11","1","0","0","0","0","0","0","0","1","0","0","0","","","0","","0","","40 34:56.294","3","0","80 04:45.674","0","0","0","0","2481","0","0","0","N","0","0","0","3","02481","0","","5.0","","1","N","N","","0","","0","0","1","","0","N","","1","0","0","0","0","0","0","2","0","1","","","","N","","","","","","","","","",""
"2011068941","","1","0","0","0","0","0","0","0","0","1","0","","02","7","2011","6","40.466732","-79.837376","","11","0","0","0","0","0","1","0","0","","0","0","0","","","2","","2","","40 28:00.236","","0","79 50:14.552","8","0","0","0","2113","0","0","0","N","0","0","0","6","02113","0","","1.0","","1","N","N","","0","","0","0","2","","0","","","3","2","0","0","0","2","0","2","0","3","","","","N","","","","","","","","","",""
"2011069606","","0","0","0","0","0","0","0","0","0","99","0","","02","7","2011","4","40.671487","-80.036298","","11","0","0","0","0","0","1","0","0","","0","0","0","","","1","","2","","40 40:17.353","","0","80 02:10.673","4","0","0","0","2216","0","0","0","N","0","0","0","1","02505","1","","1.0","","1","N","N","","0","","0","0","1","","0","","","1","1","0","0","0","0","0","2","0","1","","","","N","","","","","","","","","",""
"2011071058","","2","0","0","0","0","0","0","0","0","1","0","","02","7","2011","5","40.481907","-80.033148","","11","0","0","0","0","0","0","0","0","","0","0","0","","","0","","0","","40 28:54.865","","0","80 01:59.332","0","0","0","0","2301","0","0","0","N","0","0","0","1","02301","0","","1.0","","1","N","N","","0","","0","0","0","","0","","","2","0","1","0","0","0","0","2","0","2","","","","N","","","","","","","","","",""
"2011069748","","1","0","0","0","0","0","0","0","0","4","0","","02","7","2011","1","40.420789","-79.921036","","11","0","0","0","0","0","2","0","0","","0","0","0","","","1","","0","","40 25:14.840","","0","79 55:15.729","8","0","0","0","2301","0","0","0","N","0","0","0","2","02301","0","","1.0","","1","N","N","","0","","0","0","0","","0","","","2","1","0","0","0","1","0","2","1","2","","","","N","","","","","","","","","",""
"2011070174","","1","0","0","0","0","0","0","0","0","7","0","","02","7","2011","4","40.448886","-79.919021","","11","0","0","0","0","0","0","1","0","","0","0","0","","","1","","0","","40 26:55.989","","0","79 55:08.475","4","0","0","0","2301","0","0","0","N","0","0","0","1","02301","1","","5.0","","9","N","N","","0","","0","0","0","","0","","","1","1","0","0","0","0","0","2","0","1","","","","N","","","","","","","","","",""
"2011070798","","0","0","0","0","0","0","0","0","0","1","0","","02","7","2011","3","40.447726","-80.178568","","11","0","0","0","0","0","1","0","0","","0","0","0","","","1","","2","","40 26:51.813","","0","80 10:42.844","8","0","0","0","2214","0","0","0","N","0","0","0","2","02214","0","","1.0","","1","N","N","","0","","0","0","2","","3","","","2","1","0","0","0","1","0","2","0","2","","","","N","","","","","","","","","",""
"2011069468","","1","0","0","0","0","0","0","0","0","7","0","","02","7","2011","1","40.611777","-80.103427","","11","0","0","0","0","0","0","0","1","3","0","0","0","","","2","","0","","40 36:42.396","3","0","80 06:12.337","3","0","0","0","2481","0","0","0","N","0","0","0","2","02481","1","","5.0","","1","N","N","","0","","1","0","0","","0","N","","1","2","0","0","0","0","0","1","0","1","","","","N","","","","","","","","","",""
"2011068865","","2","0","0","0","0","0","0","0","0","4","0","","02","7","2011","5","40.448771","-79.775087","","11","0","0","0","0","0","0","0","1","1","0","0","0","","","1","","2","","40 26:55.575","4","0","79 46:30.313","8","0","0","0","2446","0","0","0","N","0","0","0","3","02446","0","","1.0","","1","N","N","","0","","0","0","0","","3","N","","2","1","1","0","0","1","0","2","0","2","","","","N","","","","","","","","","",""
"2011069608","","2","0","0","0","0","0","0","0","0","4","0","","02","7","2011","1","40.430082","-79.985261","","11","0","0","0","0","0","0","0","0","1","0","0","0","","","0","","0","","40 25:48.295","3","0","79 59:06.939","9","0","0","0","2301","0","0","0","N","0","0","0","4","02301","0","","1.0","","1","N","N","","0","","0","0","0","","0","N","","2","0","0","0","0","0","1","2","0","2","","","","N","","","","","","","","","",""
"2011070456","","2","0","0","0","0","0","0","0","0","1","0","","02","5","2011","2","40.426041","-79.897961","","11","0","0","0","0","0","0","0","0","","0","0","0","","","1","","0","","40 25:33.749","","0","79 53:52.660","3","0","0","0","2301","0","0","0","N","0","0","0","3","68B03","0","","1.0","","1","N","N","","1","","1","0","0","","0","","","3","1","0","0","0","0","0","2","0","3","","","","N","","","","","","","","","",""
"2011068805","","1","0","0","0","0","0","0","0","0","4","0","","02","7","2011","4","40.667567","-79.716419","","11","0","0","0","0","0","1","0","0","","0","0","0","","","0","","1","","40 40:03.240","","2","79 42:59.107","0","0","0","0","2106","0","0","0","N","0","0","0","3","68D02","0","","1.0","","1","N","N","","0","","0","0","1","","3","","","2","0","0","0","0","0","0","2","0","2","","","","N","","","","","","","","","",""