"CRN","ARRIVAL_TM","AUTOMOBILE_COUNT","BELTED_DEATH_COUNT","BELTED_SUSP_SERIOUS_INJ_COUNT","BICYCLE_COUNT","BICYCLE_DEATH_COUNT","BICYCLE_SUSP_SERIOUS_INJ_COUNT","BUS_COUNT","CHLDPAS_DEATH_COUNT","CHLDPAS_SUSP_SERIOUS_INJ_COUNT","COLLISION_TYPE","COMM_VEH_COUNT","CONS_ZONE_SPD_LIM","COUNTY","CRASH_MONTH","CRASH_YEAR","DAY_OF_WEEK","DEC_LATITUDE","DEC_LONGITUDE","DISPATCH_TM","DISTRICT","DRIVER_COUNT_16YR","DRIVER_COUNT_17YR","DRIVER_COUNT_18YR","DRIVER_COUNT_19YR","DRIVER_COUNT_20YR","DRIVER_COUNT_50_64YR","DRIVER_COUNT_65_74YR","DRIVER_COUNT_75PLUS","EST_HRS_CLOSED","FATAL_COUNT","HEAVY_TRUCK_COUNT","HORSE_BUGGY_COUNT","HOUR_OF_DAY","ILLUMINATION","INJURY_COUNT","INTERSECTION_RELATED","INTERSECT_TYPE","LANE_CLOSED","LATITUDE","LN_CLOSE_DIR","LOCATION_TYPE","LONGITUDE","MAX_SEVERITY_LEVEL","MCYCLE_DEATH_COUNT","MCYCLE_SUSP_SERIOUS_INJ_COUNT","MOTORCYCLE_COUNT","MUNICIPALITY","NONMOTR_COUNT","NONMOTR_DEATH_COUNT","NONMOTR_SUSP_SERIOUS_INJ_COUNT","NTFY_HIWY_MAINT","PED_COUNT","PED_DEATH_COUNT","PED_SUSP_SERIOUS_INJ_COUNT","PERSON_COUNT","POLICE_AGCY","POSSIBLE_INJ_COUNT","RDWY_SURF_TYPE_CD","RELATION_TO_ROAD","ROADWAY_CLEARED","ROAD_CONDITION","SCH_BUS_IND","SCH_ZONE_IND","SECONDARY_CRASH","SMALL_TRUCK_COUNT","SPEC_JURIS_CD","SUSP_MINOR_INJ_COUNT","SUSP_SERIOUS_INJ_COUNT","SUV_COUNT","TCD_FUNC_CD","TCD_TYPE","TFC_DETOUR_IND","TIME_OF_DAY","TOTAL_UNITS","TOT_INJ_COUNT","UNBELTED_OCC_COUNT","UNB_DEATH_COUNT","UNB_SUSP_SERIOUS_INJ_COUNT","UNK_INJ_DEG_COUNT","UNK_INJ_PER_COUNT","URBAN_RURAL","VAN_COUNT","VEHICLE_COUNT","WEATHER1","WEATHER2","WORKERS_PRES","WORK_ZONE_IND","WORK_ZONE_LOC","WORK_ZONE_TYPE","WZ_CLOSE_DETOUR","WZ_FLAGGER","WZ_LAW_OFFCR_IND","WZ_LN_CLOSURE","WZ_MOVING","WZ_OTHER","WZ_SHLDER_MDN","WZ_WORKERS_INJ_KILLED"
"2011068880","","2","0","0","0","0","0","0","0","0","7","0","","02","7","2011","6","40.480048","-79.763653","","11","0","0","0","0","0","0","0","1","2","0","0","0","","","1","","0","","40 28:48.172","5","0","79 45:49.150","4","0","0","0","2466","0","0","0","N","0","0","0","1","02466","1","","2.0","","9","N","N","","0","","0","0","0","","0","N","","2","1","0","0","0","0","0","2","0","2","","","","N","","","","","","","","","",""
"2011071062","","2","0","0","0","0","0","0","0","0","4","0","","02","7","2011","4","40.419089","-79.884281","","11","0","0","0","1","0","0","0","0","1","0","0","0","","","1","","1","","40 25:08.720","7","0","79 53:03.411","4","0","0","0","2463","0","0","0","N","0","0","0","2","02463","1","","1.0","","1","N","N","","0","","0","0","0","","3","Y","","2","1","0","0","0","0","0","2","0","2","","","","N","","","","","","","","","",""
"2011070457","","2","0","0","0","0","0","0","0","0","7","0","","02","6","2011","1","40.433936","-79.987943","","11","0","0","0","0","0","1","0","0","2","0","0","0","","","2","","0","","40 26:02.169","3","0","79 59:16.595","4","0","0","0","2301","0","0","0","N","0","0","0","3","68B03","2","","4.0","","1","N","N","","0","","0","0","0","","0","N","","2","2","0","0","0","0","0","2","0","2","","","","N","","","","","","","","","",""
"2011070255","","0","0","0","0","0","0","0","0","0","8","0","","02","7","2011","3","40.440743","-79.995968","","11","0","0","0","0","0","0","0","0","","0","0","0","","","1","","1","","40 26:26.674","","0","79 59:45.484","8","0","0","0","2301","1","0","0","N","1","0","0","2","02301","0","","1.0","","1","N","N","","0","","0","0","1","","2","","","2","1","0","0","0","1","1","2","0","1","","","","N","","","","","","","","","",""
"2011070802","","1","0","0","0","0","0","0","0","0","4","0","40","02","7","2011","4","40.53765","-80.011351","","11","0","0","1","0","0","0","0","0","1","0","0","0","","","2","","0","","40 32:15.539","2","7","80 00:40.862","3","0","0","1","2116","0","0","0","N","0","0","0","4","02116","1","","1.0","","1","N","N","","0","","1","0","0","","2","N","","2","2","0","0","0","0","0","2","0","2","","","N","Y","3","1","","","N","Y","","","",""
"2011070458","","0","0","0","0","0","0","0","0","0","1","0","","02","6","2011","3","40.431659","-80.138629","","11","0","0","0","0","0","0","0","0","2","0","0","0","","","0","","0","","40 25:53.974","3","0","80 08:19.063","0","0","0","0","2115","0","0","0","N","0","0","0","3","68B03","0","","1.0","","1","N","N","","0","","0","0","3","","0","N","","3","0","0","0","0","0","0","2","0","3","","","","N","","","","","","","","","",""
"2011070256","","0","0","0","0","0","0","0","0","0","4","0","","02","7","2011","2","40.330527","-80.022053","","11","0","0","0","0","0","0","0","1","","0","0","0","","","1","","5","","40 19:49.897","","0","80 01:19.389","3","0","0","0","2407","0","0","0","N","0","0","0","2","02407","0","","1.0","","1","N","N","","1","","1","0","0","","2","","","2","1","1","0","0","0","0","2","1","2","","","","N","","","","","","","","","",""
"2011054553","","0","0","0","0","0","0","0","0","0","4","0","","02","5","2011","5","40.394508","-79.826418","","11","0","0","0","0","0","1","0","0","1","0","0","0","","","2","","0","","40 23:40.229","4","0","79 49:35.104","8","0","0","0","2111","0","0","0","N","0","0","0","2","02111","0","","1.0","","1","N","N","","2","","0","0","0","","2","N","","2","2","1","0","0","2","0","2","0","2","","","","N","","","","","","","","","",""
"2011056121","","2","0","0","0","0","0","0","0","0","1","0","","02","5","2011","6","40.436012","-79.866423","","11","0","0","0","0","0","2","0","0","2","0","0","0","","","1","","0","","40 26:09.644","4","0","79 51:59.124","4","0","0","0","2478","0","0","0","N","0","0","0","3","68B03","1","","1.0","","9","N","N","","0","","0","0","1","","0","N","","3","1","0","0","0","0","0","2","0","3","","","","N","","","","","","","","","",""
"2011068577","","1","0","0","1","0","0","0","0","0","8","0","","02","7","2011","5","40.4592","-79.922055","","11","0","0","0","0","0","0","0","0","","0","0","0","","","1","","1","","40 27:33.120","","0","79 55:19.398","3","0","0","0","2301","1","0","0","N","0","0","0","2","02301","0","","1.0","","1","N","N","","0","","1","0","0","","2","","","2","1","0","0","0","0","0","2","0","1","","","","N","","","","","","","","","",""
"2011055997","","2","0","0","0","0","0","0","0","0","4","1","","02","6","2011","4","40.540795","-79.807565","","11","0","0","0","0","0","2","0","0","","0","1","0","","","0","","2","","40 32:26.862","","0","79 48:27.233","0","0","0","0","2208","0","0","0","N","0","0","0","4","02208","0","","1.0","","1","N","N","","0","","0","0","1","","0","","","4","0","0","0","0","0","0","2","0","4","","","","N","","","","","","","","","",""
"2011054554","","2","0","0","0","0","0","0","0","0","4","0","","02","5","2011","6","40.439532","-79.927746","","11","0","0","0","0","0","1","1","0","","0","0","0","","","0","","1","","40 26:22.315","","0","79 55:39.885","0","0","0","0","2301","0","0","0","N","0","0","0","3","02301","0","","1.0","","9","N","N","","0","","0","0","0","","3","","","2","0","0","0","0","0","0","2","0","2","","","","N","","","","","","","","","",""
"2011054568","","3","0","0","0","0","0","0","0","0","1","0","","02","5","2011","4","40.598086","-80.077544","","11","0","0","0","0","0","1","0","0","1","0","0","0","","","0","","2","","40 35:53.109","2","0","80 04:39.158","0","0","0","0","2481","0","0","0","N","0","0","0","3","02481","0","","1.0","","1","N","N","","0","","0","0","0","","0","N","","3","0","0","0","0","0","0","2","0","3","","","","N","","","","","","","","","",""
"2011056195","","1","0","0","0","0","0","0","0","0","7","0","55","02","5","2011","2","40.643084","-80.027767","","11","0","0","0","0","0","0","0","0","","0","0","0","","","1","","0","","40 38:35.103","","0","80 01:39.960","4","0","0","0","2216","0","0","0","N","0","0","0","1","68T02","1","","4.0","","1","N","N","","0","","0","0","0","","0","","","1","1","0","0","0","0","0","2","0","1","","","N","Y","4","1","N","N","N","N","N","Y","N",""
"2011069239","","1","0","0","0","0","0","0","0","0","4","0","","02","7","2011","7","40.43543","-79.788111","","11","0","0","0","0","0","1","0","0","","0","0","0","","","1","","0","","40 26:07.548","","0","79 47:17.198","4","0","0","0","2446","0","0","0","N","0","0","0","3","02446","1","","1.0","","1","N","N","","0","","0","0","0","","0","","","2","1","0","0","0","0","0","2","1","2","","","","N","","","","","","","","","",""
"2011069903","","2","0","0","0","0","0","0","0","0","1","0","","02","7","2011","2","40.410286","-79.990451","","11","0","0","0","0","0","0","0","0","","0","0","0","","","1","","0","","40 24:37.029","","0","79 59:25.623","4","0","0","0","2301","0","0","0","N","0","0","0","4","02301","1","","1.0","","9","N","N","","0","","0","0","0","","0","","","2","1","0","0","0","0","0","2","0","2","","","","N","","","","","","","","","",""
"2011055999","","0","0","0","0","0","0","1","0","0","4","2","","02","6","2011","4","40.478471","-79.9556","","11","0","0","0","0","0","2","0","0","","0","1","0","","","2","","1","","40 28:42.495","","0","79 57:20.160","4","0","0","0","2301","0","0","0","N","0","0","0","4","02503","2","","1.0","","1","N","N","","0","","0","0","0","","2","","","2","2","0","0","0","0","0","2","0","2","","","","N","","","","","","","","","",""
"2011069169","","0","0","0","0","0","0","0","0","0","4","1","","02","7","2011","6","40.523084","-80.177503","","11","0","0","0","0","0","0","0","0","4","0","1","0","","","1","","2","","40 31:23.102","2","0","80 10:39.011","4","0","0","0","2213","0","0","0","N","0","0","0","5","02420","1","","1.0","","9","N","N","","0","","0","0","0","","3","Y","","2","1","0","0","0","0","0","2","1","2","","","","N","","","","","","","","","",""
"2011054558","","1","0","0","0","0","0","0","0","0","7","0","","02","5","2011","6","40.612205","-79.983101","","11","0","1","0","0","0","0","0","0","1","0","0","0","","","1","","0","","40 36:43.938","1","0","79 58:59.163","4","0","0","0","2207","0","0","0","N","0","0","0","1","02207","1","","5.0","","9","N","N","","0","","0","0","0","","0","N","","1","1","0","0","0","0","0","1","0","1","","","","N","","","","","","","","","",""
"2011069170","","1","0","0","0","0","0","0","0","0","7","0","","02","7","2011","6","40.648509","-79.937221","","11","0","0","0","0","0","1","0","0","2","0","0","0","","","0","","2","","40 38:54.634","5","0","79 56:13.997","0","0","0","0","2217","0","0","0","N","0","0","0","1","02505","0","","5.0","","9","N","N","","0","","0","0","0","","0","N","","1","0","0","0","0","0","0","2","0","1","","","","N","","","","","","","","","",""
"2011070540","","1","0","0","0","0","0","0","0","0","4","1","","02","7","2011","3","40.327717","-80.066157","","11","0","0","0","0","0","0","1","0","2","0","0","0","","","1","","2","","40 19:39.782","6","0","80 03:58.166","3","0","0","0","2123","0","0","0","Y","0","0","0","2","02123","0","","1.0","","1","N","N","","0","","1","0","0","","7","N","","2","1","1","0","0","0","0","2","0","2","","","","N","","","","","","","","","",""
"2011069256","","1","0","0","0","0","0","0","0","0","1","0","","02","7","2011","6","40.355168","-80.116363","","11","0","0","0","0","0","1","0","0","2","0","0","0","","","2","","2","","40 21:18.605","3","0","80 06:58.908","8","0","0","0","2119","0","0","0","N","0","0","0","4","02119","0","","1.0","","1","N","N","","0","","0","0","1","","2","N","","2","2","0","0","0","2","1","2","0","2","","","","N","","","","","","","","","",""
"2011054574","","1","0","0","0","0","0","0","0","0","4","0","","02","5","2011","6","40.457246","-79.997838","","11","0","0","0","0","0","0","0","0","1","0","0","0","","","1","","1","","40 27:26.085","1","0","79 59:52.216","8","0","0","0","2301","0","0","0","N","0","0","0","3","02301","0","","1.0","","1","N","N","","0","","0","0","1","","2","Y","","2","1","0","0","0","1","0","2","0","2","","","","N","","","","","","","","","",""
"2011054638","","1","0","0","0","0","0","0","0","0","2","1","","02","5","2011","6","40.445679","-79.994173","","11","0","0","0","0","0","0","2","0","1","0","1","0","","","0","","2","","40 26:44.444","4","0","79 59:39.022","0","0","0","0","2301","0","0","0","N","0","0","0","2","02301","0","","1.0","","9","N","N","","0","","0","0","0","","2","Y","","2","0","0","0","0","0","0","2","0","2","","","","N","","","","","","","","","",""
"2011069920","","3","0","0","0","0","0","0","0","0","1","0","","02","7","2011","2","40.449174","-80.023363","","11","0","0","0","1","0","0","0","0","3","0","0","0","","","0","","0","","40 26:57.028","1","3","80 01:24.105","0","0","0","0","2301","0","0","0","N","0","0","0","4","02301","0","","1.0","","9","N","N","","0","","0","0","0","","0","Y","","3","0","0","0","0","0","0","2","0","3","","","","N","","","","","","","","","",""
"2011068598","","1","0","0","0","0","0","0","0","0","1","0","","02","7","2011","4","40.362967","-79.971075","","11","0","0","0","0","0","1","0","1","1","0","1","0","","","1","","3","","40 21:46.681","3","0","79 58:15.870","4","0","0","0","2476","0","0","0","N","0","0","0","2","02476","1","","1.0","","1","N","N","","0","","0","0","0","","3","Y","","2","1","1","0","0","0","0","2","0","2","","","","N","","","","","","","","","",""
"2011069260","","1","0","0","0","0","0","0","0","0","2","0","","02","7","2011","7","40.399994","-80.045094","","11","0","0","0","0","0","0","0","0","1","0","0","0","","","2","","0","","40 23:59.978","3","0","80 02:42.338","4","0","0","0","2301","0","0","0","N","0","0","0","3","02301","2","","1.0","","1","N","N","","0","","0","0","1","","0","N","","2","2","1","0","0","0","0","2","0","2","","","","N","","","","","","","","","",""
"2011054642","","2","0","0","0","0","0","0","0","0","4","0","","02","5","2011","6","40.400243","-79.886913","","11","0","0","1","0","0","1","0","0","","0","0","0","","","0","","2","","40 24:00.873","","0","79 53:12.888","0","0","0","0","2475","0","0","0","N","0","0","0","3","02475","0","","1.0","","9","N","N","","0","","0","0","0","","3","","","2","0","1","0","0","0","0","2","0","2","","","","N","","","","","","","","","",""
"2011056204","","1","0","0","0","0","0","0","0","0","4","0","","02","6","2011","4","40.533896","-79.844881","","11","0","0","0","0","0","1","0","0","2","0","0","0","","","2","","2","","40 32:02.027","2","0","79 50:41.571","4","0","0","1","2208","0","0","0","N","0","0","0","3","02208","2","","1.0","","1","N","N","","0","","0","0","0","","2","N","","2","2","0","0","0","0","0","2","0","2","","","","N","","","","","","","","","",""
"2011070545","","0","0","0","0","0","0","0","0","0","7","0","","02","7","2011","6","40.49779","-79.836974","","11","0","1","0","0","0","0","0","0","1","0","0","0","","","0","","0","","40 29:52.044","4","0","79 50:13.106","0","0","0","0","2113","0","0","0","N","0","0","0","2","02113","0","","5.0","","9","N","N","","1","","0","0","0","","0","N","","1","0","0","0","0","0","0","2","0","1","","","","N","","","","","","","","","",""
"2011056205","","2","0","0","0","0","0","0","0","0","4","0","","02","6","2011","4","40.438896","-79.992595","","11","0","0","0","0","0","0","0","1","","0","0","0","","","0","","0","","40 26:20.026","","0","79 59:33.341","0","0","0","0","2301","0","0","0","N","0","0","0","2","02301","0","","1.0","","1","N","N","","0","","0","0","0","","0","","","2","0","0","0","0","0","0","2","0","2","","","","N","","","","","","","","","",""
"2011056206","","1","0","0","0","0","0","0","0","0","1","0","","02","5","2011","2","40.496457","-79.943983","","11","0","1","0","0","0","0","0","0","2","0","0","0","","","0","","10","","40 29:47.245","1","0","79 56:38.337","0","0","0","0","2430","0","0","0","N","0","0","0","1","02430","0","","1.0","","1","N","N","","0","","0","0","1","","0","Y","","2","0","0","0","0","0","0","2","0","2","","","","N","","","","","","","","","",""
"2011069177","","1","0","0","0","0","0","0","0","0","4","0","","02","6","2011","4","40.506119","-79.990498","","11","0","0","0","0","0","1","0","0","1","0","0","0","","","1","","2","","40 30:22.028","1","0","79 59:25.791","8","0","0","1","2116","0","0","0","N","0","0","0","2","02116","0","","1.0","","1","N","N","","0","","0","0","0","","2","N","","2","1","1","0","0","1","0","2","0","2","","","","N","","","","","","","","","",""
"2011054645","","1","0","0","0","0","0","0","0","0","1","0","","02","5","2011","6","40.378555","-80.096418","","11","0","0","0","0","0","0","1","0","","0","0","0","","","1","","0","","40 22:42.798","","7","80 05:47.105","4","0","0","0","2102","0","0","0","N","0","0","0","2","02102","1","","1.0","","1","N","N","","0","","0","0","1","","0","","","2","1","0","0","0","0","0","2","0","2","","","","N","","","","","","","","","",""
"2011069927","","2","0","0","0","0","0","0","0","0","1","0","","02","7","2011","2","40.417418","-80.007424","","11","0","0","1","0","0","0","0","0","1","0","0","0","","","0","","0","","40 25:02.703","2","4","80 00:26.725","0","0","0","0","2301","0","0","0","N","0","0","0","2","02301","0","","1.0","","9","N","N","","0","","0","0","0","","0","N","","2","0","0","0","0","0","0","2","0","2","","","","N","","","","","","","","","",""
"2011056010","","0","0","0","0","0","0","0","0","0","4","0","","02","6","2011","4","40.514034","-80.055084","","11","0","0","0","0","0","0","1","0","","0","0","0","","","0","","2","","40 30:50.523","","2","80 03:18.301","0","0","0","0","2116","0","0","0","N","0","0","0","2","02116","0","","1.0","","1","N","N","","0","","0","0","1","","2","","","2","0","0","0","0","0","0","2","1","2","","","","N","","","","","","","","","",""
"2011056209","","2","0","0","0","0","0","0","0","0","1","0","","02","6","2011","4","40.393852","-80.046304","","11","0","0","0","0","1","1","0","0","","0","0","0","","","1","","0","","40 23:37.868","","0","80 02:46.694","4","0","0","0","2109","0","0","0","N","0","0","0","4","02109","1","","1.0","","1","N","N","","0","","0","0","1","","0","","","3","1","0","0","0","0","0","2","0","3","","","","N","","","","","","","","","",""
"2011069852","","2","0","0","0","0","0","0","0","0","99","0","","02","3","2011","6","40.441961","-79.798492","","11","0","0","0","0","0","0","0","0","3","0","0","0","","","3","","0","","40 26:31.060","4","0","79 47:54.572","3","0","0","0","2446","0","0","0","N","0","0","0","5","68B03","1","","1.0","","6","N","N","","1","","2","0","2","","0","N","","5","3","0","0","0","0","0","2","0","5","","","","N","","","","","","","","","",""
"2011054647","","1","0","0","0","0","0","0","0","0","7","0","","02","5","2011","5","","","","11","0","0","0","0","0","0","0","0","","0","0","0","","","0","","2","","","","0","","0","0","0","0","2102","0","0","0","N","0","0","0","1","02102","0","","2.0","","9","N","N","","0","","0","0","0","","0","","","1","0","0","0","0","0","0","1","0","1","","","","N","","","","","","","","","",""
"2011069180","","1","0","0","0","0","0","0","0","0","7","0","","02","7","2011","6","40.54549","-79.945708","","11","0","0","1","0","0","0","0","0","","0","0","0","","","0","","0","","40 32:43.765","","0","79 56:44.549","0","0","0","0","2118","0","0","0","N","0","0","0","1","02118","0","","2.0","","9","N","N","","0","","0","0","0","","0","","","1","0","0","0","0","0","0","2","0","1","","","","N","","","","","","","","","",""
"2011069853","","1","0","0","0","0","0","0","0","0","7","0","","02","6","2011","7","40.555899","-80.0848","","11","0","0","0","0","0","0","0","0","","0","0","0","","","2","","0","","40 33:21.238","","0","80 05:05.281","4","0","0","0","2215","0","0","0","N","0","0","0","2","68B03","2","","4.0","","9","N","N","","0","","0","0","0","","0","","","1","2","0","0","0","0","0","2","0","1","","","","N","","","","","","","","","",""
"2011069266","","1","0","0","0","0","0","0","0","0","7","0","","02","7","2011","5","40.530577","-80.009757","","11","0","0","0","0","0","1","0","0","1","0","0","0","","","0","","1","","40 31:50.078","1","0","80 00:35.126","0","0","0","0","2116","0","0","0","N","0","0","0","1","02116","0","","2.0","","1","N","N","","0","","0","0","0","","2","N","","2","0","0","0","0","0","0","2","0","1","","","","N","","","","","","","","","",""
"2011056012","","0","0","0","0","0","0","0","0","0","8","0","","02","6","2011","4","40.453652","-79.979515","","11","0","0","0","0","0","0","0","0","","0","0","0","","","1","","1","","40 27:13.147","","0","79 58:46.254","3","0","0","0","2301","1","0","0","N","1","0","0","2","02301","0","","1.0","","1","N","N","","1","","1","0","0","","3","","","2","1","1","0","0","0","0","2","0","1","","","","N","","","","","","","","","",""
"2011069854","","2","0","0","0","0","0","0","0","0","5","0","","02","6","2011","3","40.585515","-80.099403","","11","0","0","0","0","0","1","0","0","","0","0","0","","","0","","0","","40 35:07.854","","0","80 05:57.850","0","0","0","0","2481","0","0","0","N","0","0","0","2","68B03","0","","1.0","","1","N","N","","0","","0","0","0","","0","","","2","0","0","0","0","0","0","2","0","2","","","","N","","","","","","","","","",""
"2011069931","","0","0","0","0","0","0","0","0","0","4","0","","02","7","2011","2","40.444202","-80.028173","","11","0","0","0","0","0","1","0","0","1","0","0","0","","","0","","10","","40 26:39.126","4","3","80 01:41.424","0","0","0","0","2301","0","0","0","N","0","0","0","2","02301","0","","1.0","","1","N","N","","1","","0","0","1","","2","N","","2","0","0","0","0","0","0","2","0","2","","","","N","","","","","","","","","",""
"2011054649","","1","0","0","0","0","0","0","0","0","7","0","","02","5","2011","6","","","","11","0","0","0","0","0","0","1","0","","0","0","0","","","1","","0","","","","7","","8","0","0","0","2474","0","0","0","N","0","0","0","1","02474","0","","2.0","","9","N","N","","0","","0","0","0","","0","","","1","1","0","0","0","1","0","1","0","1","","","","N","","","","","","","","","",""
"2011069855","","1","0","0","0","0","0","0","0","0","7","0","","02","6","2011","6","40.44054","-79.833574","","11","0","0","0","0","0","0","0","0","","0","0","0","","","0","","0","","40 26:25.945","","0","79 50:00.866","0","0","0","0","2419","0","0","0","N","0","0","0","1","68B03","0","","3.0","","8","N","N","","0","","0","0","0","","0","","","1","0","0","0","0","0","0","2","0","1","","","","N","","","","","","","","","",""
"2011053907","","1","0","0","0","0","0","0","0","0","7","0","","02","5","2011","3","40.570238","-79.857333","","11","0","0","0","0","0","0","0","0","","0","0","0","","","0","","0","","40 34:12.855","","0","79 51:26.398","0","0","0","0","2209","0","0","0","N","0","0","0","1","68T02","0","","2.0","","8","N","N","","0","","0","0","0","","0","","","1","0","0","0","0","0","0","2","0","1","","","","N","","","","","","","","","",""
"2011069856","","2","0","0","0","0","0","0","0","0","1","0","","02","6","2011","5","40.428784","-80.13171","","11","0","0","0","0","0","0","0","0","","0","0","0","","","0","","0","","40 25:43.622","","0","80 07:54.157","0","0","0","0","2102","0","0","0","N","0","0","0","2","68B03","0","","1.0","","1","N","N","","0","","0","0","0","","0","","","2","0","0","0","0","0","0","2","0","2","","","","N","","","","","","","","","",""
"2011068596","","0","0","0","0","0","0","0","0","0","4","0","","02","7","2011","5","","","","11","0","0","1","0","0","0","0","0","1","0","0","0","","","1","","0","","","1","7","","4","0","0","0","2214","0","0","0","N","0","0","0","3","02214","1","","1.0","","1","N","N","","0","","0","0","2","","0","N","","2","1","0","0","0","0","0","1","0","2","","","","N","","","","","","","","","",""
"2011069933","","1","0","0","0","0","0","0","0","0","7","0","","02","7","2011","2","40.47267","-80.081007","","11","0","0","1","0","0","0","0","0","2","0","0","0","","","1","","0","","40 28:21.612","5","0","80 04:51.625","4","0","0","0","2122","0","0","0","N","0","0","0","1","02122","1","","5.0","","1","N","N","","0","","0","0","0","","0","Y","","1","1","0","0","0","0","0","2","0","1","","","","N","","","","","","","","","",""
"2011054652","","1","0","0","0","0","0","0","0","0","2","0","","02","5","2011","6","40.46819","-79.90305","","11","0","1","0","0","1","0","0","0","1","0","0","0","","","1","","2","","40 28:05.484","4","0","79 54:10.980","3","0","0","1","2301","0","0","0","N","0","0","0","3","02301","0","","1.0","","1","N","N","","0","","1","0","0","","0","N","","2","1","0","0","0","0","0","2","0","2","","","","N","","","","","","","","","",""
"2011069857","","1","0","0","0","0","0","0","0","0","7","0","","02","7","2011","4","40.439132","-80.008428","","11","0","0","0","0","0","0","0","0","2","0","0","0","","","1","","0","","40 26:20.874","3","0","80 00:30.342","4","0","0","0","2301","0","0","0","N","0","0","0","1","68B03","1","","2.0","","1","N","N","","0","","0","0","0","","0","N","","1","1","0","0","0","0","0","2","0","1","","","","N","","","","","","","","","",""
"2011070555","","0","0","0","0","0","0","1","0","0","7","1","","02","7","2011","4","40.411517","-79.977273","","11","0","0","0","0","0","0","0","0","3","0","0","0","","","0","","1","","40 24:41.461","4","0","79 58:38.182","0","0","0","0","2301","0","0","0","N","0","0","0","2","02301","0","","2.0","","1","Y","N","","0","","0","0","0","","0","Y","","1","0","0","0","0","0","0","2","0","1","","","","N","","","","","","","","","",""
"2011068522","","2","0","0","0","0","0","0","0","0","4","0","","02","7","2011","4","40.528122","-79.879993","","11","0","1","0","0","0","1","0","0","1","0","0","0","","","0","","3","","40 31:41.239","2","0","79 52:47.974","0","0","0","0","2432","0","0","0","N","0","0","0","4","02432","0","","1.0","","1","N","N","","0","","0","0","0","","8","N","","2","0","0","0","0","0","0","2","0","2","","","","N","","","","","","","","","",""
"2011069858","","1","0","0","0","0","0","0","0","0","7","0","","02","7","2011","4","40.42289","-80.098701","","11","0","0","0","0","0","0","0","0","","0","0","0","","","0","","6","","40 25:22.404","","2","80 05:55.322","0","0","0","0","2115","0","0","0","N","0","0","0","1","68B03","0","","2.0","","1","N","N","","0","","0","0","0","","4","","","1","0","0","0","0","0","0","2","0","1","","","","N","","","","","","","","","",""
"2011068610","","0","0","0","0","0","0","0","0","0","4","0","","02","7","2011","4","40.486618","-79.703958","","11","0","0","0","0","0","0","0","0","1","0","0","0","","","1","","0","","40 29:11.824","5","0","79 42:14.248","8","0","0","0","2466","0","0","0","N","0","0","0","2","02466","0","","1.0","","1","N","N","","1","","0","0","1","","0","N","","2","1","0","0","0","1","0","2","0","2","","","","N","","","","","","","","","",""
"2011069860","","1","0","0","0","0","0","0","0","0","0","0","","02","7","2011","5","40.420684","-80.039842","","11","0","0","0","0","0","1","0","0","1","0","0","0","","","0","","0","","40 25:14.461","4","0","80 02:23.430","0","0","0","0","2435","0","0","0","Y","0","0","0","3","68B03","0","","1.0","","1","N","N","","0","","0","0","0","","0","N","","1","0","0","0","0","0","0","2","0","1","","","","N","","","","","","","","","",""
"2011054656","","1","0","0","0","0","0","0","0","0","4","0","","02","5","2011","6","40.508274","-79.946101","","11","0","0","0","0","0","1","0","0","2","0","0","0","","","0","","2","","40 30:29.786","1","0","79 56:45.963","0","0","0","0","2118","0","0","0","N","0","0","0","2","02118","0","","1.0","","9","N","N","","0","","0","0","1","","0","N","","2","0","0","0","0","0","0","2","0","2","","","","N","","","","","","","","","",""
"2011069861","","1","0","0","0","0","0","0","0","0","4","0","","02","7","2011","1","40.608968","-80.09446","","11","0","0","0","0","0","0","0","0","","0","0","0","","","2","","0","","40 36:32.284","","0","80 05:40.056","8","0","0","0","2481","0","0","0","N","0","0","0","6","68B03","0","","1.0","","1","N","N","","0","","0","0","1","","0","","","2","2","0","0","0","2","0","2","0","2","","","","N","","","","","","","","","",""
"2011069939","","2","0","0","0","0","0","0","0","0","1","0","","02","7","2011","2","40.415444","-79.924874","","11","0","0","0","0","0","1","0","0","1","0","0","0","","","0","","1","","40 24:55.598","1","0","79 55:29.546","0","0","0","0","2301","0","0","0","N","0","0","0","4","02301","0","","1.0","","1","N","N","","0","","0","0","1","","2","N","","3","0","0","0","0","0","0","2","0","3","","","","N","","","","","","","","","",""
"2011068617","","0","0","0","0","0","0","0","0","0","7","0","","02","5","2011","5","40.42278","-79.722972","","11","0","0","0","0","0","1","0","0","3","0","0","0","","","1","","0","","40 25:22.008","6","0","79 43:22.699","3","0","0","0","2446","0","0","0","N","0","0","0","1","02446","0","","2.0","","1","N","N","","0","","1","0","1","","0","Y","","1","1","1","0","0","0","0","2","0","1","","","","N","","","","","","","","","",""
"2011069277","","2","0","0","0","0","0","0","0","0","4","0","","02","7","2011","7","40.432306","-79.918257","","11","0","0","0","0","0","0","0","1","1","0","0","0","","","2","","1","","40 25:56.301","3","0","79 55:05.725","4","0","0","0","2301","0","0","0","N","0","0","0","6","02301","2","","1.0","","1","N","N","","0","","0","0","0","","2","N","","2","2","0","0","0","0","0","2","0","2","","","","N","","","","","","","","","",""