"CRN","ARRIVAL_TM","AUTOMOBILE_COUNT","BELTED_DEATH_COUNT","BELTED_SUSP_SERIOUS_INJ_COUNT","BICYCLE_COUNT","BICYCLE_DEATH_COUNT","BICYCLE_SUSP_SERIOUS_INJ_COUNT","BUS_COUNT","CHLDPAS_DEATH_COUNT","CHLDPAS_SUSP_SERIOUS_INJ_COUNT","COLLISION_TYPE","COMM_VEH_COUNT","CONS_ZONE_SPD_LIM","COUNTY","CRASH_MONTH","CRASH_YEAR","DAY_OF_WEEK","DEC_LATITUDE","DEC_LONGITUDE","DISPATCH_TM","DISTRICT","DRIVER_COUNT_16YR","DRIVER_COUNT_17YR","DRIVER_COUNT_18YR","DRIVER_COUNT_19YR","DRIVER_COUNT_20YR","DRIVER_COUNT_50_64YR","DRIVER_COUNT_65_74YR","DRIVER_COUNT_75PLUS","EST_HRS_CLOSED","FATAL_COUNT","HEAVY_TRUCK_COUNT","HORSE_BUGGY_COUNT","HOUR_OF_DAY","ILLUMINATION","INJURY_COUNT","INTERSECTION_RELATED","INTERSECT_TYPE","LANE_CLOSED","LATITUDE","LN_CLOSE_DIR","LOCATION_TYPE","LONGITUDE","MAX_SEVERITY_LEVEL","MCYCLE_DEATH_COUNT","MCYCLE_SUSP_SERIOUS_INJ_COUNT","MOTORCYCLE_COUNT","MUNICIPALITY","NONMOTR_COUNT","NONMOTR_DEATH_COUNT","NONMOTR_SUSP_SERIOUS_INJ_COUNT","NTFY_HIWY_MAINT","PED_COUNT","PED_DEATH_COUNT","PED_SUSP_SERIOUS_INJ_COUNT","PERSON_COUNT","POLICE_AGCY","POSSIBLE_INJ_COUNT","RDWY_SURF_TYPE_CD","RELATION_TO_ROAD","ROADWAY_CLEARED","ROAD_CONDITION","SCH_BUS_IND","SCH_ZONE_IND","SECONDARY_CRASH","SMALL_TRUCK_COUNT","SPEC_JURIS_CD","SUSP_MINOR_INJ_COUNT","SUSP_SERIOUS_INJ_COUNT","SUV_COUNT","TCD_FUNC_CD","TCD_TYPE","TFC_DETOUR_IND","TIME_OF_DAY","TOTAL_UNITS","TOT_INJ_COUNT","UNBELTED_OCC_COUNT","UNB_DEATH_COUNT","UNB_SUSP_SERIOUS_INJ_COUNT","UNK_INJ_DEG_COUNT","UNK_INJ_PER_COUNT","URBAN_RURAL","VAN_COUNT","VEHICLE_COUNT","WEATHER1","WEATHER2","WORKERS_PRES","WORK_ZONE_IND","WORK_ZONE_LOC","WORK_ZONE_TYPE","WZ_CLOSE_DETOUR","WZ_FLAGGER","WZ_LAW_OFFCR_IND","WZ_LN_CLOSURE","WZ_MOVING","WZ_OTHER","WZ_SHLDER_MDN","WZ_WORKERS_INJ_KILLED"
"2011069196","","1","0","0","0","0","0","0","0","0","4","1","","02","7","2011","4","40.42875","-79.980556","","11","0","0","0","0","0","1","0","0","","0","1","0","","","0","","1","","40 25:43.500","","0","79 58:50.000","0","0","0","0","2301","0","0","0","N","0","0","0","3","02301","0","","1.0","","1","N","N","","0","","0","0","0","","2","","","2","0","0","0","0","0","0","2","0","2","","","","N","","","","","","","","","",""
"2011056039","","2","0","0","0","0","0","0","0","0","5","0","","02","5","2011","3","40.443289","-79.980438","","11","0","0","0","0","0","0","1","0","","0","0","0","","","0","","0","","40 26:35.840","","0","79 58:49.577","0","0","0","0","2301","0","0","0","N","0","0","0","2","02301","0","","1.0","","1","N","N","","0","","0","0","0","","0","","","2","0","1","0","0","0","0","2","0","2","","","","N","","","","","","","","","",""
"2011054599","","0","0","0","0","0","0","0","0","0","4","0","","02","5","2011","6","40.460936","-79.860221","","11","0","0","1","0","0","0","0","0","","0","0","0","","","0","","0","","40 27:39.369","","0","79 51:36.795","0","0","0","0","2113","0","0","0","N","0","0","0","4","02113","0","","1.0","","9","N","N","","0","","0","0","2","","0","","","2","0","0","0","0","0","0","2","0","2","","","","N","","","","","","","","","",""
"2011069280","","2","0","0","0","0","0","0","0","0","4","0","","02","7","2011","6","40.304146","-79.933048","","11","0","0","0","0","0","0","1","0","2","0","0","0","","","2","","0","","40 18:14.925","2","0","79 55:58.974","4","0","0","0","2440","0","0","0","N","0","0","0","2","02440","2","","1.0","","1","N","N","","0","","0","0","0","","0","Y","","2","2","2","0","0","0","0","2","0","2","","","","N","","","","","","","","","",""
"2011069944","","1","0","0","0","0","0","0","0","0","4","0","","02","7","2011","2","40.530571","-80.010122","","11","0","1","0","0","0","1","0","0","","0","0","0","","","0","","0","","40 31:50.055","","7","80 00:36.440","0","0","0","0","2116","0","0","0","N","0","0","0","2","02116","0","","1.0","","9","N","N","","0","","0","0","1","","3","","","2","0","0","0","0","0","0","2","0","2","","","","N","","","","","","","","","",""
"2011054612","","0","0","0","0","0","0","0","0","0","4","0","","02","5","2011","1","40.458876","-80.17216","","11","0","0","0","1","0","0","0","0","","0","0","0","","","0","","1","","40 27:31.955","","0","80 10:19.776","0","0","0","0","2213","0","0","0","N","0","0","0","2","02213","0","","1.0","","9","N","N","","1","","0","0","1","","2","","","2","0","0","0","0","0","0","2","0","2","","","","N","","","","","","","","","",""
"2011054601","","2","0","0","0","0","0","0","0","0","4","0","","02","5","2011","4","40.345179","-80.114557","","11","1","0","0","0","0","0","0","0","","0","0","0","","","0","","0","","40 20:42.645","","0","80 06:52.404","0","0","0","0","2119","0","0","0","N","0","0","0","2","02119","0","","1.0","","1","N","N","","0","","0","0","0","","0","","","2","0","0","0","0","0","0","2","0","2","","","","N","","","","","","","","","",""
"2011054613","","2","0","0","0","0","0","0","0","0","1","0","","02","5","2011","2","40.461142","-80.168645","","11","0","0","0","0","0","1","0","0","","0","0","0","","","1","","2","","40 27:40.111","","0","80 10:07.121","8","0","0","0","2213","0","0","0","N","0","0","0","2","02213","0","","1.0","","1","N","N","","0","","0","0","0","","0","","","2","1","0","0","0","1","0","2","0","2","","","","N","","","","","","","","","",""
"2011056044","","1","0","0","0","0","0","0","0","0","1","1","","02","6","2011","4","40.448803","-79.827286","","11","0","0","0","0","0","1","0","1","1","0","1","0","","","0","","0","","40 26:55.691","1","0","79 49:38.229","0","0","0","0","2113","0","0","0","N","0","0","0","2","02113","0","","1.0","","1","N","N","","0","","0","0","0","","0","N","","2","0","0","0","0","0","0","2","0","2","","","","N","","","","","","","","","",""
"2011054614","","2","0","0","0","0","0","0","0","0","4","0","","02","5","2011","3","40.466385","-80.178338","","11","0","0","0","0","0","0","0","0","2","0","0","0","","","2","","2","","40 27:58.986","6","0","80 10:42.017","4","0","0","0","2213","0","0","0","N","0","0","0","2","02213","2","","1.0","","1","N","N","","0","","0","0","0","","3","Y","","2","2","0","0","0","0","0","2","0","2","","","","N","","","","","","","","","",""
"2011068623","","1","0","0","0","0","0","0","0","0","8","0","","02","7","2011","5","40.401723","-80.029958","","11","0","0","0","0","0","0","0","0","","0","0","0","","","1","","0","","40 24:06.202","","0","80 01:47.848","4","0","0","0","2301","1","0","0","N","1","0","0","3","02301","1","","1.0","","1","N","N","","0","","0","0","0","","0","","","2","1","0","0","0","0","2","2","0","1","","","","N","","","","","","","","","",""
"2011056045","","1","0","0","0","0","0","0","0","0","1","0","","02","6","2011","4","40.411125","-80.006038","","11","0","0","0","0","0","0","0","0","","0","0","0","","","0","","0","","40 24:40.051","","0","80 00:21.735","0","0","0","0","2301","0","0","0","N","0","0","0","5","02301","0","","1.0","","1","N","N","","0","","0","0","2","","0","","","3","0","0","0","0","0","0","2","0","3","","","","N","","","","","","","","","",""
"2011054615","","2","0","0","0","0","0","0","0","0","1","0","","02","5","2011","6","40.331863","-80.052392","","11","0","0","1","0","1","0","0","0","1","0","0","0","","","1","","3","","40 19:54.706","5","0","80 03:08.611","3","0","0","0","2407","0","0","0","N","0","0","0","4","02407","0","","1.0","","1","N","N","","0","","1","0","0","","3","Y","","2","1","0","0","0","0","0","2","0","2","","","","N","","","","","","","","","",""
"2011068624","","2","0","0","0","0","0","0","0","0","4","0","","02","6","2011","4","40.43899","-79.762496","","11","0","0","0","0","0","1","0","0","","0","0","0","","","0","","1","","40 26:20.364","","0","79 45:44.986","0","0","0","0","2446","0","0","0","N","0","0","0","4","02446","0","","1.0","","1","N","N","","0","","0","0","0","","2","","","2","0","0","0","0","0","0","2","0","2","","","","N","","","","","","","","","",""
"2011069949","","0","0","0","0","0","0","0","0","0","0","0","","02","7","2011","3","40.394215","-79.897098","","11","0","0","0","0","0","0","0","0","","0","0","0","","","1","","2","","40 23:39.174","","0","79 53:49.552","3","0","0","1","2448","0","0","0","N","0","0","0","1","02448","0","","2.0","","1","N","N","","0","","1","0","0","","0","","","1","1","0","0","0","0","0","2","0","1","","","","N","","","","","","","","","",""
"2011054537","","2","0","0","0","0","0","0","0","0","6","0","","02","5","2011","5","40.455716","-79.902231","","11","0","0","0","0","0","1","0","0","","0","0","0","","","0","","1","","40 27:20.577","","0","79 54:08.031","0","0","0","0","2301","0","0","0","N","0","0","0","3","02301","0","","1.0","","1","N","N","","0","","0","0","0","","3","","","2","0","0","0","0","0","0","2","0","2","","","","N","","","","","","","","","",""
"2011054604","","0","0","0","0","0","0","0","0","0","7","0","","02","5","2011","6","40.467369","-79.906244","","11","0","0","0","0","0","1","0","0","","0","0","0","","","0","","0","","40 28:02.530","","0","79 54:22.480","0","0","0","0","2301","0","0","0","","0","0","0","1","02301","0","","4.0","","9","","","","0","","0","0","1","","0","","","1","0","0","0","0","0","0","2","0","1","","","","N","","","","","","","","","",""
"2011053923","","1","0","0","0","0","0","0","0","0","1","1","","02","5","2011","3","40.433637","-79.747553","","11","0","0","0","0","0","0","0","0","","0","1","0","","","0","","7","","40 26:01.092","","2","79 44:51.190","0","0","0","0","2446","0","0","0","N","0","0","0","2","68T09","0","","1.0","","1","N","N","","0","","0","0","0","","0","","","2","0","0","0","0","0","0","2","0","2","","","","N","","","","","","","","","",""
"2011056032","","2","0","0","0","0","0","0","0","0","1","0","","02","5","2011","3","40.369295","-79.842775","","11","0","0","1","0","0","0","0","0","","0","0","0","","","0","","2","","40 22:09.461","","0","79 50:33.990","9","0","0","0","2303","0","0","0","N","0","0","0","2","02303","0","","1.0","","1","N","N","","0","","0","0","0","","0","","","2","0","0","0","0","0","1","2","0","2","","","","N","","","","","","","","","",""
"2011053723","","0","0","0","0","0","0","0","0","0","7","0","","02","5","2011","3","40.429765","-79.878982","","11","0","0","0","0","0","1","0","0","","0","0","0","","","1","","0","","40 25:47.153","","0","79 52:44.336","4","0","0","0","2426","0","0","0","N","0","0","0","1","68B03","1","","3.0","","9","N","N","","0","","0","0","1","","0","","","1","1","0","0","0","0","0","2","0","1","","","","N","","","","","","","","","",""
"2011068552","","1","0","0","0","0","0","0","0","0","7","0","","02","7","2011","5","40.423598","-79.968321","","11","0","0","0","0","0","0","0","0","1","0","0","0","","","0","","0","","40 25:24.952","4","0","79 58:05.955","0","0","0","0","2301","0","0","0","N","0","0","0","1","02301","0","","5.0","","1","N","N","","0","","0","0","0","","0","N","","1","0","0","0","0","0","0","2","0","1","","","","N","","","","","","","","","",""
"2011069225","","0","0","0","0","0","0","0","0","0","0","0","","02","7","2011","7","40.409006","-79.842523","","11","0","0","0","0","0","1","0","0","2","0","0","0","","","0","","0","","40 24:32.423","4","0","79 50:33.081","0","0","0","0","2425","0","0","0","N","0","0","0","1","02425","0","","1.0","","1","N","N","","0","","0","0","1","","0","Y","","1","0","0","0","0","0","0","2","0","1","","","","N","","","","","","","","","",""
"2011070587","","0","0","0","0","0","0","0","0","0","7","0","","02","7","2011","2","40.63257","-79.970064","","11","0","0","1","0","0","0","0","0","1","0","0","0","","","1","","0","","40 37:57.252","1","0","79 58:12.230","4","0","0","0","2217","0","0","0","N","0","0","0","1","02505","1","","2.0","","1","N","N","","0","","0","0","0","","0","N","","1","1","0","0","0","0","0","1","1","1","","","","N","","","","","","","","","",""
"2011054540","","1","0","0","0","0","0","0","0","0","7","0","","02","5","2011","6","40.506923","-79.756589","","11","0","0","0","0","0","0","0","0","","0","0","0","","","1","","0","","40 30:24.922","","0","79 45:23.720","8","0","0","0","2466","0","0","0","N","0","0","0","1","02466","0","","5.0","","9","N","N","","0","","0","0","0","","0","","","1","1","0","0","0","1","0","1","0","1","","","","N","","","","","","","","","",""
"2011054607","","0","0","0","0","0","0","0","0","0","7","1","","02","5","2011","6","40.360502","-79.845383","","11","0","0","0","0","0","0","0","0","4","0","1","0","","","0","","6","","40 21:37.807","6","3","79 50:43.378","0","0","0","0","2303","0","0","0","","0","0","0","1","02303","0","","1.0","","9","N","N","","0","","0","0","0","","3","Y","","1","0","0","0","0","0","0","2","0","1","","","","N","","","","","","","","","",""
"2011070588","","3","0","0","0","0","0","0","0","0","1","0","","02","7","2011","4","40.42185","-79.992349","","11","0","0","0","0","0","1","0","0","","0","0","0","","","2","","1","","40 25:18.660","","0","79 59:32.456","4","0","0","0","2301","0","0","0","N","0","0","0","4","02301","2","","1.0","","1","N","N","","0","","0","0","0","","2","","","3","2","0","0","0","0","0","2","0","3","","","","N","","","","","","","","","",""
"2011054477","","0","0","0","0","0","0","0","0","0","7","0","","02","4","2011","7","40.439326","-80.01053","","11","0","0","0","0","0","0","0","0","","0","0","0","","","0","","0","","40 26:21.572","","3","80 00:37.909","0","0","0","0","2301","0","0","0","Y","0","0","0","1","68B03","0","","5.0","","1","N","N","","0","","0","0","1","","0","","","1","0","1","0","0","0","0","2","0","1","","","","N","","","","","","","","","",""
"2011054608","","0","0","0","0","0","0","0","0","0","7","0","","02","5","2011","6","40.486719","-80.033155","","11","0","1","0","0","0","0","0","0","","0","0","0","","","2","","0","","40 29:12.187","","0","80 01:59.357","8","0","0","0","2301","0","0","0","N","0","0","0","2","02301","0","","5.0","","9","N","N","","0","","0","0","1","","0","","","1","2","0","0","0","2","0","2","0","1","","","","N","","","","","","","","","",""
"2011056122","","0","0","0","0","0","0","0","0","0","1","0","","02","5","2011","6","40.434108","-79.994089","","11","0","0","0","0","0","0","0","1","","0","0","0","","","1","","0","","40 26:02.788","","0","79 59:38.721","4","0","0","0","2301","0","0","0","N","0","0","0","3","68B03","1","","1.0","","9","N","N","","1","","0","0","1","","0","","","2","1","0","0","0","0","0","2","0","2","","","","N","","","","","","","","","",""
"2011068554","","1","0","0","0","0","0","0","0","0","7","0","","02","7","2011","5","40.432511","-80.018875","","11","0","0","0","0","0","1","0","0","","0","0","0","","","1","","0","","40 25:57.039","","0","80 01:07.950","8","0","0","0","2301","0","0","0","N","0","0","0","2","02301","0","","5.0","","1","N","N","","0","","0","0","0","","0","","","1","1","0","0","0","1","0","2","0","1","","","","N","","","","","","","","","",""
"2011056051","","1","0","0","0","0","0","0","0","0","7","0","","02","6","2011","4","40.399642","-80.044423","","11","0","0","0","0","0","0","0","1","","0","0","0","","","1","","0","","40 23:58.711","","7","80 02:39.922","4","0","0","0","2301","0","0","0","N","0","0","0","1","02301","1","","4.0","","1","N","N","","0","","0","0","0","","0","","","1","1","0","0","0","0","0","2","0","1","","","","N","","","","","","","","","",""
"2011054609","","1","0","0","0","0","0","0","0","0","1","0","","02","5","2011","6","40.475111","-79.774706","","11","0","0","0","0","0","1","0","1","1","0","0","0","","","1","","0","","40 28:30.399","4","0","79 46:28.942","8","0","0","0","2466","0","0","0","N","0","0","0","3","02466","0","","1.0","","9","N","N","","1","","0","0","1","","0","Y","","3","1","0","0","0","1","0","2","0","3","","","","N","","","","","","","","","",""
"2011068630","","0","0","0","0","0","0","0","0","0","1","0","","02","7","2011","5","40.477577","-79.785242","","11","0","0","0","0","0","1","1","0","1","0","0","0","","","1","","1","","40 28:39.276","4","0","79 47:06.870","8","0","0","0","2113","0","0","0","N","0","0","0","4","02113","0","","1.0","","1","N","N","","0","","0","0","3","","2","N","","3","1","0","0","0","1","0","2","0","3","","","","N","","","","","","","","","",""
"2011055308","","0","0","0","0","0","0","0","0","0","7","0","","02","3","2011","4","40.552409","-80.08634","","11","0","0","0","0","0","0","0","0","","0","0","0","","","1","","0","","40 33:08.674","","0","80 05:10.824","2","0","0","0","2215","0","0","0","N","0","0","0","1","68B03","0","","2.0","","1","N","N","","0","","0","1","1","","0","","","1","1","1","0","1","0","0","2","0","1","","","","N","","","","","","","","","",""
"2011056052","","1","0","0","0","0","0","0","0","0","4","0","","02","6","2011","4","40.462991","-79.90566","","11","0","0","0","0","0","0","0","0","2","0","0","0","","","1","","0","","40 27:46.766","6","0","79 54:20.376","4","0","0","0","2301","0","0","0","N","0","0","0","2","02301","1","","1.0","","1","N","N","","0","","0","0","0","","0","N","","2","1","0","0","0","0","1","2","1","2","","","","N","","","","","","","","","",""
"2011054610","","1","0","0","0","0","0","0","0","0","1","0","","02","5","2011","7","40.543243","-80.035873","","11","0","0","0","0","0","0","0","0","2","0","0","0","","","1","","0","","40 32:35.673","2","0","80 02:09.144","4","0","0","0","2116","0","0","0","N","0","0","0","4","02116","1","","1.0","","1","N","N","","0","","0","0","1","","0","N","","2","1","0","0","0","0","0","2","0","2","","","","N","","","","","","","","","",""
"2011070591","","1","0","0","0","0","0","0","0","0","8","0","","02","7","2011","4","40.439147","-79.962119","","11","0","0","0","0","0","0","0","0","1","0","0","0","","","1","","2","","40 26:20.929","4","0","79 57:43.628","8","0","0","0","2301","1","0","0","N","1","0","0","2","02301","0","","1.0","","1","N","N","","0","","0","0","0","","2","N","","2","1","0","0","0","1","0","2","0","1","","","","N","","","","","","","","","",""
"2011055988","","0","0","0","0","0","0","0","0","0","4","1","","02","5","2011","3","40.453893","-79.711746","","11","0","0","0","0","0","0","1","0","","0","1","0","","","0","","0","","40 27:14.013","","0","79 42:42.285","9","0","0","0","2466","0","0","0","N","0","0","0","2","02466","0","","1.0","","1","N","N","","0","","0","0","1","","0","","","2","0","0","0","0","0","2","2","0","2","","","","N","","","","","","","","","",""
"2011055309","","2","0","0","0","0","0","0","0","0","1","0","","02","5","2011","6","40.435182","-79.966731","","11","0","0","0","0","0","1","0","0","2","0","0","0","","","0","","0","","40 26:06.654","4","0","79 58:00.232","0","0","0","0","2301","0","0","0","N","0","0","0","5","68B03","0","","1.0","","1","N","N","","0","","0","0","0","","0","N","","4","0","0","0","0","0","0","2","1","3","","","","N","","","","","","","","","",""
"2011054611","","1","0","0","0","0","0","0","0","0","1","0","","02","5","2011","4","40.448291","-80.160688","","11","0","0","1","0","0","0","0","0","1","0","0","0","","","3","","0","","40 26:53.847","4","7","80 09:38.478","4","0","0","0","2115","0","0","0","N","0","0","0","6","02115","2","","1.0","","1","N","N","","0","","0","0","0","","2","N","","2","3","0","0","0","1","0","2","1","2","","","","N","","","","","","","","","",""
"2011055989","","0","0","0","0","0","0","0","0","0","7","0","","02","6","2011","4","40.373006","-79.845652","","11","0","0","0","0","0","1","0","0","","0","0","0","","","0","","0","","40 22:22.821","","0","79 50:44.347","0","0","0","0","2303","0","0","0","N","0","0","0","1","02303","0","","2.0","","1","N","N","","1","","0","0","0","","0","","","1","0","1","0","0","0","0","2","0","1","","","","N","","","","","","","","","",""
"2011055310","","0","0","0","0","0","0","0","0","0","7","1","","02","5","2011","4","40.420968","-80.031625","","11","0","0","0","0","0","0","0","0","","0","1","0","","","0","","0","","40 25:15.486","","0","80 01:53.851","0","0","0","0","2301","0","0","0","Y","0","0","0","3","68B03","0","","2.0","","1","N","N","","0","","0","0","0","","0","","","1","0","1","0","0","0","0","2","0","1","","","","N","","","","","","","","","",""
"2011054545","","0","0","0","0","0","0","0","0","0","0","0","","02","5","2011","6","40.427502","-79.995073","","11","0","0","0","0","0","1","0","0","2","0","0","0","","","2","","0","","40 25:39.007","1","0","79 59:42.262","4","0","0","1","2301","0","0","0","N","0","0","0","2","02301","1","","1.0","","9","N","N","","0","","0","0","0","","0","N","","1","2","0","0","0","1","0","2","0","1","","","","N","","","","","","","","","",""
"2011068564","","2","0","0","0","0","0","0","0","0","1","0","","02","7","2011","5","40.455451","-79.943594","","11","0","0","0","0","0","1","0","0","","0","0","0","","","1","","0","","40 27:19.624","","0","79 56:36.938","8","0","0","0","2301","0","0","0","N","0","0","0","3","02301","0","","1.0","","1","N","N","","0","","0","0","1","","0","","","3","1","0","0","0","1","0","2","0","3","","","","N","","","","","","","","","",""
"2011055990","","0","0","0","0","0","0","0","0","0","4","0","","02","6","2011","4","40.453729","-79.993335","","11","0","0","0","0","0","2","0","0","2","0","0","0","","","1","","1","","40 27:13.424","1","1","79 59:36.006","8","0","0","0","2301","0","0","0","N","0","0","0","3","02301","0","","1.0","","1","N","N","","1","","0","0","1","","0","N","","2","1","0","0","0","1","0","2","0","2","","","","N","","","","","","","","","",""
"2011055311","","1","0","0","0","0","0","0","0","0","1","0","","02","5","2011","5","40.403015","-80.106901","","11","0","0","0","0","0","0","0","0","","0","0","0","","","0","","0","","40 24:10.853","","0","80 06:24.845","0","0","0","0","2102","0","0","0","N","0","0","0","7","68B03","0","","1.0","","1","N","N","","0","","0","0","1","","0","","","2","0","0","0","0","0","0","2","0","2","","","","N","","","","","","","","","",""
"2011056055","","1","0","0","0","0","0","0","0","0","7","0","","02","5","2011","7","40.537938","-79.933718","","11","0","0","0","0","0","0","0","0","3","0","0","0","","","0","","0","","40 32:16.576","5","0","79 56:01.384","0","0","0","0","2209","0","0","0","N","0","0","0","1","02209","0","","5.0","","1","N","N","","0","","0","0","0","","0","Y","","1","0","0","0","0","0","0","2","0","1","","","","N","","","","","","","","","",""
"2011068635","","1","0","0","0","0","0","0","0","0","5","0","","02","7","2011","5","40.432208","-79.9347","","11","0","0","0","0","0","0","0","0","","0","0","0","","","0","","0","","40 25:55.948","","0","79 56:04.920","0","0","0","0","2301","0","0","0","N","0","0","0","3","02301","0","","1.0","","1","N","N","","0","","0","0","0","","0","","","2","0","0","0","0","0","0","2","1","2","","","","N","","","","","","","","","",""
"2011055312","","0","0","0","0","0","0","0","0","0","5","1","","02","5","2011","6","40.427202","-79.891215","","11","1","0","0","0","0","0","0","0","2","0","1","0","","","2","","0","","40 25:37.926","3","0","79 53:28.374","4","0","0","0","2301","0","0","0","N","0","0","0","3","68B03","2","","1.0","","9","N","N","","0","","0","0","1","","0","N","","2","2","0","0","0","0","0","2","0","2","","","","N","","","","","","","","","",""
"2011056056","","2","0","0","0","0","0","0","0","0","6","0","","02","5","2011","6","40.338789","-80.030175","","11","0","0","0","0","0","1","0","0","1","0","0","0","","","1","","0","","40 20:19.640","2","0","80 01:48.630","8","0","0","0","2407","0","0","0","N","0","0","0","3","02407","0","","1.0","","1","N","N","","0","","0","0","0","","0","N","","2","1","0","0","0","1","0","2","0","2","","","","N","","","","","","","","","",""
"2011054548","","3","0","0","0","0","0","0","0","0","5","0","","02","5","2011","5","40.429439","-79.997101","","11","0","0","0","0","0","0","0","0","","0","0","0","","","0","","0","","40 25:45.981","","0","79 59:49.564","0","0","0","0","2301","0","0","0","N","0","0","0","1","02301","0","","6.0","","1","N","N","","1","","0","0","0","","0","","","4","0","0","0","0","0","0","2","0","4","","","","N","","","","","","","","","",""
"2011055313","","0","0","0","0","0","0","0","0","0","7","0","","02","5","2011","6","40.486313","-80.124588","","11","0","0","0","0","0","1","0","0","2","0","0","0","","","2","","0","","40 29:10.727","2","0","80 07:28.516","3","0","0","0","2115","0","0","0","N","0","0","0","2","68B03","0","","4.0","","9","N","N","","1","","2","0","0","","0","N","","1","2","0","0","0","0","0","2","0","1","","","","N","","","","","","","","","",""
"2011056057","","2","0","0","0","0","0","0","0","0","2","0","","02","5","2011","1","40.308718","-80.030758","","11","1","0","1","0","0","0","0","0","3","0","0","0","","","6","","0","","40 18:31.384","6","0","80 01:50.728","4","0","0","0","2407","0","0","0","N","0","0","0","9","02407","6","","1.0","","1","N","N","","0","","0","0","0","","0","Y","","2","6","0","0","0","0","0","2","0","2","","","","N","","","","","","","","","",""
"2011054549","","2","0","0","0","0","0","0","0","0","1","0","","02","5","2011","6","40.435991","-79.994591","","11","0","0","0","0","0","0","0","0","","0","0","0","","","0","","6","","40 26:09.568","","2","79 59:40.527","0","0","0","0","2301","0","0","0","N","0","0","0","2","02301","0","","1.0","","9","N","N","","0","","0","0","0","","0","","","2","0","0","0","0","0","0","2","0","2","","","","N","","","","","","","","","",""
"2011056117","","1","0","0","0","0","0","0","0","0","7","0","","02","2","2011","7","40.451824","-79.997122","","11","0","0","0","0","0","0","0","0","","0","0","0","","","1","","0","","40 27:06.567","","0","79 59:49.638","4","0","0","0","2301","0","0","0","N","0","0","0","2","68B03","1","","2.0","","1","N","N","","0","","0","0","0","","0","","","1","1","2","0","0","0","0","2","0","1","","","","N","","","","","","","","","",""
"2011068637","","2","0","0","0","0","0","0","0","0","4","0","","02","5","2011","2","40.576976","-80.037363","","11","0","0","0","0","0","0","1","1","1","0","0","0","","","0","","2","","40 34:37.112","1","0","80 02:14.507","0","0","0","0","2108","0","0","0","N","0","0","0","3","02108","0","","1.0","","1","N","N","","0","","0","0","0","","3","N","","2","0","0","0","0","0","0","2","0","2","","","","N","","","","","","","","","",""
"2011055314","","1","0","0","0","0","0","0","0","0","1","0","","02","5","2011","6","40.428003","-79.890156","","11","0","0","0","0","0","0","0","0","","0","0","0","","","0","","0","","40 25:40.809","","0","79 53:24.560","0","0","0","0","2426","0","0","0","N","0","0","0","2","68B03","0","","1.0","","1","N","N","","0","","0","0","1","","0","","","2","0","0","0","0","0","0","2","0","2","","","","N","","","","","","","","","",""
"2011056118","","1","0","0","0","0","0","0","0","0","2","0","","02","2","2011","1","40.427685","-80.129162","","11","0","0","0","0","0","0","0","0","2","0","0","0","","","2","","0","","40 25:39.666","4","0","80 07:44.983","2","0","0","0","2102","0","0","0","N","0","0","0","3","68B03","1","","1.0","","1","N","N","","0","","0","1","1","","0","N","","2","2","1","0","1","0","0","2","0","2","","","","N","","","","","","","","","",""
"2011068638","","0","0","0","0","0","0","0","0","0","7","0","","02","7","2011","1","40.430236","-80.096559","","11","0","0","1","0","0","0","0","0","1","0","0","0","","","4","","2","","40 25:48.849","1","0","80 05:47.612","4","0","0","0","2115","0","0","0","N","0","0","0","4","02115","4","","4.0","","1","N","N","","0","","0","0","1","","0","N","","1","4","0","0","0","0","0","2","0","1","","","","N","","","","","","","","","",""
"2011055315","","2","0","0","0","0","0","0","0","0","1","0","","02","5","2011","6","40.44033","-79.859653","","11","0","0","0","0","0","0","0","0","","0","0","0","","","0","","0","","40 26:25.187","","0","79 51:34.750","0","0","0","0","2419","0","0","0","N","0","0","0","2","68B03","0","","1.0","","1","N","N","","0","","0","0","0","","0","","","2","0","0","0","0","0","0","2","0","2","","","","N","","","","","","","","","",""
"2011056119","","1","0","0","0","0","0","0","0","0","1","0","","02","5","2011","7","40.447807","-80.008683","","11","0","0","0","0","0","0","0","0","","0","0","0","","","1","","6","","40 26:52.105","","8","80 00:31.259","4","0","0","0","2301","0","0","0","N","0","0","0","3","68B03","1","","1.0","","1","N","N","","0","","0","0","0","","4","","","2","1","0","0","0","0","0","2","1","2","","","","N","","","","","","","","","",""
"2011070533","","0","0","0","0","0","0","0","0","0","7","0","","02","7","2011","3","40.522995","-79.847431","","11","0","0","0","0","0","1","0","0","","0","0","0","","","0","","2","","40 31:22.782","","0","79 50:50.751","0","0","0","0","2451","0","0","0","N","0","0","0","1","02451","0","","5.0","","1","N","N","","0","","0","0","0","","0","","","1","0","0","0","0","0","0","2","1","1","","","","N","","","","","","","","","",""
"2011056060","","0","0","0","0","0","0","0","0","0","5","1","","02","6","2011","4","40.429267","-79.999168","","11","0","0","0","0","0","2","0","0","3","0","1","0","","","0","","2","","40 25:45.362","1","4","79 59:57.003","9","0","0","0","2301","0","0","0","N","0","0","0","4","02301","0","","1.0","","1","N","N","","1","","0","0","1","","0","N","","3","0","0","0","0","0","1","2","0","3","","","","N","","","","","","","","","",""