"CRN","ARRIVAL_TM","AUTOMOBILE_COUNT","BELTED_DEATH_COUNT","BELTED_SUSP_SERIOUS_INJ_COUNT","BICYCLE_COUNT","BICYCLE_DEATH_COUNT","BICYCLE_SUSP_SERIOUS_INJ_COUNT","BUS_COUNT","CHLDPAS_DEATH_COUNT","CHLDPAS_SUSP_SERIOUS_INJ_COUNT","COLLISION_TYPE","COMM_VEH_COUNT","CONS_ZONE_SPD_LIM","COUNTY","CRASH_MONTH","CRASH_YEAR","DAY_OF_WEEK","DEC_LATITUDE","DEC_LONGITUDE","DISPATCH_TM","DISTRICT","DRIVER_COUNT_16YR","DRIVER_COUNT_17YR","DRIVER_COUNT_18YR","DRIVER_COUNT_19YR","DRIVER_COUNT_20YR","DRIVER_COUNT_50_64YR","DRIVER_COUNT_65_74YR","DRIVER_COUNT_75PLUS","EST_HRS_CLOSED","FATAL_COUNT","HEAVY_TRUCK_COUNT","HORSE_BUGGY_COUNT","HOUR_OF_DAY","ILLUMINATION","INJURY_COUNT","INTERSECTION_RELATED","INTERSECT_TYPE","LANE_CLOSED","LATITUDE","LN_CLOSE_DIR","LOCATION_TYPE","LONGITUDE","MAX_SEVERITY_LEVEL","MCYCLE_DEATH_COUNT","MCYCLE_SUSP_SERIOUS_INJ_COUNT","MOTORCYCLE_COUNT","MUNICIPALITY","NONMOTR_COUNT","NONMOTR_DEATH_COUNT","NONMOTR_SUSP_SERIOUS_INJ_COUNT","NTFY_HIWY_MAINT","PED_COUNT","PED_DEATH_COUNT","PED_SUSP_SERIOUS_INJ_COUNT","PERSON_COUNT","POLICE_AGCY","POSSIBLE_INJ_COUNT","RDWY_SURF_TYPE_CD","RELATION_TO_ROAD","ROADWAY_CLEARED","ROAD_CONDITION","SCH_BUS_IND","SCH_ZONE_IND","SECONDARY_CRASH","SMALL_TRUCK_COUNT","SPEC_JURIS_CD","SUSP_MINOR_INJ_COUNT","SUSP_SERIOUS_INJ_COUNT","SUV_COUNT","TCD_FUNC_CD","TCD_TYPE","TFC_DETOUR_IND","TIME_OF_DAY","TOTAL_UNITS","TOT_INJ_COUNT","UNBELTED_OCC_COUNT","UNB_DEATH_COUNT","UNB_SUSP_SERIOUS_INJ_COUNT","UNK_INJ_DEG_COUNT","UNK_INJ_PER_COUNT","URBAN_RURAL","VAN_COUNT","VEHICLE_COUNT","WEATHER1","WEATHER2","WORKERS_PRES","WORK_ZONE_IND","WORK_ZONE_LOC","WORK_ZONE_TYPE","WZ_CLOSE_DETOUR","WZ_FLAGGER","WZ_LAW_OFFCR_IND","WZ_LN_CLOSURE","WZ_MOVING","WZ_OTHER","WZ_SHLDER_MDN","WZ_WORKERS_INJ_KILLED"
"2011056120","","0","0","0","0","0","0","0","0","0","0","2","","02","5","2011","2","40.438926","-80.011273","","11","0","0","0","0","0","0","0","0","3","0","2","0","","","0","","0","","40 26:20.135","4","3","80 00:40.583","0","0","0","0","2301","0","0","0","N","0","0","0","2","68B03","0","","1.0","","1","N","N","","0","","0","0","0","","0","N","","2","0","0","0","0","0","0","2","0","2","","","","N","","","","","","","","","",""
"2011054715","","1","0","0","0","0","0","0","0","0","1","0","","02","5","2011","2","40.438729","-79.746292","","11","0","0","0","0","0","1","0","0","","0","0","0","","","0","","0","","40 26:19.423","","0","79 44:46.650","0","0","0","0","2446","0","0","0","N","0","0","0","3","02446","0","","1.0","","1","N","N","","1","","0","0","1","","0","","","3","0","0","0","0","0","0","2","0","3","","","","N","","","","","","","","","",""
"2011054849","","0","0","0","0","0","0","0","0","0","4","0","","02","5","2011","6","40.647732","-80.086051","","11","0","0","1","0","0","0","0","0","1","0","0","0","","","0","","2","","40 38:51.835","5","0","80 05:09.783","0","0","0","0","2212","0","0","0","N","0","0","0","2","02505","0","","1.0","","1","N","N","","1","","0","0","1","","0","N","","2","0","0","0","0","0","0","2","0","2","","","","N","","","","","","","","","",""
"2011055000","","1","0","0","0","0","0","0","0","0","7","0","","02","5","2011","1","40.420992","-79.889836","","11","0","0","0","0","0","0","0","0","","0","0","0","","","1","","0","","40 25:15.572","","0","79 53:23.411","4","0","0","0","2463","0","0","0","N","0","0","0","1","02463","1","","5.0","","1","N","N","","0","","0","0","0","","0","","","1","1","0","0","0","0","0","2","0","1","","","","N","","","","","","","","","",""
"2011055014","","0","0","0","0","0","0","0","0","0","5","1","","02","5","2011","4","40.409235","-80.032159","","11","0","0","0","0","0","1","0","0","2","0","1","0","","","1","","2","","40 24:33.246","2","0","80 01:55.774","3","0","0","1","2301","0","0","0","N","0","0","0","2","02301","0","","1.0","","1","N","N","","0","","1","0","0","","0","Y","","2","1","0","0","0","0","0","2","0","2","","","","N","","","","","","","","","",""
"2011055532","","0","0","0","0","0","0","0","0","0","7","0","","02","5","2011","6","40.654566","-80.067703","","11","0","0","0","0","1","0","0","0","","0","0","0","","","3","","0","","40 39:16.438","","2","80 04:03.730","2","0","0","0","2216","0","0","0","N","0","0","0","3","68T02","1","","3.0","","1","N","N","","0","","1","1","1","","1","","","1","3","1","0","1","0","0","2","0","1","","","","N","","","","","","","","","",""
"2011054850","","0","0","0","0","0","0","0","0","0","1","0","","02","5","2011","4","40.524907","-80.035421","","11","0","0","0","0","0","1","0","0","1","0","0","0","","","0","","0","","40 31:29.666","2","0","80 02:07.516","0","0","0","0","2116","0","0","0","N","0","0","0","2","02116","0","","1.0","","1","N","N","","2","","0","0","0","","0","N","","2","0","0","0","0","0","0","2","0","2","","","","N","","","","","","","","","",""
"2011053413","","1","0","0","0","0","0","0","0","0","1","0","","02","5","2011","5","40.355201","-80.050178","","11","0","1","0","0","0","2","0","0","2","0","0","0","","","3","","1","","40 21:18.723","4","0","80 03:00.639","4","0","0","0","2109","0","0","0","N","0","0","0","3","02109","3","","1.0","","1","N","N","","0","","0","0","1","","2","N","","3","3","0","0","0","0","0","2","1","3","","","","N","","","","","","","","","",""
"2011055016","","1","0","0","0","0","0","0","0","0","1","0","","02","5","2011","2","40.410942","-79.9555","","11","0","0","0","0","0","0","0","0","1","0","0","0","","","0","","0","","40 24:39.390","4","0","79 57:19.801","9","0","0","0","2301","0","0","0","N","0","0","0","3","02301","0","","1.0","","1","N","N","","1","","0","0","0","","2","N","","2","0","0","0","0","0","2","2","0","2","","","","N","","","","","","","","","",""
"2011055533","","1","0","0","0","0","0","0","0","0","99","0","","02","5","2011","6","40.551452","-79.829614","","11","0","0","0","0","0","1","0","0","","0","0","0","","","0","","0","","40 33:05.227","","0","79 49:46.612","0","0","0","0","2208","0","0","0","N","0","0","0","1","68T02","0","","1.0","","1","N","N","","0","","0","0","0","","0","","","1","0","0","0","0","0","0","2","0","1","","","","N","","","","","","","","","",""
"2011054230","","1","0","0","0","0","0","0","0","0","4","0","","02","5","2011","5","40.420866","-80.004897","","11","0","0","0","0","0","0","0","0","1","0","0","0","","","1","","2","","40 25:15.119","7","0","80 00:17.628","4","0","0","0","2301","0","0","0","N","0","0","0","4","02301","1","","1.0","","1","N","N","","0","","0","0","0","","0","N","","2","1","0","0","0","0","0","2","1","2","","","","N","","","","","","","","","",""
"2011053345","","1","0","0","0","0","0","0","0","0","7","0","","02","5","2011","1","40.637423","-80.008902","","11","0","0","0","0","0","0","0","0","2","0","0","0","","","0","","0","","40 38:14.722","5","0","80 00:32.047","0","0","0","0","2216","0","0","0","N","0","0","0","2","02505","0","","5.0","","1","N","N","","0","","0","0","0","","0","Y","","1","0","0","0","0","0","0","2","0","1","","","","N","","","","","","","","","",""
"2011054927","","2","0","0","0","0","0","0","0","0","2","0","","02","5","2011","7","40.433303","-79.760248","","11","0","0","1","0","0","1","0","0","","0","0","0","","","1","","2","","40 25:59.890","","0","79 45:36.893","4","0","0","0","2446","0","0","0","N","0","0","0","2","02446","1","","1.0","","1","N","N","","0","","0","0","0","","3","","","2","1","0","0","0","0","0","2","0","2","","","","N","","","","","","","","","",""
"2011055536","","1","0","0","0","0","0","0","0","0","7","0","","02","5","2011","6","40.607913","-79.944207","","11","0","0","0","0","0","0","0","0","1","0","0","0","","","0","","0","","40 36:28.485","3","2","79 56:39.145","0","0","0","0","2207","0","0","0","N","0","0","0","1","68T02","0","","4.0","","9","N","N","","0","","0","0","0","","8","N","","1","0","0","0","0","0","0","2","0","1","","","","N","","","","","","","","","",""
"2011054866","","2","0","0","0","0","0","0","0","0","1","0","","02","5","2011","3","40.40213","-79.775822","","11","0","0","0","0","0","1","0","0","2","0","0","0","","","0","","2","","40 24:07.668","3","0","79 46:32.959","9","0","0","0","2453","0","0","0","N","0","0","0","3","02453","0","","1.0","","1","N","N","","0","","0","0","1","","0","Y","","3","0","0","0","0","0","2","2","0","3","","","","N","","","","","","","","","",""
"2011054722","","2","0","0","0","0","0","0","0","0","1","0","","02","5","2011","6","40.511593","-79.947443","","11","0","0","0","0","0","0","0","0","","0","0","0","","","0","","1","","40 30:41.734","","0","79 56:50.796","0","0","0","0","2118","0","0","0","N","0","0","0","3","02118","0","","1.0","","1","N","N","","1","","0","0","0","","2","","","3","0","0","0","0","0","0","2","0","3","","","","N","","","","","","","","","",""
"2011055600","","4","0","0","0","0","0","0","0","0","1","0","","02","5","2011","3","40.43737","-80.191525","","11","0","0","0","2","0","0","0","0","2","0","0","0","","","2","","0","","40 26:14.531","1","0","80 11:29.490","4","0","0","0","2214","0","0","0","N","0","0","0","11","02214","2","","1.0","","1","N","N","","1","","0","0","1","","0","Y","","6","2","2","0","0","0","0","2","0","6","","","","N","","","","","","","","","",""
"2011054166","","1","0","0","0","0","0","0","0","0","8","0","","02","5","2011","5","40.448227","-79.986908","","11","0","0","0","0","0","0","1","0","","0","0","0","","","1","","2","","40 26:53.617","","0","79 59:12.868","8","0","0","0","2301","1","0","0","N","1","0","0","2","02301","0","","1.0","","9","N","N","","0","","0","0","0","","0","","","2","1","0","0","0","1","0","2","0","1","","","","N","","","","","","","","","",""
"2011054929","","1","0","0","0","0","0","0","0","0","7","0","","02","5","2011","1","40.455308","-79.966006","","11","0","0","0","0","0","0","0","0","1","0","0","0","","","4","","0","","40 27:19.108","1","0","79 57:57.621","3","0","0","0","2301","0","0","0","N","0","0","0","4","02301","3","","5.0","","1","N","N","","0","","1","0","0","","0","N","","1","4","1","0","0","0","0","2","0","1","","","","N","","","","","","","","","",""
"2011055022","","1","0","0","2","0","0","0","0","0","8","0","","02","5","2011","2","40.484224","-79.907886","","11","0","0","0","0","0","0","0","0","1","0","0","0","","","2","","1","","40 29:03.206","3","0","79 54:28.391","3","0","0","0","2301","2","0","0","N","0","0","0","3","02301","0","","1.0","","1","N","N","","0","","2","0","0","","2","N","","3","2","0","0","0","0","1","2","0","1","","","","N","","","","","","","","","",""
"2011054709","","1","0","0","0","0","0","0","0","0","4","0","","02","5","2011","7","40.448933","-80.000739","","11","0","0","0","0","0","1","0","0","1","0","0","0","","","0","","1","","40 26:56.157","2","0","80 00:02.660","0","0","0","0","2301","0","0","0","N","0","0","0","3","02301","0","","1.0","","1","N","N","","1","","0","0","0","","1","N","","2","0","0","0","0","0","0","2","0","2","","","","N","","","","","","","","","",""
"2011055538","","0","0","0","0","0","0","0","0","0","7","0","55","02","5","2011","7","40.634262","-79.989263","","11","0","0","0","0","0","0","0","0","","0","0","0","","","0","","0","","40 38:03.344","","0","79 59:21.347","0","0","0","0","2217","0","0","0","N","0","0","0","2","68T02","0","","3.0","","1","N","N","","0","","0","0","1","","0","","","1","0","0","0","0","0","0","1","0","1","","","N","Y","4","1","N","N","N","N","N","N","Y",""
"2011054793","","1","0","0","0","0","0","0","0","0","7","0","25","02","5","2011","4","40.477749","-79.968255","","11","0","0","0","0","0","0","0","1","1","0","0","0","","","0","","1","","40 28:39.896","3","2","79 58:05.719","0","0","0","0","2445","0","0","0","N","0","0","0","1","02445","0","","2.0","","1","N","N","","0","","0","0","0","","3","N","","1","0","0","0","0","0","0","2","0","1","","","N","Y","4","1","","","N","Y","Y","","",""
"2011055759","","1","0","0","0","0","0","0","0","0","4","0","","02","5","2011","3","40.474303","-79.82191","","11","0","0","0","0","0","0","1","0","","0","0","0","","","2","","2","","40 28:27.491","","0","79 49:18.877","4","0","0","0","2113","0","0","0","N","0","0","0","2","02113","2","","1.0","","1","N","N","","0","","0","0","1","","2","","","2","2","0","0","0","0","0","2","0","2","","","","N","","","","","","","","","",""
"2011055602","","2","0","0","0","0","0","0","0","0","1","0","","02","5","2011","3","40.522885","-79.960325","","11","0","0","0","0","0","0","0","0","","0","0","0","","","1","","2","","40 31:22.386","","0","79 57:37.171","8","0","0","0","2118","0","0","0","N","0","0","0","2","02118","0","","1.0","","1","N","N","","0","","0","0","0","","0","","","2","1","0","0","0","1","0","2","0","2","","","","N","","","","","","","","","",""
"2011055760","","2","0","0","0","0","0","0","0","0","2","0","","02","5","2011","3","40.524707","-79.827363","","11","0","0","0","0","0","0","0","0","2","0","0","0","","","1","","0","","40 31:28.945","4","0","79 49:38.506","4","0","0","0","2451","0","0","0","N","0","0","0","2","02451","1","","1.0","","1","N","N","","0","","0","0","0","","0","N","","2","1","0","0","0","0","0","2","0","2","","","","N","","","","","","","","","",""
"2011054795","","1","0","0","0","0","0","0","0","0","4","0","","02","5","2011","7","40.529503","-79.965657","","11","0","1","0","0","0","0","0","1","","0","0","0","","","2","","1","","40 31:46.211","","0","79 57:56.365","8","0","0","0","2118","0","0","0","N","0","0","0","4","02118","0","","1.0","","1","N","N","","1","","0","0","0","","3","","","2","2","0","0","0","2","0","2","0","2","","","","N","","","","","","","","","",""
"2011055603","","1","0","0","0","0","0","0","0","0","1","0","","02","5","2011","3","40.438009","-79.914346","","11","0","0","0","0","0","1","0","0","","0","0","0","","","0","","0","","40 26:16.832","","0","79 54:51.644","0","0","0","0","2301","0","0","0","N","0","0","0","2","02301","0","","1.0","","1","N","N","","0","","0","0","1","","0","","","2","0","0","0","0","0","0","2","0","2","","","","N","","","","","","","","","",""
"2011055761","","1","0","0","0","0","0","0","0","0","2","0","","02","5","2011","3","40.350482","-79.820085","","11","0","0","0","0","0","1","0","0","2","0","0","0","","","0","","0","","40 21:01.736","4","0","79 49:12.306","0","0","0","0","2477","0","0","0","N","0","0","0","1","02477","0","","2.0","","1","N","N","","0","","0","0","1","","0","Y","","2","0","0","0","0","0","0","2","0","2","","","","N","","","","","","","","","",""
"2011054251","","1","0","0","0","0","0","0","0","0","4","0","","02","5","2011","5","40.519869","-80.16763","","11","0","0","0","0","0","1","0","0","1","0","0","0","","","1","","0","","40 31:11.529","4","0","80 10:03.468","3","0","0","0","2420","0","0","0","N","0","0","0","1","02420","0","","2.0","","1","N","N","","1","","1","0","0","","0","N","","2","1","0","0","0","0","0","2","0","2","","","","N","","","","","","","","","",""
"2011055604","","0","0","0","0","0","0","0","0","0","8","0","","02","5","2011","3","40.359506","-80.100993","","11","0","0","0","0","0","1","0","0","2","0","0","0","","","1","","0","","40 21:34.221","6","0","80 06:03.574","2","0","0","0","2414","1","0","1","N","1","0","1","3","02414","0","","1.0","","1","N","N","","1","","0","1","0","","0","Y","","2","1","0","0","0","0","0","2","0","1","","","","N","","","","","","","","","",""
"2011053426","","0","0","0","0","0","0","0","0","0","7","0","","02","1","2011","4","40.380803","-80.015361","","11","0","0","0","0","0","0","0","0","2","0","0","0","","","1","","0","","40 22:50.890","6","0","80 00:55.299","8","0","0","0","2101","0","0","0","N","0","0","0","1","02101","0","","4.0","","9","N","N","","0","","0","0","0","","0","N","","1","1","0","0","0","1","0","2","1","1","","","","N","","","","","","","","","",""
"2011054872","","2","0","0","0","0","0","0","0","0","1","0","","02","5","2011","2","40.356953","-79.901105","","11","0","0","0","0","0","1","0","0","1","0","0","0","","","2","","0","","40 21:25.031","1","0","79 54:03.978","4","0","0","0","2473","0","0","0","N","0","0","0","5","02473","1","","1.0","","1","N","N","","0","","0","0","1","","0","N","","3","2","0","0","0","1","0","2","0","3","","","","N","","","","","","","","","",""
"2011053427","","4","0","0","0","0","0","0","0","0","1","0","","02","5","2011","4","40.367634","-80.013302","","11","0","1","0","0","0","1","0","0","","0","0","0","","","3","","0","","40 22:03.482","","0","80 00:47.886","4","0","0","0","2416","0","0","0","N","0","0","0","5","02416","3","","1.0","","1","N","N","","0","","0","0","0","","0","","","4","3","0","0","0","0","0","2","0","4","","","","N","","","","","","","","","",""
"2011053428","","0","0","0","0","0","0","0","0","0","8","0","","02","5","2011","2","40.369193","-80.01529","","11","0","0","0","0","0","0","0","0","1","0","0","0","","","1","","0","","40 22:09.094","6","0","80 00:55.044","8","0","0","0","2416","1","0","0","N","1","0","0","2","02416","0","","1.0","","1","N","N","","1","","0","0","0","","0","Y","","2","1","0","0","0","1","0","2","0","1","","","","N","","","","","","","","","",""
"2011055765","","0","0","0","0","0","0","0","0","0","4","0","","02","5","2011","3","40.438563","-80.006076","","11","0","0","0","0","0","1","0","0","","0","0","0","","","0","","5","","40 26:18.828","","0","80 00:21.873","0","0","0","0","2301","0","0","0","N","0","0","0","3","02301","0","","1.0","","1","N","N","","0","","0","0","2","","2","","","2","0","0","0","0","0","0","2","0","2","","","","N","","","","","","","","","",""
"2011054800","","1","0","0","0","0","0","0","0","0","6","0","","02","5","2011","5","40.628078","-80.023909","","11","0","0","0","0","0","0","0","0","1","0","0","0","","","1","","1","","40 37:41.080","3","0","80 01:26.073","8","0","0","0","2216","0","0","0","N","0","0","0","2","02505","0","","1.0","","1","N","N","","0","","0","0","0","","2","N","","2","1","0","0","0","1","1","1","0","2","","","","N","","","","","","","","","",""
"2011054938","","1","0","0","1","0","0","0","0","0","8","0","","02","5","2011","1","40.41399","-79.987289","","11","0","0","0","0","0","0","0","0","","0","0","0","","","1","","1","","40 24:50.364","","0","79 59:14.240","3","0","0","0","2447","1","0","0","N","0","0","0","3","02447","0","","1.0","","1","N","N","","0","","1","0","0","","3","","","2","1","1","0","0","0","0","2","0","1","","","","N","","","","","","","","","",""
"2011054815","","1","0","0","0","0","0","0","0","0","8","0","","02","5","2011","7","40.411991","-79.99131","","11","0","0","0","0","0","0","0","0","","0","0","0","","","1","","0","","40 24:43.167","","0","79 59:28.716","4","0","0","0","2301","1","0","0","N","1","0","0","3","02301","1","","1.0","","1","N","N","","0","","0","0","0","","0","","","2","1","0","0","0","0","0","2","0","1","","","","N","","","","","","","","","",""
"2011055036","","1","0","0","0","0","0","0","0","0","7","0","","02","5","2011","3","40.546","-79.945954","","11","0","1","0","0","0","0","0","0","2","0","0","0","","","0","","0","","40 32:45.600","4","0","79 56:45.434","0","0","0","0","2118","0","0","0","N","0","0","0","1","02118","0","","5.0","","1","N","N","","0","","0","0","0","","0","N","","1","0","0","0","0","0","0","2","0","1","","","","N","","","","","","","","","",""
"2011054663","","0","0","0","0","0","0","0","0","0","7","0","","02","5","2011","6","40.389698","-79.905872","","11","0","0","0","0","0","0","0","0","2","0","0","0","","","2","","0","","40 23:22.911","5","0","79 54:21.138","4","0","0","0","2448","0","0","0","N","0","0","0","3","02448","2","","5.0","","1","N","N","","0","","0","0","0","","0","Y","","1","2","0","0","0","0","0","2","1","1","","","","N","","","","","","","","","",""
"2011055770","","2","0","0","0","0","0","0","0","0","1","0","","02","5","2011","3","40.449158","-79.901337","","11","0","0","0","0","0","0","0","0","","0","0","0","","","0","","1","","40 26:56.970","","0","79 54:04.812","0","0","0","0","2301","0","0","0","N","0","0","0","3","02301","0","","1.0","","1","N","N","","1","","0","0","0","","2","","","3","0","2","0","0","0","0","2","0","3","","","","N","","","","","","","","","",""
"2011054879","","0","0","0","0","0","0","0","0","0","7","0","","02","5","2011","1","40.396673","-79.900397","","11","0","0","0","0","0","1","0","0","1","0","0","0","","","1","","0","","40 23:48.022","1","0","79 54:01.429","3","0","0","0","2448","0","0","0","N","0","0","0","1","02448","0","","4.0","","1","N","N","","0","","1","0","1","","0","N","","1","1","0","0","0","0","0","2","0","1","","","","N","","","","","","","","","",""
"2011054666","","2","0","0","0","0","0","0","0","0","4","0","","02","5","2011","6","40.459045","-80.077269","","11","0","0","0","0","0","0","0","0","","0","0","0","","","2","","1","","40 27:32.562","","0","80 04:38.168","4","0","0","0","2301","0","0","0","N","0","0","0","5","02301","1","","1.0","","1","N","N","","0","","0","0","0","","0","","","2","2","0","0","0","1","0","2","0","2","","","","N","","","","","","","","","",""
"2011055773","","1","0","0","0","0","0","0","0","0","8","0","","02","5","2011","3","40.379078","-79.963549","","11","0","0","0","0","0","1","0","0","1","0","0","0","","","1","","0","","40 22:44.680","4","0","79 57:48.776","3","0","0","0","2413","1","0","0","N","1","0","0","2","02413","0","","1.0","","1","N","N","","0","","1","0","0","","0","N","","2","1","0","0","0","0","0","2","0","1","","","","N","","","","","","","","","",""
"2011056213","","1","0","0","0","0","0","0","0","0","4","0","","02","6","2011","4","40.589483","-79.953792","","11","0","0","0","0","0","2","0","0","1","0","0","0","","","0","","2","","40 35:22.140","4","0","79 57:13.651","0","0","0","0","2207","0","0","0","N","0","0","0","2","02207","0","","1.0","","1","N","N","","0","","0","0","1","","0","N","","2","0","0","0","0","0","0","2","0","2","","","","N","","","","","","","","","",""
"2011054822","","2","0","0","0","0","0","0","0","0","6","0","","02","5","2011","7","40.466951","-80.026405","","11","0","0","0","0","0","0","0","0","","0","0","0","","","0","","0","","40 28:01.023","","0","80 01:35.058","0","0","0","0","2301","0","0","0","N","0","0","0","3","02301","0","","1.0","","1","N","N","","0","","0","0","0","","0","","","2","0","0","0","0","0","0","2","0","2","","","","N","","","","","","","","","",""
"2011054882","","1","0","0","0","0","0","0","0","0","7","0","","02","5","2011","6","40.522995","-80.070575","","11","0","0","0","0","0","0","0","0","","0","0","0","","","0","","0","","40 31:22.782","","0","80 04:14.070","0","0","0","0","2215","0","0","0","N","0","0","0","1","02215","0","","5.0","","9","N","N","","0","","0","0","0","","0","","","1","0","0","0","0","0","0","2","0","1","","","","N","","","","","","","","","",""
"2011055042","","1","0","0","0","0","0","0","0","0","4","0","","02","5","2011","2","40.43287","-80.01346","","11","0","0","1","0","0","0","0","0","","0","0","0","","","0","","1","","40 25:58.332","","0","80 00:48.456","0","0","0","0","2301","0","0","0","N","0","0","0","4","02301","0","","1.0","","1","N","N","","1","","0","0","0","","3","","","2","0","0","0","0","0","0","2","0","2","","","","N","","","","","","","","","",""
"2011054669","","1","0","0","0","0","0","0","0","0","1","0","","02","5","2011","6","40.370263","-80.100721","","11","0","0","0","0","0","1","1","0","","0","0","0","","","0","","9","","40 22:12.945","","0","80 06:02.595","0","0","0","0","2102","0","0","0","N","0","0","0","2","02102","0","","1.0","","1","N","N","","0","","0","0","0","","0","","","2","0","0","0","0","0","0","2","1","2","","","","N","","","","","","","","","",""
"2011054968","","2","0","0","0","0","0","0","0","0","4","0","","02","5","2011","1","40.434834","-79.773993","","11","0","0","1","0","0","0","0","0","1","0","0","0","","","0","","2","","40 26:05.402","3","0","79 46:26.374","0","0","0","0","2446","0","0","0","N","0","0","0","2","02446","0","","1.0","","1","N","N","","0","","0","0","0","","3","N","","2","0","0","0","0","0","0","2","0","2","","","","N","","","","","","","","","",""
"2011055776","","2","0","0","0","0","0","0","0","0","4","0","","02","5","2011","6","40.357861","-80.126158","","11","0","0","0","0","0","0","0","0","","0","0","0","","","0","","2","","40 21:28.301","","0","80 07:34.168","0","0","0","0","2119","0","0","0","N","0","0","0","2","02119","0","","1.0","","9","N","N","","0","","0","0","0","","2","","","2","0","0","0","0","0","0","2","0","2","","","","N","","","","","","","","","",""
"2011055044","","1","0","1","0","0","0","0","0","0","4","0","","02","5","2011","2","40.451451","-79.90819","","11","0","0","0","0","0","2","0","0","2","0","0","0","","","2","","1","","40 27:05.223","7","0","79 54:29.484","2","0","0","0","2301","0","0","0","N","0","0","0","2","02301","0","","1.0","","1","N","N","","0","","0","2","1","","2","N","","2","2","1","0","1","0","0","2","0","2","","","","N","","","","","","","","","",""
"2011054825","","0","0","0","0","0","0","0","0","0","4","0","","02","5","2011","7","40.458687","-79.908061","","11","0","0","0","0","0","0","1","0","2","0","0","0","","","4","","1","","40 27:31.273","2","0","79 54:29.021","3","0","0","0","2301","0","0","0","N","0","0","0","7","02301","3","","1.0","","1","N","N","","0","","1","0","0","","2","Y","","2","4","0","0","0","0","0","2","2","2","","","","N","","","","","","","","","",""
"2011054744","","2","0","0","0","0","0","0","0","0","1","0","","02","5","2011","5","40.378542","-80.096532","","11","0","0","0","0","0","2","0","0","1","0","0","0","","","0","","0","","40 22:42.752","2","0","80 05:47.515","0","0","0","0","2102","0","0","0","N","0","0","0","5","02102","0","","1.0","","1","N","N","","0","","0","0","1","","0","N","","3","0","0","0","0","0","0","2","0","3","","","","N","","","","","","","","","",""
"2011054972","","1","0","0","0","0","0","0","0","0","7","0","","02","5","2011","7","40.355381","-79.912697","","11","0","0","0","1","0","0","0","0","2","0","0","0","","","0","","0","","40 21:19.370","4","0","79 54:45.710","0","0","0","0","2473","0","0","0","N","0","0","0","1","02473","0","","4.0","","1","N","N","","0","","0","0","0","","0","N","","1","0","0","0","0","0","0","2","0","1","","","","N","","","","","","","","","",""
"2011054827","","1","0","0","0","0","0","0","0","0","1","0","","02","5","2011","7","40.448066","-80.062193","","11","0","0","0","0","0","0","0","0","","0","0","0","","","0","","0","","40 26:53.037","","0","80 03:43.894","0","0","0","0","2301","0","0","0","N","0","0","0","1","02301","0","","2.0","","1","N","N","","0","","0","0","1","","0","","","2","0","1","0","0","0","0","2","0","2","","","","N","","","","","","","","","",""
"2011055780","","0","0","0","0","0","0","0","0","0","7","0","","02","5","2011","7","40.227538","-79.87382","","11","0","0","0","0","0","0","1","0","","0","0","0","","","0","","3","","40 13:39.135","","0","79 52:25.753","0","0","0","0","2204","0","0","0","N","0","0","0","1","02204","0","","4.0","","1","N","N","","0","","0","0","0","","0","","","1","0","0","0","0","0","0","1","1","1","","","","N","","","","","","","","","",""
"2011053980","","0","0","0","0","0","0","0","0","0","1","0","","02","5","2011","5","40.323861","-79.781847","","11","0","0","0","0","0","0","0","1","","0","0","0","","","2","","2","","40 19:25.901","","0","79 46:54.649","8","0","0","0","2477","0","0","0","N","0","0","0","3","02477","0","","1.0","","1","N","N","","1","","0","0","1","","2","","","2","2","0","0","0","2","0","2","0","2","","","","N","","","","","","","","","",""
"2011054747","","2","0","0","0","0","0","0","0","0","4","0","","02","5","2011","5","40.377335","-79.801335","","11","0","0","0","0","0","0","0","1","2","0","0","0","","","2","","2","","40 22:38.407","4","0","79 48:04.805","4","0","0","0","2111","0","0","0","N","0","0","0","3","02111","1","","1.0","","1","N","N","","0","","0","0","0","","0","N","","2","2","0","0","0","1","0","2","0","2","","","","N","","","","","","","","","",""
"2011054828","","2","0","0","0","0","0","0","0","0","2","0","","02","5","2011","6","40.410135","-80.082507","","11","0","0","0","0","0","0","0","0","1","0","0","0","","","1","","1","","40 24:36.487","2","0","80 04:57.026","4","0","0","0","2415","0","0","0","N","0","0","0","4","02415","1","","1.0","","1","N","N","","0","","0","0","0","","2","Y","","2","1","0","0","0","0","0","2","0","2","","","","N","","","","","","","","","",""
"2011054058","","2","0","0","0","0","0","0","0","0","99","0","","02","5","2011","7","40.593259","-80.061072","","11","1","0","0","0","0","0","0","0","","0","0","0","","","0","","5","","40 35:35.732","","0","80 03:39.858","0","0","0","0","2108","0","0","0","N","0","0","0","3","02108","0","","1.0","","1","N","N","","0","","0","0","0","","3","","","2","0","0","0","0","0","0","2","0","2","","","","N","","","","","","","","","",""
"2011054829","","1","0","0","0","0","0","0","0","0","7","0","","02","5","2011","7","40.636942","-79.954287","","11","0","1","0","0","0","0","0","0","2","0","0","0","","","1","","0","","40 38:12.991","5","0","79 57:15.433","4","0","0","0","2217","0","0","0","N","0","0","0","1","02505","1","","2.0","","1","N","N","","0","","0","0","0","","0","Y","","1","1","0","0","0","0","0","2","0","1","","","","N","","","","","","","","","",""