"CRN","ARRIVAL_TM","AUTOMOBILE_COUNT","BELTED_DEATH_COUNT","BELTED_SUSP_SERIOUS_INJ_COUNT","BICYCLE_COUNT","BICYCLE_DEATH_COUNT","BICYCLE_SUSP_SERIOUS_INJ_COUNT","BUS_COUNT","CHLDPAS_DEATH_COUNT","CHLDPAS_SUSP_SERIOUS_INJ_COUNT","COLLISION_TYPE","COMM_VEH_COUNT","CONS_ZONE_SPD_LIM","COUNTY","CRASH_MONTH","CRASH_YEAR","DAY_OF_WEEK","DEC_LATITUDE","DEC_LONGITUDE","DISPATCH_TM","DISTRICT","DRIVER_COUNT_16YR","DRIVER_COUNT_17YR","DRIVER_COUNT_18YR","DRIVER_COUNT_19YR","DRIVER_COUNT_20YR","DRIVER_COUNT_50_64YR","DRIVER_COUNT_65_74YR","DRIVER_COUNT_75PLUS","EST_HRS_CLOSED","FATAL_COUNT","HEAVY_TRUCK_COUNT","HORSE_BUGGY_COUNT","HOUR_OF_DAY","ILLUMINATION","INJURY_COUNT","INTERSECTION_RELATED","INTERSECT_TYPE","LANE_CLOSED","LATITUDE","LN_CLOSE_DIR","LOCATION_TYPE","LONGITUDE","MAX_SEVERITY_LEVEL","MCYCLE_DEATH_COUNT","MCYCLE_SUSP_SERIOUS_INJ_COUNT","MOTORCYCLE_COUNT","MUNICIPALITY","NONMOTR_COUNT","NONMOTR_DEATH_COUNT","NONMOTR_SUSP_SERIOUS_INJ_COUNT","NTFY_HIWY_MAINT","PED_COUNT","PED_DEATH_COUNT","PED_SUSP_SERIOUS_INJ_COUNT","PERSON_COUNT","POLICE_AGCY","POSSIBLE_INJ_COUNT","RDWY_SURF_TYPE_CD","RELATION_TO_ROAD","ROADWAY_CLEARED","ROAD_CONDITION","SCH_BUS_IND","SCH_ZONE_IND","SECONDARY_CRASH","SMALL_TRUCK_COUNT","SPEC_JURIS_CD","SUSP_MINOR_INJ_COUNT","SUSP_SERIOUS_INJ_COUNT","SUV_COUNT","TCD_FUNC_CD","TCD_TYPE","TFC_DETOUR_IND","TIME_OF_DAY","TOTAL_UNITS","TOT_INJ_COUNT","UNBELTED_OCC_COUNT","UNB_DEATH_COUNT","UNB_SUSP_SERIOUS_INJ_COUNT","UNK_INJ_DEG_COUNT","UNK_INJ_PER_COUNT","URBAN_RURAL","VAN_COUNT","VEHICLE_COUNT","WEATHER1","WEATHER2","WORKERS_PRES","WORK_ZONE_IND","WORK_ZONE_LOC","WORK_ZONE_TYPE","WZ_CLOSE_DETOUR","WZ_FLAGGER","WZ_LAW_OFFCR_IND","WZ_LN_CLOSURE","WZ_MOVING","WZ_OTHER","WZ_SHLDER_MDN","WZ_WORKERS_INJ_KILLED"
"2011054451","","1","0","0","0","0","0","0","0","0","7","0","","02","5","2011","1","40.381387","-79.813356","","11","0","0","0","0","0","0","0","0","2","0","0","0","","","2","","0","","40 22:52.994","7","0","79 48:48.083","4","0","0","0","2424","0","0","0","N","0","0","0","2","02424","1","","5.0","","1","N","N","","0","","0","0","0","","0","Y","","1","2","0","0","0","1","0","2","0","1","","","","N","","","","","","","","","",""
"2011054453","","1","0","0","0","0","0","0","0","0","7","0","","02","5","2011","5","40.590712","-79.826952","","11","0","0","0","0","0","0","0","0","","0","0","0","","","0","","0","","40 35:26.564","","0","79 49:37.026","0","0","0","0","2209","0","0","0","N","0","0","0","1","02209","0","","4.0","","1","N","N","","0","","0","0","0","","0","","","1","0","0","0","0","0","0","1","0","1","","","","N","","","","","","","","","",""
"2011060522","","0","0","0","0","0","0","0","0","0","7","0","","02","6","2011","2","40.43509","-79.993301","","11","0","0","0","0","0","0","0","0","2","0","0","0","","","0","","0","","40 26:06.324","3","0","79 59:35.883","0","0","0","0","2301","0","0","0","N","0","0","0","1","02301","0","","5.0","","1","N","N","","0","","0","0","0","","0","N","","1","0","0","0","0","0","0","2","1","1","","","","N","","","","","","","","","",""
"2011055093","","1","0","0","0","0","0","0","0","0","8","0","","02","5","2011","2","40.417355","-79.965574","","11","0","0","1","0","0","0","0","0","","0","0","0","","","1","","0","","40 25:02.478","","0","79 57:56.066","8","0","0","0","2301","1","0","0","N","1","0","0","4","02301","0","","1.0","","1","N","N","","0","","0","0","0","","0","","","2","1","0","0","0","1","0","2","0","1","","","","N","","","","","","","","","",""
"2011054454","","2","0","0","0","0","0","0","0","0","6","0","","02","5","2011","4","40.400345","-80.039409","","11","0","0","0","0","0","0","1","0","","0","0","0","","","0","","2","","40 24:01.242","","0","80 02:21.872","0","0","0","0","2422","0","0","0","N","0","0","0","3","02422","0","","1.0","","1","N","N","","0","","0","0","0","","3","","","2","0","0","0","0","0","0","2","0","2","","","","N","","","","","","","","","",""
"2011061479","","2","0","0","0","0","0","0","0","0","4","0","","02","6","2011","5","40.422268","-79.843137","","11","0","0","0","0","0","2","0","0","2","0","0","0","","","0","","2","","40 25:20.164","4","0","79 50:35.293","0","0","0","0","2431","0","0","0","N","0","0","0","2","02431","0","","1.0","","1","N","N","","0","","0","0","0","","3","N","","2","0","0","0","0","0","0","2","0","2","","","","N","","","","","","","","","",""
"2011054389","","1","0","0","0","0","0","0","0","0","7","0","","02","5","2011","4","40.388105","-80.082077","","11","0","0","0","0","0","0","1","1","1","0","0","0","","","3","","0","","40 23:17.177","6","0","80 04:55.478","3","0","0","0","2117","0","0","0","N","0","0","0","3","02117","2","","4.0","","1","N","N","","0","","1","0","1","","0","Y","","2","3","0","0","0","0","0","2","0","2","","","","N","","","","","","","","","",""
"2011062086","","1","0","0","0","0","0","0","0","0","7","0","","02","6","2011","2","40.453414","-79.769141","","11","0","0","0","0","0","0","0","0","1","0","0","0","","","1","","0","","40 27:12.290","5","0","79 46:08.907","8","0","0","0","2446","0","0","0","N","0","0","0","1","02446","0","","5.0","","1","N","N","","0","","0","0","0","","0","Y","","1","1","0","0","0","1","0","2","0","1","","","","N","","","","","","","","","",""
"2011061405","","1","0","0","0","0","0","0","0","0","4","1","","02","6","2011","2","40.457246","-79.997838","","11","0","0","0","0","0","0","0","0","","0","1","0","","","1","","1","","40 27:26.085","","0","79 59:52.216","8","0","0","0","2301","0","0","0","N","0","0","0","3","02301","0","","1.0","","1","N","N","","0","","0","0","0","","2","","","2","1","0","0","0","1","0","2","0","2","","","","N","","","","","","","","","",""
"2011055108","","1","0","0","0","0","0","0","0","0","1","0","","02","5","2011","7","40.525823","-80.033917","","11","0","0","0","0","0","2","0","0","","0","0","0","","","0","","0","","40 31:32.964","","0","80 02:02.100","0","0","0","0","2116","0","0","0","N","0","0","0","2","02116","0","","1.0","","1","N","N","","1","","0","0","0","","0","","","2","0","0","0","0","0","0","2","0","2","","","","N","","","","","","","","","",""
"2011060526","","1","0","0","1","0","0","0","0","0","8","0","","02","6","2011","2","40.439663","-79.897667","","11","0","0","0","0","0","0","0","0","","0","0","0","","","1","","1","","40 26:22.786","","0","79 53:51.601","8","0","0","0","2301","1","0","0","N","0","0","0","2","02301","0","","1.0","","1","N","N","","0","","0","0","0","","2","","","2","1","0","0","0","1","0","2","0","1","","","","N","","","","","","","","","",""
"2011062088","","0","0","0","0","0","0","0","0","0","7","0","","02","6","2011","7","","","","11","0","0","0","0","0","0","0","0","","0","0","0","","","0","","0","","","","7","","0","0","0","0","2301","0","0","0","N","0","0","0","0","02301","0","","4.0","","1","N","N","","0","","0","0","1","","0","","","1","0","0","0","0","0","0","1","0","1","","","","N","","","","","","","","","",""
"2011059900","","2","0","0","0","0","0","0","0","0","4","0","","02","6","2011","7","40.441547","-80.193295","","11","1","0","0","0","0","0","0","0","","0","0","0","","","0","","2","","40 26:29.569","","0","80 11:35.861","0","0","0","0","2214","0","0","0","N","0","0","0","6","02214","0","","1.0","","1","N","N","","0","","0","0","0","","0","","","2","0","0","0","0","0","0","2","0","2","","","","N","","","","","","","","","",""
"2011060527","","1","0","0","0","0","0","0","0","0","1","0","","02","6","2011","2","40.395124","-79.986798","","11","0","0","0","0","0","0","0","0","","0","0","0","","","2","","2","","40 23:42.446","","0","79 59:12.472","3","0","0","0","2301","0","0","0","N","0","0","0","3","02301","1","","1.0","","1","N","N","","1","","1","0","0","","0","","","2","2","0","0","0","0","1","2","0","2","","","","N","","","","","","","","","",""
"2011061407","","1","0","1","0","0","0","0","0","0","7","0","","02","6","2011","4","40.366951","-80.105533","","11","0","0","0","0","0","0","0","1","2","0","0","0","","","1","","0","","40 22:01.022","2","99","80 06:19.917","2","0","0","0","2102","0","0","0","N","0","0","0","1","02102","0","","2.0","","1","N","N","","0","","0","1","0","","0","N","","1","1","0","0","0","0","0","2","0","1","","","","N","","","","","","","","","",""
"2011059915","","0","0","0","0","0","0","0","0","0","7","0","","02","6","2011","7","40.479745","-79.82253","","11","0","0","0","0","0","0","0","0","3","0","0","0","","","1","","1","","40 28:47.081","6","0","79 49:21.108","8","0","0","0","2113","0","0","0","N","0","0","0","1","02113","0","","5.0","","1","N","N","","0","","0","0","1","","0","Y","","1","1","0","0","0","1","0","2","0","1","","","","N","","","","","","","","","",""
"2011055099","","1","0","0","0","0","0","0","0","0","4","0","","02","5","2011","2","40.453289","-80.054172","","11","0","0","0","0","0","0","0","0","","0","0","0","","","0","","3","","40 27:11.840","","0","80 03:15.019","9","0","0","0","2301","0","0","0","N","0","0","0","3","02301","0","","1.0","","1","N","N","","1","","0","0","0","","3","","","2","0","0","0","0","0","1","2","0","2","","","","N","","","","","","","","","",""
"2011060529","","0","0","0","0","0","0","0","0","0","8","0","","02","6","2011","5","40.50658","-79.842875","","11","0","0","0","0","0","0","0","0","2","0","0","0","","","1","","1","","40 30:23.687","1","0","79 50:34.351","2","0","0","0","2468","1","0","1","N","1","0","1","2","02468","0","","1.0","","1","N","N","","0","","0","1","1","","2","Y","","2","1","1","0","0","0","0","2","0","1","","","","N","","","","","","","","","",""
"2011061409","","1","0","0","0","0","0","0","0","0","1","0","","02","6","2011","5","40.422691","-79.855289","","11","0","0","0","0","0","1","0","0","1","0","0","0","","","0","","0","","40 25:21.687","4","0","79 51:19.041","0","0","0","0","2431","0","0","0","N","0","0","0","2","02431","0","","1.0","","1","N","N","","1","","0","0","0","","0","N","","2","0","0","0","0","0","0","2","0","2","","","","N","","","","","","","","","",""
"2011055178","","1","0","0","0","0","0","0","0","0","6","0","","02","5","2011","5","40.34505","-80.082181","","11","0","1","0","0","0","0","0","0","","0","0","0","","","0","","1","","40 20:42.181","","0","80 04:55.851","0","0","0","0","2123","0","0","0","N","0","0","0","5","02123","0","","1.0","","9","N","N","","0","","0","0","1","","2","","","2","0","0","0","0","0","0","2","0","2","","","","N","","","","","","","","","",""
"2011060530","","1","0","0","0","0","0","0","0","0","1","0","","02","6","2011","2","40.390679","-80.07424","","11","0","2","0","0","0","0","0","0","1","0","0","0","","","0","","5","","40 23:26.444","3","0","80 04:27.265","0","0","0","0","2117","0","0","0","N","0","0","0","3","02117","0","","1.0","","1","N","N","","0","","0","0","1","","2","Y","","2","0","0","0","0","0","0","2","0","2","","","","N","","","","","","","","","",""
"2011059833","","2","0","0","0","0","0","0","0","0","1","0","","02","6","2011","7","40.411438","-79.878861","","11","0","0","0","0","0","0","0","0","","0","0","0","","","1","","0","","40 24:41.177","","0","79 52:43.901","3","0","0","0","2456","0","0","0","N","0","0","0","2","02456","0","","1.0","","1","N","N","","0","","1","0","0","","0","","","2","1","0","0","0","0","0","2","0","2","","","","N","","","","","","","","","",""
"2011059904","","1","0","0","0","0","0","0","0","0","8","0","","02","6","2011","7","40.439416","-79.996924","","11","0","0","0","0","1","0","0","0","1","0","0","0","","","1","","1","","40 26:21.897","2","0","79 59:48.926","8","0","0","0","2301","1","0","0","N","1","0","0","3","02301","0","","1.0","","1","N","N","","0","","0","0","0","","2","N","","2","1","0","0","0","1","0","2","0","1","","","","N","","","","","","","","","",""
"2011053713","","2","0","0","0","0","0","0","0","0","1","0","","02","1","2011","3","40.420838","-80.047896","","11","0","0","1","0","0","0","0","0","","0","0","0","","","1","","0","","40 25:15.018","","0","80 02:52.424","4","0","0","0","2435","0","0","0","N","0","0","0","3","68B03","1","","1.0","","1","N","N","","0","","0","0","0","","0","","","2","1","1","0","0","0","0","2","0","2","","","","N","","","","","","","","","",""
"2011059769","","1","0","0","0","0","0","0","0","0","4","0","","02","6","2011","6","40.533896","-79.844881","","11","1","0","0","0","0","1","0","0","2","0","0","0","","","3","","2","","40 32:02.027","7","0","79 50:41.571","3","0","0","0","2208","0","0","0","N","0","0","0","4","02208","2","","1.0","","1","N","N","","0","","1","0","0","","2","Y","","2","3","0","0","0","0","0","2","0","2","","","","N","","","","","","","","","",""
"2011061425","","2","0","0","0","0","0","0","0","0","4","0","","02","6","2011","5","40.455155","-79.966047","","11","0","0","1","1","0","0","0","0","","0","0","0","","","0","","2","","40 27:18.558","","0","79 57:57.769","0","0","0","0","2301","0","0","0","N","0","0","0","4","02301","0","","1.0","","1","N","N","","0","","0","0","0","","3","","","2","0","0","0","0","0","0","2","0","2","","","","N","","","","","","","","","",""
"2011054398","","2","0","0","0","0","0","0","0","0","6","0","","02","5","2011","5","40.612528","-79.853308","","11","0","0","0","0","0","1","0","0","2","0","0","0","","","2","","2","","40 36:45.102","5","0","79 51:11.908","3","0","0","0","2220","0","0","0","N","0","0","0","2","02220","0","","1.0","","1","N","N","","0","","2","0","0","","3","Y","","2","2","0","0","0","0","0","2","0","2","","","","N","","","","","","","","","",""
"2011053714","","0","0","0","0","0","0","0","0","0","0","0","","02","4","2011","1","40.580114","-80.114982","","11","0","0","0","0","0","0","1","0","","0","0","0","","","1","","0","","40 34:48.412","","0","80 06:53.935","4","0","0","1","2481","0","0","0","N","0","0","0","1","68B03","1","","1.0","","9","N","N","","0","","0","0","0","","0","","","1","1","0","0","0","0","0","2","0","1","","","","N","","","","","","","","","",""
"2011059835","","1","0","0","0","0","0","0","0","0","8","0","","02","6","2011","2","40.459843","-79.915758","","11","0","0","0","0","0","1","0","0","1","0","0","0","","","2","","2","","40 27:35.434","3","0","79 54:56.728","8","0","0","0","2301","2","0","0","N","2","0","0","3","02301","0","","1.0","","1","N","N","","0","","0","0","0","","2","N","","3","2","0","0","0","2","0","2","0","1","","","","N","","","","","","","","","",""
"2011061426","","1","0","0","0","0","0","0","0","0","1","1","","02","6","2011","5","40.416936","-80.014558","","11","0","0","0","0","0","0","0","0","1","0","1","0","","","0","","2","","40 25:00.970","2","0","80 00:52.409","0","0","0","0","2301","0","0","0","N","0","0","0","2","02301","0","","1.0","","1","N","N","","0","","0","0","0","","2","N","","2","0","0","0","0","0","0","2","0","2","","","","N","","","","","","","","","",""
"2011053715","","1","0","0","0","0","0","0","0","0","1","0","","02","5","2011","4","40.443578","-80.009055","","11","0","0","1","0","0","0","0","0","","0","0","0","","","1","","3","","40 26:36.879","","3","80 00:32.599","4","0","0","0","2301","0","0","0","N","0","0","0","2","68B03","1","","1.0","","1","N","N","","1","","0","0","0","","0","","","2","1","0","0","0","0","0","2","0","2","","","","N","","","","","","","","","",""
"2011054400","","1","0","0","0","0","0","0","0","0","7","0","","02","5","2011","6","40.519839","-79.839123","","11","0","0","0","0","0","0","0","0","2","0","0","0","","","0","","0","","40 31:11.420","5","0","79 50:20.842","9","0","0","0","2451","0","0","0","N","0","0","0","1","02451","0","","5.0","","1","N","N","","0","","0","0","0","","0","Y","","1","0","0","0","0","0","1","2","0","1","","","","N","","","","","","","","","",""
"2011053716","","2","0","0","0","0","0","0","0","0","1","0","","02","5","2011","6","40.445114","-79.850841","","11","0","0","0","0","0","0","0","0","3","0","0","0","","","0","","0","","40 26:42.409","4","0","79 51:03.028","0","0","0","0","2419","0","0","0","N","0","0","0","6","68B03","0","","1.0","","1","N","N","","0","","0","0","1","","0","N","","3","0","0","0","0","0","0","2","0","3","","","","N","","","","","","","","","",""
"2011060683","","2","0","0","0","0","0","0","0","0","4","0","","02","5","2011","1","40.538827","-79.990138","","11","0","0","1","0","0","1","0","0","1","0","0","0","","","0","","2","","40 32:19.777","2","0","79 59:24.496","0","0","0","0","2116","0","0","0","N","0","0","0","2","02116","0","","1.0","","1","N","N","","0","","0","0","0","","3","N","","2","0","0","0","0","0","0","2","0","2","","","","N","","","","","","","","","",""
"2011055183","","1","0","0","0","0","0","0","0","0","4","0","","02","5","2011","7","40.385001","-79.862741","","11","0","0","0","0","0","1","0","0","1","0","0","0","","","2","","1","","40 23:06.005","2","0","79 51:45.866","3","0","0","0","2473","0","0","0","N","0","0","0","2","02473","1","","1.0","","1","N","N","","0","","1","0","1","","2","N","","2","2","1","0","0","0","0","2","0","2","","","","N","","","","","","","","","",""
"2011053717","","2","0","0","0","0","0","0","0","0","5","0","","02","5","2011","2","40.428686","-79.946134","","11","0","0","0","0","0","0","1","0","1","0","0","0","","","2","","0","","40 25:43.268","4","0","79 56:46.084","4","0","0","0","2301","0","0","0","N","0","0","0","2","68B03","2","","1.0","","1","N","N","","0","","0","0","0","","0","N","","2","2","0","0","0","0","0","2","0","2","","","","N","","","","","","","","","",""
"2011059922","","0","0","0","0","0","0","0","0","0","4","0","","02","6","2011","7","40.437733","-80.000234","","11","0","0","0","0","0","0","0","0","1","0","0","0","","","1","","1","","40 26:15.840","2","0","80 00:00.841","8","0","0","1","2301","0","0","0","N","0","0","0","3","02301","0","","1.0","","1","N","N","","1","","0","0","0","","2","N","","2","1","0","0","0","1","0","2","0","2","","","","N","","","","","","","","","",""
"2011053718","","2","0","0","0","0","0","0","0","0","1","0","","02","5","2011","4","40.430016","-80.027599","","11","0","0","0","0","0","0","0","0","","0","0","0","","","3","","0","","40 25:48.059","","0","80 01:39.358","4","0","0","0","2301","0","0","0","N","0","0","0","5","68B03","3","","1.0","","1","N","N","","0","","0","0","0","","0","","","2","3","0","0","0","0","0","2","0","2","","","","N","","","","","","","","","",""
"2011061285","","1","0","0","0","0","0","0","0","0","2","0","","02","6","2011","4","40.362022","-80.011171","","11","0","0","0","0","0","1","0","0","","0","0","0","","","1","","1","","40 21:43.279","","0","80 00:40.215","4","0","0","0","2416","0","0","0","N","0","0","0","2","02416","1","","1.0","","1","N","N","","0","","0","0","1","","3","","","2","1","0","0","0","0","0","2","0","2","","","","N","","","","","","","","","",""
"2011062028","","1","0","0","0","0","0","0","0","0","7","0","","02","6","2011","6","40.437116","-80.039765","","11","0","0","0","0","0","0","0","0","3","0","0","0","","","1","","0","","40 26:13.617","5","0","80 02:23.154","4","0","0","0","2301","0","0","0","N","0","0","0","1","02301","1","","2.0","","8","N","N","","0","","0","0","0","","0","Y","","1","1","0","0","0","0","0","2","0","1","","","","N","","","","","","","","","",""
"2011059923","","1","0","0","0","0","0","0","0","0","7","0","","02","6","2011","7","40.408439","-79.890186","","11","0","0","1","0","0","0","0","0","","0","0","0","","","0","","0","","40 24:30.380","","0","79 53:24.668","0","0","0","0","2448","0","0","0","N","0","0","0","1","02448","0","","2.0","","9","N","N","","0","","0","0","0","","0","","","1","0","0","0","0","0","0","2","0","1","","","","N","","","","","","","","","",""
"2011060685","","1","0","0","0","0","0","0","0","0","5","1","","02","6","2011","7","40.504718","-80.10977","","11","0","0","0","0","0","1","0","0","","0","1","0","","","2","","0","","40 30:16.984","","0","80 06:35.172","4","0","0","0","2110","0","0","0","N","0","0","0","3","02215","2","","1.0","","1","N","N","","1","","0","0","0","","0","","","3","2","0","0","0","0","0","2","0","3","","","","N","","","","","","","","","",""
"2011053719","","1","0","0","0","0","0","0","0","0","1","0","","02","5","2011","2","40.656781","-80.092579","","11","0","0","0","0","0","2","0","0","","0","0","0","","","1","","0","","40 39:24.412","","0","80 05:33.286","4","0","0","0","2212","0","0","0","N","0","0","0","4","68B03","1","","1.0","","1","N","N","","1","","0","0","1","","0","","","3","1","0","0","0","0","0","2","0","3","","","","N","","","","","","","","","",""
"2011059776","","1","0","0","0","0","0","0","0","0","4","0","","02","6","2011","7","40.4287","-79.9898","","11","0","0","0","0","0","0","0","0","1","0","0","0","","","1","","1","","40 25:43.320","3","0","79 59:23.280","4","0","0","0","2301","0","0","0","Y","0","0","0","4","02301","1","","1.0","","1","N","N","","1","","0","0","0","","3","N","","2","1","0","0","0","0","0","2","0","2","","","","N","","","","","","","","","",""
"2011053720","","2","0","0","0","0","0","0","0","0","1","0","","02","5","2011","2","40.43151","-79.958663","","11","0","0","0","0","0","1","0","0","","0","0","0","","","1","","0","","40 25:53.435","","0","79 57:31.185","4","0","0","0","2301","0","0","0","N","0","0","0","2","68B03","1","","1.0","","1","N","N","","0","","0","0","0","","0","","","2","1","0","0","0","0","0","2","0","2","","","","N","","","","","","","","","",""
"2011062031","","1","0","0","0","0","0","0","0","0","7","0","","02","6","2011","6","40.458394","-79.883371","","11","0","0","0","0","0","1","0","0","","0","0","0","","","1","","0","","40 27:30.218","","0","79 53:00.134","8","0","0","0","2301","0","0","0","N","0","0","0","5","02301","0","","5.0","","1","N","N","","0","","0","0","0","","0","","","1","1","0","0","0","1","0","2","0","1","","","","N","","","","","","","","","",""
"2011061420","","2","0","0","0","0","0","0","0","0","4","0","","02","6","2011","5","40.435564","-79.756077","","11","0","0","0","0","0","0","0","1","","0","0","0","","","0","","0","","40 26:08.032","","0","79 45:21.877","0","0","0","0","2446","0","0","0","N","0","0","0","2","02446","0","","1.0","","1","N","N","","0","","0","0","0","","0","","","2","0","0","0","0","0","0","2","0","2","","","","N","","","","","","","","","",""
"2011060687","","2","0","0","0","0","0","0","0","0","1","0","","02","6","2011","3","40.462035","-79.949741","","11","0","0","0","0","0","1","0","0","","0","0","0","","","0","","0","","40 27:43.326","","0","79 56:59.067","0","0","0","0","2301","0","0","0","N","0","0","0","2","02301","0","","1.0","","1","N","N","","0","","0","0","0","","0","","","2","0","0","0","0","0","0","2","0","2","","","","N","","","","","","","","","",""
"2011053721","","3","0","0","0","0","0","0","0","0","1","0","","02","5","2011","3","40.444841","-79.852019","","11","0","0","0","0","0","1","0","0","","0","0","0","","","2","","0","","40 26:41.426","","0","79 51:07.270","4","0","0","0","2419","0","0","0","N","0","0","0","5","68B03","2","","1.0","","1","N","N","","0","","0","0","0","","0","","","3","2","0","0","0","0","0","2","0","3","","","","N","","","","","","","","","",""
"2011053722","","1","0","0","0","0","0","0","0","0","4","0","","02","5","2011","3","40.426912","-79.891752","","11","0","0","0","0","0","1","0","0","1","0","0","0","","","1","","0","","40 25:36.884","3","0","79 53:30.306","3","0","0","0","2301","0","0","0","N","0","0","0","2","68B03","0","","1.0","","1","N","N","","0","","1","0","0","","0","N","","2","1","0","0","0","0","0","2","1","2","","","","N","","","","","","","","","",""
"2011055124","","1","0","0","0","0","0","0","0","0","4","0","","02","5","2011","2","40.454029","-79.912399","","11","0","0","0","0","0","0","0","0","","0","0","0","","","1","","1","","40 27:14.504","","0","79 54:44.638","8","0","0","0","2301","0","0","0","N","0","0","0","3","02301","0","","1.0","","1","N","N","","0","","0","0","1","","2","","","2","1","0","0","0","1","1","2","0","2","","","","N","","","","","","","","","",""
"2011059845","","1","0","0","0","0","0","0","0","0","7","0","","02","6","2011","7","40.476073","-79.86516","","11","0","0","0","0","0","0","0","0","2","0","0","0","","","0","","0","","40 28:33.861","4","0","79 51:54.575","0","0","0","0","2113","0","0","0","N","0","0","0","1","02113","0","","5.0","","1","N","N","","0","","0","0","0","","0","Y","","1","0","0","0","0","0","0","2","0","1","","","","N","","","","","","","","","",""
"2011054423","","0","0","0","0","0","0","0","0","0","7","0","","02","5","2011","7","40.408212","-79.844482","","11","0","0","0","0","0","0","0","0","2","0","0","0","","","2","","0","","40 24:29.563","6","0","79 50:40.135","3","0","0","0","2449","0","0","0","N","0","0","0","2","02449","1","","5.0","","1","N","N","","0","","1","0","0","","0","Y","","1","2","0","0","0","0","0","2","1","1","","","","N","","","","","","","","","",""
"2011059781","","0","0","0","0","0","0","0","0","0","1","0","","02","6","2011","6","40.443096","-80.18558","","11","0","0","1","0","0","0","0","0","","0","0","0","","","1","","0","","40 26:35.144","","0","80 11:08.089","4","0","0","0","2214","0","0","0","N","0","0","0","3","02214","1","","1.0","","9","N","N","","0","","0","0","2","","0","","","2","1","0","0","0","0","0","2","0","2","","","","N","","","","","","","","","",""
"2011055194","","2","0","0","0","0","0","0","0","0","1","0","","02","5","2011","1","40.515941","-80.00437","","11","0","0","0","0","1","0","0","0","","0","0","0","","","0","","0","","40 30:57.387","","0","80 00:15.733","0","0","0","0","2116","0","0","0","N","0","0","0","3","02116","0","","1.0","","1","N","N","","0","","0","0","0","","0","","","2","0","0","0","0","0","0","2","0","2","","","","N","","","","","","","","","",""
"2011060547","","2","0","0","0","0","0","0","0","0","1","0","","02","6","2011","2","40.391316","-79.986641","","11","0","0","0","0","0","1","0","0","1","0","0","0","","","1","","2","","40 23:28.737","1","0","79 59:11.907","4","0","0","0","2301","0","0","0","N","0","0","0","3","02301","1","","1.0","","1","N","N","","0","","0","0","0","","2","N","","2","1","0","0","0","0","1","2","0","2","","","","N","","","","","","","","","",""
"2011059930","","1","0","0","0","0","0","0","0","0","7","0","","02","6","2011","1","40.468254","-80.006252","","11","0","0","0","0","0","0","0","0","1","0","0","0","","","0","","10","","40 28:05.714","4","0","80 00:22.507","0","0","0","0","2301","0","0","0","N","0","0","0","1","02301","0","","4.0","","1","N","N","","0","","0","0","0","","0","N","","1","0","0","0","0","0","0","2","0","1","","","","N","","","","","","","","","",""
"2011059783","","2","0","0","0","0","0","0","0","0","4","0","","02","6","2011","6","40.438186","-80.191619","","11","0","0","0","1","0","0","0","0","1","0","0","0","","","0","","2","","40 26:17.469","5","0","80 11:29.828","0","0","0","0","2214","0","0","0","N","0","0","0","3","02214","0","","1.0","","1","N","N","","0","","0","0","0","","0","Y","","2","0","0","0","0","0","0","2","0","2","","","","N","","","","","","","","","",""
"2011055921","","1","0","0","0","0","0","0","0","0","7","0","","02","5","2011","2","40.656321","-80.079599","","11","0","0","0","0","1","0","0","0","2","0","0","0","","","1","","0","","40 39:22.756","4","0","80 04:46.558","4","0","0","0","2212","0","0","0","N","0","0","0","1","68T02","1","","4.0","","1","N","N","","0","","0","0","0","","0","N","","1","1","0","0","0","0","0","2","0","1","","","","N","","","","","","","","","",""
"2011059932","","1","0","0","0","0","0","0","0","0","5","0","","02","6","2011","5","40.285328","-79.886544","","11","0","0","0","0","0","0","0","0","","0","0","0","","","0","","0","","40 17:07.180","","0","79 53:11.558","0","0","0","0","2302","0","0","0","N","0","0","0","1","02302","0","","5.0","","1","N","N","","0","","0","0","1","","0","","","2","0","0","0","0","0","0","2","0","2","","","","N","","","","","","","","","",""
"2011055922","","1","0","0","0","0","0","0","0","0","99","0","","02","5","2011","3","40.579369","-79.868916","","11","0","0","0","0","0","0","0","0","","0","0","0","","","1","","0","","40 34:45.728","","0","79 52:08.099","4","0","0","0","2209","0","0","0","N","0","0","0","1","68T02","1","","1.0","","1","N","N","","0","","0","0","0","","0","","","1","1","0","0","0","0","0","2","0","1","","","","N","","","","","","","","","",""
"2011055209","","2","0","0","0","0","0","0","0","0","4","0","","02","5","2011","2","40.421188","-79.799861","","11","0","0","2","0","0","0","0","0","","0","0","0","","","1","","2","","40 25:16.276","","0","79 47:59.499","4","0","0","0","2446","0","0","0","N","0","0","0","2","02446","1","","1.0","","1","N","N","","0","","0","0","0","","3","","","2","1","0","0","0","0","0","2","0","2","","","","N","","","","","","","","","",""
"2011062109","","1","0","0","0","0","0","0","0","0","5","0","","02","6","2011","2","40.438542","-80.011857","","11","0","0","0","0","0","1","0","0","","0","0","0","","","1","","0","","40 26:18.751","","3","80 00:42.684","8","0","0","0","2301","0","0","0","N","0","0","0","3","68B03","0","","1.0","","1","N","N","","1","","0","0","0","","0","","","2","1","0","0","0","1","1","2","0","2","","","","N","","","","","","","","","",""