"CRN","ARRIVAL_TM","AUTOMOBILE_COUNT","BELTED_DEATH_COUNT","BELTED_SUSP_SERIOUS_INJ_COUNT","BICYCLE_COUNT","BICYCLE_DEATH_COUNT","BICYCLE_SUSP_SERIOUS_INJ_COUNT","BUS_COUNT","CHLDPAS_DEATH_COUNT","CHLDPAS_SUSP_SERIOUS_INJ_COUNT","COLLISION_TYPE","COMM_VEH_COUNT","CONS_ZONE_SPD_LIM","COUNTY","CRASH_MONTH","CRASH_YEAR","DAY_OF_WEEK","DEC_LATITUDE","DEC_LONGITUDE","DISPATCH_TM","DISTRICT","DRIVER_COUNT_16YR","DRIVER_COUNT_17YR","DRIVER_COUNT_18YR","DRIVER_COUNT_19YR","DRIVER_COUNT_20YR","DRIVER_COUNT_50_64YR","DRIVER_COUNT_65_74YR","DRIVER_COUNT_75PLUS","EST_HRS_CLOSED","FATAL_COUNT","HEAVY_TRUCK_COUNT","HORSE_BUGGY_COUNT","HOUR_OF_DAY","ILLUMINATION","INJURY_COUNT","INTERSECTION_RELATED","INTERSECT_TYPE","LANE_CLOSED","LATITUDE","LN_CLOSE_DIR","LOCATION_TYPE","LONGITUDE","MAX_SEVERITY_LEVEL","MCYCLE_DEATH_COUNT","MCYCLE_SUSP_SERIOUS_INJ_COUNT","MOTORCYCLE_COUNT","MUNICIPALITY","NONMOTR_COUNT","NONMOTR_DEATH_COUNT","NONMOTR_SUSP_SERIOUS_INJ_COUNT","NTFY_HIWY_MAINT","PED_COUNT","PED_DEATH_COUNT","PED_SUSP_SERIOUS_INJ_COUNT","PERSON_COUNT","POLICE_AGCY","POSSIBLE_INJ_COUNT","RDWY_SURF_TYPE_CD","RELATION_TO_ROAD","ROADWAY_CLEARED","ROAD_CONDITION","SCH_BUS_IND","SCH_ZONE_IND","SECONDARY_CRASH","SMALL_TRUCK_COUNT","SPEC_JURIS_CD","SUSP_MINOR_INJ_COUNT","SUSP_SERIOUS_INJ_COUNT","SUV_COUNT","TCD_FUNC_CD","TCD_TYPE","TFC_DETOUR_IND","TIME_OF_DAY","TOTAL_UNITS","TOT_INJ_COUNT","UNBELTED_OCC_COUNT","UNB_DEATH_COUNT","UNB_SUSP_SERIOUS_INJ_COUNT","UNK_INJ_DEG_COUNT","UNK_INJ_PER_COUNT","URBAN_RURAL","VAN_COUNT","VEHICLE_COUNT","WEATHER1","WEATHER2","WORKERS_PRES","WORK_ZONE_IND","WORK_ZONE_LOC","WORK_ZONE_TYPE","WZ_CLOSE_DETOUR","WZ_FLAGGER","WZ_LAW_OFFCR_IND","WZ_LN_CLOSURE","WZ_MOVING","WZ_OTHER","WZ_SHLDER_MDN","WZ_WORKERS_INJ_KILLED"
"2011062262","","2","0","0","0","0","0","0","0","0","3","0","","02","6","2011","7","40.382188","-80.044044","","11","0","0","0","0","0","0","0","0","2","0","0","0","","","0","","0","","40 22:55.875","5","0","80 02:38.558","0","0","0","0","2109","0","0","0","N","0","0","0","4","02109","0","","1.0","","1","N","N","","0","","0","0","1","","2","N","","3","0","0","0","0","0","0","2","0","3","","","","N","","","","","","","","","",""
"2011060170","","1","0","0","0","0","0","0","0","0","4","0","","02","6","2011","1","40.569798","-79.928061","","11","0","1","0","0","1","0","0","0","2","0","0","0","","","0","","2","","40 34:11.272","4","0","79 55:41.019","0","0","0","0","2207","0","0","0","N","0","0","0","3","02207","0","","1.0","","1","N","N","","0","","0","0","1","","3","Y","","2","0","0","0","0","0","0","2","0","2","","","","N","","","","","","","","","",""
"2011060928","","2","0","0","0","0","0","0","0","0","5","0","","02","6","2011","4","40.428229","-79.983471","","11","0","0","0","0","0","0","0","0","2","0","0","0","","","0","","0","","40 25:41.624","2","0","79 59:00.495","9","0","0","0","2301","0","0","0","N","0","0","0","2","02301","0","","6.0","","1","N","N","","0","","0","0","0","","0","N","","2","0","0","0","0","0","1","2","0","2","","","","N","","","","","","","","","",""
"2011061730","","1","0","0","0","0","0","0","0","0","7","0","","02","5","2011","2","40.582047","-80.038076","","11","0","0","0","0","0","1","0","0","","0","0","0","","","2","","1","","40 34:55.369","","0","80 02:17.073","4","0","0","0","2108","0","0","0","N","0","0","0","2","02108","2","","5.0","","1","N","N","","0","","0","0","0","","2","","","1","2","0","0","0","0","0","2","0","1","","","","N","","","","","","","","","",""
"2011062213","","1","0","0","0","0","0","0","0","0","7","0","","02","6","2011","7","40.388697","-80.049783","","11","0","0","0","0","0","0","0","1","2","0","0","0","","","1","","0","","40 23:19.309","1","7","80 02:59.218","4","0","0","0","2109","1","0","0","N","1","0","0","2","02109","1","","5.0","","1","N","N","","0","","0","0","0","","0","Y","","2","1","0","0","0","0","0","2","0","1","","","","N","","","","","","","","","",""
"2011060722","","0","0","0","0","0","0","0","0","0","4","0","","02","6","2011","3","40.339792","-79.963072","","11","0","0","0","0","0","2","0","0","","0","0","0","","","1","","0","","40 20:23.252","","0","79 57:47.058","8","0","0","0","2454","0","0","0","N","0","0","0","3","02454","0","","1.0","","1","N","N","","1","","0","0","0","","0","","","2","1","0","0","0","1","0","2","1","2","","","","N","","","","","","","","","",""
"2011061731","","1","0","0","0","0","0","0","0","0","1","0","35","02","5","2011","3","40.606367","-80.051601","","11","0","0","0","0","0","1","0","0","1","0","0","0","","","1","","0","","40 36:22.920","1","0","80 03:05.764","4","0","0","0","2108","0","0","0","N","0","0","0","2","02108","1","","1.0","","1","N","N","","1","","0","0","0","","8","N","","2","1","0","0","0","0","0","2","0","2","","","Y","Y","4","1","Y","U","N","Y","Y","U","Y",""
"2011059552","","0","0","0","0","0","0","0","0","0","7","0","","02","6","2011","1","40.39797","-79.91032","","11","0","0","0","0","0","0","0","0","2","0","0","0","","","0","","0","","40 23:52.692","1","0","79 54:37.152","0","0","0","0","2472","0","0","0","N","0","0","0","1","02472","0","","4.0","","1","N","N","","0","","0","0","1","","0","N","","1","0","0","0","0","0","0","2","0","1","","","","N","","","","","","","","","",""
"2011061605","","1","0","0","0","0","0","0","0","0","8","0","","02","6","2011","5","40.342807","-79.987426","","11","0","0","0","0","0","0","0","0","","0","0","0","","","1","","0","","40 20:34.105","","0","79 59:14.733","4","0","0","0","2403","1","0","0","N","1","0","0","2","02403","1","","1.0","","1","N","N","","0","","0","0","0","","0","","","2","1","1","0","0","0","1","2","0","1","","","","N","","","","","","","","","",""
"2011061732","","0","0","0","0","0","0","0","0","0","1","0","35","02","6","2011","4","40.601715","-80.049174","","11","1","0","0","0","0","1","0","0","","0","0","0","","","0","","0","","40 36:06.175","","0","80 02:57.028","0","0","0","0","2108","0","0","0","N","0","0","0","4","02108","0","","1.0","","1","N","N","","2","","0","0","1","","2","","","3","0","0","0","0","0","0","2","0","3","","","Y","Y","4","1","U","U","N","Y","Y","U","Y",""
"2011061008","","1","0","0","0","0","0","0","0","0","7","0","","02","6","2011","6","40.458713","-80.078508","","11","0","0","0","0","0","0","0","0","","0","0","0","","","1","","0","","40 27:31.366","","0","80 04:42.628","4","0","0","0","2301","0","0","0","N","0","0","0","1","02301","1","","5.0","","1","N","N","","0","","0","0","0","","0","","","1","1","0","0","0","0","0","2","0","1","","","","N","","","","","","","","","",""
"2011062266","","0","0","0","0","0","0","0","0","0","4","0","","02","5","2011","4","40.629189","-79.735233","","11","0","0","0","0","0","1","0","0","","0","0","0","","","0","","7","","40 37:45.082","","2","79 44:06.839","0","0","0","0","2106","0","0","0","N","0","0","0","2","02106","0","","1.0","","9","N","N","","0","","0","0","2","","0","","","2","0","0","0","0","0","0","2","0","2","","","","N","","","","","","","","","",""
"2011060931","","0","0","0","0","0","0","0","0","0","7","0","","02","6","2011","7","40.62857","-79.832878","","11","0","0","0","0","0","0","0","0","2","0","0","0","","","0","","0","","40 37:42.852","6","0","79 49:58.360","9","0","0","0","2220","0","0","0","N","0","0","0","1","02220","0","","5.0","","9","N","N","","1","","0","0","0","","0","Y","","1","0","0","0","0","0","1","1","0","1","","","","N","","","","","","","","","",""
"2011061009","","1","0","0","0","0","0","0","0","0","4","0","","02","6","2011","7","40.444202","-80.028173","","11","0","0","0","0","0","1","0","0","","0","0","0","","","1","","10","","40 26:39.126","","0","80 01:41.424","3","0","0","0","2301","0","0","0","N","0","0","0","2","02301","0","","1.0","","1","N","N","","0","","1","0","0","","2","","","2","1","0","0","0","0","0","2","1","2","","","","N","","","","","","","","","",""
"2011059554","","1","0","0","0","0","0","0","0","0","1","0","","02","6","2011","4","40.536559","-80.184359","","11","0","0","0","0","0","0","0","0","1","0","0","0","","","1","","1","","40 32:11.613","2","3","80 11:03.691","4","0","0","0","2458","0","0","0","N","0","0","0","2","02458","1","","1.0","","1","N","N","","0","","0","0","0","","2","N","","2","1","0","0","0","0","0","2","1","2","","","","N","","","","","","","","","",""
"2011059960","","2","0","0","0","0","0","0","0","0","4","0","","02","6","2011","6","40.350015","-79.948174","","11","0","0","0","0","0","2","0","0","","0","0","0","","","2","","0","","40 21:00.054","","7","79 56:53.427","4","0","0","0","2473","0","0","0","N","0","0","0","7","02473","2","","1.0","","1","N","N","","0","","0","0","0","","3","","","2","2","0","0","0","0","0","2","0","2","","","","N","","","","","","","","","",""
"2011062397","","2","0","0","0","0","0","0","0","0","4","0","","02","6","2011","1","40.344909","-79.985567","","11","0","0","0","0","0","0","1","0","2","0","0","0","","","2","","2","","40 20:41.672","1","0","79 59:08.041","8","0","0","0","2403","0","0","0","N","0","0","0","2","02403","0","","1.0","","1","N","N","","0","","0","0","0","","3","N","","2","2","0","0","0","2","0","2","0","2","","","","N","","","","","","","","","",""
"2011061607","","1","0","0","0","0","0","0","0","0","0","0","","02","6","2011","5","","","","11","1","0","0","0","0","0","0","0","1","0","0","0","","","1","","0","","","2","0","","4","0","0","0","2219","0","0","0","N","0","0","0","4","02501","1","","5.0","","9","N","N","","0","","0","0","0","","3","Y","","1","1","0","0","0","0","0","1","0","1","","","","N","","","","","","","","","",""
"2011062267","","1","0","0","0","0","0","0","0","0","7","0","","02","5","2011","6","40.612532","-79.726718","","11","0","0","0","0","0","0","0","0","","0","0","0","","","1","","2","","40 36:45.115","","0","79 43:36.184","3","0","0","0","2106","0","0","0","N","0","0","0","1","02106","0","","5.0","","1","N","N","","0","","1","0","0","","0","","","1","1","0","0","0","0","0","2","0","1","","","","N","","","","","","","","","",""
"2011060932","","1","0","0","0","0","0","0","0","0","2","0","","02","6","2011","4","40.425799","-80.019809","","11","0","0","0","0","0","0","0","0","1","0","0","0","","","1","","1","","40 25:32.876","2","0","80 01:11.311","3","0","0","0","2301","0","0","0","N","0","0","0","2","02301","0","","1.0","","1","N","N","","0","","1","0","1","","2","N","","2","1","0","0","0","0","0","2","0","2","","","","N","","","","","","","","","",""
"2011059555","","1","0","0","0","0","0","0","0","0","4","1","","02","6","2011","5","40.540449","-80.189971","","11","0","0","0","0","0","0","1","0","2","0","1","0","","","1","","1","","40 32:25.616","5","0","80 11:23.894","4","0","0","0","2458","0","0","0","N","0","0","0","2","02458","1","","1.0","","1","N","N","","0","","0","0","0","","2","N","","2","1","0","0","0","0","0","2","0","2","","","","N","","","","","","","","","",""
"2011061081","","1","0","0","0","0","0","0","0","0","1","0","","02","6","2011","4","40.456241","-80.002641","","11","0","0","0","0","0","0","0","0","","0","0","0","","","3","","2","","40 27:22.467","","0","80 00:09.507","3","0","0","0","2301","0","0","0","N","0","0","0","5","02301","2","","1.0","","1","N","N","","1","","1","0","0","","2","","","2","3","0","0","0","0","0","2","0","2","","","","N","","","","","","","","","",""
"2011060028","","0","0","0","0","0","0","0","0","0","7","0","","02","6","2011","6","40.648452","-80.075847","","11","0","0","0","1","0","0","0","0","2","0","0","0","","","1","","0","","40 38:54.428","1","0","80 04:33.048","3","0","0","1","2212","0","0","0","N","0","0","0","1","02505","0","","1.0","","1","N","N","","0","","1","0","0","","0","Y","","2","1","0","0","0","0","0","2","0","1","","","","N","","","","","","","","","",""
"2011062268","","1","0","0","0","0","0","0","0","0","4","0","","02","5","2011","5","40.616454","-79.736621","","11","0","0","0","0","0","1","0","0","","0","0","0","","","2","","1","","40 36:59.236","","0","79 44:11.834","3","0","0","0","2106","0","0","0","N","0","0","0","2","02106","1","","1.0","","1","N","N","","0","","1","0","1","","2","","","2","2","0","0","0","0","0","2","0","2","","","","N","","","","","","","","","",""
"2011059403","","0","0","0","0","0","0","0","0","0","0","0","","02","5","2011","2","40.547092","-79.828339","","11","0","0","0","0","0","0","0","0","","0","0","0","","","2","","0","","40 32:49.531","","0","79 49:42.021","4","0","0","0","2208","0","0","0","N","0","0","0","2","68D02","2","","1.0","","1","N","N","","0","","0","0","1","","0","","","1","2","0","0","0","0","0","2","0","1","","","","N","","","","","","","","","",""
"2011060933","","1","0","0","0","0","0","0","0","0","4","0","","02","6","2011","4","40.506119","-79.990498","","11","0","0","0","0","0","1","0","0","","0","0","0","","","0","","2","","40 30:22.028","","0","79 59:25.791","0","0","0","0","2116","0","0","0","N","0","0","0","2","02116","0","","1.0","","1","N","N","","0","","0","0","1","","3","","","2","0","0","0","0","0","0","2","0","2","","","","N","","","","","","","","","",""
"2011059481","","0","0","0","0","0","0","0","0","0","6","0","","02","6","2011","5","40.325924","-79.986276","","11","0","0","0","0","0","0","0","0","1","0","0","0","","","1","","2","","40 19:33.326","1","0","79 59:10.593","4","0","0","0","2219","0","0","0","N","0","0","0","2","02219","1","","1.0","","1","N","N","","0","","0","0","1","","3","N","","2","1","0","0","0","0","0","2","1","2","","","","N","","","","","","","","","",""
"2011059962","","2","0","0","0","0","0","0","0","0","2","0","","02","6","2011","4","40.518458","-79.992778","","11","0","0","0","0","0","0","0","0","2","0","0","0","","","0","","2","","40 31:06.448","5","0","79 59:34.000","0","0","0","0","2116","0","0","0","N","0","0","0","2","02116","0","","1.0","","1","N","N","","0","","0","0","0","","2","N","","2","0","0","0","0","0","0","2","0","2","","","","N","","","","","","","","","",""
"2011061533","","1","0","0","0","0","0","0","0","0","1","0","55","02","6","2011","5","40.610414","-80.094648","","11","0","0","0","0","0","0","1","0","","0","0","0","","","0","","0","","40 36:37.489","","0","80 05:40.733","0","0","0","0","2481","0","0","0","N","0","0","0","8","68B03","0","","1.0","","1","N","N","","0","","0","0","1","","8","","","3","0","0","0","0","0","0","2","1","3","","","Y","Y","2","1","N","N","Y","N","N","Y","Y",""
"2011061609","","1","0","0","0","0","0","0","0","0","7","0","","02","6","2011","5","40.435047","-80.050446","","11","0","0","0","0","0","1","0","0","","0","0","0","","","0","","3","","40 26:06.169","","0","80 03:01.605","0","0","0","0","2301","0","0","0","N","0","0","0","1","02301","0","","5.0","","1","N","N","","0","","0","0","0","","0","","","1","0","0","0","0","0","0","2","0","1","","","","N","","","","","","","","","",""
"2011062269","","2","0","0","0","0","0","0","0","0","1","0","","02","6","2011","4","40.617717","-79.733228","","11","0","0","0","0","0","1","0","0","","0","0","0","","","2","","2","","40 37:03.782","","0","79 43:59.619","3","0","0","0","2106","0","0","0","N","0","0","0","3","02106","1","","1.0","","1","N","N","","0","","1","0","0","","0","","","2","2","0","0","0","0","0","2","0","2","","","","N","","","","","","","","","",""
"2011060176","","0","0","0","0","0","0","0","0","0","7","0","","02","6","2011","1","40.419169","-80.029824","","11","0","0","0","0","0","0","0","0","1","0","0","0","","","0","","0","","40 25:09.010","2","0","80 01:47.368","0","0","0","0","2301","0","0","0","N","0","0","0","1","02301","0","","5.0","","1","N","N","","0","","0","0","1","","0","N","","1","0","0","0","0","0","0","2","0","1","","","","N","","","","","","","","","",""
"2011062400","","2","0","0","0","0","0","0","0","0","7","0","","02","6","2011","1","","","","11","0","0","0","0","0","0","0","0","","0","0","0","","","0","","2","","","","7","","0","0","0","0","2415","0","0","0","N","0","0","0","1","02415","0","","5.0","","1","N","N","","0","","0","0","0","","3","","","2","0","0","0","0","0","0","1","0","2","","","","N","","","","","","","","","",""
"2011062270","","2","0","0","0","0","0","0","0","0","1","0","","02","5","2011","3","40.6204","-79.729276","","11","0","0","0","0","0","1","1","0","","0","0","0","","","1","","0","","40 37:13.440","","0","79 43:45.395","4","0","0","0","2106","0","0","0","N","0","0","0","2","02106","1","","1.0","","1","N","N","","0","","0","0","0","","2","","","2","1","0","0","0","0","0","2","0","2","","","","N","","","","","","","","","",""
"2011060177","","1","0","0","0","0","0","0","0","0","6","0","","02","6","2011","1","40.363033","-79.874305","","11","0","1","0","0","0","0","0","0","2","0","0","0","","","0","","0","","40 21:46.920","5","0","79 52:27.498","0","0","0","0","2473","0","0","0","N","0","0","0","2","02473","0","","5.0","","1","N","N","","0","","0","0","1","","0","Y","","2","0","1","0","0","0","0","2","0","2","","","","N","","","","","","","","","",""
"2011059635","","1","0","0","0","0","0","0","0","0","2","0","","02","6","2011","5","40.418996","-79.926825","","11","0","0","0","0","0","0","0","0","","0","0","0","","","1","","0","","40 25:08.385","","0","79 55:36.570","3","0","0","1","2301","0","0","0","N","0","0","0","3","02301","0","","1.0","","1","N","N","","0","","1","0","0","","0","","","2","1","0","0","0","0","0","2","0","2","","","","N","","","","","","","","","",""
"2011059152","","2","0","0","0","0","0","0","0","0","2","0","","02","6","2011","2","40.382986","-79.857411","","11","0","0","0","1","0","0","0","0","1","0","0","0","","","1","","1","","40 22:58.749","1","0","79 51:26.678","8","0","0","0","2303","0","0","0","N","0","0","0","2","02303","0","","1.0","","1","N","N","","0","","0","0","0","","2","N","","2","1","1","0","0","1","0","2","0","2","","","","N","","","","","","","","","",""
"2011060325","","0","0","0","0","0","0","0","0","0","8","0","","02","6","2011","2","40.351251","-79.852668","","11","0","0","0","0","0","0","0","0","1","0","0","0","","","1","","0","","40 21:04.503","5","0","79 51:09.604","8","0","0","0","2304","1","0","0","N","1","0","0","2","02304","0","","5.0","","3","N","N","","1","","0","0","0","","0","N","","2","1","0","0","0","1","1","2","0","1","","","","N","","","","","","","","","",""
"2011061102","","0","0","0","0","0","0","0","0","0","7","0","","02","6","2011","4","40.38526","-79.972485","","11","0","0","0","0","0","1","0","0","","0","0","0","","","1","","0","","40 23:06.937","","0","79 58:20.946","8","0","0","0","2403","0","0","0","N","0","0","0","1","02403","0","","2.0","","1","N","N","","1","","0","0","0","","0","","","1","1","0","0","0","1","0","2","0","1","","","","N","","","","","","","","","",""
"2011058248","","1","0","0","0","0","0","0","0","0","7","0","","02","6","2011","2","40.557677","-80.076321","","11","0","0","0","0","0","0","0","0","","0","0","0","","","2","","0","","40 33:27.638","","0","80 04:34.754","4","0","0","0","2481","0","0","0","N","0","0","0","2","02481","2","","2.0","","1","N","N","","0","","0","0","0","","0","","","1","2","2","0","0","0","0","2","0","1","","","","N","","","","","","","","","",""
"2011061959","","1","0","0","0","0","0","0","0","0","7","0","","02","6","2011","5","40.421637","-80.052147","","11","0","0","0","0","0","0","0","0","","0","0","0","","","0","","0","","40 25:17.894","","0","80 03:07.730","0","0","0","0","2435","0","0","0","N","0","0","0","1","02435","0","","2.0","","9","N","N","","0","","0","0","0","","0","","","1","0","0","0","0","0","0","2","0","1","","","","N","","","","","","","","","",""
"2011061975","","1","0","0","0","0","0","0","0","0","1","0","","02","6","2011","6","40.414461","-79.988582","","11","0","0","0","0","0","1","0","0","1","0","0","0","","","1","","1","","40 24:52.059","4","0","79 59:18.895","4","0","0","0","2301","0","0","0","N","0","0","0","2","02301","1","","1.0","","1","N","N","","0","","0","0","1","","0","N","","2","1","0","0","0","0","0","2","0","2","","","","N","","","","","","","","","",""
"2011058391","","1","0","0","0","0","0","0","0","0","1","0","","02","6","2011","3","40.450916","-79.943053","","11","0","0","0","0","1","0","0","0","","0","0","0","","","2","","1","","40 27:03.297","","0","79 56:34.990","4","0","0","0","2301","0","0","0","N","0","0","0","2","02301","2","","1.0","","1","N","Y","","1","","0","0","0","","2","","","2","2","0","0","0","0","0","2","0","2","","","","N","","","","","","","","","",""
"2011057500","","1","0","0","0","0","0","0","0","0","4","0","","02","6","2011","7","40.44502","-79.828207","","11","0","0","0","0","0","0","0","1","","0","0","0","","","1","","2","","40 26:42.073","","0","79 49:41.545","4","0","0","0","2113","0","0","0","N","0","0","0","2","02113","1","","1.0","","1","N","N","","0","","0","0","1","","3","","","2","1","0","0","0","0","0","2","0","2","","","","N","","","","","","","","","",""
"2011061107","","1","0","0","0","0","0","0","0","0","1","1","","02","6","2011","2","40.504499","-80.143404","","11","0","0","0","0","0","1","0","0","","0","1","0","","","1","","2","","40 30:16.196","","0","80 08:36.256","4","0","0","0","2115","0","0","0","N","0","0","0","2","02115","1","","1.0","","1","N","N","","0","","0","0","0","","0","","","2","1","0","0","0","0","0","2","0","2","","","","N","","","","","","","","","",""
"2011061979","","1","0","0","0","0","0","0","0","0","4","0","","02","6","2011","6","","","","11","0","0","0","0","0","1","0","0","","0","0","0","","","2","","0","","","","7","","4","0","0","0","2448","0","0","0","N","0","0","0","6","02448","2","","1.0","","1","N","N","","0","","0","0","0","","3","","","2","2","0","0","0","0","0","1","1","2","","","","N","","","","","","","","","",""
"2011061249","","1","0","0","0","0","0","0","0","0","8","0","","02","6","2011","4","40.382588","-79.810436","","11","0","0","0","0","0","0","0","0","1","0","0","0","","","1","","2","","40 22:57.316","1","0","79 48:37.569","4","0","0","0","2424","1","0","0","N","1","0","0","2","02424","1","","1.0","","1","N","N","","0","","0","0","0","","0","Y","","2","1","0","0","0","0","0","2","0","1","","","","N","","","","","","","","","",""
"2011057501","","1","0","0","0","0","0","0","0","0","1","0","","02","6","2011","7","40.351089","-80.050879","","11","0","0","0","0","0","0","0","0","2","0","0","0","","","0","","0","","40 21:03.919","1","0","80 03:03.164","0","0","0","0","2109","0","0","0","N","0","0","0","3","02109","0","","1.0","","1","N","N","","0","","0","0","1","","0","N","","2","0","0","0","0","0","0","2","0","2","","","","N","","","","","","","","","",""
"2011057514","","2","0","0","0","0","0","0","0","0","4","0","","02","6","2011","7","40.377799","-79.975453","","11","0","0","0","0","0","1","0","0","1","0","0","0","","","3","","1","","40 22:40.076","7","0","79 58:31.630","8","0","0","0","2413","0","0","0","","0","0","0","3","02413","0","","1.0","","1","N","N","","0","","0","0","0","","3","Y","","2","3","0","0","0","3","0","2","0","2","","","","N","","","","","","","","","",""
"2011059645","","1","0","0","0","0","0","0","0","0","7","0","","02","6","2011","6","40.446016","-80.037619","","11","0","0","0","1","0","0","0","0","","0","0","0","","","0","","1","","40 26:45.657","","0","80 02:15.428","0","0","0","0","2301","0","0","0","N","0","0","0","3","02301","0","","5.0","","98","N","N","","0","","0","0","0","","3","","","1","0","0","0","0","0","0","2","0","1","","","","N","","","","","","","","","",""
"2011060334","","1","0","0","0","0","0","0","0","0","1","1","","02","6","2011","2","40.458613","-79.908014","","11","0","0","0","0","0","1","1","0","","0","1","0","","","0","","1","","40 27:31.005","","0","79 54:28.849","0","0","0","0","2301","0","0","0","N","0","0","0","2","02301","0","","1.0","","1","N","N","","0","","0","0","0","","2","","","2","0","0","0","0","0","0","2","0","2","","","","N","","","","","","","","","",""
"2011061982","","2","0","0","0","0","0","0","0","0","4","0","","02","6","2011","6","40.358732","-80.053468","","11","1","1","0","0","0","0","0","0","","0","0","0","","","2","","3","","40 21:31.435","","0","80 03:12.484","8","0","0","0","2109","0","0","0","N","0","0","0","5","02109","0","","1.0","","1","N","N","","0","","0","0","0","","0","","","2","2","0","0","0","2","0","2","0","2","","","","N","","","","","","","","","",""
"2011061983","","0","0","0","0","0","0","0","0","0","4","0","","02","6","2011","5","40.448105","-80.181274","","11","0","0","0","0","0","0","0","0","1","0","0","0","","","0","","1","","40 26:53.178","2","0","80 10:52.586","0","0","0","0","2214","0","0","0","N","0","0","0","3","02214","0","","1.0","","9","N","N","","1","","0","0","1","","2","N","","2","0","0","0","0","0","0","2","0","2","","","","N","","","","","","","","","",""
"2011061253","","1","0","0","0","0","0","0","0","0","2","0","","02","6","2011","4","40.481562","-80.046119","","11","0","0","0","0","0","1","0","0","","0","0","0","","","1","","0","","40 28:53.624","","0","80 02:46.028","8","0","0","1","2404","0","0","0","N","0","0","0","2","02404","0","","1.0","","1","N","N","","0","","0","0","0","","0","","","2","1","0","0","0","1","0","2","0","2","","","","N","","","","","","","","","",""
"2011057505","","0","0","0","0","0","0","0","0","0","4","0","","02","6","2011","6","40.591802","-79.948021","","11","0","0","0","0","0","0","0","1","","0","0","0","","","0","","0","","40 35:30.487","","0","79 56:52.875","0","0","0","1","2207","0","0","0","N","0","0","0","2","02207","0","","1.0","","1","N","N","","0","","0","0","1","","0","","","2","0","0","0","0","0","0","2","0","2","","","","N","","","","","","","","","",""
"2011061984","","2","0","0","0","0","0","0","0","0","4","0","","02","6","2011","6","40.320568","-79.95655","","11","0","0","0","0","0","0","0","0","","0","0","0","","","0","","0","","40 19:14.044","","0","79 57:23.580","0","0","0","0","2440","0","0","0","N","0","0","0","1","02440","0","","6.0","","1","N","N","","0","","0","0","2","","0","","","4","0","0","0","0","0","0","2","0","4","","","","N","","","","","","","","","",""
"2011057506","","3","0","0","0","0","0","0","0","0","1","0","","02","6","2011","7","40.590024","-79.948469","","11","0","0","0","0","0","2","0","0","","0","0","0","","","1","","0","","40 35:24.087","","0","79 56:54.489","8","0","0","0","2207","0","0","0","","0","0","0","8","02207","0","","1.0","","1","","","","0","","0","0","0","","0","","","3","1","0","0","0","1","0","2","0","3","","","","N","","","","","","","","","",""
"2011057583","","1","0","0","0","0","0","0","0","0","4","0","","02","6","2011","7","40.459738","-79.907173","","11","0","0","0","0","0","1","0","0","","0","0","0","","","1","","2","","40 27:35.058","","0","79 54:25.822","4","0","0","0","2301","0","0","0","N","0","0","0","2","02301","1","","1.0","","1","N","N","","1","","0","0","0","","0","","","2","1","1","0","0","0","0","2","0","2","","","","N","","","","","","","","","",""
"2011061969","","1","0","0","0","0","0","0","0","0","1","0","","02","6","2011","4","40.414461","-79.988582","","11","0","0","0","0","0","1","1","0","","0","0","0","","","0","","2","","40 24:52.059","","3","79 59:18.895","0","0","0","0","2301","0","0","0","N","0","0","0","2","02301","0","","1.0","","1","N","N","","0","","0","0","1","","2","","","2","0","0","0","0","0","0","2","0","2","","","","N","","","","","","","","","",""
"2011060429","","0","0","0","0","0","0","0","0","0","1","0","","02","6","2011","7","40.440061","-80.187943","","11","0","0","0","0","0","0","0","0","","0","0","0","","","1","","0","","40 26:24.218","","2","80 11:16.596","4","0","0","0","2214","0","0","0","N","0","0","0","3","68B03","1","","1.0","","1","N","N","","0","","0","0","3","","4","","","3","1","0","0","0","0","0","1","0","3","","","","N","","","","","","","","","",""
"2011057519","","1","0","0","0","0","0","0","0","0","2","0","35","02","6","2011","6","40.642174","-79.938472","","11","0","0","0","0","0","1","1","0","1","0","0","0","","","1","","1","","40 38:31.825","3","0","79 56:18.498","8","0","0","0","2217","0","0","0","N","0","0","0","2","02505","0","","1.0","","1","N","N","","0","","0","0","1","","2","N","","2","1","0","0","0","1","0","2","0","2","","","N","Y","4","1","","","N","","Y","","",""
"2011061908","","1","0","0","0","0","0","0","0","0","5","1","","02","6","2011","5","40.454083","-79.993747","","11","0","0","0","0","0","2","0","0","","0","1","0","","","0","","2","","40 27:14.697","","2","79 59:37.490","0","0","0","0","2301","0","0","0","N","0","0","0","2","02301","0","","1.0","","1","N","N","","0","","0","0","0","","2","","","2","0","0","0","0","0","0","2","0","2","","","","N","","","","","","","","","",""
"2011060430","","2","0","0","0","0","0","0","0","0","1","0","","02","6","2011","6","40.411044","-80.069586","","11","0","1","0","0","0","2","0","0","","0","0","0","","","0","","0","","40 24:39.758","","0","80 04:10.508","0","0","0","0","2435","0","0","0","N","0","0","0","5","68B03","0","","1.0","","1","N","N","","0","","0","0","0","","0","","","3","0","0","0","0","0","0","2","1","3","","","","N","","","","","","","","","",""