"CRN","ARRIVAL_TM","AUTOMOBILE_COUNT","BELTED_DEATH_COUNT","BELTED_SUSP_SERIOUS_INJ_COUNT","BICYCLE_COUNT","BICYCLE_DEATH_COUNT","BICYCLE_SUSP_SERIOUS_INJ_COUNT","BUS_COUNT","CHLDPAS_DEATH_COUNT","CHLDPAS_SUSP_SERIOUS_INJ_COUNT","COLLISION_TYPE","COMM_VEH_COUNT","CONS_ZONE_SPD_LIM","COUNTY","CRASH_MONTH","CRASH_YEAR","DAY_OF_WEEK","DEC_LATITUDE","DEC_LONGITUDE","DISPATCH_TM","DISTRICT","DRIVER_COUNT_16YR","DRIVER_COUNT_17YR","DRIVER_COUNT_18YR","DRIVER_COUNT_19YR","DRIVER_COUNT_20YR","DRIVER_COUNT_50_64YR","DRIVER_COUNT_65_74YR","DRIVER_COUNT_75PLUS","EST_HRS_CLOSED","FATAL_COUNT","HEAVY_TRUCK_COUNT","HORSE_BUGGY_COUNT","HOUR_OF_DAY","ILLUMINATION","INJURY_COUNT","INTERSECTION_RELATED","INTERSECT_TYPE","LANE_CLOSED","LATITUDE","LN_CLOSE_DIR","LOCATION_TYPE","LONGITUDE","MAX_SEVERITY_LEVEL","MCYCLE_DEATH_COUNT","MCYCLE_SUSP_SERIOUS_INJ_COUNT","MOTORCYCLE_COUNT","MUNICIPALITY","NONMOTR_COUNT","NONMOTR_DEATH_COUNT","NONMOTR_SUSP_SERIOUS_INJ_COUNT","NTFY_HIWY_MAINT","PED_COUNT","PED_DEATH_COUNT","PED_SUSP_SERIOUS_INJ_COUNT","PERSON_COUNT","POLICE_AGCY","POSSIBLE_INJ_COUNT","RDWY_SURF_TYPE_CD","RELATION_TO_ROAD","ROADWAY_CLEARED","ROAD_CONDITION","SCH_BUS_IND","SCH_ZONE_IND","SECONDARY_CRASH","SMALL_TRUCK_COUNT","SPEC_JURIS_CD","SUSP_MINOR_INJ_COUNT","SUSP_SERIOUS_INJ_COUNT","SUV_COUNT","TCD_FUNC_CD","TCD_TYPE","TFC_DETOUR_IND","TIME_OF_DAY","TOTAL_UNITS","TOT_INJ_COUNT","UNBELTED_OCC_COUNT","UNB_DEATH_COUNT","UNB_SUSP_SERIOUS_INJ_COUNT","UNK_INJ_DEG_COUNT","UNK_INJ_PER_COUNT","URBAN_RURAL","VAN_COUNT","VEHICLE_COUNT","WEATHER1","WEATHER2","WORKERS_PRES","WORK_ZONE_IND","WORK_ZONE_LOC","WORK_ZONE_TYPE","WZ_CLOSE_DETOUR","WZ_FLAGGER","WZ_LAW_OFFCR_IND","WZ_LN_CLOSURE","WZ_MOVING","WZ_OTHER","WZ_SHLDER_MDN","WZ_WORKERS_INJ_KILLED"
"2011059693","","1","0","0","0","0","0","1","0","0","1","1","","02","6","2011","3","40.432844","-79.894059","","11","0","0","0","0","0","1","0","0","","0","0","0","","","0","","1","","40 25:58.238","","0","79 53:38.612","0","0","0","0","2301","0","0","0","N","0","0","0","2","02503","0","","1.0","","9","N","N","","0","","0","0","0","","0","","","2","0","0","0","0","0","0","2","0","2","","","","N","","","","","","","","","",""
"2011057547","","1","0","0","0","0","0","0","0","0","5","0","","02","6","2011","7","40.342491","-79.964666","","11","0","0","0","0","0","0","0","0","1","0","0","0","","","2","","1","","40 20:32.966","7","0","79 57:52.797","4","0","0","0","2454","0","0","0","N","0","0","0","6","02454","2","","1.0","","1","N","N","","1","","0","0","0","","0","N","","2","2","0","0","0","0","0","2","0","2","","","","N","","","","","","","","","",""
"2011061078","","0","0","0","0","0","0","0","0","0","4","0","","02","6","2011","7","40.348168","-79.947286","","11","0","0","0","0","0","1","0","0","1","0","0","0","","","2","","1","","40 20:53.403","5","0","79 56:50.231","3","0","0","0","2473","0","0","0","N","0","0","0","4","02473","1","","1.0","","1","N","N","","1","","1","0","1","","2","Y","","2","2","0","0","0","0","0","2","0","2","","","","N","","","","","","","","","",""
"2011060382","","1","0","0","0","0","0","0","0","0","7","0","","02","6","2011","7","40.432394","-80.126636","","11","0","0","0","0","0","0","0","0","","0","0","0","","","1","","0","","40 25:56.620","","0","80 07:35.890","4","0","0","0","2115","0","0","0","N","0","0","0","2","02115","1","","5.0","","1","N","N","","0","","0","0","0","","0","","","1","1","0","0","0","0","0","2","0","1","","","","N","","","","","","","","","",""
"2011059694","","5","0","0","0","0","0","0","0","0","5","0","","02","6","2011","7","40.467221","-79.954896","","11","0","0","0","0","0","0","0","0","","0","0","0","","","0","","0","","40 28:01.995","","0","79 57:17.625","0","0","0","0","2301","0","0","0","N","0","0","0","2","02301","0","","1.0","","1","N","N","","0","","0","0","0","","0","","","5","0","0","0","0","0","0","2","0","5","","","","N","","","","","","","","","",""
"2011061220","","2","0","0","0","0","0","0","0","0","4","0","","02","6","2011","4","40.396246","-80.046375","","11","0","0","0","0","0","0","0","0","2","0","0","0","","","0","","2","","40 23:46.484","5","0","80 02:46.950","0","0","0","0","2109","0","0","0","N","0","0","0","2","02109","0","","1.0","","1","N","N","","0","","0","0","0","","3","N","","2","0","0","0","0","0","0","2","0","2","","","","N","","","","","","","","","",""
"2011057487","","1","0","0","0","0","0","1","0","0","4","1","","02","6","2011","6","","","","11","0","0","0","0","0","1","0","0","1","0","0","0","","","1","","0","","","6","7","","8","0","0","0","2473","0","0","0","N","0","0","0","2","02473","0","","1.0","","1","N","N","","0","","0","0","0","","0","N","","2","1","0","0","0","1","0","1","0","2","","","","N","","","","","","","","","",""
"2011060383","","2","0","0","0","0","0","0","0","0","1","0","","02","6","2011","4","40.51446","-80.217465","","11","0","0","0","0","0","0","0","0","","0","0","0","","","2","","0","","40 30:52.055","","0","80 13:02.873","3","0","0","0","2213","0","0","0","N","0","0","0","3","02213","1","","1.0","","1","N","N","","0","","1","0","0","","0","","","3","2","0","0","0","0","0","2","1","3","","","","N","","","","","","","","","",""
"2011061234","","1","0","0","0","0","0","0","0","0","1","0","","02","6","2011","4","40.324959","-79.956928","","11","0","0","0","0","0","1","0","0","","0","0","0","","","1","","0","","40 19:29.852","","0","79 57:24.940","8","0","0","0","2454","0","0","0","N","0","0","0","2","02454","0","","1.0","","1","N","N","","0","","0","0","1","","0","","","2","1","1","0","0","1","0","2","0","2","","","","N","","","","","","","","","",""
"2011059146","","1","0","0","0","0","0","0","0","0","1","0","","02","6","2011","5","40.472347","-80.073253","","11","0","0","0","0","0","0","0","0","1","0","0","0","","","1","","3","","40 28:20.450","1","0","80 04:23.712","3","0","0","0","2122","0","0","0","N","0","0","0","2","02122","0","","1.0","","1","N","N","","0","","1","0","1","","2","N","","2","1","1","0","0","0","0","2","0","2","","","","N","","","","","","","","","",""
"2011061235","","0","0","0","0","0","0","0","0","0","8","0","","02","6","2011","4","40.340235","-79.96737","","11","0","0","0","1","0","0","0","0","1","0","0","0","","","1","","2","","40 20:24.847","4","0","79 58:02.531","4","0","0","0","2454","1","0","0","N","1","0","0","2","02454","1","","1.0","","1","N","N","","1","","0","0","0","","2","N","","2","1","0","0","0","0","0","2","0","1","","","","N","","","","","","","","","",""
"2011057489","","2","0","0","0","0","0","0","0","0","1","0","","02","6","2011","7","40.407523","-79.890798","","11","0","0","1","0","0","0","0","0","1","0","0","0","","","0","","0","","40 24:27.081","4","0","79 53:26.874","0","0","0","0","2448","0","0","0","N","0","0","0","2","02448","0","","1.0","","1","N","N","","0","","0","0","0","","0","N","","2","0","0","0","0","0","0","2","0","2","","","","N","","","","","","","","","",""
"2011061082","","1","0","0","0","0","0","0","0","0","4","0","","02","6","2011","4","40.4532","-79.992708","","11","0","0","0","0","0","0","0","0","2","0","0","0","","","1","","1","","40 27:11.520","2","3","79 59:33.748","8","0","0","0","2301","0","0","0","N","0","0","0","2","02301","0","","1.0","","1","N","N","","0","","0","0","0","","2","Y","","2","1","0","0","0","1","1","2","0","2","","","","N","","","","","","","","","",""
"2011061952","","2","0","0","0","0","0","0","0","0","4","0","","02","6","2011","6","40.454569","-80.014735","","11","0","0","0","0","1","0","0","0","","0","0","0","","","0","","0","","40 27:16.448","","0","80 00:53.046","0","0","0","0","2301","0","0","0","N","0","0","0","6","02301","0","","1.0","","1","N","N","","0","","0","0","0","","0","","","2","0","1","0","0","0","0","2","0","2","","","","N","","","","","","","","","",""
"2011061237","","1","0","0","0","0","0","0","0","0","4","0","","02","6","2011","4","40.451729","-80.172701","","11","0","0","0","1","0","0","0","0","","0","0","0","","","0","","1","","40 27:06.226","","0","80 10:21.722","0","0","0","0","2214","0","0","0","N","0","0","0","2","02214","0","","1.0","","1","N","N","","0","","0","0","1","","2","","","2","0","0","0","0","0","0","2","0","2","","","","N","","","","","","","","","",""
"2011058241","","1","0","0","0","0","0","0","0","0","99","0","","02","6","2011","3","40.390691","-80.074117","","11","0","0","0","0","0","0","0","0","","0","0","0","","","0","","0","","40 23:26.487","","0","80 04:26.822","0","0","0","0","2117","0","0","0","N","0","0","0","2","02117","0","","1.0","","1","N","N","","0","","0","0","0","","0","","","1","0","0","0","0","0","0","2","0","1","","","","N","","","","","","","","","",""
"2011061083","","2","0","0","0","0","0","0","0","0","4","0","","02","6","2011","2","40.440172","-79.742108","","11","0","0","0","0","0","0","0","0","2","0","0","0","","","1","","1","","40 26:24.619","3","0","79 44:31.588","3","0","0","0","2446","0","0","0","N","0","0","0","3","02446","0","","1.0","","1","N","N","","0","","1","0","0","","3","N","","2","1","0","0","0","0","0","2","0","2","","","","N","","","","","","","","","",""
"2011058244","","0","0","0","0","0","0","0","0","0","0","0","","02","6","2011","7","40.254758","-79.808816","","11","0","0","0","0","0","0","0","0","","0","0","0","","","0","","0","","40 15:17.128","","0","79 48:31.737","9","0","0","1","2105","0","0","0","N","0","0","0","1","02105","0","","5.0","","1","N","N","","0","","0","0","0","","0","","","1","0","0","0","0","0","1","1","0","1","","","","N","","","","","","","","","",""
"2011057493","","1","0","0","0","0","0","0","0","0","1","0","","02","6","2011","4","40.495328","-80.054996","","11","0","0","0","0","0","1","0","0","","0","0","0","","","1","","0","","40 29:43.180","","0","80 03:17.986","8","0","0","0","2404","0","0","0","","0","0","0","3","02404","0","","1.0","","1","","","","1","","0","0","0","","0","","","2","1","0","0","0","1","0","2","0","2","","","","N","","","","","","","","","",""
"2011059350","","2","0","0","0","0","0","0","0","0","1","0","","02","6","2011","5","40.45727","-80.007213","","11","0","0","0","0","0","1","0","0","","0","0","0","","","0","","2","","40 27:26.172","","0","80 00:25.966","0","0","0","0","2301","0","0","0","N","0","0","0","1","02301","0","","4.0","","1","N","N","","0","","0","0","0","","0","","","2","0","0","0","0","0","0","2","0","2","","","","N","","","","","","","","","",""
"2011057861","","1","0","0","0","0","0","0","0","0","7","0","","02","6","2011","7","40.316322","-80.043066","","11","0","1","0","0","0","0","0","0","2","0","0","0","","","0","","0","","40 18:58.760","6","0","80 02:35.038","0","0","0","0","2407","0","0","0","N","0","0","0","3","02407","0","","4.0","","1","N","N","","0","","0","0","0","","0","Y","","1","0","0","0","0","0","0","2","0","1","","","","N","","","","","","","","","",""
"2011059270","","1","0","0","0","0","0","0","0","0","8","0","","02","6","2011","5","40.478892","-80.035263","","11","0","0","0","0","0","1","0","0","1","0","0","0","","","1","","3","","40 28:44.011","2","0","80 02:06.946","8","0","0","0","2301","1","0","0","N","1","0","0","2","02301","0","","1.0","","1","N","N","","0","","0","0","0","","3","N","","2","1","1","0","0","1","0","2","0","1","","","","N","","","","","","","","","",""
"2011057089","","2","0","0","0","0","0","0","0","0","4","0","","02","6","2011","5","40.345893","-80.057052","","11","0","0","0","0","0","2","0","0","2","0","0","0","","","0","","1","","40 20:45.213","1","7","80 03:25.387","0","0","0","0","2123","0","0","0","N","0","0","0","2","02123","0","","1.0","","1","N","N","","0","","0","0","0","","2","Y","","2","0","0","0","0","0","0","2","0","2","","","","N","","","","","","","","","",""
"2011057862","","1","0","0","0","0","0","0","0","0","1","0","","02","5","2011","2","40.348336","-80.024861","","11","0","0","0","1","0","0","0","0","","0","0","0","","","0","","0","","40 20:54.010","","0","80 01:29.498","0","0","0","1","2407","0","0","0","N","0","0","0","2","02407","0","","1.0","","1","N","N","","0","","0","0","0","","0","","","2","0","0","0","0","0","0","2","0","2","","","","N","","","","","","","","","",""
"2011059221","","1","0","0","0","0","0","0","0","0","4","0","","02","6","2011","5","40.544922","-79.838294","","11","0","0","0","1","0","1","0","0","","0","0","0","","","0","","2","","40 32:41.718","","2","79 50:17.860","0","0","0","0","2208","0","0","0","N","0","0","0","2","02208","0","","1.0","","1","N","N","","0","","0","0","1","","2","","","2","0","0","0","0","0","0","2","0","2","","","","N","","","","","","","","","",""
"2011058593","","1","0","0","0","0","0","0","0","0","8","0","","02","6","2011","3","40.472431","-79.837647","","11","0","0","0","0","1","0","0","0","","0","0","0","","","1","","0","","40 28:20.751","","0","79 50:15.529","8","0","0","0","2113","1","0","0","N","1","0","0","3","02113","0","","1.0","","1","N","N","","0","","0","0","0","","0","","","2","1","0","0","0","1","0","2","0","1","","","","N","","","","","","","","","",""
"2011059271","","1","0","0","0","0","0","0","0","0","7","0","","02","6","2011","5","40.35656","-79.980247","","11","0","0","0","0","0","0","0","0","1","0","0","0","","","1","","0","","40 21:23.617","1","0","79 58:48.890","8","0","0","0","2476","0","0","0","N","0","0","0","1","02476","0","","5.0","","1","N","N","","0","","0","0","0","","0","N","","1","1","0","0","0","1","0","2","0","1","","","","N","","","","","","","","","",""
"2011058606","","1","0","0","0","0","0","0","0","0","7","0","","02","6","2011","3","40.432765","-80.028215","","11","0","0","0","0","0","0","1","0","","0","0","0","","","0","","2","","40 25:57.954","","0","80 01:41.575","0","0","0","0","2301","0","0","0","N","0","0","0","1","02301","0","","5.0","","1","N","N","","0","","0","0","0","","0","","","1","0","0","0","0","0","0","2","0","1","","","","N","","","","","","","","","",""
"2011058459","","2","0","0","0","0","0","0","0","0","4","0","","02","6","2011","4","40.487814","-80.189446","","11","0","0","0","0","0","0","1","1","","0","0","0","","","0","","1","","40 29:16.129","","0","80 11:22.005","0","0","0","0","2213","0","0","0","N","0","0","0","3","02213","0","","1.0","","1","N","N","","0","","0","0","0","","2","","","2","0","0","0","0","0","0","2","0","2","","","","N","","","","","","","","","",""
"2011057091","","1","0","0","0","0","0","0","0","0","1","0","","02","6","2011","5","40.356835","-79.90101","","11","0","0","0","0","0","0","0","0","","0","0","0","","","0","","0","","40 21:24.606","","7","79 54:03.637","0","0","0","0","2473","0","0","0","N","0","0","0","2","02473","0","","1.0","","1","N","N","","1","","0","0","0","","0","","","2","0","0","0","0","0","0","2","0","2","","","","N","","","","","","","","","",""
"2011057105","","0","0","0","0","0","0","0","0","0","4","0","","02","6","2011","5","40.386619","-80.092366","","11","0","0","0","0","0","2","0","0","1","0","0","0","","","0","","0","","40 23:11.827","4","0","80 05:32.518","0","0","0","0","2102","0","0","0","N","0","0","0","4","02102","0","","1.0","","1","N","N","","1","","0","0","1","","0","Y","","2","0","0","0","0","0","0","2","0","2","","","","N","","","","","","","","","",""
"2011057168","","1","0","0","0","0","0","0","0","0","8","0","","02","6","2011","6","40.484956","-79.817618","","11","0","0","0","0","0","0","0","0","","0","0","0","","","1","","0","","40 29:05.840","","0","79 49:03.423","4","0","0","0","2113","1","0","0","N","1","0","0","3","02113","1","","1.0","","1","N","N","","0","","0","0","0","","0","","","2","1","0","0","0","0","0","2","0","1","","","","N","","","","","","","","","",""
"2011058460","","1","0","0","0","0","0","0","0","0","1","0","","02","6","2011","4","40.508749","-80.223057","","11","0","0","0","0","0","1","0","0","","0","0","0","","","1","","0","","40 30:31.497","","0","80 13:23.004","4","0","0","0","2213","0","0","0","N","0","0","0","3","02213","1","","1.0","","1","N","N","","0","","0","0","1","","0","","","3","1","0","0","0","0","0","2","1","3","","","","N","","","","","","","","","",""
"2011057786","","2","0","0","0","0","0","0","0","0","4","0","","02","6","2011","7","40.503392","-80.025142","","11","0","0","0","0","1","0","1","0","","0","0","0","","","1","","1","","40 30:12.212","","0","80 01:30.511","8","0","0","0","2116","0","0","0","N","0","0","0","3","02116","0","","1.0","","1","N","N","","0","","0","0","0","","2","","","2","1","0","0","0","1","0","2","0","2","","","","N","","","","","","","","","",""
"2011057723","","1","0","0","0","0","0","0","0","0","7","0","","02","6","2011","4","40.406237","-79.978382","","11","0","0","0","0","0","0","0","0","2","0","0","0","","","0","","2","","40 24:22.453","4","0","79 58:42.175","9","0","0","0","2301","0","0","0","N","0","0","0","1","02301","0","","4.0","","1","N","N","","0","","0","0","0","","3","N","","1","0","0","0","0","0","1","2","0","1","","","","N","","","","","","","","","",""
"2011057801","","1","0","0","0","0","0","0","0","0","7","0","","02","6","2011","1","40.362629","-79.829703","","11","0","0","0","0","1","0","0","0","","0","0","0","","","0","","0","","40 21:45.465","","0","79 49:46.929","0","0","0","0","2111","0","0","0","N","0","0","0","2","02111","0","","4.0","","1","N","N","","0","","0","0","0","","0","","","1","0","0","0","0","0","0","2","0","1","","","","N","","","","","","","","","",""
"2011058678","","1","0","0","0","0","0","0","0","0","7","0","","02","6","2011","1","40.495936","-79.939511","","11","0","0","0","0","0","0","0","0","","0","0","0","","","1","","0","","40 29:45.368","","0","79 56:22.238","8","0","0","0","2461","0","0","0","N","0","0","0","1","68D02","0","","4.0","","1","N","N","","0","","0","0","0","","0","","","1","1","0","0","0","1","0","2","0","1","","","","N","","","","","","","","","",""
"2011057789","","0","0","0","1","0","0","0","0","0","8","0","","02","6","2011","1","40.33064","-79.840856","","11","0","0","1","0","0","0","0","0","","0","0","0","","","1","","2","","40 19:50.304","","0","79 50:27.081","8","0","0","0","2304","1","0","0","N","0","0","0","2","02304","0","","1.0","","1","N","N","","0","","0","0","1","","0","","","2","1","0","0","0","1","0","2","0","1","","","","N","","","","","","","","","",""
"2011057727","","4","0","0","0","0","0","0","0","0","1","0","","02","6","2011","7","40.437304","-79.994234","","11","0","0","0","0","1","0","0","0","1","0","0","0","","","3","","0","","40 26:14.296","1","3","79 59:39.243","8","0","0","0","2301","0","0","0","N","0","0","0","12","02301","0","","1.0","","1","N","N","","0","","0","0","1","","2","N","","5","3","0","0","0","3","0","2","0","5","","","","N","","","","","","","","","",""
"2011057729","","0","0","0","0","0","0","0","0","0","0","0","","02","6","2011","4","40.28741","-80.012225","","11","0","0","0","0","0","1","0","0","","0","0","0","","","1","","0","","40 17:14.677","","0","80 00:44.011","4","0","0","1","2219","0","0","0","N","0","0","0","1","02219","1","","1.0","","1","N","N","","0","","0","0","0","","0","","","2","1","0","0","0","0","0","2","0","1","","","","N","","","","","","","","","",""
"2011058600","","1","0","0","0","0","0","0","0","0","1","0","","02","6","2011","3","","","","11","0","0","0","0","1","1","0","0","","0","0","0","","","0","","2","","","","0","","0","0","0","0","2301","0","0","0","N","0","0","0","3","02301","0","","1.0","","1","N","N","","0","","0","0","1","","3","","","2","0","0","0","0","0","0","1","0","2","","","","N","","","","","","","","","",""
"2011057175","","3","0","0","0","0","0","0","0","0","4","0","","02","6","2011","6","40.438413","-79.771701","","11","0","1","0","1","0","0","0","0","","0","0","0","","","0","","0","","40 26:18.286","","0","79 46:18.123","0","0","0","0","2446","0","0","0","N","0","0","0","9","02446","0","","1.0","","1","N","N","","0","","0","0","0","","0","","","3","0","0","0","0","0","0","2","0","3","","","","N","","","","","","","","","",""
"2011059294","","2","0","0","0","0","0","0","0","0","1","0","","02","6","2011","4","40.410927","-80.074272","","11","0","0","0","0","0","0","0","0","","0","0","0","","","0","","0","","40 24:39.337","","0","80 04:27.378","0","0","0","0","2117","0","0","0","N","0","0","0","2","68B03","0","","1.0","","1","N","N","","0","","0","0","0","","0","","","2","0","0","0","0","0","0","2","0","2","","","","N","","","","","","","","","",""
"2011057112","","0","0","0","0","0","0","0","0","0","8","0","","02","6","2011","6","40.442608","-79.999236","","11","0","0","0","0","0","1","0","0","","0","0","0","","","1","","1","","40 26:33.388","","0","79 59:57.249","3","0","0","0","2301","1","0","0","N","1","0","0","2","02301","0","","1.0","","1","N","N","","1","","1","0","0","","2","","","2","1","0","0","0","0","0","2","0","1","","","","N","","","","","","","","","",""
"2011057874","","1","0","0","0","0","0","0","0","0","1","1","","02","4","2011","2","40.419678","-80.05164","","11","0","0","0","0","1","0","0","0","","0","1","0","","","1","","0","","40 25:10.840","","0","80 03:05.905","4","0","0","0","2435","0","0","0","N","0","0","0","3","68B03","1","","1.0","","1","N","N","","0","","0","0","1","","0","","","3","1","0","0","0","0","0","2","0","3","","","","N","","","","","","","","","",""
"2011058602","","2","0","0","0","0","0","0","0","0","5","0","","02","6","2011","3","40.418832","-79.888506","","11","0","0","1","0","0","0","0","0","2","0","0","0","","","0","","2","","40 25:07.795","5","0","79 53:18.621","0","0","0","0","2463","0","0","0","N","0","0","0","1","02463","0","","4.0","","1","N","N","","1","","0","0","0","","0","Y","","3","0","0","0","0","0","0","2","0","3","","","","N","","","","","","","","","",""
"2011057113","","0","0","0","0","0","0","0","0","0","1","0","","02","6","2011","6","40.332417","-80.070323","","11","0","0","0","0","0","0","0","0","","0","0","0","","","0","","2","","40 19:56.701","","0","80 04:13.161","0","0","0","0","2123","0","0","0","N","0","0","0","2","02123","0","","1.0","","1","N","N","","1","","0","0","1","","0","","","2","0","0","0","0","0","0","2","0","2","","","","N","","","","","","","","","",""
"2011057875","","0","0","0","0","0","0","0","0","0","1","0","","02","5","2011","5","40.415298","-80.060642","","11","0","0","0","0","0","1","0","0","","0","0","0","","","0","","0","","40 24:55.072","","0","80 03:38.310","0","0","0","0","2435","0","0","0","N","0","0","0","2","68B03","0","","1.0","","1","N","N","","1","","0","0","1","","0","","","2","0","0","0","0","0","0","2","0","2","","","","N","","","","","","","","","",""
"2011057178","","1","0","0","0","0","0","0","0","0","4","0","","02","6","2011","5","40.439576","-80.005065","","11","0","0","1","0","0","0","0","0","","0","0","0","","","0","","1","","40 26:22.473","","0","80 00:18.235","0","0","0","0","2301","0","0","0","N","0","0","0","3","02301","0","","1.0","","1","N","N","","0","","0","0","0","","2","","","2","0","0","0","0","0","0","2","1","2","","","","N","","","","","","","","","",""
"2011056441","","1","0","0","0","0","0","0","0","0","4","0","","02","6","2011","4","40.396714","-79.978688","","11","0","0","0","0","0","1","1","0","1","0","0","0","","","0","","2","","40 23:48.170","1","0","79 58:43.276","0","0","0","0","2301","0","0","0","N","0","0","0","2","02301","0","","1.0","","1","Y","N","","0","","0","0","0","","3","N","","2","0","0","0","0","0","0","2","1","2","","","","N","","","","","","","","","",""
"2011058618","","0","0","0","0","0","0","0","0","0","2","0","","02","6","2011","7","40.378778","-80.23829","","11","0","0","0","1","0","0","0","0","","0","0","0","","","0","","0","","40 22:43.600","","0","80 14:17.844","0","0","0","0","2448","0","0","0","N","0","0","0","1","02448","0","","2.0","","1","N","N","","2","","0","0","0","","0","","","2","0","0","0","0","0","0","2","0","2","","","","N","","","","","","","","","",""
"2011057181","","1","0","0","0","0","0","0","0","0","1","0","","02","6","2011","6","40.446351","-79.775971","","11","0","0","0","0","0","1","0","0","1","0","0","0","","","0","","0","","40 26:46.865","3","0","79 46:33.494","0","0","0","0","2446","0","0","0","N","0","0","0","2","02446","0","","1.0","","1","N","N","","0","","0","0","1","","0","N","","2","0","0","0","0","0","0","2","0","2","","","","N","","","","","","","","","",""
"2011057735","","2","0","0","0","0","0","0","0","0","5","0","","02","6","2011","6","40.355824","-80.05149","","11","0","0","0","0","0","0","0","0","2","0","0","0","","","2","","2","","40 21:20.966","4","0","80 03:05.364","4","0","0","0","2109","0","0","0","N","0","0","0","4","02109","2","","1.0","","1","N","N","","0","","0","0","0","","1","N","","2","2","0","0","0","0","0","2","0","2","","","","N","","","","","","","","","",""
"2011058766","","2","0","0","0","0","0","0","0","0","1","0","","02","6","2011","6","40.385456","-80.043953","","11","0","0","0","0","0","0","1","0","","0","0","0","","","1","","2","","40 23:07.641","","0","80 02:38.231","4","0","0","0","2109","0","0","0","N","0","0","0","2","02109","1","","1.0","","1","N","N","","0","","0","0","0","","3","","","2","1","0","0","0","0","0","2","0","2","","","","N","","","","","","","","","",""
"2011059369","","0","0","0","0","0","0","0","0","0","7","0","","02","5","2011","6","40.402713","-79.861935","","11","0","0","0","0","0","0","0","1","","0","0","0","","","0","","0","","40 24:09.766","","0","79 51:42.966","9","0","0","0","2449","0","0","0","N","0","0","0","1","02449","0","","5.0","","1","N","N","","0","","0","0","0","","0","","","1","0","0","0","0","0","1","2","1","1","","","","N","","","","","","","","","",""
"2011057118","","1","0","0","0","0","0","0","0","0","7","0","","02","6","2011","6","40.390967","-80.019463","","11","0","0","0","0","0","0","1","0","","0","0","0","","","0","","0","","40 23:27.481","","0","80 01:10.066","0","0","0","0","2301","0","0","0","N","0","0","0","2","02301","0","","5.0","","1","N","N","","0","","0","0","0","","0","","","1","0","0","0","0","0","0","2","0","1","","","","N","","","","","","","","","",""
"2011057184","","1","0","0","0","0","0","0","0","0","4","0","","02","5","2011","3","40.62331","-80.053802","","11","0","0","0","0","0","0","1","0","1","0","0","0","","","0","","0","","40 37:23.916","2","0","80 03:13.688","0","0","0","0","2216","0","0","0","N","0","0","0","2","02505","0","","1.0","","1","N","N","","1","","0","0","0","","0","N","","2","0","0","0","0","0","0","2","0","2","","","","N","","","","","","","","","",""
"2011058768","","1","0","0","0","0","0","0","0","0","4","0","","02","6","2011","3","40.426975","-79.980753","","11","0","0","0","0","0","1","0","0","1","0","0","0","","","1","","1","","40 25:37.110","1","0","79 58:50.710","8","0","0","0","2301","0","0","0","N","0","0","0","2","02301","0","","1.0","","9","N","N","","0","","0","0","0","","2","N","","2","1","0","0","0","1","0","2","1","2","","","","N","","","","","","","","","",""
"2011056446","","1","0","0","0","0","0","1","0","0","1","1","","02","6","2011","4","40.463905","-79.80101","","11","0","0","0","0","0","1","1","0","2","0","0","0","","","0","","2","","40 27:50.058","3","0","79 48:03.636","0","0","0","0","2113","0","0","0","N","0","0","0","3","02113","0","","1.0","","1","Y","N","","0","","0","0","1","","0","N","","3","0","0","0","0","0","0","2","0","3","","","","N","","","","","","","","","",""
"2011057671","","2","0","0","0","0","0","0","0","0","4","0","","02","6","2011","5","40.415667","-79.972782","","11","0","0","0","0","0","0","0","0","","0","0","0","","","1","","1","","40 24:56.401","","0","79 58:22.015","8","0","0","0","2301","0","0","0","N","0","0","0","2","02301","0","","1.0","","1","N","N","","0","","0","0","0","","0","","","2","1","0","0","0","1","0","2","0","2","","","","N","","","","","","","","","",""
"2011058623","","2","0","0","0","0","0","0","0","0","4","0","","02","6","2011","4","40.539016","-79.83998","","11","0","0","0","1","0","0","0","0","","0","0","0","","","0","","2","","40 32:20.457","","0","79 50:23.928","0","0","0","0","2208","0","0","0","N","0","0","0","2","02208","0","","1.0","","1","N","N","","0","","0","0","0","","2","","","2","0","1","0","0","0","0","2","0","2","","","","N","","","","","","","","","",""
"2011059373","","2","0","0","0","0","0","0","0","0","1","0","","02","6","2011","3","40.348251","-79.945946","","11","0","0","0","0","0","0","0","0","2","0","0","0","","","2","","0","","40 20:53.704","4","0","79 56:45.405","8","0","0","0","2473","0","0","0","N","0","0","0","3","02473","0","","1.0","","9","N","N","","0","","0","0","0","","0","Y","","2","2","0","0","0","2","0","2","0","2","","","","N","","","","","","","","","",""
"2011058425","","1","0","0","0","0","0","0","0","0","7","0","","02","6","2011","3","40.452156","-80.052671","","11","0","0","0","0","0","1","0","0","","0","0","0","","","1","","2","","40 27:07.761","","0","80 03:09.615","8","0","0","0","2301","0","0","0","N","0","0","0","1","02301","0","","5.0","","9","N","N","","0","","0","0","0","","3","","","1","1","0","0","0","1","0","2","0","1","","","","N","","","","","","","","","",""