"CRN","ARRIVAL_TM","AUTOMOBILE_COUNT","BELTED_DEATH_COUNT","BELTED_SUSP_SERIOUS_INJ_COUNT","BICYCLE_COUNT","BICYCLE_DEATH_COUNT","BICYCLE_SUSP_SERIOUS_INJ_COUNT","BUS_COUNT","CHLDPAS_DEATH_COUNT","CHLDPAS_SUSP_SERIOUS_INJ_COUNT","COLLISION_TYPE","COMM_VEH_COUNT","CONS_ZONE_SPD_LIM","COUNTY","CRASH_MONTH","CRASH_YEAR","DAY_OF_WEEK","DEC_LATITUDE","DEC_LONGITUDE","DISPATCH_TM","DISTRICT","DRIVER_COUNT_16YR","DRIVER_COUNT_17YR","DRIVER_COUNT_18YR","DRIVER_COUNT_19YR","DRIVER_COUNT_20YR","DRIVER_COUNT_50_64YR","DRIVER_COUNT_65_74YR","DRIVER_COUNT_75PLUS","EST_HRS_CLOSED","FATAL_COUNT","HEAVY_TRUCK_COUNT","HORSE_BUGGY_COUNT","HOUR_OF_DAY","ILLUMINATION","INJURY_COUNT","INTERSECTION_RELATED","INTERSECT_TYPE","LANE_CLOSED","LATITUDE","LN_CLOSE_DIR","LOCATION_TYPE","LONGITUDE","MAX_SEVERITY_LEVEL","MCYCLE_DEATH_COUNT","MCYCLE_SUSP_SERIOUS_INJ_COUNT","MOTORCYCLE_COUNT","MUNICIPALITY","NONMOTR_COUNT","NONMOTR_DEATH_COUNT","NONMOTR_SUSP_SERIOUS_INJ_COUNT","NTFY_HIWY_MAINT","PED_COUNT","PED_DEATH_COUNT","PED_SUSP_SERIOUS_INJ_COUNT","PERSON_COUNT","POLICE_AGCY","POSSIBLE_INJ_COUNT","RDWY_SURF_TYPE_CD","RELATION_TO_ROAD","ROADWAY_CLEARED","ROAD_CONDITION","SCH_BUS_IND","SCH_ZONE_IND","SECONDARY_CRASH","SMALL_TRUCK_COUNT","SPEC_JURIS_CD","SUSP_MINOR_INJ_COUNT","SUSP_SERIOUS_INJ_COUNT","SUV_COUNT","TCD_FUNC_CD","TCD_TYPE","TFC_DETOUR_IND","TIME_OF_DAY","TOTAL_UNITS","TOT_INJ_COUNT","UNBELTED_OCC_COUNT","UNB_DEATH_COUNT","UNB_SUSP_SERIOUS_INJ_COUNT","UNK_INJ_DEG_COUNT","UNK_INJ_PER_COUNT","URBAN_RURAL","VAN_COUNT","VEHICLE_COUNT","WEATHER1","WEATHER2","WORKERS_PRES","WORK_ZONE_IND","WORK_ZONE_LOC","WORK_ZONE_TYPE","WZ_CLOSE_DETOUR","WZ_FLAGGER","WZ_LAW_OFFCR_IND","WZ_LN_CLOSURE","WZ_MOVING","WZ_OTHER","WZ_SHLDER_MDN","WZ_WORKERS_INJ_KILLED"
"2011065087","","1","0","0","0","0","0","0","0","0","7","0","","02","6","2011","1","40.531549","-79.849035","","11","0","0","0","0","0","0","0","0","","0","0","0","","","0","","0","","40 31:53.576","","0","79 50:56.527","0","0","0","0","2208","0","0","0","Y","0","0","0","2","68D02","0","","2.0","","1","N","N","","0","","0","0","0","","0","","","1","0","0","0","0","0","0","2","0","1","","","","N","","","","","","","","","",""
"2011063573","","1","0","0","0","0","0","0","0","0","8","0","","02","6","2011","3","40.469232","-80.014566","","11","0","0","0","0","0","0","0","0","","0","0","0","","","1","","2","","40 28:09.235","","0","80 00:52.437","3","0","0","0","2301","1","0","0","N","1","0","0","2","02301","0","","1.0","","1","N","N","","0","","1","0","0","","0","","","2","1","1","0","0","0","0","2","0","1","","","","N","","","","","","","","","",""
"2011056524","","1","0","0","0","0","0","0","0","0","7","0","","02","6","2011","5","40.463648","-79.923495","","11","0","0","0","0","0","1","0","0","","0","0","0","","","0","","1","","40 27:49.131","","0","79 55:24.582","0","0","0","0","2301","0","0","0","N","0","0","0","1","02301","0","","5.0","","1","N","N","","0","","0","0","0","","2","","","1","0","1","0","0","0","0","2","0","1","","","","N","","","","","","","","","",""
"2011057272","","1","0","0","0","0","0","0","0","0","4","0","","02","6","2011","6","40.321148","-79.942158","","11","0","0","0","0","0","1","0","1","1","0","0","0","","","2","","1","","40 19:16.133","7","0","79 56:31.769","2","0","0","0","2454","0","0","0","N","0","0","0","2","02454","1","","1.0","","1","N","N","","0","","0","1","1","","2","N","","2","2","0","0","0","0","0","2","0","2","","","","N","","","","","","","","","",""
"2011058041","","0","0","0","0","0","0","0","0","0","7","0","","02","6","2011","1","40.449777","-79.803421","","11","0","0","0","0","0","0","0","0","","0","0","0","","","0","","2","","40 26:59.197","","0","79 48:12.315","0","0","0","0","2113","0","0","0","N","0","0","0","6","02113","0","","5.0","","1","N","N","","0","","0","0","0","","3","","","1","0","0","0","0","0","0","2","1","1","","","","N","","","","","","","","","",""
"2011056539","","2","0","0","0","0","0","0","0","0","4","0","","02","6","2011","5","40.46586","-79.922782","","11","0","0","0","0","0","0","0","0","","0","0","0","","","1","","1","","40 27:57.096","","0","79 55:22.015","8","0","0","0","2301","0","0","0","N","0","0","0","3","02301","0","","1.0","","1","N","N","","0","","0","0","0","","2","","","2","1","0","0","0","1","0","2","0","2","","","","N","","","","","","","","","",""
"2011056681","","1","0","0","0","0","0","0","0","0","1","0","","02","5","2011","4","40.42645","-80.126256","","11","0","0","0","0","0","0","0","0","","0","0","0","","","0","","0","","40 25:35.221","","0","80 07:34.521","0","0","0","0","2102","0","0","0","N","0","0","0","2","68B03","0","","1.0","","1","N","N","","0","","0","0","1","","0","","","2","0","0","0","0","0","0","2","0","2","","","","N","","","","","","","","","",""
"2011063575","","3","0","0","0","0","0","0","0","0","1","0","","02","6","2011","4","40.419846","-79.932431","","11","0","0","0","0","0","0","0","0","","0","0","0","","","0","","0","","40 25:11.445","","0","79 55:56.751","0","0","0","0","2301","0","0","0","N","0","0","0","1","02301","0","","6.0","","1","N","N","","0","","0","0","0","","0","","","3","0","0","0","0","0","0","2","0","3","","","","N","","","","","","","","","",""
"2011065151","","1","0","0","1","0","0","0","0","0","8","0","","02","6","2011","2","40.343876","-79.840318","","11","0","0","0","1","0","0","0","0","1","0","0","0","","","1","","1","","40 20:37.953","5","0","79 50:25.144","3","0","0","0","2304","1","0","0","N","0","0","0","2","02304","0","","1.0","","1","N","N","","0","","1","0","0","","3","N","","2","1","0","0","0","0","0","2","0","1","","","","N","","","","","","","","","",""
"2011065152","","1","0","0","0","0","0","0","0","0","5","1","","02","6","2011","2","40.380826","-79.855141","","11","0","0","0","0","0","0","0","0","","0","1","0","","","1","","10","","40 22:50.972","","0","79 51:18.509","4","0","0","0","2303","0","0","0","N","0","0","0","2","02303","1","","1.0","","1","N","N","","0","","0","0","0","","0","","","2","1","0","0","0","0","0","2","0","2","","","","N","","","","","","","","","",""
"2011056542","","0","0","0","0","0","0","0","0","0","7","0","","02","6","2011","5","40.440038","-80.083625","","11","0","0","0","0","1","0","0","0","1","0","0","0","","","0","","0","","40 26:24.137","4","3","80 05:01.050","0","0","0","0","2115","0","0","0","N","0","0","0","1","02115","0","","4.0","","1","N","N","","0","","0","0","1","","0","N","","1","0","0","0","0","0","0","2","0","1","","","","N","","","","","","","","","",""
"2011058059","","2","0","0","0","0","0","0","0","0","4","0","","02","6","2011","4","40.430162","-80.136338","","11","0","0","0","0","0","0","0","0","","0","0","0","","","1","","1","","40 25:48.582","","2","80 08:10.817","8","0","0","0","2115","0","0","0","N","0","0","0","3","02115","0","","1.0","","1","N","N","","0","","0","0","0","","2","","","2","1","0","0","0","1","0","2","0","2","","","","N","","","","","","","","","",""
"2011058197","","0","0","0","0","0","0","0","0","0","7","1","40","02","6","2011","5","40.652501","-80.05223","","11","0","0","0","0","0","1","0","0","3","0","1","0","","","0","","0","","40 39:09.004","3","0","80 03:08.027","0","0","0","0","2216","0","0","0","N","0","0","0","2","68T02","0","","2.0","","1","N","N","","0","","0","0","0","","0","N","","1","0","0","0","0","0","0","2","0","1","","","Y","Y","4","1","N","Y","N","N","Y","N","Y",""
"2011065156","","1","0","0","0","0","0","0","0","0","6","0","","02","6","2011","1","40.290432","-79.835495","","11","0","0","0","0","0","0","1","0","1","0","0","0","","","2","","0","","40 17:25.556","5","7","79 50:07.781","4","0","0","0","2105","0","0","0","N","0","0","0","3","02105","1","","1.0","","1","N","N","","1","","0","0","0","","0","N","","2","2","0","0","0","1","0","1","0","2","","","","N","","","","","","","","","",""
"2011062891","","2","0","0","0","0","0","0","0","0","1","0","","02","6","2011","2","40.430682","-79.892598","","11","0","0","0","0","0","0","1","0","","0","0","0","","","0","","2","","40 25:50.455","","0","79 53:33.352","9","0","0","0","2463","0","0","0","N","0","0","0","2","02463","0","","1.0","","1","N","N","","0","","0","0","0","","0","","","2","0","0","0","0","0","1","2","0","2","","","","N","","","","","","","","","",""
"2011058801","","0","0","0","0","0","0","0","0","0","7","0","","02","6","2011","4","40.513977","-79.804705","","11","0","0","0","0","0","0","0","0","1","0","0","0","","","1","","0","","40 30:50.317","5","3","79 48:16.937","4","0","0","0","2113","0","0","0","N","0","0","0","1","02113","1","","5.0","","1","N","N","","0","","0","0","0","","8","N","","1","1","0","0","0","0","0","2","1","1","","","","N","","","","","","","","","",""
"2011056543","","2","0","0","0","0","0","0","0","0","4","0","","02","5","2011","3","40.516926","-80.221347","","11","0","0","0","0","0","0","0","0","","0","0","0","","","0","","1","","40 31:00.932","","0","80 13:16.848","0","0","0","0","2213","0","0","0","N","0","0","0","2","02213","0","","1.0","","9","N","N","","0","","0","0","0","","0","","","2","0","1","0","0","0","0","2","0","2","","","","N","","","","","","","","","",""
"2011058060","","0","0","0","0","0","0","0","0","0","7","0","","02","6","2011","1","40.457531","-80.14297","","11","0","0","0","0","0","0","0","0","","0","0","0","","","0","","0","","40 27:27.111","","0","80 08:34.691","0","0","0","0","2115","0","0","0","N","0","0","0","1","02115","0","","4.0","","1","N","N","","0","","0","0","1","","0","","","1","0","0","0","0","0","0","2","0","1","","","","N","","","","","","","","","",""
"2011056673","","1","0","0","0","0","0","0","0","0","4","0","","02","5","2011","3","40.359453","-80.031811","","11","0","0","0","0","0","0","0","0","","0","0","0","","","1","","2","","40 21:34.030","","0","80 01:54.519","8","0","0","0","2416","0","0","0","N","0","0","0","2","02416","0","","1.0","","1","N","N","","0","","0","0","0","","3","","","2","1","0","0","0","1","0","2","1","2","","","","N","","","","","","","","","",""
"2011064394","","1","0","0","0","0","0","0","0","0","7","0","","02","6","2011","6","40.384627","-80.054808","","11","0","0","0","0","0","0","0","0","2","0","0","0","","","1","","0","","40 23:04.658","4","0","80 03:17.310","8","0","0","0","2109","0","0","0","N","0","0","0","1","02109","0","","5.0","","9","N","N","","0","","0","0","0","","0","N","","1","1","0","0","0","1","0","2","0","1","","","","N","","","","","","","","","",""
"2011065169","","2","0","0","0","0","0","0","0","0","1","0","","02","6","2011","6","40.373975","-80.099062","","11","0","0","0","0","1","0","0","0","","0","0","0","","","0","","2","","40 22:26.311","","0","80 05:56.622","0","0","0","0","2102","0","0","0","N","0","0","0","2","02102","0","","1.0","","1","N","N","","0","","0","0","0","","0","","","2","0","0","0","0","0","0","2","0","2","","","","N","","","","","","","","","",""
"2011058802","","1","0","0","0","0","0","0","0","0","1","0","","02","6","2011","3","40.530316","-80.003848","","11","0","1","0","0","0","0","0","0","","0","0","0","","","0","","2","","40 31:49.138","","0","80 00:13.854","0","0","0","0","2116","0","0","0","N","0","0","0","4","02116","0","","1.0","","1","N","N","","0","","0","0","1","","0","","","3","0","0","0","0","0","0","2","1","3","","","","N","","","","","","","","","",""
"2011056544","","0","0","0","0","0","0","0","0","0","1","0","","02","5","2011","4","40.499891","-80.218634","","11","0","0","0","0","0","1","1","0","1","0","0","0","","","0","","0","","40 29:59.607","4","0","80 13:07.083","0","0","0","0","2213","0","0","0","N","0","0","0","9","02213","0","","1.0","","1","N","N","","0","","0","0","3","","2","N","","4","0","0","0","0","0","0","2","1","4","","","","N","","","","","","","","","",""
"2011056674","","1","0","0","0","0","0","0","0","0","1","0","","02","5","2011","3","40.369444","-80.030524","","11","0","0","0","0","0","0","1","0","1","0","0","0","","","0","","3","","40 22:10.000","3","0","80 01:49.886","0","0","0","0","2416","0","0","0","N","0","0","0","2","02416","0","","1.0","","1","N","N","","1","","0","0","0","","2","Y","","2","0","0","0","0","0","0","2","0","2","","","","N","","","","","","","","","",""
"2011062893","","1","0","0","0","0","0","0","0","0","7","0","","02","6","2011","1","40.405418","-79.942789","","11","0","0","0","0","0","1","0","0","3","0","0","0","","","0","","0","","40 24:19.506","5","0","79 56:34.041","0","0","0","0","2301","0","0","0","N","0","0","0","1","02301","0","","2.0","","1","N","N","","0","","0","0","0","","0","Y","","1","0","0","0","0","0","0","2","0","1","","","","N","","","","","","","","","",""
"2011056545","","1","0","0","0","0","0","0","0","0","1","0","","02","5","2011","5","40.506964","-80.205527","","11","0","0","1","0","0","0","0","0","2","0","0","0","","","1","","0","","40 30:25.070","2","0","80 12:19.896","4","0","0","0","2213","0","0","0","N","0","0","0","3","02213","1","","1.0","","1","N","N","","0","","0","0","2","","0","N","","3","1","0","0","0","0","0","2","0","3","","","","N","","","","","","","","","",""
"2011062894","","0","0","0","0","0","0","0","0","0","7","0","","02","6","2011","5","40.438843","-80.072288","","11","0","0","1","0","0","0","0","0","","0","0","0","","","0","","2","","40 26:19.833","","0","80 04:20.238","0","0","0","0","2421","0","0","0","N","0","0","0","2","02421","0","","5.0","","1","N","N","","0","","0","0","1","","2","","","1","0","0","0","0","0","0","2","0","1","","","","N","","","","","","","","","",""
"2011056546","","1","0","0","0","0","0","0","0","0","7","0","","02","5","2011","1","40.500044","-80.221987","","11","0","0","0","0","0","0","0","0","","0","0","0","","","0","","1","","40 30:00.157","","0","80 13:19.152","0","0","0","0","2213","0","0","0","N","0","0","0","2","02213","0","","1.0","","1","N","N","","0","","0","0","0","","2","","","1","0","0","0","0","0","0","2","0","1","","","","N","","","","","","","","","",""
"2011058934","","1","0","0","0","0","0","0","0","0","1","0","","02","6","2011","4","40.451509","-79.908149","","11","0","0","0","0","0","0","0","0","","0","0","0","","","0","","1","","40 27:05.432","","0","79 54:29.335","0","0","0","0","2301","0","0","0","N","0","0","0","2","02301","0","","1.0","","1","N","N","","1","","0","0","0","","0","","","2","0","0","0","0","0","0","2","0","2","","","","N","","","","","","","","","",""
"2011058948","","2","0","0","0","0","0","0","0","0","1","0","","02","6","2011","4","40.362263","-80.046703","","11","0","0","0","0","0","0","0","0","1","0","0","0","","","0","","2","","40 21:44.146","2","0","80 02:48.129","9","0","0","0","2109","0","0","0","N","0","0","0","2","02109","0","","1.0","","1","N","N","","0","","0","0","0","","0","N","","2","0","0","0","0","0","1","2","0","2","","","","N","","","","","","","","","",""
"2011063583","","1","0","0","0","0","0","0","0","0","7","0","","02","6","2011","4","40.563078","-79.966385","","11","0","0","0","0","0","1","0","0","2","0","0","0","","","1","","1","","40 33:47.081","6","0","79 57:58.985","8","0","0","0","2207","0","0","0","N","0","0","0","1","02207","0","","5.0","","1","N","N","","0","","0","0","0","","3","Y","","1","1","1","0","0","1","0","2","0","1","","","","N","","","","","","","","","",""
"2011065160","","1","0","0","0","0","0","0","0","0","6","0","","02","6","2011","2","40.619754","-79.853119","","11","0","0","2","0","0","0","0","0","1","0","0","0","","","0","","0","","40 37:11.114","7","0","79 51:11.228","0","0","0","0","2220","0","0","0","N","0","0","0","4","02220","0","","1.0","","1","N","N","","0","","0","0","1","","0","N","","2","0","0","0","0","0","0","2","0","2","","","","N","","","","","","","","","",""
"2011062895","","1","0","0","0","0","0","0","0","0","4","0","","02","6","2011","2","40.37682","-80.066933","","11","0","0","0","0","0","1","0","0","2","0","0","0","","","2","","0","","40 22:36.552","6","0","80 04:00.960","4","0","0","0","2109","0","0","0","N","0","0","0","4","02109","2","","1.0","","1","N","N","","0","","0","0","1","","3","N","","2","2","0","0","0","0","0","2","0","2","","","","N","","","","","","","","","",""
"2011057996","","1","0","0","0","0","0","0","0","0","1","0","","02","6","2011","1","40.425799","-80.019809","","11","0","0","0","0","0","0","0","0","1","0","0","0","","","2","","1","","40 25:32.876","5","0","80 01:11.311","8","0","0","0","2301","0","0","0","N","0","0","0","6","02301","0","","1.0","","1","N","N","","0","","0","0","0","","2","N","","2","2","0","0","0","2","0","2","1","2","","","","N","","","","","","","","","",""
"2011058806","","1","0","0","0","0","0","0","0","0","8","0","","02","6","2011","4","40.443565","-79.952072","","11","0","0","0","0","0","0","0","0","1","0","0","0","","","1","","2","","40 26:36.834","4","0","79 57:07.459","8","0","0","0","2301","1","0","0","N","1","0","0","2","02301","0","","1.0","","1","N","N","","0","","0","0","0","","2","N","","2","1","0","0","0","1","0","2","0","1","","","","N","","","","","","","","","",""
"2011056547","","2","0","0","0","0","0","0","0","0","1","0","","02","5","2011","3","40.356969","-80.028463","","11","0","0","0","0","0","1","0","0","","0","0","0","","","0","","1","","40 21:25.087","","0","80 01:42.468","0","0","0","0","2416","0","0","0","N","0","0","0","3","02416","0","","1.0","","1","N","N","","1","","0","0","0","","3","","","3","0","0","0","0","0","0","2","0","3","","","","N","","","","","","","","","",""
"2011058935","","1","0","0","0","0","0","0","0","0","4","0","","02","6","2011","2","40.355596","-80.131584","","11","0","0","0","0","0","0","0","0","","0","0","0","","","1","","2","","40 21:20.147","","0","80 07:53.702","8","0","0","0","2119","0","0","0","N","0","0","0","2","02119","0","","1.0","","1","N","N","","0","","0","0","1","","3","","","2","1","0","0","0","1","0","2","0","2","","","","N","","","","","","","","","",""
"2011064410","","0","0","0","0","0","0","0","0","0","1","0","","02","6","2011","6","40.541049","-79.784119","","11","0","0","1","0","0","0","0","0","","0","0","0","","","2","","1","","40 32:27.776","","0","79 47:02.829","4","0","0","0","2462","0","0","0","N","0","0","0","2","02462","1","","1.0","","1","N","N","","1","","0","0","1","","0","","","2","2","0","0","0","1","0","2","0","2","","","","N","","","","","","","","","",""
"2011057997","","3","0","0","0","0","0","0","0","0","1","0","","02","6","2011","2","40.377056","-79.98584","","11","0","0","0","0","0","0","1","0","","0","0","0","","","0","","0","","40 22:37.401","","0","79 59:09.023","0","0","0","0","2476","0","0","0","N","0","0","0","3","02476","0","","1.0","","1","N","N","","0","","0","0","0","","0","","","3","0","1","0","0","0","0","2","0","3","","","","N","","","","","","","","","",""
"2011056611","","2","0","0","0","0","0","0","0","0","1","0","","02","6","2011","4","40.507523","-80.005896","","11","0","1","0","0","0","0","0","0","","0","0","0","","","0","","0","","40 30:27.082","","0","80 00:21.225","0","0","0","0","2116","0","0","0","N","0","0","0","2","02116","0","","1.0","","1","N","N","","0","","0","0","0","","0","","","2","0","0","0","0","0","0","2","0","2","","","","N","","","","","","","","","",""
"2011057357","","3","0","0","0","0","0","0","0","0","1","0","","02","6","2011","6","40.39625","-79.998221","","11","0","0","0","0","1","0","0","0","1","0","0","0","","","1","","0","","40 23:46.500","2","0","79 59:53.597","8","0","0","0","2301","0","0","0","N","0","0","0","3","02301","0","","1.0","","1","N","N","","0","","0","0","0","","0","N","","3","1","0","0","0","1","0","2","0","3","","","","N","","","","","","","","","",""
"2011064399","","1","0","0","0","0","0","0","0","0","5","0","","02","6","2011","6","40.366872","-79.868128","","11","0","0","0","0","0","1","0","0","1","0","0","0","","","1","","0","","40 22:00.740","3","0","79 52:05.260","4","0","0","0","2473","0","0","0","N","0","0","0","1","02473","1","","1.0","","9","N","N","","0","","0","0","1","","0","N","","2","1","0","0","0","0","0","2","0","2","","","","N","","","","","","","","","",""
"2011065162","","1","0","0","0","0","0","0","0","0","4","0","","02","6","2011","2","40.356584","-80.053296","","11","0","0","0","0","0","0","0","0","2","0","0","0","","","1","","2","","40 21:23.701","4","0","80 03:11.864","8","0","0","0","2109","0","0","0","N","0","0","0","3","02109","0","","1.0","","1","N","N","","0","","0","0","1","","2","N","","2","1","1","0","0","1","0","2","0","2","","","","N","","","","","","","","","",""
"2011056612","","0","0","0","0","0","0","0","0","0","99","0","","02","5","2011","5","40.472513","-80.038196","","11","0","0","0","0","0","1","0","0","","0","0","0","","","1","","1","","40 28:21.048","","0","80 02:17.505","8","0","0","1","2301","0","0","0","N","0","0","0","1","02301","0","","1.0","","1","N","N","","0","","0","0","0","","0","","","1","1","0","0","0","1","0","2","0","1","","","","N","","","","","","","","","",""
"2011063586","","1","0","0","0","0","0","0","0","0","7","0","","02","6","2011","7","40.403265","-79.98871","","11","0","0","0","0","0","0","0","0","","0","0","0","","","0","","0","","40 24:11.754","","0","79 59:19.356","0","0","0","0","2301","0","0","0","N","0","0","0","2","02301","0","","5.0","","1","N","N","","0","","0","0","0","","0","","","1","0","0","0","0","0","0","2","0","1","","","","N","","","","","","","","","",""
"2011064412","","1","0","0","0","0","0","0","0","0","99","0","","02","6","2011","7","40.434478","-79.997349","","11","0","0","0","0","0","0","0","0","","0","0","0","","","0","","6","","40 26:04.119","","2","79 59:50.458","9","0","0","0","2301","0","0","0","N","0","0","0","1","02301","0","","9.0","","9","N","N","","0","","0","0","0","","0","","","1","0","0","0","0","0","1","2","0","1","","","","N","","","","","","","","","",""
"2011062822","","2","0","0","0","0","0","0","0","0","1","0","","02","6","2011","4","40.525844","-80.069726","","11","0","0","0","1","0","1","0","0","","0","0","0","","","1","","7","","40 31:33.040","","2","80 04:11.014","4","0","0","0","2215","0","0","0","N","0","0","0","3","68B03","1","","1.0","","1","N","N","","0","","0","0","0","","4","","","2","1","1","0","0","0","0","2","0","2","","","","N","","","","","","","","","",""
"2011063589","","0","0","0","0","0","0","0","0","0","7","1","","02","6","2011","5","40.453356","-79.984287","","11","0","0","0","0","0","0","1","0","3","0","1","0","","","0","","0","","40 27:12.081","6","0","79 59:03.433","0","0","0","0","2301","0","0","0","N","0","0","0","1","02301","0","","4.0","","1","N","N","","0","","0","0","0","","0","Y","","1","0","0","0","0","0","0","2","0","1","","","","N","","","","","","","","","",""
"2011062825","","2","0","0","0","0","0","0","0","0","1","0","","02","6","2011","5","40.430386","-80.026961","","11","0","0","0","1","0","0","1","0","","0","0","0","","","0","","0","","40 25:49.389","","0","80 01:37.061","0","0","0","0","2301","0","0","0","N","0","0","0","6","68B03","0","","1.0","","1","N","N","","0","","0","0","0","","0","","","3","0","0","0","0","0","0","2","1","3","","","","N","","","","","","","","","",""
"2011064403","","1","0","0","0","0","0","0","0","0","4","0","","02","6","2011","6","40.348156","-79.947432","","11","0","0","0","1","0","0","1","0","2","0","0","0","","","0","","0","","40 20:53.362","2","7","79 56:50.754","0","0","0","0","2473","0","0","0","N","0","0","0","2","02473","0","","1.0","","9","N","N","","0","","0","0","1","","2","N","","2","0","0","0","0","0","0","2","0","2","","","","N","","","","","","","","","",""
"2011058005","","1","0","0","0","0","0","0","0","0","7","0","","02","6","2011","1","40.421688","-79.997417","","11","0","0","0","0","0","0","0","0","1","0","0","0","","","0","","1","","40 25:18.076","1","0","79 59:50.701","0","0","0","0","2301","0","0","0","N","0","0","0","1","02301","0","","5.0","","1","N","N","","0","","0","0","0","","2","N","","1","0","0","0","0","0","0","2","0","1","","","","N","","","","","","","","","",""
"2011056616","","2","0","0","0","0","0","0","0","0","4","0","","02","5","2011","6","40.37406","-80.099118","","11","0","1","0","0","0","1","0","0","1","0","0","0","","","0","","2","","40 22:26.615","6","0","80 05:56.825","0","0","0","0","2102","0","0","0","N","0","0","0","3","02102","0","","1.0","","1","N","N","","0","","0","0","0","","0","N","","2","0","0","0","0","0","0","2","0","2","","","","N","","","","","","","","","",""
"2011057377","","3","0","0","0","0","0","0","0","0","5","0","","02","6","2011","7","40.399766","-79.989129","","11","0","0","0","0","0","1","0","0","","0","0","0","","","0","","0","","40 23:59.157","","0","79 59:20.864","0","0","0","0","2301","0","0","0","N","0","0","0","1","02301","0","","4.0","","1","N","N","","0","","0","0","0","","0","","","4","0","0","0","0","0","0","2","1","4","","","","N","","","","","","","","","",""
"2011057442","","1","0","0","0","0","0","0","0","0","7","0","","02","6","2011","4","40.587843","-79.881579","","11","0","0","0","0","0","0","0","0","2","0","0","0","","","0","","0","","40 35:16.233","4","0","79 52:53.685","0","0","0","0","2209","0","0","0","N","0","0","0","1","68T02","0","","3.0","","1","N","N","","0","","0","0","0","","0","N","","1","0","0","0","0","0","0","2","0","1","","","","N","","","","","","","","","",""
"2011064416","","1","0","0","0","0","0","0","0","0","7","0","","02","6","2011","7","40.419995","-79.850504","","11","0","0","0","0","0","0","0","0","1","0","0","0","","","1","","1","","40 25:11.983","3","0","79 51:01.815","4","0","0","0","2431","0","0","0","N","0","0","0","1","02431","1","","3.0","","9","N","N","","0","","0","0","0","","2","N","","1","1","0","0","0","0","0","2","0","1","","","","N","","","","","","","","","",""
"2011058209","","1","0","0","0","0","0","0","0","0","1","0","","02","6","2011","2","40.361592","-80.090225","","11","0","0","0","0","0","0","0","1","2","0","0","0","","","0","","0","","40 21:41.732","2","0","80 05:24.811","9","0","0","0","2123","0","0","0","N","0","0","0","3","02123","0","","1.0","","1","N","N","","1","","0","0","0","","0","N","","2","0","0","0","0","0","2","2","0","2","","","","N","","","","","","","","","",""
"2011057365","","4","0","0","0","0","0","0","0","0","2","0","","02","6","2011","6","40.457842","-79.974246","","11","0","0","0","0","0","0","0","0","","0","0","0","","","0","","1","","40 27:28.231","","0","79 58:27.285","0","0","0","0","2301","0","0","0","","0","0","0","1","02301","0","","1.0","","1","N","N","","0","","0","0","1","","2","","","5","0","1","0","0","0","0","2","0","5","","","","N","","","","","","","","","",""
"2011056634","","1","0","0","0","0","0","0","0","0","7","0","","02","6","2011","4","40.419597","-80.127618","","11","0","0","0","0","0","0","0","0","1","0","0","0","","","0","","0","","40 25:10.549","4","0","80 07:39.424","0","0","0","0","2102","0","0","0","N","0","0","0","1","02102","0","","2.0","","1","N","N","","0","","0","0","0","","0","N","","2","0","0","0","0","0","0","1","0","1","","","","N","","","","","","","","","",""
"2011057379","","1","0","0","0","0","0","0","0","0","7","0","","02","6","2011","7","40.416137","-80.011113","","11","0","0","0","0","0","0","0","0","1","0","0","0","","","0","","0","","40 24:58.093","2","0","80 00:40.006","9","0","0","0","2301","0","0","0","N","0","0","0","1","02301","0","","2.0","","1","N","N","","0","","0","0","0","","0","N","","1","0","0","0","0","0","1","2","0","1","","","","N","","","","","","","","","",""
"2011057444","","0","0","0","0","0","0","0","0","0","7","1","","02","6","2011","5","40.607932","-79.944259","","11","0","0","0","0","0","0","0","0","","0","1","0","","","0","","0","","40 36:28.555","","0","79 56:39.331","0","0","0","0","2207","0","0","0","N","0","0","0","2","68T02","0","","1.0","","1","N","N","","0","","0","0","0","","0","","","1","0","0","0","0","0","0","2","0","1","","","","N","","","","","","","","","",""
"2011064418","","1","0","0","0","0","0","0","0","0","7","0","","02","6","2011","7","40.435855","-79.966132","","11","0","0","0","0","1","0","0","0","2","0","0","0","","","0","","0","","40 26:09.077","1","0","79 57:58.074","0","0","0","0","2301","0","0","0","N","0","0","0","3","02301","0","","2.0","","9","N","N","","0","","0","0","0","","0","N","","1","0","1","0","0","0","0","2","0","1","","","","N","","","","","","","","","",""
"2011065183","","1","0","0","0","0","0","0","0","0","7","0","","02","6","2011","2","40.498859","-80.279805","","11","0","0","0","0","0","0","1","0","3","0","0","0","","","1","","2","","40 29:55.892","4","2","80 16:47.297","3","0","0","0","2203","0","0","0","Y","0","0","0","1","02203","0","","4.0","","9","N","N","","0","","1","0","0","","2","Y","","1","1","0","0","0","0","0","1","0","1","","","","N","","","","","","","","","",""
"2011057445","","0","0","0","0","0","0","0","0","0","99","0","","02","6","2011","6","40.483409","-79.772307","","11","0","0","0","0","0","1","0","0","","0","0","0","","","0","","0","","40 29:00.273","","0","79 46:20.305","0","0","0","0","2466","0","0","0","N","0","0","0","1","68T02","0","","1.0","","1","N","N","","0","","0","0","1","","0","","","1","0","0","0","0","0","0","2","0","1","","","","N","","","","","","","","","",""