"CRN","ARRIVAL_TM","AUTOMOBILE_COUNT","BELTED_DEATH_COUNT","BELTED_SUSP_SERIOUS_INJ_COUNT","BICYCLE_COUNT","BICYCLE_DEATH_COUNT","BICYCLE_SUSP_SERIOUS_INJ_COUNT","BUS_COUNT","CHLDPAS_DEATH_COUNT","CHLDPAS_SUSP_SERIOUS_INJ_COUNT","COLLISION_TYPE","COMM_VEH_COUNT","CONS_ZONE_SPD_LIM","COUNTY","CRASH_MONTH","CRASH_YEAR","DAY_OF_WEEK","DEC_LATITUDE","DEC_LONGITUDE","DISPATCH_TM","DISTRICT","DRIVER_COUNT_16YR","DRIVER_COUNT_17YR","DRIVER_COUNT_18YR","DRIVER_COUNT_19YR","DRIVER_COUNT_20YR","DRIVER_COUNT_50_64YR","DRIVER_COUNT_65_74YR","DRIVER_COUNT_75PLUS","EST_HRS_CLOSED","FATAL_COUNT","HEAVY_TRUCK_COUNT","HORSE_BUGGY_COUNT","HOUR_OF_DAY","ILLUMINATION","INJURY_COUNT","INTERSECTION_RELATED","INTERSECT_TYPE","LANE_CLOSED","LATITUDE","LN_CLOSE_DIR","LOCATION_TYPE","LONGITUDE","MAX_SEVERITY_LEVEL","MCYCLE_DEATH_COUNT","MCYCLE_SUSP_SERIOUS_INJ_COUNT","MOTORCYCLE_COUNT","MUNICIPALITY","NONMOTR_COUNT","NONMOTR_DEATH_COUNT","NONMOTR_SUSP_SERIOUS_INJ_COUNT","NTFY_HIWY_MAINT","PED_COUNT","PED_DEATH_COUNT","PED_SUSP_SERIOUS_INJ_COUNT","PERSON_COUNT","POLICE_AGCY","POSSIBLE_INJ_COUNT","RDWY_SURF_TYPE_CD","RELATION_TO_ROAD","ROADWAY_CLEARED","ROAD_CONDITION","SCH_BUS_IND","SCH_ZONE_IND","SECONDARY_CRASH","SMALL_TRUCK_COUNT","SPEC_JURIS_CD","SUSP_MINOR_INJ_COUNT","SUSP_SERIOUS_INJ_COUNT","SUV_COUNT","TCD_FUNC_CD","TCD_TYPE","TFC_DETOUR_IND","TIME_OF_DAY","TOTAL_UNITS","TOT_INJ_COUNT","UNBELTED_OCC_COUNT","UNB_DEATH_COUNT","UNB_SUSP_SERIOUS_INJ_COUNT","UNK_INJ_DEG_COUNT","UNK_INJ_PER_COUNT","URBAN_RURAL","VAN_COUNT","VEHICLE_COUNT","WEATHER1","WEATHER2","WORKERS_PRES","WORK_ZONE_IND","WORK_ZONE_LOC","WORK_ZONE_TYPE","WZ_CLOSE_DETOUR","WZ_FLAGGER","WZ_LAW_OFFCR_IND","WZ_LN_CLOSURE","WZ_MOVING","WZ_OTHER","WZ_SHLDER_MDN","WZ_WORKERS_INJ_KILLED"
"2011067797","","1","0","0","0","0","0","0","0","0","1","0","","02","7","2011","3","40.424076","-79.887471","","11","0","0","0","0","0","0","0","0","2","0","0","0","","","1","","0","","40 25:26.675","1","99","79 53:14.897","4","0","0","0","2463","0","0","0","N","0","0","0","2","02463","1","","1.0","","1","N","N","","0","","0","0","0","","0","Y","","2","1","0","0","0","0","1","2","1","2","","","","N","","","","","","","","","",""
"2011066987","","1","0","0","0","0","0","0","0","0","7","0","","02","6","2011","5","40.411141","-80.069569","","11","0","0","0","0","0","0","0","0","","0","0","0","","","0","","0","","40 24:40.107","","0","80 04:10.447","0","0","0","0","2435","0","0","0","N","0","0","0","2","68B03","0","","4.0","","1","N","N","","1","","0","0","0","","0","","","2","0","0","0","0","0","0","2","0","2","","","","N","","","","","","","","","",""
"2011066707","","1","0","0","0","0","0","0","0","0","2","0","","02","7","2011","6","40.429342","-79.974551","","11","0","0","0","0","0","0","0","0","","0","0","0","","","0","","2","","40 25:45.631","","0","79 58:28.383","0","0","0","0","2301","0","0","0","N","0","0","0","4","02301","0","","1.0","","1","N","N","","0","","0","0","1","","3","","","2","0","0","0","0","0","0","2","0","2","","","","N","","","","","","","","","",""
"2011067586","","3","0","0","0","0","0","0","0","0","1","0","","02","7","2011","3","40.438705","-79.745058","","11","0","0","0","1","0","0","2","0","1","0","0","0","","","1","","0","","40 26:19.338","4","0","79 44:42.210","4","0","0","0","2446","0","0","0","N","0","0","0","5","02446","1","","1.0","","1","N","N","","0","","0","0","1","","0","N","","4","1","0","0","0","0","0","2","0","4","","","","N","","","","","","","","","",""
"2011067725","","2","0","0","0","0","0","0","0","0","4","0","","02","6","2011","3","40.453018","-79.995843","","11","0","0","0","0","0","0","0","0","2","0","0","0","","","3","","1","","40 27:10.863","7","0","79 59:45.034","3","0","0","0","2301","0","0","0","N","0","0","0","4","68B03","2","","1.0","","1","N","N","","0","","1","0","0","","2","N","","2","3","0","0","0","0","0","2","0","2","","","","N","","","","","","","","","",""
"2011067726","","2","0","0","0","0","0","0","0","0","1","0","","02","7","2011","2","40.427606","-79.890571","","11","0","0","0","0","0","0","0","0","","0","0","0","","","3","","6","","40 25:39.380","","2","79 53:26.054","4","0","0","0","2426","0","0","0","N","0","0","0","5","68B03","3","","1.0","","1","N","N","","0","","0","0","0","","4","","","2","3","0","0","0","0","1","2","0","2","","","","N","","","","","","","","","",""
"2011066711","","0","0","0","0","0","0","0","0","0","1","0","","02","7","2011","6","40.460184","-79.771553","","11","1","0","0","0","0","0","0","0","","0","0","0","","","0","","10","","40 27:36.663","","0","79 46:17.591","0","0","0","0","2446","0","0","0","N","0","0","0","2","02446","0","","1.0","","1","N","N","","1","","0","0","1","","0","","","2","0","0","0","0","0","0","2","0","2","","","","N","","","","","","","","","",""
"2011066712","","1","0","0","0","0","0","0","0","0","1","0","","02","7","2011","6","40.365513","-80.0169","","11","0","0","0","0","1","1","0","0","","0","0","0","","","1","","0","","40 21:55.846","","0","80 01:00.840","4","0","0","0","2416","0","0","0","N","0","0","0","3","02416","1","","1.0","","1","N","N","","1","","0","0","0","","0","","","3","1","0","0","0","0","0","2","1","3","","","","N","","","","","","","","","",""
"2011067592","","1","0","0","0","0","0","0","0","0","7","0","","02","7","2011","2","","","","11","0","0","0","1","0","0","0","0","1","0","0","0","","","0","","0","","","4","0","","0","0","0","0","2448","0","0","0","N","0","0","0","1","02448","0","","2.0","","9","N","N","","0","","0","0","0","","0","N","","1","0","0","0","0","0","0","1","0","1","","","","N","","","","","","","","","",""
"2011067009","","1","0","0","0","0","0","0","0","0","7","0","","02","6","2011","4","40.659237","-80.087118","","11","0","0","0","0","0","1","0","0","2","0","0","0","","","3","","0","","40 39:33.254","4","0","80 05:13.624","8","0","0","0","2212","0","0","0","N","0","0","0","3","68T02","0","","3.0","","1","N","N","","0","","0","0","0","","0","N","","1","3","0","0","0","3","0","2","0","1","","","","N","","","","","","","","","",""
"2011067012","","2","0","0","0","0","0","0","0","0","4","0","","02","7","2011","7","40.451499","-79.953396","","11","0","0","0","0","0","1","0","0","","0","0","0","","","0","","1","","40 27:05.396","","0","79 57:12.225","0","0","0","0","2301","0","0","0","N","0","0","0","2","02301","0","","1.0","","1","N","N","","0","","0","0","0","","3","","","2","0","0","0","0","0","0","2","0","2","","","","N","","","","","","","","","",""
"2011068201","","0","0","0","1","0","0","0","0","0","8","0","","02","7","2011","4","40.45553","-80.006482","","11","0","0","0","0","0","0","0","0","","0","0","0","","","1","","0","","40 27:19.908","","0","80 00:23.335","8","0","0","0","2301","1","0","0","N","0","0","0","2","02301","0","","6.0","","1","N","N","","0","","0","0","0","","0","","","2","1","0","0","0","1","0","2","1","1","","","","N","","","","","","","","","",""
"2011068215","","1","0","0","0","0","0","0","0","0","7","0","","02","7","2011","4","40.506755","-79.75708","","11","0","0","0","1","0","0","0","0","2","0","0","0","","","0","","0","","40 30:24.318","6","7","79 45:25.488","0","0","0","0","2466","0","0","0","N","0","0","0","1","02466","0","","5.0","","9","N","N","","0","","0","0","0","","0","N","","1","0","0","0","0","0","0","1","0","1","","","","N","","","","","","","","","",""
"2011067472","","1","0","0","0","0","0","0","0","0","1","0","","02","7","2011","2","40.343866","-79.829744","","11","0","0","0","0","0","0","0","0","2","0","0","0","","","1","","0","","40 20:37.917","5","0","79 49:47.078","8","0","0","0","2304","0","0","0","N","0","0","0","5","02304","0","","1.0","","1","N","N","","2","","0","0","0","","0","Y","","3","1","0","0","0","1","0","2","0","3","","","","N","","","","","","","","","",""
"2011067599","","2","0","0","0","0","0","0","0","0","1","0","","02","7","2011","2","40.340427","-80.064061","","11","0","0","1","0","0","0","0","0","2","0","0","0","","","0","","0","","40 20:25.536","2","0","80 03:50.621","0","0","0","0","2123","0","0","0","N","0","0","0","12","02123","0","","1.0","","1","N","N","","2","","0","0","0","","2","N","","4","0","0","0","0","0","0","2","0","4","","","","N","","","","","","","","","",""
"2011067474","","1","0","0","0","0","0","0","0","0","7","0","","02","6","2011","1","40.431711","-80.013701","","11","0","0","0","0","0","0","0","0","","0","0","0","","","0","","1","","40 25:54.159","","0","80 00:49.323","0","0","0","0","2301","0","0","0","N","0","0","0","1","02301","0","","5.0","","9","N","N","","0","","0","0","0","","1","","","1","0","0","0","0","0","0","2","0","1","","05","","N","","","","","","","","","",""
"2011068220","","2","0","0","0","0","0","0","0","0","4","0","","02","7","2011","1","40.455455","-79.892235","","11","0","0","0","0","1","0","0","0","","0","0","0","","","0","","1","","40 27:19.638","","0","79 53:32.046","0","0","0","0","2301","0","0","0","N","0","0","0","2","02301","0","","1.0","","1","N","N","","0","","0","0","0","","3","","","2","0","0","0","0","0","0","2","0","2","","","","N","","","","","","","","","",""
"2011067602","","1","0","0","0","0","0","0","0","0","4","0","","02","7","2011","2","40.509038","-79.88826","","11","0","0","0","0","0","0","1","0","","0","0","0","","","1","","1","","40 30:32.536","","0","79 53:17.736","3","0","0","0","2432","0","0","0","N","0","0","0","2","02432","0","","1.0","","1","N","N","","0","","1","0","0","","3","","","2","1","0","0","0","0","0","2","0","2","","","","N","","","","","","","","","",""
"2011066936","","1","0","0","0","0","0","0","0","0","1","0","","02","7","2011","7","40.467392","-79.918493","","11","0","0","0","0","0","0","0","0","","0","0","0","","","0","","0","","40 28:02.611","","0","79 55:06.574","9","0","0","0","2301","0","0","0","N","0","0","0","1","02301","0","","6.0","","1","N","N","","0","","0","0","0","","3","","","2","0","0","0","0","0","1","2","0","2","","","","N","","","","","","","","","",""
"2011067617","","2","0","0","0","0","0","0","0","0","4","0","","02","7","2011","3","40.460658","-79.922717","","11","0","0","0","0","0","0","0","0","","0","0","0","","","0","","1","","40 27:38.370","","0","79 55:21.780","0","0","0","0","2301","0","0","0","N","0","0","0","2","02301","0","","1.0","","1","N","N","","0","","0","0","0","","2","","","2","0","0","0","0","0","0","2","0","2","","","","N","","","","","","","","","",""
"2011066937","","1","0","0","0","0","0","0","0","0","2","0","","02","7","2011","6","40.413962","-80.016687","","11","0","0","0","0","0","0","1","0","","0","0","0","","","0","","0","","40 24:50.263","","0","80 01:00.073","0","0","0","0","2301","0","0","0","N","0","0","0","3","02301","0","","4.0","","1","N","N","","0","","0","0","1","","0","","","2","0","0","0","0","0","0","2","0","2","","","","N","","","","","","","","","",""
"2011066954","","1","0","0","0","0","0","0","0","0","8","0","","02","7","2011","6","40.414615","-80.071076","","11","0","0","0","0","0","0","0","0","","0","0","0","","","1","","0","","40 24:52.614","","0","80 04:15.873","3","0","0","0","2435","1","0","0","N","1","0","0","2","02435","0","","2.0","","1","N","N","","0","","1","0","0","","0","","","2","1","0","0","0","0","0","2","0","1","","","","N","","","","","","","","","",""
"2011066955","","4","0","0","0","0","0","0","0","0","4","0","","02","7","2011","6","40.442449","-79.957272","","11","0","0","0","0","0","0","0","0","2","0","0","0","","","1","","0","","40 26:32.816","2","0","79 57:26.179","4","0","0","0","2301","0","0","0","N","0","0","0","4","02301","1","","1.0","","1","N","N","","0","","0","0","0","","0","N","","4","1","0","0","0","0","0","2","0","4","","","","N","","","","","","","","","",""
"2011067019","","1","0","0","0","0","0","0","0","0","7","0","","02","7","2011","7","40.446074","-79.849495","","11","0","0","0","1","0","0","0","0","1","0","0","0","","","1","","0","","40 26:45.865","6","0","79 50:58.181","4","0","0","0","2419","0","0","0","N","0","0","0","1","02419","1","","5.0","","1","N","N","","0","","0","0","0","","0","Y","","1","1","1","0","0","0","0","2","0","1","","","","N","","","","","","","","","",""
"2011067479","","2","0","0","0","0","0","0","0","0","4","0","","02","7","2011","3","40.429286","-79.999241","","11","0","0","0","0","0","0","0","0","1","0","0","0","","","1","","1","","40 25:45.428","2","3","79 59:57.266","4","0","0","0","2301","0","0","0","N","0","0","0","2","02301","1","","1.0","","1","N","N","","0","","0","0","0","","2","Y","","2","1","0","0","0","0","0","2","0","2","","","","N","","","","","","","","","",""
"2011067539","","1","0","0","0","0","0","0","0","0","1","0","","02","7","2011","3","40.43637","-79.976491","","11","0","0","0","0","0","0","0","0","","0","0","0","","","0","","2","","40 26:10.933","","0","79 58:35.366","0","0","0","0","2301","0","0","0","N","0","0","0","2","02301","0","","1.0","","1","N","N","","1","","0","0","0","","0","","","2","0","0","0","0","0","0","2","0","2","","","","N","","","","","","","","","",""
"2011067619","","1","0","0","0","0","0","0","0","0","7","0","","02","7","2011","2","40.648937","-79.934802","","11","0","0","0","0","1","0","0","0","","0","0","0","","","0","","0","","40 38:56.173","","0","79 56:05.287","0","0","0","0","2217","0","0","0","N","0","0","0","1","02505","0","","2.0","","9","N","N","","0","","0","0","0","","0","","","1","0","0","0","0","0","0","2","0","1","","","","N","","","","","","","","","",""
"2011066939","","1","0","0","0","0","0","0","0","0","1","0","","02","7","2011","7","40.456304","-79.709759","","11","0","0","0","0","0","1","0","1","","0","0","0","","","0","","0","","40 27:22.695","","0","79 42:35.132","0","0","0","0","2466","0","0","0","N","0","0","0","3","02466","0","","1.0","","1","N","N","","0","","0","0","1","","0","","","2","0","0","0","0","0","0","2","0","2","","","","N","","","","","","","","","",""
"2011066541","","1","0","0","0","0","0","0","0","0","1","0","","02","6","2011","2","40.439541","-80.00978","","11","0","0","0","0","0","1","0","0","1","0","0","0","","","2","","0","","40 26:22.347","3","3","80 00:35.207","4","0","0","0","2301","0","0","0","N","0","0","0","6","68B03","2","","1.0","","1","N","N","","1","","0","0","1","","0","N","","3","2","0","0","0","0","1","2","0","3","","","","N","","","","","","","","","",""
"2011066542","","1","0","0","0","0","0","0","0","0","7","0","","02","6","2011","4","40.429666","-80.133193","","11","0","0","0","0","0","0","0","0","","0","0","0","","","0","","0","","40 25:46.797","","2","80 07:59.493","0","0","0","0","2102","0","0","0","Y","0","0","0","1","68B03","0","","2.0","","1","N","N","","0","","0","0","0","","0","","","1","0","0","0","0","0","0","2","0","1","","","","N","","","","","","","","","",""
"2011067307","","1","0","0","0","0","0","0","0","0","7","0","","02","7","2011","2","40.451261","-79.890042","","11","0","0","0","0","0","0","0","0","","0","0","0","","","1","","1","","40 27:04.539","","0","79 53:24.151","2","0","0","0","2301","0","0","0","N","0","0","0","1","02301","0","","5.0","","1","N","N","","0","","0","1","0","","3","","","1","1","1","0","1","0","0","2","0","1","","","","N","","","","","","","","","",""
"2011051471","","2","0","0","0","0","0","0","0","0","4","0","","02","5","2011","5","40.45002","-79.956168","","11","0","0","0","0","0","0","1","0","","0","0","0","","","1","","0","","40 27:00.072","","0","79 57:22.204","8","0","0","0","2301","0","0","0","N","0","0","0","3","02301","0","","1.0","","1","N","N","","0","","0","0","0","","0","","","2","1","0","0","0","1","1","2","0","2","","","","N","","","","","","","","","",""
"2011067024","","0","0","0","0","0","0","0","0","0","99","0","","02","7","2011","7","40.414758","-80.214416","","11","0","0","0","0","1","0","0","0","","0","0","0","","","1","","0","","40 24:53.129","","0","80 12:51.898","4","0","0","1","2214","0","0","0","N","0","0","0","1","02214","1","","1.0","","1","N","N","","0","","0","0","0","","0","","","1","1","0","0","0","0","0","1","0","1","","","","N","","","","","","","","","",""
"2011066331","","1","0","0","0","0","0","0","0","0","4","0","","02","6","2011","3","40.431171","-80.001915","","11","0","0","0","0","0","1","0","0","","0","0","0","","","0","","2","","40 25:52.216","","0","80 00:06.895","0","0","0","0","2301","0","0","0","N","0","0","0","2","02301","0","","1.0","","1","N","N","","1","","0","0","0","","2","","","2","0","0","0","0","0","0","2","0","2","","","","N","","","","","","","","","",""
"2011065713","","1","0","0","0","0","0","0","0","0","2","0","","02","6","2011","4","40.4737","-79.8565","","11","0","0","0","0","0","0","0","0","","0","0","0","","","0","","2","","40 28:25.320","","0","79 51:23.400","0","0","0","0","2113","0","0","0","N","0","0","0","2","02113","0","","1.0","","1","N","N","","1","","0","0","0","","0","","","2","0","0","0","0","0","0","2","0","2","","","","N","","","","","","","","","",""
"2011051473","","0","0","0","0","0","0","0","0","0","4","0","","02","5","2011","5","40.45598","-79.933319","","11","0","0","0","0","0","0","0","0","","0","0","0","","","2","","0","","40 27:21.528","","0","79 55:59.948","8","0","0","0","2301","0","0","0","N","0","0","0","2","02301","0","","1.0","","1","N","N","","0","","0","0","2","","0","","","2","2","0","0","0","2","0","2","0","2","","","","N","","","","","","","","","",""
"2011067091","","0","0","0","0","0","0","0","0","0","1","0","","02","6","2011","3","40.374916","-80.11528","","11","0","0","0","0","0","0","1","0","","0","0","0","","","2","","0","","40 22:29.699","","7","80 06:55.008","4","0","0","0","2102","0","0","0","N","0","0","0","4","02102","2","","1.0","","1","N","N","","0","","0","0","1","","0","","","2","2","0","0","0","0","0","2","1","2","","","","N","","","","","","","","","",""
"2011067309","","1","0","0","0","0","0","0","0","0","4","0","","02","7","2011","6","40.369594","-79.847747","","11","0","0","0","0","0","0","0","0","1","0","0","0","","","1","","1","","40 22:10.538","7","0","79 50:51.889","8","0","0","0","2303","0","0","0","N","0","0","0","5","02303","0","","1.0","","1","N","N","","0","","0","0","0","","3","N","","2","1","3","0","0","1","0","2","1","2","","","","N","","","","","","","","","",""
"2011052228","","2","0","0","0","0","0","0","0","0","6","0","","02","5","2011","5","40.395344","-79.997486","","11","0","0","0","0","0","0","0","0","","0","0","0","","","0","","2","","40 23:43.237","","0","79 59:50.949","0","0","0","0","2301","0","0","0","N","0","0","0","2","02301","0","","1.0","","1","N","N","","0","","0","0","0","","2","","","2","0","0","0","0","0","0","2","0","2","","","","N","","","","","","","","","",""
"2011067092","","0","0","0","0","0","0","0","0","0","1","0","","02","7","2011","1","40.431007","-80.028173","","11","0","1","0","0","0","0","0","0","","0","0","0","","","0","","6","","40 25:51.624","","2","80 01:41.422","0","0","0","0","2301","0","0","0","N","0","0","0","3","02301","0","","1.0","","1","N","N","","0","","0","0","2","","4","","","2","0","0","0","0","0","0","2","0","2","","","","N","","","","","","","","","",""
"2011066401","","4","0","0","0","0","0","0","0","0","1","0","","02","6","2011","5","40.359728","-80.028704","","11","0","0","0","0","0","3","1","0","","0","0","0","","","2","","0","","40 21:35.021","","0","80 01:43.335","4","0","0","0","2416","0","0","0","N","0","0","0","6","02416","1","","1.0","","1","N","N","","0","","0","0","0","","0","","","4","2","0","0","0","1","0","2","0","4","","","","N","","","","","","","","","",""
"2011065590","","1","0","0","0","0","0","0","0","0","7","0","","02","6","2011","3","40.481791","-79.780599","","11","0","0","0","0","0","0","0","0","5","2","0","0","","","3","","0","","40 28:54.447","5","0","79 46:50.156","1","0","0","0","2113","0","0","0","N","0","0","0","5","02113","0","2","5.0","","1","N","N","","0","0","2","1","0","","0","Y","","1","3","3","2","1","0","0","2","0","1","","","","N","","","","","","","","","",""
"2011066480","","1","0","0","0","0","0","0","0","0","1","0","","02","6","2011","3","40.433405","-79.731831","","11","0","0","0","0","0","1","0","0","","0","0","0","","","0","","0","","40 26:00.258","","0","79 43:54.590","0","0","0","0","2446","0","0","0","N","0","0","0","5","02446","0","","1.0","","1","N","N","","1","","0","0","1","","0","","","3","0","5","0","0","0","0","2","0","3","","","","N","","","","","","","","","",""
"2011065578","","0","0","0","0","0","0","0","0","0","4","0","","02","6","2011","2","40.493418","-79.785606","","11","0","0","0","0","0","1","0","0","1","0","0","0","","","1","","0","","40 29:36.303","6","0","79 47:08.183","3","0","0","1","2113","0","0","0","N","0","0","0","2","02113","0","","1.0","","1","N","N","","1","","1","0","0","","0","N","","2","1","0","0","0","0","0","2","0","2","","","","N","","","","","","","","","",""
"2011067903","","1","0","0","0","0","0","0","0","0","7","0","","02","6","2011","7","40.494259","-79.909269","","11","0","0","0","0","0","0","0","0","","0","0","0","","","0","","6","","40 29:39.334","","0","79 54:33.368","0","0","0","0","2461","0","0","0","N","0","0","0","1","68D02","0","","2.0","","9","N","N","","0","","0","0","0","","0","","","1","0","0","0","0","0","0","2","0","1","","","","N","","","","","","","","","",""
"2011052217","","1","0","0","0","0","0","0","0","0","7","0","","02","5","2011","7","40.4371","-79.801169","","11","0","0","0","0","0","0","0","0","","0","0","0","","","1","","2","","40 26:13.560","","0","79 48:04.209","4","0","0","0","2446","0","0","0","N","0","0","0","1","02446","1","","2.0","","1","N","N","","0","","0","0","0","","3","","","1","1","1","0","0","0","0","2","0","1","","","","N","","","","","","","","","",""
"2011067829","","0","0","0","0","0","0","0","0","0","7","0","","02","7","2011","3","40.431692","-80.052921","","11","0","0","0","0","0","0","0","0","2","0","0","0","","","0","","0","","40 25:54.091","4","0","80 03:10.517","0","0","0","0","2301","0","0","0","N","0","0","0","1","02301","0","","2.0","","1","N","N","","0","","0","0","1","","0","Y","","1","0","0","0","0","0","0","2","0","1","","","","N","","","","","","","","","",""
"2011065579","","2","0","0","0","0","0","0","0","0","1","0","","02","6","2011","3","40.48124","-80.033055","","11","0","0","0","0","0","0","0","0","","0","0","0","","","0","","0","","40 28:52.464","","0","80 01:58.998","0","0","0","0","2301","0","0","0","N","0","0","0","1","02301","0","","6.0","","1","N","N","","0","","0","0","1","","0","","","3","0","0","0","0","0","0","2","0","3","","","","N","","","","","","","","","",""
"2011067980","","1","0","0","1","0","0","0","0","0","8","0","","02","7","2011","4","40.458115","-79.934688","","11","0","0","0","0","0","0","0","1","","0","0","0","","","1","","1","","40 27:29.215","","0","79 56:04.877","8","0","0","0","2301","1","0","0","N","0","0","0","3","02301","0","","1.0","","1","N","N","","0","","0","0","0","","2","","","2","1","0","0","0","1","0","2","0","1","","","","N","","","","","","","","","",""
"2011052232","","1","0","0","0","0","0","0","0","0","5","0","","02","5","2011","7","40.519502","-80.043608","","11","0","0","0","0","0","0","0","0","","0","0","0","","","0","","1","","40 31:10.207","","0","80 02:36.988","0","0","0","0","2474","0","0","0","N","0","0","0","1","02474","0","","2.0","","1","N","N","","1","","0","0","0","","0","","","2","0","1","0","0","0","0","2","0","2","","","","N","","","","","","","","","",""
"2011066325","","1","0","0","0","0","0","0","0","0","4","0","","02","6","2011","5","40.355301","-79.967693","","11","0","0","0","0","0","0","0","1","2","0","0","0","","","1","","2","","40 21:19.082","7","0","79 58:03.696","8","0","0","1","2403","0","0","0","N","0","0","0","2","02403","0","","1.0","","1","N","N","","0","","0","0","0","","3","N","","2","1","0","0","0","1","0","2","0","2","","","","N","","","","","","","","","",""
"2011065593","","1","0","0","0","0","0","0","0","0","7","0","","02","6","2011","2","40.55644","-79.819365","","11","0","0","0","0","0","0","0","0","1","0","0","0","","","0","","1","","40 33:23.185","6","0","79 49:09.713","0","0","0","0","2208","0","0","0","N","0","0","0","1","02208","0","","5.0","","1","N","N","","0","","0","0","0","","0","N","","1","0","0","0","0","0","0","2","0","1","","","","N","","","","","","","","","",""
"2011066483","","1","0","0","0","0","0","0","0","0","1","0","","02","6","2011","5","40.470196","-80.036826","","11","0","0","0","0","0","1","0","0","1","0","0","0","","","1","","1","","40 28:12.705","2","0","80 02:12.573","8","0","0","0","2301","0","0","0","N","0","0","0","2","02301","0","","1.0","","1","N","N","","0","","0","0","1","","4","Y","","2","1","0","0","0","1","0","2","0","2","","","","N","","","","","","","","","",""
"2011065721","","1","0","0","0","0","0","0","0","0","8","0","","02","6","2011","4","40.462648","-79.945039","","11","0","0","0","0","0","0","0","0","","0","0","0","","","1","","0","","40 27:45.533","","0","79 56:42.139","8","0","0","0","2301","1","0","0","N","1","0","0","2","02301","0","","6.0","","1","N","N","","0","","0","0","0","","0","","","2","1","0","0","0","1","0","2","0","1","","","","N","","","","","","","","","",""
"2011066341","","1","0","0","0","0","0","0","0","0","1","0","","02","6","2011","5","40.45863","-79.957447","","11","0","0","0","0","0","0","0","1","1","0","0","0","","","2","","1","","40 27:31.068","4","0","79 57:26.810","8","0","0","0","2301","0","0","0","N","0","0","0","3","02301","0","","1.0","","1","N","N","","0","","0","0","1","","2","N","","2","2","0","0","0","2","0","2","0","2","","","","N","","","","","","","","","",""
"2011067192","","3","0","0","0","0","0","0","0","0","1","0","","02","7","2011","6","40.515421","-79.843073","","11","0","0","0","0","0","1","0","0","2","0","0","0","","","0","","0","","40 30:55.516","4","0","79 50:35.064","0","0","0","0","2301","0","0","0","N","0","0","0","5","02301","0","","1.0","","1","N","N","","1","","0","0","0","","0","N","","4","0","0","0","0","0","0","2","0","4","","","","N","","","","","","","","","",""
"2011051427","","2","0","0","0","0","0","0","0","0","4","0","","02","5","2011","4","40.600113","-80.077982","","11","0","0","0","0","0","1","1","0","1","0","0","0","","","1","","2","","40 36:00.406","2","0","80 04:40.734","4","0","0","0","2481","0","0","0","N","0","0","0","3","02481","1","","1.0","","9","N","N","","0","","0","0","0","","3","N","","2","1","0","0","0","0","0","2","0","2","","","","N","","","","","","","","","",""
"2011067034","","1","0","0","0","0","0","0","0","0","5","0","","02","7","2011","7","40.467534","-79.866247","","11","0","0","0","0","0","0","0","0","","0","0","0","","","0","","0","","40 28:03.123","","0","79 51:58.489","0","0","0","0","2113","0","0","0","N","0","0","0","1","02113","0","","2.0","","1","N","N","","0","","0","0","1","","0","","","2","0","0","0","0","0","0","2","0","2","","","","N","","","","","","","","","",""
"2011065724","","1","0","0","0","0","0","0","0","0","1","0","","02","6","2011","4","","","","11","0","0","0","0","0","0","0","1","1","0","0","0","","","3","","0","","","3","0","","8","0","0","0","2466","0","0","0","N","0","0","0","3","02466","0","","1.0","","1","N","N","","0","","0","0","1","","0","Y","","2","3","0","0","0","3","0","1","0","2","","","","N","","","","","","","","","",""
"2011067193","","1","0","0","0","0","0","0","0","0","7","0","","02","7","2011","1","40.38164","-79.953739","","11","0","0","0","0","0","0","0","0","","0","0","0","","","0","","1","","40 22:53.904","","0","79 57:13.460","0","0","0","0","2403","0","0","0","N","0","0","0","1","02403","0","","4.0","","1","N","N","","0","","0","0","0","","3","","","1","0","0","0","0","0","0","2","0","1","","","","N","","","","","","","","","",""
"2011065803","","1","0","0","0","0","0","0","0","0","7","0","","02","5","2011","7","40.539155","-80.080134","","11","0","0","0","0","0","0","0","0","","0","0","0","","","0","","0","","40 32:20.958","","0","80 04:48.481","0","0","0","0","2215","0","0","0","N","0","0","0","2","68B03","0","","2.0","","1","N","N","","0","","0","0","0","","0","","","1","0","0","0","0","0","0","2","0","1","","","","N","","","","","","","","","",""
"2011067834","","1","0","0","0","0","0","0","0","0","4","0","","02","7","2011","3","40.459843","-79.915758","","11","0","0","1","0","0","0","0","0","2","0","0","0","","","3","","2","","40 27:35.434","1","0","79 54:56.728","8","0","0","0","2301","0","0","0","N","0","0","0","3","02301","0","","1.0","","1","N","N","","0","","0","0","1","","2","Y","","2","3","0","0","0","3","0","2","0","2","","","","N","","","","","","","","","",""
"2011066343","","2","0","0","0","0","0","0","0","0","7","0","","02","6","2011","5","40.423275","-80.049768","","11","0","0","0","0","0","0","0","0","2","0","0","0","","","2","","0","","40 25:23.791","6","0","80 02:59.164","4","0","0","0","2435","0","0","0","N","0","0","0","3","02435","2","","4.0","","1","N","N","","0","","0","0","0","","0","Y","","2","2","1","0","0","0","0","2","0","2","","","","N","","","","","","","","","",""