"CRN","ARRIVAL_TM","AUTOMOBILE_COUNT","BELTED_DEATH_COUNT","BELTED_SUSP_SERIOUS_INJ_COUNT","BICYCLE_COUNT","BICYCLE_DEATH_COUNT","BICYCLE_SUSP_SERIOUS_INJ_COUNT","BUS_COUNT","CHLDPAS_DEATH_COUNT","CHLDPAS_SUSP_SERIOUS_INJ_COUNT","COLLISION_TYPE","COMM_VEH_COUNT","CONS_ZONE_SPD_LIM","COUNTY","CRASH_MONTH","CRASH_YEAR","DAY_OF_WEEK","DEC_LATITUDE","DEC_LONGITUDE","DISPATCH_TM","DISTRICT","DRIVER_COUNT_16YR","DRIVER_COUNT_17YR","DRIVER_COUNT_18YR","DRIVER_COUNT_19YR","DRIVER_COUNT_20YR","DRIVER_COUNT_50_64YR","DRIVER_COUNT_65_74YR","DRIVER_COUNT_75PLUS","EST_HRS_CLOSED","FATAL_COUNT","HEAVY_TRUCK_COUNT","HORSE_BUGGY_COUNT","HOUR_OF_DAY","ILLUMINATION","INJURY_COUNT","INTERSECTION_RELATED","INTERSECT_TYPE","LANE_CLOSED","LATITUDE","LN_CLOSE_DIR","LOCATION_TYPE","LONGITUDE","MAX_SEVERITY_LEVEL","MCYCLE_DEATH_COUNT","MCYCLE_SUSP_SERIOUS_INJ_COUNT","MOTORCYCLE_COUNT","MUNICIPALITY","NONMOTR_COUNT","NONMOTR_DEATH_COUNT","NONMOTR_SUSP_SERIOUS_INJ_COUNT","NTFY_HIWY_MAINT","PED_COUNT","PED_DEATH_COUNT","PED_SUSP_SERIOUS_INJ_COUNT","PERSON_COUNT","POLICE_AGCY","POSSIBLE_INJ_COUNT","RDWY_SURF_TYPE_CD","RELATION_TO_ROAD","ROADWAY_CLEARED","ROAD_CONDITION","SCH_BUS_IND","SCH_ZONE_IND","SECONDARY_CRASH","SMALL_TRUCK_COUNT","SPEC_JURIS_CD","SUSP_MINOR_INJ_COUNT","SUSP_SERIOUS_INJ_COUNT","SUV_COUNT","TCD_FUNC_CD","TCD_TYPE","TFC_DETOUR_IND","TIME_OF_DAY","TOTAL_UNITS","TOT_INJ_COUNT","UNBELTED_OCC_COUNT","UNB_DEATH_COUNT","UNB_SUSP_SERIOUS_INJ_COUNT","UNK_INJ_DEG_COUNT","UNK_INJ_PER_COUNT","URBAN_RURAL","VAN_COUNT","VEHICLE_COUNT","WEATHER1","WEATHER2","WORKERS_PRES","WORK_ZONE_IND","WORK_ZONE_LOC","WORK_ZONE_TYPE","WZ_CLOSE_DETOUR","WZ_FLAGGER","WZ_LAW_OFFCR_IND","WZ_LN_CLOSURE","WZ_MOVING","WZ_OTHER","WZ_SHLDER_MDN","WZ_WORKERS_INJ_KILLED"
"2011067973","","2","0","0","0","0","0","0","0","0","1","0","","02","7","2011","3","40.344778","-79.796116","","11","0","0","0","0","0","1","0","1","","0","0","0","","","1","","0","","40 20:41.202","","0","79 47:46.018","8","0","0","0","2477","0","0","0","N","0","0","0","3","02477","0","","1.0","","1","N","N","","0","","0","0","1","","0","","","3","1","0","0","0","1","0","2","0","3","","","","N","","","","","","","","","",""
"2011065804","","1","0","0","0","0","0","0","0","0","7","0","","02","5","2011","2","40.44231","-79.856877","","11","0","0","0","1","0","0","0","0","","0","0","0","","","2","","0","","40 26:32.317","","0","79 51:24.758","3","0","0","0","2419","0","0","0","N","0","0","0","2","68B03","0","","3.0","","1","N","N","","0","","2","0","0","","0","","","1","2","2","0","0","0","0","2","0","1","","","","N","","","","","","","","","",""
"2011068054","","1","0","0","0","0","0","0","0","0","4","0","","02","7","2011","4","40.447642","-80.021014","","11","0","0","0","0","0","1","0","1","1","0","0","0","","","2","","3","","40 26:51.511","4","0","80 01:15.649","8","0","0","0","2301","0","0","0","N","0","0","0","2","02301","0","","1.0","","1","N","N","","0","","0","0","1","","2","Y","","2","2","0","0","0","2","0","2","0","2","","","","N","","","","","","","","","",""
"2011065805","","1","0","0","0","0","0","0","0","0","1","0","","02","6","2011","5","40.650228","-80.094086","","11","0","0","0","0","0","0","0","0","","0","0","0","","","0","","2","","40 39:00.819","","0","80 05:38.711","0","0","0","0","2212","0","0","0","N","0","0","0","2","68B03","0","","1.0","","1","N","N","","0","","0","0","1","","2","","","2","0","0","0","0","0","0","2","0","2","","","","N","","","","","","","","","",""
"2011050680","","0","0","0","0","0","0","0","0","0","4","0","","02","5","2011","3","40.431533","-80.026931","","11","0","0","0","0","0","0","1","0","1","0","0","0","","","1","","7","","40 25:53.518","1","2","80 01:36.950","8","0","0","0","2301","0","0","0","N","0","0","0","2","02301","0","","1.0","","9","N","N","","0","","0","0","2","","2","N","","2","1","0","0","0","1","0","2","0","2","","","","N","","","","","","","","","",""
"2011067118","","1","0","0","0","0","0","0","0","0","7","0","","02","7","2011","1","40.473312","-79.820705","","11","0","0","0","0","0","1","0","0","","0","0","0","","","1","","0","","40 28:23.922","","0","79 49:14.538","8","0","0","0","2113","0","0","0","N","0","0","0","1","02113","0","","5.0","","1","N","N","","0","","0","0","0","","0","","","1","1","0","0","0","1","0","2","0","1","","","","N","","","","","","","","","",""
"2011065806","","1","0","0","0","0","0","0","0","0","7","0","","02","6","2011","3","40.651692","-80.094257","","11","0","0","0","0","0","0","0","0","","0","0","0","","","0","","0","","40 39:06.090","","0","80 05:39.326","0","0","0","0","2212","0","0","0","N","0","0","0","2","68B03","0","","1.0","","1","N","N","","0","","0","0","0","","0","","","1","0","0","0","0","0","0","2","0","1","","","","N","","","","","","","","","",""
"2011052225","","1","0","0","0","0","0","0","0","0","1","0","","02","5","2011","7","40.633387","-80.059475","","11","0","0","0","1","0","1","0","0","","0","0","0","","","1","","1","","40 38:00.194","","0","80 03:34.110","8","0","0","0","2216","0","0","0","N","0","0","0","7","02505","0","","1.0","","1","N","N","","0","","0","0","0","","2","","","2","1","0","0","0","1","0","2","1","2","","","","N","","","","","","","","","",""
"2011050681","","1","0","0","0","0","0","0","0","0","4","1","","02","5","2011","2","40.430168","-80.1326","","11","0","0","0","0","0","0","0","0","","0","1","0","","","0","","0","","40 25:48.604","","0","80 07:57.360","0","0","0","0","2102","0","0","0","N","0","0","0","2","02102","0","","1.0","","1","N","N","","0","","0","0","0","","0","","","2","0","0","0","0","0","0","2","0","2","","","","N","","","","","","","","","",""
"2011065807","","0","0","0","0","0","0","0","0","0","0","0","","02","6","2011","5","40.523053","-80.149078","","11","0","0","0","0","0","1","0","0","2","0","0","0","","","1","","0","","40 31:22.990","3","0","80 08:56.679","8","0","0","1","2434","0","0","0","N","0","0","0","1","68B03","0","","1.0","","1","N","N","","0","","0","0","0","","0","Y","","2","1","0","0","0","1","0","2","0","1","","","","N","","","","","","","","","",""
"2011066348","","2","0","0","0","0","0","0","0","0","5","0","","02","6","2011","6","40.466189","-79.9521","","11","0","0","0","0","0","0","0","0","","0","0","0","","","0","","0","","40 27:58.280","","0","79 57:07.560","9","0","0","0","2301","0","0","0","N","0","0","0","2","02301","0","","6.0","","1","N","N","","0","","0","0","0","","2","","","3","0","0","0","0","0","2","2","0","3","","","","N","","","","","","","","","",""
"2011067199","","3","0","0","0","0","0","0","0","0","8","0","","02","7","2011","1","40.661912","-79.933831","","11","0","0","0","0","0","0","0","0","2","0","0","0","","","2","","0","","40 39:42.884","5","7","79 56:01.792","4","0","0","0","2217","1","0","0","N","1","0","0","2","02505","2","","4.0","","1","N","N","","0","","0","0","1","","0","N","","5","2","0","0","0","0","0","2","0","4","","","","N","","","","","","","","","",""
"2011065808","","2","0","0","0","0","0","0","0","0","1","0","","02","6","2011","5","40.422333","-80.100251","","11","0","0","0","0","0","1","0","0","","0","0","0","","","0","","6","","40 25:20.399","","0","80 06:00.904","0","0","0","0","2115","0","0","0","N","0","0","0","3","68B03","0","","1.0","","1","N","N","","0","","0","0","1","","4","","","3","0","0","0","0","0","0","2","0","3","","","","N","","","","","","","","","",""
"2011065602","","1","0","0","0","0","0","0","0","0","7","0","","02","6","2011","4","40.420568","-80.00053","","11","0","0","0","0","0","0","0","0","","0","0","0","","","1","","0","","40 25:14.044","","0","80 00:01.908","3","0","0","0","2301","0","0","0","N","0","0","0","2","02301","0","","4.0","","1","N","N","","0","","1","0","0","","0","","","1","1","2","0","0","0","0","2","0","1","","","","N","","","","","","","","","",""
"2011067324","","0","0","0","0","0","0","0","0","0","4","0","","02","7","2011","1","","","","11","0","0","0","0","0","0","0","1","1","0","0","0","","","0","","0","","","2","7","","0","0","0","0","2473","0","0","0","N","0","0","0","4","02473","0","","1.0","","1","N","N","","0","","0","0","1","","0","Y","","2","0","0","0","0","0","0","1","1","2","","","","N","","","","","","","","","",""
"2011050685","","3","0","0","0","0","0","0","0","0","1","0","","02","5","2011","3","40.410966","-80.006048","","11","0","0","0","0","0","2","0","0","1","0","0","0","","","0","","1","","40 24:39.476","4","0","80 00:21.772","0","0","0","0","2301","0","0","0","N","0","0","0","4","02301","0","","1.0","","9","N","N","","0","","0","0","1","","2","N","","4","0","0","0","0","0","0","2","0","4","","","","N","","","","","","","","","",""
"2011067992","","0","0","0","0","0","0","0","0","0","7","1","","02","7","2011","4","","","","11","0","0","0","0","0","0","0","0","","0","0","0","","","0","","0","","","","1","","0","0","0","0","2301","0","0","0","N","0","0","0","1","02301","0","","1.0","","1","N","N","","0","","0","0","0","","0","","","1","0","0","0","0","0","0","1","0","1","","","","N","","","","","","","","","",""
"2011051436","","1","0","0","0","0","0","0","0","0","1","0","","02","5","2011","5","40.427293","-80.030184","","11","0","0","0","0","0","0","0","0","1","0","0","0","","","0","","6","","40 25:38.255","1","2","80 01:48.661","9","0","0","0","2301","0","0","0","N","0","0","0","2","02301","0","","1.0","","9","N","N","","0","","0","0","0","","0","N","","2","0","0","0","0","0","1","2","1","2","","","","N","","","","","","","","","",""
"2011052245","","1","0","0","0","0","0","0","0","0","1","0","","02","5","2011","1","40.507714","-79.841028","","11","0","0","0","0","0","0","0","0","1","0","0","0","","","0","","0","","40 30:27.770","3","0","79 50:27.700","9","0","0","0","2468","0","0","0","N","0","0","0","1","02468","0","","6.0","","1","N","N","","0","","0","0","1","","0","N","","2","0","0","0","0","0","1","2","0","2","","","","N","","","","","","","","","",""
"2011067188","","0","0","0","0","0","0","0","0","0","8","0","","02","7","2011","1","40.39182","-80.016755","","11","0","0","0","0","0","0","0","0","","0","0","0","","","1","","2","","40 23:30.552","","0","80 01:00.318","8","0","0","0","2301","1","0","0","N","1","0","0","3","02301","0","","1.0","","1","N","N","","0","","0","0","0","","3","","","2","1","1","0","0","1","0","2","1","1","","","","N","","","","","","","","","",""
"2011067993","","1","0","0","1","0","0","0","0","0","8","0","","02","7","2011","4","40.451452","-80.011084","","11","0","0","0","0","0","0","0","0","1","0","0","0","","","1","","1","","40 27:05.226","1","0","80 00:39.901","4","0","0","0","2301","1","0","0","N","0","0","0","2","02301","1","","1.0","","1","N","N","","0","","0","0","0","","2","N","","2","1","0","0","0","0","0","2","0","1","","","","N","","","","","","","","","",""
"2011050687","","1","0","0","0","0","0","0","0","0","4","0","","02","5","2011","3","40.414982","-80.084881","","11","0","0","0","0","0","0","0","0","","0","0","0","","","0","","2","","40 24:53.935","","0","80 05:05.571","0","0","0","0","2415","0","0","0","N","0","0","0","2","02415","0","","1.0","","9","N","N","","0","","0","0","0","","3","","","2","0","0","0","0","0","0","2","1","2","","","","N","","","","","","","","","",""
"2011067043","","0","0","0","0","0","0","0","0","0","1","0","","02","7","2011","7","40.430946","-80.001489","","11","0","0","1","0","0","0","0","0","","0","0","0","","","0","","0","","40 25:51.406","","0","80 00:05.362","0","0","0","0","2301","0","0","0","N","0","0","0","6","02301","0","","1.0","","1","N","N","","1","","0","0","1","","0","","","2","0","0","0","0","0","0","2","0","2","","","","N","","","","","","","","","",""
"2011066286","","2","0","0","0","0","0","0","0","0","1","0","","02","6","2011","4","40.438736","-79.752187","","11","0","0","0","0","0","1","0","0","","0","0","0","","","0","","3","","40 26:19.449","","0","79 45:07.873","0","0","0","0","2446","0","0","0","N","0","0","0","2","02446","0","","1.0","","1","N","N","","0","","0","0","0","","4","","","2","0","0","0","0","0","0","2","0","2","","","","N","","","","","","","","","",""
"2011066498","","1","0","0","0","0","0","0","0","0","7","0","","02","6","2011","5","40.447469","-79.985743","","11","0","0","0","0","0","0","0","0","","0","0","0","","","1","","0","","40 26:50.889","","0","79 59:08.676","3","0","0","0","2301","0","0","0","N","0","0","0","1","02301","0","","5.0","","1","N","N","","0","","1","0","0","","0","","","1","1","1","0","0","0","0","2","0","1","","","","N","","","","","","","","","",""
"2011052247","","1","0","0","0","0","0","0","0","0","7","0","","02","5","2011","7","40.464974","-80.072415","","11","0","0","0","0","0","0","0","0","","0","0","0","","","0","","0","","40 27:53.906","","0","80 04:20.694","0","0","0","0","2444","0","0","0","N","0","0","0","1","02444","0","","2.0","","1","N","N","","0","","0","0","0","","0","","","1","0","0","0","0","0","0","2","0","1","","","","N","","","","","","","","","",""
"2011067995","","2","0","0","0","0","0","0","0","0","1","0","","02","7","2011","4","40.355201","-80.050178","","11","0","0","0","0","0","0","0","0","2","0","0","0","","","0","","1","","40 21:18.723","4","0","80 03:00.639","0","0","0","0","2109","0","0","0","N","0","0","0","3","02109","0","","1.0","","1","N","N","","0","","0","0","1","","2","N","","3","0","1","0","0","0","0","2","0","3","","","","N","","","","","","","","","",""
"2011066288","","2","0","0","0","0","0","0","0","0","4","0","","02","6","2011","4","40.488409","-79.937156","","11","0","0","0","0","0","1","0","0","","0","0","0","","","0","","0","","40 29:18.272","","0","79 56:13.762","0","0","0","0","2301","0","0","0","N","0","0","0","2","02301","0","","1.0","","1","N","N","","0","","0","0","0","","0","","","2","0","0","0","0","0","0","2","0","2","","","","N","","","","","","","","","",""
"2011066355","","1","0","0","0","0","0","0","0","0","1","0","","02","6","2011","5","40.454427","-79.823549","","11","0","0","0","0","0","0","0","0","","0","0","0","","","0","","0","","40 27:15.938","","0","79 49:24.777","0","0","0","0","2113","0","0","0","N","0","0","0","4","02113","0","","1.0","","1","N","N","","0","","0","0","1","","0","","","2","0","0","0","0","0","0","2","0","2","","","","N","","","","","","","","","",""
"2011052249","","1","0","0","0","0","0","0","0","0","4","0","","02","5","2011","1","40.462819","-79.957327","","11","0","0","0","0","0","0","0","0","3","0","0","0","","","1","","2","","40 27:46.148","1","0","79 57:26.377","2","0","1","1","2301","0","0","0","N","0","0","0","3","02301","0","","1.0","","1","N","N","","0","","0","1","0","","1","Y","","2","1","0","0","0","0","0","2","0","2","","","","N","","","","","","","","","",""
"2011067858","","2","0","0","0","0","0","0","0","0","5","0","","02","7","2011","2","40.488218","-79.937691","","11","0","0","0","0","0","0","0","0","1","0","0","0","","","0","","0","","40 29:17.585","2","3","79 56:15.689","0","0","0","0","2301","0","0","0","N","0","0","0","3","02301","0","","1.0","","1","N","N","","0","","0","0","0","","0","N","","2","0","0","0","0","0","0","2","0","2","","","","N","","","","","","","","","",""
"2011066356","","1","0","0","0","0","0","0","0","0","5","1","","02","6","2011","5","40.405664","-79.823735","","11","0","0","0","0","0","0","0","0","1","0","1","0","","","0","","0","","40 24:20.392","2","0","79 49:25.446","0","0","0","0","2467","0","0","0","N","0","0","0","5","02467","0","","1.0","","1","N","N","","0","","0","0","0","","0","N","","2","0","0","0","0","0","0","2","0","2","","","","N","","","","","","","","","",""
"2011066502","","1","0","0","0","0","0","0","0","0","7","0","","02","6","2011","7","40.29759","-79.802769","","11","0","0","0","0","0","0","0","0","","0","0","0","","","0","","0","","40 17:51.324","","0","79 48:09.968","9","0","0","0","2120","0","0","0","N","0","0","0","1","02477","0","","5.0","","1","N","N","","0","","0","0","0","","9","","","1","0","0","0","0","0","1","2","0","1","","","","N","","","","","","","","","",""
"2011051443","","2","0","0","0","0","0","0","0","0","1","0","","02","5","2011","4","40.477269","-79.743872","","11","0","0","0","0","0","1","0","0","","0","0","0","","","0","","2","","40 28:38.168","","0","79 44:37.940","0","0","0","0","2466","0","0","0","N","0","0","0","2","02466","0","","1.0","","9","N","N","","0","","0","0","0","","0","","","2","0","1","0","0","0","0","2","0","2","","","","N","","","","","","","","","",""
"2011052250","","0","0","0","0","0","0","0","0","0","8","0","","02","5","2011","7","40.489528","-80.018344","","11","0","0","0","0","0","0","0","0","3","0","0","0","","","1","","5","","40 29:22.299","1","0","80 01:06.037","2","0","0","0","2301","1","0","1","N","1","0","1","1","02301","0","","9.0","","1","N","N","","0","","0","1","0","","2","Y","","2","1","0","0","0","0","0","2","0","1","","","","N","","","","","","","","","",""
"2011050757","","0","0","0","0","0","0","0","0","0","7","0","","02","5","2011","3","40.423461","-79.977714","","11","0","0","0","0","0","0","0","0","","0","0","0","","","1","","2","","40 25:24.459","","7","79 58:39.770","8","0","0","0","2301","0","0","0","N","0","0","0","1","02301","0","","4.0","","9","N","N","","1","","0","0","0","","0","","","1","1","0","0","0","1","0","2","0","1","","","","N","","","","","","","","","",""
"2011066290","","1","0","0","0","0","0","0","0","0","7","0","","02","6","2011","6","40.535485","-80.050986","","11","1","0","0","0","0","0","0","0","","0","0","0","","","0","","0","","40 32:07.745","","7","80 03:03.550","0","0","0","0","2116","0","0","0","N","0","0","0","1","02116","0","","2.0","","1","N","N","","0","","0","0","0","","0","","","1","0","0","0","0","0","0","2","0","1","","","","N","","","","","","","","","",""
"2011067062","","1","0","0","0","0","0","0","0","0","1","0","","02","7","2011","6","40.330772","-80.070479","","11","0","0","0","0","0","1","0","0","","0","0","0","","","1","","6","","40 19:50.780","","2","80 04:13.724","8","0","0","0","2123","0","0","0","N","0","0","0","2","02123","0","","1.0","","1","N","N","","0","","0","0","1","","3","","","2","1","0","0","0","1","0","2","0","2","","","","N","","","","","","","","","",""
"2011066436","","0","0","1","0","0","0","0","0","0","0","1","","02","6","2011","6","40.448668","-80.165952","","11","0","0","0","0","0","2","0","0","","0","1","0","","","1","","6","","40 26:55.205","","2","80 09:57.426","2","0","0","0","2115","0","0","0","Y","0","0","0","2","68B03","0","","1.0","","1","N","N","","0","","0","1","0","","0","","","2","1","0","0","0","0","0","2","1","2","","","","N","","","","","","","","","",""
"2011051444","","0","0","0","0","0","0","0","0","0","7","0","","02","5","2011","4","40.377706","-79.802542","","11","0","0","0","0","0","0","0","1","","0","0","0","","","0","","0","","40 22:39.741","","0","79 48:09.151","0","0","0","0","2111","0","0","0","N","0","0","0","1","02111","0","","1.0","","1","N","N","","1","","0","0","1","","0","","","2","0","0","0","0","0","0","2","0","2","","","","N","","","","","","","","","",""
"2011065755","","0","0","0","0","0","0","0","0","0","2","0","","02","6","2011","7","40.382938","-79.857483","","11","0","0","0","0","0","0","0","0","","0","0","0","","","0","","2","","40 22:58.576","","0","79 51:26.939","0","0","0","0","2303","0","0","0","N","0","0","0","2","02303","0","","1.0","","1","N","N","","2","","0","0","0","","2","","","2","0","0","0","0","0","0","2","0","2","","","","N","","","","","","","","","",""
"2011065550","","4","0","0","0","0","0","0","0","0","4","0","","02","6","2011","3","40.44003","-80.223596","","11","0","0","0","0","0","1","0","0","2","0","0","0","","","3","","2","","40 26:24.108","6","0","80 13:24.944","3","0","0","0","2214","0","0","0","N","0","0","0","6","02214","1","","1.0","","1","N","N","","0","","2","0","0","","3","Y","","4","3","0","0","0","0","0","2","0","4","","","","N","","","","","","","","","",""
"2011066438","","0","0","0","0","0","0","0","0","0","99","0","","02","6","2011","1","40.324809","-80.142975","","11","0","0","0","0","0","0","0","0","","0","0","0","","","0","","0","","40 19:29.312","","0","80 08:34.711","0","0","0","0","2119","0","0","0","N","0","0","0","1","68B03","0","","1.0","","1","N","N","","0","","0","0","1","","0","","","1","0","0","0","0","0","0","2","0","1","","","","N","","","","","","","","","",""
"2011068067","","1","0","0","0","0","0","1","0","0","1","1","","02","7","2011","4","40.457237","-79.934066","","11","0","0","0","0","0","0","0","0","1","0","0","0","","","0","","1","","40 27:26.053","4","0","79 56:02.637","0","0","0","0","2301","0","0","0","N","0","0","0","5","02503","0","","1.0","","1","N","N","","0","","0","0","0","","0","N","","2","0","0","0","0","0","0","2","0","2","","","","N","","","","","","","","","",""
"2011050760","","0","0","0","0","0","0","0","0","0","4","0","","02","5","2011","3","40.389549","-80.041514","","11","0","0","0","0","0","0","0","0","1","0","0","0","","","2","","2","","40 23:22.378","2","0","80 02:29.450","4","0","0","0","2109","0","0","0","N","0","0","0","3","02109","1","","1.0","","9","N","N","","0","","0","0","2","","2","Y","","2","2","0","0","0","1","0","2","0","2","","","","N","","","","","","","","","",""
"2011065551","","0","0","0","0","0","0","0","0","0","7","0","","02","6","2011","3","40.540154","-79.822768","","11","0","0","0","0","0","0","0","0","","0","0","0","","","0","","10","","40 32:24.554","","0","79 49:21.963","0","0","0","0","2208","0","0","0","N","0","0","0","1","02208","0","","2.0","","1","N","N","","1","","0","0","0","","0","","","1","0","0","0","0","0","0","2","0","1","","","","N","","","","","","","","","",""
"2011067862","","1","0","0","0","0","0","0","0","0","4","0","","02","2","2011","5","40.470333","-79.90867","","11","0","0","0","0","0","0","1","0","","0","0","0","","","0","","2","","40 28:13.197","","0","79 54:31.211","0","0","0","0","2301","0","0","0","N","0","0","0","3","02301","0","","1.0","","1","N","N","","0","","0","0","1","","0","","","2","0","0","0","0","0","0","2","0","2","","","","N","","","","","","","","","",""
"2011066360","","1","0","0","0","0","0","0","0","0","1","0","","02","6","2011","5","40.353331","-79.837361","","11","0","0","0","0","0","2","0","0","2","0","0","0","","","0","","2","","40 21:11.990","4","0","79 50:14.500","0","0","0","0","2304","0","0","0","N","0","0","0","5","02304","0","","1.0","","1","N","N","","0","","0","0","1","","2","N","","2","0","0","0","0","0","0","2","0","2","","","","N","","","","","","","","","",""
"2011067134","","2","0","0","0","0","0","0","0","0","4","0","","02","7","2011","7","40.467398","-79.963906","","11","0","0","0","0","0","1","1","0","","0","0","0","","","0","","0","","40 28:02.632","","0","79 57:50.062","0","0","0","0","2301","0","0","0","N","0","0","0","3","02301","0","","1.0","","1","N","N","","0","","0","0","0","","0","","","2","0","0","0","0","0","0","2","0","2","","","","N","","","","","","","","","",""
"2011065690","","0","0","0","0","0","0","0","0","0","4","0","","02","6","2011","2","40.463713","-79.705448","","11","0","0","0","0","0","0","0","0","1","0","0","0","","","2","","1","","40 27:49.365","2","0","79 42:19.614","4","0","0","0","2466","0","0","0","N","0","0","0","5","02466","2","","2.0","","1","N","N","","0","","0","0","2","","2","N","","2","2","0","0","0","0","0","2","0","2","","","","N","","","","","","","","","",""
"2011068068","","3","0","0","0","0","0","0","0","0","1","0","","02","7","2011","1","40.448182","-80.161943","","11","0","0","0","0","0","2","0","0","1","0","0","0","","","1","","1","","40 26:53.454","1","0","80 09:42.996","8","0","0","0","2115","0","0","0","N","0","0","0","3","02115","0","","1.0","","1","N","N","","0","","0","0","0","","2","N","","3","1","0","0","0","1","0","2","0","3","","","","N","","","","","","","","","",""
"2011065552","","0","0","0","0","0","0","0","0","0","7","0","","02","6","2011","7","40.596064","-79.927766","","11","0","1","0","0","0","0","0","0","","0","0","0","","","1","","2","","40 35:45.830","","0","79 55:39.957","8","0","0","0","2207","0","0","0","N","0","0","0","1","02207","0","","2.0","","1","N","N","","0","","0","0","1","","0","","","1","1","0","0","0","1","0","2","0","1","","","","N","","","","","","","","","",""
"2011067066","","1","0","0","0","0","0","0","0","0","7","0","","02","6","2011","4","40.436999","-80.059468","","11","0","0","0","0","0","1","0","0","","0","0","0","","","1","","1","","40 26:13.198","","0","80 03:34.084","4","0","0","0","2421","0","0","0","N","0","0","0","1","02421","1","","5.0","","1","N","N","","0","","0","0","0","","0","","","1","1","1","0","0","0","0","2","0","1","","","","N","","","","","","","","","",""
"2011067863","","2","0","0","0","0","0","0","0","0","2","0","","02","7","2011","7","40.454368","-79.947672","","11","0","0","0","0","0","0","0","0","","0","0","0","","","0","","1","","40 27:15.724","","0","79 56:51.620","0","0","0","0","2301","0","0","0","N","0","0","0","3","02301","0","","1.0","","1","N","N","","0","","0","0","0","","2","","","2","0","0","0","0","0","0","2","0","2","","","","N","","","","","","","","","",""
"2011067135","","1","0","0","0","0","0","0","0","0","1","0","","02","7","2011","7","40.379402","-79.975537","","11","0","0","0","0","0","0","0","0","1","0","0","0","","","1","","1","","40 22:45.847","2","0","79 58:31.933","8","0","0","0","2413","0","0","0","N","0","0","0","3","02413","0","","1.0","","1","N","N","","0","","0","0","1","","3","N","","2","1","1","0","0","1","0","2","0","2","","","","N","","","","","","","","","",""
"2011068069","","0","0","0","0","0","0","0","0","0","1","1","","02","7","2011","3","40.575154","-79.838841","","11","0","0","0","0","0","0","0","0","","0","1","0","","","1","","0","","40 34:30.554","","0","79 50:19.827","4","0","0","0","2209","0","0","0","N","0","0","0","2","02209","1","","1.0","","1","N","N","","1","","0","0","0","","0","","","2","1","0","0","0","0","0","1","0","2","","","","N","","","","","","","","","",""
"2011065760","","2","0","0","0","0","0","0","0","0","1","0","","02","6","2011","4","40.343978","-79.971538","","11","0","1","1","0","0","0","0","0","","0","0","0","","","0","","2","","40 20:38.320","","0","79 58:17.536","0","0","0","0","2403","0","0","0","N","0","0","0","9","02403","0","","1.0","","1","N","N","","0","","0","0","1","","2","","","3","0","0","0","0","0","0","2","0","3","","","","N","","","","","","","","","",""
"2011068070","","3","0","0","0","0","0","0","0","0","1","0","","02","6","2011","4","40.50001","-80.22387","","11","0","0","0","0","0","1","0","0","1","0","0","0","","","1","","0","","40 30:00.037","4","0","80 13:25.933","4","0","0","0","2213","0","0","0","N","0","0","0","4","02213","1","","1.0","","1","N","N","","0","","0","0","0","","0","N","","3","1","1","0","0","0","0","2","0","3","","","","N","","","","","","","","","",""
"2011066522","","2","0","0","0","0","0","0","0","0","4","0","","02","6","2011","4","40.454975","-79.911373","","11","0","0","0","0","0","0","0","0","1","0","0","0","","","1","","2","","40 27:17.910","1","0","79 54:40.942","4","0","0","0","2301","0","0","0","N","0","0","0","2","02301","1","","1.0","","1","N","N","","0","","0","0","0","","0","N","","2","1","0","0","0","0","0","2","0","2","","","","N","","","","","","","","","",""
"2011052256","","2","0","0","0","0","0","0","0","0","4","0","","02","5","2011","4","40.425239","-80.030937","","11","0","0","0","0","0","1","0","0","","0","0","0","","","1","","0","","40 25:30.862","","0","80 01:51.372","8","0","0","0","2301","0","0","0","N","0","0","0","3","68B03","0","","1.0","","1","N","N","","0","","0","0","0","","0","","","2","1","0","0","0","1","0","2","0","2","","","","N","","","","","","","","","",""
"2011066297","","1","0","0","0","0","0","0","0","0","6","1","","02","6","2011","4","40.623215","-79.923196","","11","0","0","0","0","0","0","0","0","1","0","0","0","","","1","","2","","40 37:23.575","6","0","79 55:23.506","4","0","0","0","2217","0","0","0","N","0","0","0","3","02505","1","","1.0","","1","N","N","","1","","0","0","0","","2","N","","2","1","0","0","0","0","0","2","0","2","","","","N","","","","","","","","","",""
"2011067069","","1","0","0","0","0","0","0","0","0","4","0","","02","7","2011","7","40.24087","-79.86011","","11","0","0","0","0","0","1","0","1","","0","0","0","","","1","","2","","40 14:27.133","","0","79 51:36.396","8","0","0","0","2105","0","0","0","N","0","0","0","2","02105","0","","1.0","","1","N","N","","0","","0","0","1","","3","","","2","1","0","0","0","1","0","1","0","2","","","","N","","","","","","","","","",""
"2011066364","","1","0","0","0","0","0","0","0","0","8","0","","02","6","2011","4","40.440057","-79.998687","","11","0","0","0","0","0","1","0","0","","0","0","0","","","1","","1","","40 26:24.205","","0","79 59:55.273","4","0","0","0","2301","1","0","0","N","1","0","0","2","02301","1","","1.0","","1","N","N","","0","","0","0","0","","2","","","2","1","0","0","0","0","0","2","0","1","","","","N","","","","","","","","","",""
"2011066378","","2","0","0","0","0","0","0","0","0","4","0","","02","6","2011","5","40.448039","-80.017839","","11","0","0","1","0","0","0","1","0","1","0","0","0","","","2","","1","","40 26:52.940","4","0","80 01:04.220","8","0","0","0","2301","0","0","0","N","0","0","0","4","02301","0","","1.0","","1","N","N","","0","","0","0","0","","2","Y","","2","2","0","0","0","2","0","2","0","2","","","","N","","","","","","","","","",""