"CRN","ARRIVAL_TM","AUTOMOBILE_COUNT","BELTED_DEATH_COUNT","BELTED_SUSP_SERIOUS_INJ_COUNT","BICYCLE_COUNT","BICYCLE_DEATH_COUNT","BICYCLE_SUSP_SERIOUS_INJ_COUNT","BUS_COUNT","CHLDPAS_DEATH_COUNT","CHLDPAS_SUSP_SERIOUS_INJ_COUNT","COLLISION_TYPE","COMM_VEH_COUNT","CONS_ZONE_SPD_LIM","COUNTY","CRASH_MONTH","CRASH_YEAR","DAY_OF_WEEK","DEC_LATITUDE","DEC_LONGITUDE","DISPATCH_TM","DISTRICT","DRIVER_COUNT_16YR","DRIVER_COUNT_17YR","DRIVER_COUNT_18YR","DRIVER_COUNT_19YR","DRIVER_COUNT_20YR","DRIVER_COUNT_50_64YR","DRIVER_COUNT_65_74YR","DRIVER_COUNT_75PLUS","EST_HRS_CLOSED","FATAL_COUNT","HEAVY_TRUCK_COUNT","HORSE_BUGGY_COUNT","HOUR_OF_DAY","ILLUMINATION","INJURY_COUNT","INTERSECTION_RELATED","INTERSECT_TYPE","LANE_CLOSED","LATITUDE","LN_CLOSE_DIR","LOCATION_TYPE","LONGITUDE","MAX_SEVERITY_LEVEL","MCYCLE_DEATH_COUNT","MCYCLE_SUSP_SERIOUS_INJ_COUNT","MOTORCYCLE_COUNT","MUNICIPALITY","NONMOTR_COUNT","NONMOTR_DEATH_COUNT","NONMOTR_SUSP_SERIOUS_INJ_COUNT","NTFY_HIWY_MAINT","PED_COUNT","PED_DEATH_COUNT","PED_SUSP_SERIOUS_INJ_COUNT","PERSON_COUNT","POLICE_AGCY","POSSIBLE_INJ_COUNT","RDWY_SURF_TYPE_CD","RELATION_TO_ROAD","ROADWAY_CLEARED","ROAD_CONDITION","SCH_BUS_IND","SCH_ZONE_IND","SECONDARY_CRASH","SMALL_TRUCK_COUNT","SPEC_JURIS_CD","SUSP_MINOR_INJ_COUNT","SUSP_SERIOUS_INJ_COUNT","SUV_COUNT","TCD_FUNC_CD","TCD_TYPE","TFC_DETOUR_IND","TIME_OF_DAY","TOTAL_UNITS","TOT_INJ_COUNT","UNBELTED_OCC_COUNT","UNB_DEATH_COUNT","UNB_SUSP_SERIOUS_INJ_COUNT","UNK_INJ_DEG_COUNT","UNK_INJ_PER_COUNT","URBAN_RURAL","VAN_COUNT","VEHICLE_COUNT","WEATHER1","WEATHER2","WORKERS_PRES","WORK_ZONE_IND","WORK_ZONE_LOC","WORK_ZONE_TYPE","WZ_CLOSE_DETOUR","WZ_FLAGGER","WZ_LAW_OFFCR_IND","WZ_LN_CLOSURE","WZ_MOVING","WZ_OTHER","WZ_SHLDER_MDN","WZ_WORKERS_INJ_KILLED"
"2011053263","","2","0","0","0","0","0","0","0","0","5","0","","02","5","2011","4","40.354202","-79.824438","","11","0","0","0","0","0","1","0","0","","0","0","0","","","0","","2","","40 21:15.127","","0","79 49:27.976","0","0","0","0","2477","0","0","0","N","0","0","0","2","02477","0","","1.0","","1","N","N","","0","","0","0","0","","4","","","2","0","0","0","0","0","0","2","0","2","","","","N","","","","","","","","","",""
"2011053197","","1","0","0","0","0","0","0","0","0","7","0","","02","5","2011","4","40.471788","-79.831795","","11","0","0","0","0","0","0","0","0","2","0","0","0","","","1","","0","","40 28:18.438","6","0","79 49:54.463","8","0","0","0","2113","0","0","0","N","0","0","0","1","02113","0","","5.0","","9","N","N","","0","","0","0","0","","0","Y","","1","1","0","0","0","1","0","2","0","1","","","","N","","","","","","","","","",""
"2011053338","","1","0","0","0","0","0","0","0","0","1","0","","02","5","2011","4","40.406188","-79.873511","","11","0","0","0","0","0","0","0","0","1","0","0","0","","","1","","1","","40 24:22.276","3","0","79 52:24.639","4","0","0","0","2410","0","0","0","N","0","0","0","2","02410","1","","1.0","","1","N","N","","0","","0","0","0","","2","Y","","2","1","0","0","0","0","0","2","0","2","","","","N","","","","","","","","","",""
"2011051018","","2","0","0","0","0","0","0","0","0","1","0","","02","5","2011","5","40.501535","-80.0754","","11","0","0","0","0","0","1","0","0","","0","0","0","","","0","","1","","40 30:05.525","","0","80 04:31.441","0","0","0","0","2405","0","0","0","N","0","0","0","2","02215","0","","1.0","","9","N","N","","0","","0","0","0","","2","","","2","0","0","0","0","0","0","2","0","2","","","","N","","","","","","","","","",""
"2011051776","","1","0","0","0","0","0","0","0","0","1","0","","02","5","2011","1","40.545954","-80.016771","","11","0","0","0","0","0","1","0","0","2","0","0","0","","","1","","1","","40 32:45.436","6","0","80 01:00.375","3","0","0","0","2116","0","0","0","N","0","0","0","2","02116","0","","1.0","","1","N","N","","1","","1","0","0","","2","Y","","2","1","1","0","0","0","0","2","0","2","","","","N","","","","","","","","","",""
"2011052513","","1","0","0","0","0","0","0","0","0","7","0","","02","5","2011","7","40.402005","-79.774876","","11","0","0","0","0","0","0","0","0","2","0","0","0","","","1","","2","","40 24:07.218","6","0","79 46:29.554","3","0","0","0","2453","0","0","0","N","0","0","0","2","02453","0","","5.0","","1","N","N","","0","","1","0","0","","0","Y","","1","1","1","0","0","0","0","2","0","1","","","","N","","","","","","","","","",""
"2011051712","","2","0","0","0","0","0","0","0","0","1","0","","02","5","2011","7","40.363169","-80.110234","","11","0","0","1","0","0","1","0","0","","0","0","0","","","1","","2","","40 21:47.409","","0","80 06:36.842","8","0","0","0","2414","0","0","0","N","0","0","0","3","02414","0","","1.0","","9","N","N","","0","","0","0","0","","0","","","2","1","0","0","0","1","0","2","0","2","","","","N","","","","","","","","","",""
"2011052597","","1","0","0","0","0","0","0","0","0","7","0","","02","5","2011","2","40.419596","-79.850037","","11","0","0","0","0","0","0","0","0","1","0","0","0","","","0","","0","","40 25:10.547","4","0","79 51:00.134","9","0","0","0","2431","0","0","0","N","0","0","0","1","02431","0","","3.0","","1","N","N","","0","","0","0","0","","0","N","","1","0","0","0","0","0","1","2","0","1","","","","N","","","","","","","","","",""
"2011051084","","0","0","0","0","0","0","0","0","0","1","0","99","02","5","2011","4","40.449264","-79.98517","","11","0","0","0","0","0","1","0","0","","0","0","0","","","0","","0","","40 26:57.350","","0","79 59:06.612","0","0","0","0","2301","0","0","0","N","0","0","0","3","02301","0","","1.0","","9","","N","","2","","0","0","0","","0","","","3","0","0","0","0","0","0","2","1","3","","","U","Y","3","1","","","U","","","","Y",""
"2011051698","","2","0","0","0","0","0","0","0","0","4","0","","02","5","2011","4","40.480333","-79.979297","","11","0","0","0","0","0","1","0","0","1","0","0","0","","","1","","2","","40 28:49.198","4","0","79 58:45.469","4","0","0","0","2445","0","0","0","N","0","0","0","2","02445","1","","1.0","","1","N","N","","0","","0","0","1","","3","N","","3","1","0","0","0","0","0","2","0","3","","","","N","","","","","","","","","",""
"2011053200","","2","0","0","0","0","0","0","0","0","4","0","","02","5","2011","2","40.621741","-80.054233","","11","0","0","0","1","0","1","0","0","","0","0","0","","","0","","1","","40 37:18.267","","0","80 03:15.237","0","0","0","0","2216","0","0","0","N","0","0","0","3","02505","0","","1.0","","1","N","N","","0","","0","0","0","","2","","","2","0","0","0","0","0","0","1","0","2","","","","N","","","","","","","","","",""
"2011051020","","2","0","0","0","0","0","0","0","0","1","0","","02","5","2011","4","40.391102","-80.059556","","11","0","0","0","0","0","0","0","1","1","0","0","0","","","0","","0","","40 23:27.966","1","0","80 03:34.402","0","0","0","0","2109","0","0","0","N","0","0","0","2","02109","0","","1.0","","1","N","N","","0","","0","0","0","","0","N","","2","0","0","0","0","0","0","2","0","2","","","","N","","","","","","","","","",""
"2011053137","","1","0","0","0","0","0","0","0","0","1","0","","02","5","2011","3","40.390709","-80.073989","","11","0","0","0","0","0","0","1","1","1","0","0","0","","","0","","0","","40 23:26.554","3","0","80 04:26.359","0","0","0","0","2117","0","0","0","N","0","0","0","6","02117","0","","1.0","","1","Y","N","","0","","0","0","0","","0","N","","2","0","0","0","0","0","0","2","1","2","","","","N","","","","","","","","","",""
"2011052444","","1","0","0","0","0","0","0","0","0","4","0","","02","5","2011","2","40.388344","-80.042872","","11","0","0","0","0","0","0","0","0","2","0","0","0","","","1","","2","","40 23:18.040","1","0","80 02:34.340","4","0","0","0","2109","0","0","0","N","0","0","0","5","02109","1","","1.0","","1","N","N","","0","","0","0","0","","2","N","","2","1","0","0","0","0","0","2","1","2","","","","N","","","","","","","","","",""
"2011051780","","0","0","0","0","0","0","0","0","0","1","1","","02","5","2011","5","40.53301","-80.011014","","11","0","0","0","0","0","0","0","0","2","0","1","0","","","1","","0","","40 31:58.837","2","0","80 00:39.652","8","0","0","0","2116","0","0","0","N","0","0","0","2","02116","0","","1.0","","1","N","N","","0","","0","0","1","","0","N","","2","1","1","0","0","1","0","2","0","2","","","","N","","","","","","","","","",""
"2011052670","","2","0","0","0","0","0","0","0","0","4","0","","02","5","2011","1","40.635345","-79.941576","","11","0","0","0","1","0","0","0","0","","0","0","0","","","0","","0","","40 38:07.241","","7","79 56:29.675","0","0","0","0","2217","0","0","0","N","0","0","0","3","02505","0","","1.0","","9","N","N","","0","","0","0","0","","0","","","2","0","0","0","0","0","0","2","0","2","","","","N","","","","","","","","","",""
"2011052379","","0","0","0","0","0","0","0","0","0","1","0","","02","5","2011","1","40.430665","-80.009541","","11","0","0","0","0","0","0","0","0","","0","0","0","","","1","","1","","40 25:50.394","","0","80 00:34.347","4","0","0","2","2301","0","0","0","N","0","0","0","2","02301","1","","1.0","","1","N","N","","0","","0","0","0","","3","","","2","1","0","0","0","0","0","2","0","2","","","","N","","","","","","","","","",""
"2011051701","","2","0","0","0","0","0","0","0","0","2","0","","02","5","2011","6","40.311277","-79.792144","","11","0","0","0","0","0","0","0","0","","0","0","0","","","0","","0","","40 18:40.597","","0","79 47:31.718","0","0","0","0","2105","0","0","0","N","0","0","0","2","02105","0","","2.0","","1","N","N","","0","","0","0","0","","0","","","2","0","2","0","0","0","0","2","0","2","","","","N","","","","","","","","","",""
"2011051023","","1","0","0","0","0","0","0","0","0","7","0","","02","5","2011","4","40.435111","-79.986409","","11","0","0","0","0","0","1","0","0","2","0","0","0","","","0","","0","","40 26:06.399","4","0","79 59:11.074","0","0","0","0","2301","0","0","0","N","0","0","0","1","02301","0","","5.0","","9","N","N","","0","","0","0","0","","0","N","","1","0","1","0","0","0","0","2","0","1","","","","N","","","","","","","","","",""
"2011052299","","2","0","0","0","0","0","0","0","0","4","0","","02","5","2011","7","40.446621","-79.893602","","11","0","0","0","0","0","1","0","0","","0","0","0","","","2","","2","","40 26:47.835","","0","79 53:36.967","4","0","0","0","2301","0","0","0","N","0","0","0","5","02301","2","","1.0","","1","N","N","","0","","0","0","0","","3","","","2","2","0","0","0","0","0","2","0","2","","","","N","","","","","","","","","",""
"2011052447","","2","0","0","0","0","0","0","0","0","1","0","","02","5","2011","4","40.519324","-80.032309","","11","0","0","0","0","0","0","0","0","","0","0","0","","","2","","0","","40 31:09.568","","0","80 01:56.312","8","0","0","0","2474","0","0","0","N","0","0","0","3","02474","0","","1.0","","1","N","N","","0","","0","0","0","","0","","","2","2","0","0","0","2","0","2","0","2","","","","N","","","","","","","","","",""
"2011053270","","1","0","0","0","0","0","0","0","0","4","0","","02","5","2011","1","40.351605","-79.961967","","11","0","0","0","0","0","0","0","0","","0","0","0","","","0","","3","","40 21:05.779","","0","79 57:43.080","0","0","0","0","2403","0","0","0","N","0","0","0","2","02403","0","","1.0","","1","N","N","","0","","0","0","1","","3","","","2","0","0","0","0","0","0","2","0","2","","","","N","","","","","","","","","",""
"2011051717","","1","0","0","0","0","0","0","0","0","7","0","","02","5","2011","1","40.537699","-80.078798","","11","0","0","0","0","0","0","0","1","1","0","0","0","","","1","","0","","40 32:15.715","2","0","80 04:43.672","8","0","0","0","2215","0","0","0","Y","0","0","0","1","68B03","0","","5.0","","1","N","N","","0","","0","0","0","","0","N","","1","1","0","0","0","1","0","2","0","1","","","","N","","","","","","","","","",""
"2011052604","","1","0","0","0","0","0","0","0","0","7","0","","02","5","2011","2","40.445181","-79.989295","","11","0","0","0","0","0","0","0","0","","0","0","0","","","1","","0","","40 26:42.651","","0","79 59:21.462","4","0","0","0","2301","0","0","0","N","0","0","0","1","02301","1","","2.0","","1","N","N","","0","","0","0","0","","0","","","1","1","0","0","0","0","0","2","0","1","","","","N","","","","","","","","","",""
"2011050809","","0","0","0","0","0","0","0","0","0","7","0","","02","5","2011","4","40.434494","-79.989792","","11","0","0","0","0","0","0","0","0","1","0","0","0","","","1","","1","","40 26:04.180","2","3","79 59:23.250","3","0","0","0","2301","0","0","0","N","0","0","0","1","02301","0","","5.0","","9","N","N","","0","","1","0","1","","2","N","","1","1","1","0","0","0","0","2","0","1","","","","N","","","","","","","","","",""
"2011051703","","1","0","0","0","0","0","0","0","0","1","0","","02","5","2011","5","40.340228","-80.121851","","11","0","0","0","0","0","1","1","0","","0","0","0","","","0","","2","","40 20:24.819","","0","80 07:18.665","0","0","0","0","2119","0","0","0","N","0","0","0","2","02119","0","","1.0","","9","N","N","","0","","0","0","0","","0","","","2","0","0","0","0","0","0","2","1","2","","","","N","","","","","","","","","",""
"2011051718","","2","0","0","0","0","0","0","0","0","1","0","","02","5","2011","4","40.506596","-80.033046","","11","0","0","0","0","0","0","1","0","1","0","0","0","","","1","","0","","40 30:23.746","1","0","80 01:58.966","4","0","0","0","2116","0","0","0","Y","0","0","0","3","68B03","1","","1.0","","1","N","N","","0","","0","0","0","","4","N","","2","1","0","0","0","0","0","2","0","2","","","","N","","","","","","","","","",""
"2011051495","","2","0","0","0","0","0","0","0","0","4","0","","02","5","2011","5","40.366002","-79.949448","","11","0","1","0","0","0","1","0","0","1","0","0","0","","","2","","2","","40 21:57.607","4","0","79 56:58.013","4","0","0","0","2403","0","0","0","N","0","0","0","3","02403","2","","1.0","","1","N","N","","0","","0","0","0","","3","N","","2","2","0","0","0","0","0","2","0","2","","","","N","","","","","","","","","",""
"2011051638","","0","0","0","0","0","0","0","0","0","1","0","","02","5","2011","5","40.391008","-80.078559","","11","0","0","0","0","0","1","0","0","","0","0","0","","","0","","0","","40 23:27.630","","0","80 04:42.813","0","0","0","0","2117","0","0","0","N","0","0","0","2","02117","0","","1.0","","1","N","N","","1","","0","0","1","","0","","","2","0","0","0","0","0","0","2","0","2","","","","N","","","","","","","","","",""
"2011052521","","2","0","0","0","0","0","0","0","0","4","0","","02","5","2011","2","40.346885","-80.007338","","11","0","0","0","0","0","2","0","0","1","0","0","0","","","0","","2","","40 20:48.786","1","0","80 00:26.416","0","0","0","0","2403","0","0","0","N","0","0","0","3","02403","0","","1.0","","1","N","N","","0","","0","0","0","","3","N","","2","0","0","0","0","0","0","2","0","2","","","","N","","","","","","","","","",""
"2011051719","","2","0","0","0","0","0","0","0","0","5","0","","02","5","2011","3","40.440611","-79.833994","","11","0","0","0","0","0","1","0","0","1","0","0","0","","","0","","0","","40 26:26.198","4","0","79 50:02.379","0","0","0","0","2419","0","0","0","N","0","0","0","2","68B03","0","","1.0","","9","N","N","","0","","0","0","0","","0","N","","2","0","0","0","0","0","0","2","0","2","","","","N","","","","","","","","","",""
"2011051720","","1","0","0","0","0","0","0","0","0","1","0","","02","5","2011","4","40.413216","-80.080588","","11","0","0","0","0","0","0","0","0","","0","0","0","","","1","","0","","40 24:47.577","","0","80 04:50.115","4","0","0","0","2415","0","0","0","N","0","0","0","2","68B03","1","","1.0","","9","N","N","","1","","0","0","0","","0","","","2","1","0","0","0","0","0","2","0","2","","","","N","","","","","","","","","",""
"2011052536","","2","0","0","0","0","0","0","0","0","4","0","","02","5","2011","2","40.343978","-79.971538","","11","0","0","0","0","0","0","1","0","1","0","0","0","","","1","","2","","40 20:38.320","2","0","79 58:17.536","3","0","0","0","2403","0","0","0","N","0","0","0","2","02403","0","","1.0","","1","N","N","","0","","1","0","0","","2","N","","2","1","0","0","0","0","0","2","0","2","","","","N","","","","","","","","","",""
"2011051027","","1","0","0","0","0","0","0","0","0","7","0","","02","5","2011","4","40.655253","-80.010209","","11","0","1","0","0","0","0","0","0","","0","0","0","","","0","","2","","40 39:18.909","","0","80 00:36.753","0","0","0","0","2216","0","0","0","N","0","0","0","1","02505","0","","5.0","","9","N","N","","0","","0","0","0","","0","","","1","0","0","0","0","0","0","1","0","1","","","","N","","","","","","","","","",""
"2011051785","","1","0","0","0","0","0","0","0","0","4","0","","02","5","2011","5","40.365758","-79.858469","","11","0","0","0","0","0","0","0","1","1","0","0","0","","","0","","2","","40 21:56.729","6","0","79 51:30.489","0","0","0","0","2473","0","0","0","N","0","0","0","4","02473","0","","1.0","","1","N","N","","0","","0","0","1","","0","N","","2","0","1","0","0","0","0","2","0","2","","","","N","","","","","","","","","",""
"2011050347","","3","0","0","0","0","0","0","0","0","1","0","","02","5","2011","5","40.497025","-80.019496","","11","0","0","0","0","0","0","0","0","","0","0","0","","","1","","0","","40 29:49.291","","0","80 01:10.186","8","0","0","0","2301","0","0","0","N","0","0","0","3","68B03","0","","1.0","","1","N","N","","0","","0","0","0","","0","","","3","1","0","0","0","1","0","2","0","3","","","","N","","","","","","","","","",""
"2011051721","","1","0","0","0","0","0","0","0","0","1","0","","02","5","2011","4","40.436724","-80.01523","","11","0","0","0","0","0","1","0","0","","0","0","0","","","0","","0","","40 26:12.208","","4","80 00:54.827","0","0","0","0","2301","0","0","0","N","0","0","0","3","68B03","0","","1.0","","9","N","N","","1","","0","0","1","","0","","","3","0","0","0","0","0","0","2","0","3","","","","N","","","","","","","","","",""
"2011051786","","1","0","0","0","0","0","1","0","0","4","1","","02","5","2011","6","40.453729","-79.993335","","11","0","0","0","0","0","2","0","0","1","0","0","0","","","0","","1","","40 27:13.424","1","0","79 59:36.006","0","0","0","0","2301","0","0","0","N","0","0","0","2","02301","0","","1.0","","1","Y","N","","0","","0","0","0","","0","N","","2","0","0","0","0","0","0","2","0","2","","","","N","","","","","","","","","",""
"2011050348","","1","0","0","0","0","0","0","0","0","1","0","","02","5","2011","4","40.428097","-79.889819","","11","0","0","0","0","0","1","0","0","1","0","0","0","","","2","","0","","40 25:41.148","3","0","79 53:23.350","8","0","0","0","2426","0","0","0","N","0","0","0","2","68B03","0","","1.0","","1","N","N","","1","","0","0","0","","0","N","","2","2","0","0","0","2","0","2","0","2","","","","N","","","","","","","","","",""
"2011051498","","1","0","0","0","0","0","0","0","0","5","0","","02","5","2011","5","40.332483","-79.945956","","11","0","0","1","0","0","0","0","0","","0","0","0","","","1","","0","","40 19:56.937","","0","79 56:45.441","4","0","0","0","2454","0","0","0","N","0","0","0","3","02454","1","","1.0","","1","N","N","","0","","0","0","1","","0","","","2","1","1","0","0","0","0","2","0","2","","","","N","","","","","","","","","",""
"2011050813","","1","0","0","0","0","0","0","0","0","7","0","","02","5","2011","1","40.649269","-79.839227","","11","0","0","0","0","0","0","0","0","2","0","0","0","","","1","","0","","40 38:57.369","5","0","79 50:21.216","8","0","0","0","2220","0","0","0","N","0","0","0","1","02220","0","","5.0","","9","N","N","","0","","0","0","0","","0","N","","1","1","0","0","0","1","0","1","0","1","","","","N","","","","","","","","","",""
"2011052387","","0","0","0","0","0","0","0","0","0","0","0","","02","3","2011","6","40.599516","-79.981993","","11","0","0","0","0","0","0","0","0","1","0","0","0","","","1","","0","","40 35:58.259","5","0","79 58:55.175","4","0","0","0","2207","0","0","0","N","0","0","0","1","02207","1","","5.0","","1","N","N","","0","","0","0","1","","0","Y","","1","1","0","0","0","0","0","2","0","1","","","","N","","","","","","","","","",""
"2011053276","","1","0","0","0","0","0","0","0","0","1","0","","02","5","2011","4","40.467497","-79.825544","","11","0","0","0","0","0","0","0","0","","0","0","0","","","1","","0","","40 28:02.988","","0","79 49:31.959","8","0","0","0","2113","0","0","0","N","0","0","0","3","02113","0","","1.0","","1","N","N","","0","","0","0","0","","0","","","2","1","0","0","0","1","0","2","1","2","","","","N","","","","","","","","","",""
"2011051722","","0","0","0","0","0","0","0","0","0","7","0","","02","5","2011","5","40.428172","-79.955102","","11","0","0","0","0","0","0","0","0","2","0","0","0","","","3","","0","","40 25:41.418","4","0","79 57:18.366","3","0","0","0","2301","0","0","0","N","0","0","0","3","68B03","2","","4.0","","1","N","N","","0","","1","0","1","","0","N","","1","3","0","0","0","0","0","2","0","1","","","","N","","","","","","","","","",""
"2011051854","","1","0","0","0","0","0","0","0","0","4","0","","02","5","2011","6","40.477359","-79.787078","","11","0","0","0","0","0","0","1","0","","0","0","0","","","0","","0","","40 28:38.491","","7","79 47:13.479","0","0","0","0","2113","0","0","0","N","0","0","0","4","02113","0","","1.0","","1","N","N","","0","","0","0","1","","0","","","2","0","1","0","0","0","0","2","0","2","","","","N","","","","","","","","","",""
"2011050349","","1","0","0","0","0","0","0","0","0","7","0","","02","5","2011","5","40.435751","-79.969691","","11","0","0","0","1","0","0","0","0","","0","0","0","","","0","","0","","40 26:08.705","","0","79 58:10.887","0","0","0","0","2301","0","0","0","N","0","0","0","1","68B03","0","","4.0","","1","N","N","","0","","0","0","0","","0","","","1","0","0","0","0","0","0","2","0","1","","","","N","","","","","","","","","",""
"2011050746","","1","0","0","0","0","0","0","0","0","1","0","","02","3","2011","5","40.387641","-80.090992","","11","0","0","0","1","0","0","0","0","","0","0","0","","","0","","2","","40 23:15.509","","0","80 05:27.572","0","0","0","0","2437","0","0","0","N","0","0","0","5","02437","0","","1.0","","1","N","N","","0","","0","0","2","","2","","","3","0","0","0","0","0","0","2","0","3","","","","N","","","","","","","","","",""
"2011051499","","2","0","0","0","0","0","0","0","0","1","0","","02","5","2011","4","40.432519","-79.716293","","11","0","0","0","1","0","0","0","0","2","0","0","0","","","3","","0","","40 25:57.070","5","0","79 42:58.655","3","0","0","0","2446","0","0","0","N","0","0","0","6","02446","2","","1.0","","1","N","N","","1","","1","0","0","","0","N","","3","3","1","0","0","0","0","2","0","3","","","","N","","","","","","","","","",""
"2011051709","","1","0","0","0","0","0","0","0","0","2","0","","02","4","2011","7","40.352114","-80.108929","","11","0","0","0","0","0","1","0","0","1","0","0","0","","","0","","0","","40 21:07.612","3","0","80 06:32.143","0","0","0","0","2414","0","0","0","N","0","0","0","3","02414","0","","1.0","","1","N","N","","1","","0","0","0","","0","Y","","2","0","0","0","0","0","0","2","0","2","","","","N","","","","","","","","","",""
"2011052539","","2","0","0","0","0","0","0","0","0","1","0","","02","5","2011","1","40.433303","-79.760248","","11","0","0","0","0","1","0","1","0","","0","0","0","","","0","","1","","40 25:59.890","","0","79 45:36.893","0","0","0","0","2446","0","0","0","N","0","0","0","3","02446","0","","1.0","","1","N","N","","0","","0","0","0","","2","","","2","0","0","0","0","0","0","2","0","2","","","","N","","","","","","","","","",""
"2011051788","","2","0","0","0","0","0","0","0","0","1","0","","02","5","2011","4","40.352173","-79.977658","","11","0","0","0","0","0","1","0","0","","0","0","0","","","1","","1","","40 21:07.821","","0","79 58:39.567","8","0","0","0","2476","0","0","0","N","0","0","0","2","02476","0","","1.0","","9","N","N","","0","","0","0","0","","2","","","2","1","0","0","0","1","0","2","0","2","","","","N","","","","","","","","","",""
"2011050350","","0","0","0","0","0","0","0","0","0","1","2","","02","5","2011","6","40.44801","-80.166471","","11","0","0","0","0","0","2","0","0","2","0","2","0","","","1","","7","","40 26:52.836","4","2","80 09:59.297","4","0","0","0","2115","0","0","0","N","0","0","0","2","68B03","1","","1.0","","1","N","N","","0","","0","0","0","","3","N","","2","1","0","0","0","0","0","2","0","2","","","","N","","","","","","","","","",""
"2011052306","","1","0","0","0","0","0","0","0","0","7","0","","02","5","2011","7","40.40407","-79.920316","","11","0","0","0","0","0","1","0","0","","0","0","0","","","0","","0","","40 24:14.653","","0","79 55:13.136","0","0","0","0","2472","0","0","0","N","0","0","0","2","02472","0","","5.0","","1","N","N","","0","","0","0","0","","0","","","1","0","0","0","0","0","0","2","0","1","","","","N","","","","","","","","","",""
"2011050816","","2","0","0","0","0","0","0","0","0","1","0","","02","5","2011","4","40.459087","-79.939339","","11","0","0","0","0","0","0","0","0","","0","0","0","","","0","","0","","40 27:32.713","","0","79 56:21.620","0","0","0","0","2301","0","0","0","N","0","0","0","1","02301","0","","4.0","","9","N","N","","0","","0","0","0","","0","","","2","0","0","0","0","0","0","2","0","2","","","","N","","","","","","","","","",""
"2011052389","","1","0","0","0","0","0","0","0","0","1","0","","02","5","2011","1","40.376049","-80.036505","","11","0","0","0","1","0","0","0","0","2","0","0","0","","","0","","2","","40 22:33.777","4","0","80 02:11.417","0","0","0","0","2109","0","0","0","N","0","0","0","2","02109","0","","1.0","","1","N","N","","0","","0","0","1","","2","N","","2","0","0","0","0","0","0","2","0","2","","","","N","","","","","","","","","",""
"2011053160","","1","0","0","0","0","0","0","0","0","1","0","","02","5","2011","3","40.468254","-79.88034","","11","0","0","0","0","0","0","0","0","2","0","0","0","","","1","","0","","40 28:05.714","6","0","79 52:49.224","8","0","0","0","2113","0","0","0","N","0","0","0","1","02113","0","","5.0","","1","N","N","","0","","0","0","1","","0","Y","","2","1","0","0","0","1","0","2","0","2","","","","N","","","","","","","","","",""
"2011051645","","1","0","0","0","0","0","0","0","0","7","0","","02","5","2011","5","40.427924","-80.05374","","11","0","0","0","0","0","1","0","0","2","0","0","0","","","1","","1","","40 25:40.528","1","0","80 03:13.463","4","0","0","0","2301","0","0","0","N","0","0","0","1","02301","1","","5.0","","1","N","N","","0","","0","0","0","","2","N","","1","1","0","0","0","0","0","2","0","1","","","","N","","","","","","","","","",""
"2011051710","","3","0","0","0","0","0","0","0","0","1","0","","02","4","2011","4","40.359924","-80.101721","","11","0","0","0","0","0","1","0","1","","0","0","0","","","2","","1","","40 21:35.726","","0","80 06:06.195","4","0","0","0","2414","0","0","0","N","0","0","0","3","02414","2","","1.0","","1","N","N","","0","","0","0","0","","0","","","3","2","0","0","0","0","0","2","0","3","","","","N","","","","","","","","","",""
"2011051031","","0","0","0","0","0","0","0","0","0","7","0","","02","5","2011","3","40.64633","-80.125093","","11","0","0","0","0","0","1","0","0","1","0","0","0","","","0","","2","","40 38:46.788","3","0","80 07:30.334","0","0","0","0","2212","0","0","0","Y","0","0","0","1","02505","0","","2.0","","9","N","N","","1","","0","0","0","","3","N","","1","0","0","0","0","0","0","1","0","1","","","","N","","","","","","","","","",""
"2011051099","","1","0","0","0","0","0","0","0","0","1","0","","02","5","2011","6","40.347841","-80.026708","","11","0","0","0","0","0","0","0","0","","0","0","0","","","1","","2","","40 20:52.227","","0","80 01:36.148","4","0","0","0","2407","0","0","0","N","0","0","0","4","02407","1","","1.0","","1","N","N","","1","","0","0","0","","3","","","2","1","3","0","0","0","0","2","0","2","","","","N","","","","","","","","","",""
"2011050351","","1","0","0","0","0","0","0","0","0","4","0","","02","5","2011","6","40.424882","-80.114743","","11","0","0","0","0","0","0","0","0","","0","0","0","","","0","","0","","40 25:29.575","","0","80 06:53.074","0","0","0","0","2102","0","0","0","N","0","0","0","2","68B03","0","","1.0","","9","N","N","","0","","0","0","1","","0","","","2","0","0","0","0","0","0","2","0","2","","","","N","","","","","","","","","",""
"2011052307","","1","0","0","0","0","0","0","0","0","7","0","","02","5","2011","1","40.593598","-79.962838","","11","0","0","0","1","0","0","0","0","2","0","0","0","","","1","","0","","40 35:36.952","4","0","79 57:46.218","8","0","0","0","2207","0","0","0","N","0","0","0","1","02207","0","","5.0","","1","N","N","","0","","0","0","0","","0","Y","","1","1","0","0","0","1","0","2","0","1","","","","N","","","","","","","","","",""
"2011051711","","2","0","0","0","0","0","0","0","0","6","0","","02","5","2011","1","40.355758","-80.105158","","11","0","0","0","0","0","0","0","0","","0","0","0","","","0","","2","","40 21:20.728","","99","80 06:18.568","0","0","0","0","2414","0","0","0","N","0","0","0","1","02414","0","","1.0","","1","N","N","","0","","0","0","0","","0","","","2","0","0","0","0","0","0","2","0","2","","","","N","","","","","","","","","",""