"CRN","ARRIVAL_TM","AUTOMOBILE_COUNT","BELTED_DEATH_COUNT","BELTED_SUSP_SERIOUS_INJ_COUNT","BICYCLE_COUNT","BICYCLE_DEATH_COUNT","BICYCLE_SUSP_SERIOUS_INJ_COUNT","BUS_COUNT","CHLDPAS_DEATH_COUNT","CHLDPAS_SUSP_SERIOUS_INJ_COUNT","COLLISION_TYPE","COMM_VEH_COUNT","CONS_ZONE_SPD_LIM","COUNTY","CRASH_MONTH","CRASH_YEAR","DAY_OF_WEEK","DEC_LATITUDE","DEC_LONGITUDE","DISPATCH_TM","DISTRICT","DRIVER_COUNT_16YR","DRIVER_COUNT_17YR","DRIVER_COUNT_18YR","DRIVER_COUNT_19YR","DRIVER_COUNT_20YR","DRIVER_COUNT_50_64YR","DRIVER_COUNT_65_74YR","DRIVER_COUNT_75PLUS","EST_HRS_CLOSED","FATAL_COUNT","HEAVY_TRUCK_COUNT","HORSE_BUGGY_COUNT","HOUR_OF_DAY","ILLUMINATION","INJURY_COUNT","INTERSECTION_RELATED","INTERSECT_TYPE","LANE_CLOSED","LATITUDE","LN_CLOSE_DIR","LOCATION_TYPE","LONGITUDE","MAX_SEVERITY_LEVEL","MCYCLE_DEATH_COUNT","MCYCLE_SUSP_SERIOUS_INJ_COUNT","MOTORCYCLE_COUNT","MUNICIPALITY","NONMOTR_COUNT","NONMOTR_DEATH_COUNT","NONMOTR_SUSP_SERIOUS_INJ_COUNT","NTFY_HIWY_MAINT","PED_COUNT","PED_DEATH_COUNT","PED_SUSP_SERIOUS_INJ_COUNT","PERSON_COUNT","POLICE_AGCY","POSSIBLE_INJ_COUNT","RDWY_SURF_TYPE_CD","RELATION_TO_ROAD","ROADWAY_CLEARED","ROAD_CONDITION","SCH_BUS_IND","SCH_ZONE_IND","SECONDARY_CRASH","SMALL_TRUCK_COUNT","SPEC_JURIS_CD","SUSP_MINOR_INJ_COUNT","SUSP_SERIOUS_INJ_COUNT","SUV_COUNT","TCD_FUNC_CD","TCD_TYPE","TFC_DETOUR_IND","TIME_OF_DAY","TOTAL_UNITS","TOT_INJ_COUNT","UNBELTED_OCC_COUNT","UNB_DEATH_COUNT","UNB_SUSP_SERIOUS_INJ_COUNT","UNK_INJ_DEG_COUNT","UNK_INJ_PER_COUNT","URBAN_RURAL","VAN_COUNT","VEHICLE_COUNT","WEATHER1","WEATHER2","WORKERS_PRES","WORK_ZONE_IND","WORK_ZONE_LOC","WORK_ZONE_TYPE","WZ_CLOSE_DETOUR","WZ_FLAGGER","WZ_LAW_OFFCR_IND","WZ_LN_CLOSURE","WZ_MOVING","WZ_OTHER","WZ_SHLDER_MDN","WZ_WORKERS_INJ_KILLED"
"2011092629","","1","0","0","0","0","0","0","0","0","7","0","","02","9","2011","1","40.425927","-79.898206","","11","0","0","0","0","0","0","0","0","","0","0","0","","","1","","0","","40 25:33.336","","0","79 53:53.541","4","0","0","0","2301","0","0","0","N","0","0","0","1","68B03","1","","2.0","","1","N","N","","0","","0","0","0","","0","","","1","1","0","0","0","0","0","2","0","1","","","","N","","","","","","","","","",""
"2011093713","","1","0","0","0","0","0","0","0","0","7","0","25","02","9","2011","6","40.340928","-79.966616","","11","0","0","0","0","0","0","0","0","2","0","0","0","","","0","","0","","40 20:27.342","4","0","79 57:59.816","0","0","0","0","2403","0","0","0","Y","0","0","0","1","02403","0","","5.0","","1","N","N","","0","","0","0","0","","0","N","","1","0","0","0","0","0","0","2","0","1","","","Y","Y","3","1","","","Y","Y","Y","","",""
"2011094487","","2","0","0","0","0","0","0","0","0","4","0","","02","9","2011","1","40.393139","-79.806194","","11","0","0","0","0","0","0","0","1","1","0","0","0","","","0","","0","","40 23:35.300","3","0","79 48:22.300","0","0","0","0","2479","0","0","0","N","0","0","0","4","02111","0","","1.0","","1","N","N","","0","","0","0","0","","0","N","","2","0","0","0","0","0","0","2","0","2","","","","N","","","","","","","","","",""
"2011092630","","0","0","0","0","0","0","0","0","0","1","1","45","02","9","2011","2","40.436933","-80.208221","","11","0","0","0","0","0","0","0","1","","0","1","0","","","1","","0","","40 26:12.957","","0","80 12:29.595","4","0","0","0","2214","0","0","0","N","0","0","0","2","68B03","1","","1.0","","1","N","N","","0","","0","0","0","","8","","","2","1","0","0","0","0","0","2","1","2","","","N","Y","4","1","N","N","N","Y","N","N","N",""
"2011092488","","3","0","0","0","0","0","0","0","0","1","0","","02","9","2011","3","40.411237","-80.04639","","11","0","0","0","0","0","0","0","0","","0","0","0","","","1","","2","","40 24:40.452","","0","80 02:47.004","4","0","0","0","2435","0","0","0","N","0","0","0","3","02435","1","","1.0","","1","N","N","","0","","0","0","0","","0","","","3","1","0","0","0","0","0","2","0","3","","","","N","","","","","","","","","",""
"2011092631","","1","0","0","0","0","0","0","0","0","7","0","","02","9","2011","3","40.434706","-79.99719","","11","0","0","0","0","0","0","0","0","","0","0","0","","","0","","0","","40 26:04.940","","0","79 59:49.883","0","0","0","0","2301","0","0","0","N","0","0","0","1","68B03","0","","4.0","","1","N","N","","0","","0","0","0","","0","","","1","0","0","0","0","0","0","2","0","1","","","","N","","","","","","","","","",""
"2011092278","","2","0","0","0","0","0","0","0","0","4","0","","02","8","2011","7","40.526501","-80.159098","","11","0","0","1","0","0","0","0","0","2","0","0","0","","","0","","1","","40 31:35.404","2","0","80 09:32.754","0","0","0","0","2436","0","0","0","N","0","0","0","3","68B03","0","","1.0","","1","N","N","","0","","0","0","0","","2","N","","2","0","0","0","0","0","0","2","0","2","","","","N","","","","","","","","","",""
"2011094489","","3","0","0","0","0","0","0","0","0","7","0","","02","9","2011","6","40.353873","-79.911157","","11","0","0","0","0","0","0","0","0","6","0","0","0","","","1","","0","","40 21:13.944","6","0","79 54:40.166","2","0","0","0","2473","0","0","0","N","0","0","0","1","02473","0","","2.0","","1","N","N","","0","","0","1","0","","0","Y","","4","1","0","0","0","0","0","2","1","4","","","","N","","","","","","","","","",""
"2011092417","","1","0","0","0","0","0","0","0","0","6","1","","02","9","2011","3","40.456478","-80.043183","","11","0","0","0","0","0","2","0","0","1","0","1","0","","","0","","0","","40 27:23.319","4","0","80 02:35.460","0","0","0","0","2301","0","0","0","N","0","0","0","3","02301","0","","1.0","","1","N","N","","0","","0","0","0","","0","N","","2","0","0","0","0","0","0","2","0","2","","","","N","","","","","","","","","",""
"2011093161","","1","0","0","0","0","0","0","0","0","1","0","","02","8","2011","4","40.42576","-79.910417","","11","0","0","0","0","0","2","0","0","2","0","0","0","","","1","","0","","40 25:32.736","4","0","79 54:37.500","4","0","0","0","2301","0","0","0","N","0","0","0","2","68B03","1","","1.0","","1","N","N","","0","","0","0","1","","0","N","","2","1","0","0","0","0","0","2","0","2","","","","N","","","","","","","","","",""
"2011092279","","1","0","0","0","0","0","0","0","0","7","0","","02","9","2011","1","40.441086","-79.858516","","11","0","0","0","0","1","0","0","0","2","0","0","0","","","1","","0","","40 26:27.911","3","0","79 51:30.658","4","0","0","0","2419","0","0","0","N","0","0","0","1","68B03","1","","2.0","","1","N","N","","0","","0","0","0","","0","Y","","1","1","0","0","0","0","0","2","0","1","","","","N","","","","","","","","","",""
"2011093162","","1","0","0","0","0","0","0","0","0","7","0","","02","9","2011","3","40.444771","-80.009428","","11","0","0","0","0","0","1","0","0","","0","0","0","","","1","","0","","40 26:41.177","","3","80 00:33.942","8","0","0","0","2301","0","0","0","N","0","0","0","1","68B03","0","","3.0","","1","N","N","","0","","0","0","0","","0","","","1","1","0","0","0","1","0","2","0","1","","","","N","","","","","","","","","",""
"2011093652","","0","0","0","0","0","0","0","0","0","7","0","","02","9","2011","6","40.413782","-79.992033","","11","0","0","0","0","0","0","0","0","","0","0","0","","","0","","0","","40 24:49.615","","0","79 59:31.318","0","0","0","0","2301","0","0","0","N","0","0","0","1","02301","0","","5.0","","1","N","N","","1","","0","0","0","","0","","","1","0","1","0","0","0","0","2","0","1","","","","N","","","","","","","","","",""
"2011093718","","2","0","0","0","0","0","0","0","0","1","0","","02","9","2011","5","40.436165","-80.05205","","11","0","0","0","0","0","0","0","0","","0","0","0","","","1","","0","","40 26:10.193","","0","80 03:07.379","8","0","0","0","2301","0","0","0","N","0","0","0","2","02301","0","","1.0","","1","N","N","","0","","0","0","0","","0","","","2","1","0","0","0","1","0","2","0","2","","","","N","","","","","","","","","",""
"2011092420","","0","0","0","0","0","0","0","0","0","7","0","","02","9","2011","3","40.445265","-80.041834","","11","0","0","0","0","0","0","0","0","2","0","0","0","","","0","","0","","40 26:42.954","2","0","80 02:30.602","0","0","0","0","2301","0","0","0","N","0","0","0","1","02301","0","","2.0","","1","N","N","","1","","0","0","0","","0","N","","1","0","0","0","0","0","0","2","0","1","","","","N","","","","","","","","","",""
"2011094540","","3","0","0","0","0","0","0","0","0","5","0","","02","9","2011","7","40.558912","-80.039693","","11","0","0","0","0","0","1","0","0","1","0","0","0","","","0","","0","","40 33:32.083","1","0","80 02:22.895","0","0","0","0","2108","0","0","0","N","0","0","0","3","02108","0","","1.0","","1","N","N","","0","","0","0","0","","0","N","","3","0","0","0","0","0","0","2","0","3","","","","N","","","","","","","","","",""
"2011093291","","1","0","0","0","0","0","0","0","0","7","0","","02","9","2011","4","40.438525","-80.005745","","11","0","0","0","0","0","1","0","0","2","0","0","0","","","1","","0","","40 26:18.690","3","0","80 00:20.682","4","0","0","0","2301","0","0","0","N","0","0","0","1","02301","1","","3.0","","9","N","N","","0","","0","0","0","","0","Y","","1","1","0","0","0","0","0","2","0","1","","","","N","","","","","","","","","",""
"2011092356","","1","0","0","0","0","0","0","0","0","1","0","","02","9","2011","2","40.494546","-79.783152","","11","0","0","0","0","0","2","0","0","2","0","0","0","","","1","","0","","40 29:40.364","3","3","79 46:59.348","4","0","0","0","2466","0","0","0","N","0","0","0","4","68T02","1","","1.0","","9","N","N","","1","","0","0","1","","0","N","","4","1","0","0","0","0","0","2","0","3","","","","N","","","","","","","","","",""
"2011094541","","1","0","0","0","0","0","0","0","0","4","0","","02","9","2011","3","40.327942","-80.030716","","11","0","0","0","0","0","0","0","0","2","0","0","0","","","1","","2","","40 19:40.590","6","0","80 01:50.578","4","0","0","0","2407","0","0","0","N","0","0","0","4","02407","1","","1.0","","1","N","N","","0","","0","0","1","","2","Y","","2","1","0","0","0","0","0","2","0","2","","","","N","","","","","","","","","",""
"2011093654","","3","0","0","0","0","0","0","0","0","1","0","","02","9","2011","4","40.51323","-80.109976","","11","1","0","0","0","0","1","1","0","1","0","0","0","","","0","","0","","40 30:47.628","2","0","80 06:35.913","0","0","0","0","2211","0","0","0","N","0","0","0","5","02215","0","","1.0","","1","N","N","","1","","0","0","0","","0","Y","","4","0","0","0","0","0","0","2","0","4","","","","N","","","","","","","","","",""
"2011092423","","1","0","0","0","0","0","0","0","0","8","0","","02","9","2011","7","40.493577","-80.051507","","11","0","0","0","0","0","0","0","0","","0","0","0","","","1","","2","","40 29:36.877","","0","80 03:05.425","3","0","0","0","2404","1","0","0","N","1","0","0","2","02404","0","","1.0","","1","N","N","","0","","1","0","0","","0","","","2","1","0","0","0","0","0","2","0","1","","","","N","","","","","","","","","",""
"2011093655","","0","0","0","0","0","0","0","0","0","5","0","","02","9","2011","5","40.480696","-79.943754","","11","0","0","0","0","0","0","0","0","2","0","0","0","","","0","","0","","40 28:50.505","6","0","79 56:37.514","9","0","0","0","2301","0","0","0","N","0","0","0","1","02301","0","","1.0","","1","N","N","","1","","0","0","1","","0","Y","","2","0","0","0","0","0","1","2","0","2","","","","N","","","","","","","","","",""
"2011094494","","1","0","0","0","0","0","0","0","0","1","0","","02","9","2011","7","40.341091","-80.120459","","11","0","0","1","0","0","0","0","0","","0","0","0","","","0","","0","","40 20:27.927","","0","80 07:13.654","0","0","0","0","2119","0","0","0","N","0","0","0","3","02119","0","","1.0","","1","N","N","","0","","0","0","1","","0","","","2","0","0","0","0","0","0","2","0","2","","","","N","","","","","","","","","",""
"2011092426","","1","0","0","0","0","0","0","0","0","7","0","","02","9","2011","6","40.468748","-79.92751","","11","0","0","0","0","0","0","0","0","","0","0","0","","","1","","2","","40 28:07.492","","0","79 55:39.036","4","0","0","0","2301","0","0","0","N","0","0","0","1","02301","1","","5.0","","1","N","N","","0","","0","0","0","","2","","","1","1","0","0","0","0","0","2","0","1","","","","N","","","","","","","","","",""
"2011094387","","1","0","0","0","0","0","0","0","0","4","0","","02","9","2011","1","40.351639","-79.856612","","11","0","0","0","0","0","0","0","0","1","0","0","0","","","0","","1","","40 21:05.900","3","0","79 51:23.803","9","0","0","0","2304","0","0","0","N","0","0","0","3","02304","0","","1.0","","1","N","N","","0","","0","0","1","","3","N","","2","0","3","0","0","0","3","2","0","2","","","","N","","","","","","","","","",""
"2011092515","","1","0","0","0","0","0","0","0","0","4","0","","02","9","2011","3","40.464385","-79.828564","","11","0","0","0","0","0","1","1","0","1","0","0","0","","","0","","0","","40 27:51.786","1","7","79 49:42.830","0","0","0","0","2113","0","0","0","N","0","0","0","2","02113","0","","1.0","","1","N","N","","0","","0","0","1","","0","N","","2","0","0","0","0","0","0","2","0","2","","","","N","","","","","","","","","",""
"2011093299","","1","0","0","0","0","0","0","0","0","7","0","","02","8","2011","6","40.532699","-80.072671","","11","0","0","0","0","0","0","0","0","","0","0","0","","","0","","0","","40 31:57.717","","0","80 04:21.615","0","0","0","0","2215","0","0","0","N","0","0","0","2","68B03","0","","4.0","","1","N","N","","0","","0","0","0","","0","","","1","0","0","0","0","0","0","2","0","1","","","","N","","","","","","","","","",""
"2011094340","","2","0","0","0","0","0","0","0","0","4","0","","02","9","2011","1","40.518486","-79.760972","","11","0","0","0","0","0","1","0","0","1","0","0","0","","","1","","2","","40 31:06.551","4","0","79 45:39.499","4","0","0","0","2466","0","0","0","N","0","0","0","2","02466","1","","1.0","","1","N","N","","0","","0","0","0","","3","N","","2","1","0","0","0","0","0","1","0","2","","","","N","","","","","","","","","",""
"2011093884","","2","0","0","0","0","0","0","0","0","5","0","","02","9","2011","4","40.361385","-79.962281","","11","0","0","0","0","0","0","0","0","","0","0","0","","","0","","2","","40 21:40.986","","0","79 57:44.211","0","0","0","0","2403","0","0","0","N","0","0","0","1","02403","0","","2.0","","1","N","N","","0","","0","0","0","","0","","","2","0","0","0","0","0","0","2","0","2","","","","N","","","","","","","","","",""
"2011092429","","0","0","0","0","0","0","0","0","0","2","0","","02","9","2011","5","40.417457","-80.0146","","11","0","0","0","0","0","0","0","0","","0","0","0","","","4","","0","","40 25:02.845","","0","80 00:52.560","3","0","0","0","2301","0","0","0","N","0","0","0","7","02301","0","","1.0","","1","N","N","","1","","1","0","3","","0","","","5","4","0","0","0","3","0","2","1","5","","","","N","","","","","","","","","",""
"2011094392","","1","0","0","0","0","0","0","0","0","7","0","","02","9","2011","7","40.414334","-79.872779","","11","0","0","0","0","0","0","0","0","1","0","0","0","","","0","","0","","40 24:51.602","3","0","79 52:22.004","0","0","0","0","2463","0","0","0","N","0","0","0","1","02463","0","","5.0","","1","N","N","","0","","0","0","0","","0","N","","1","0","0","0","0","0","0","2","0","1","","","","N","","","","","","","","","",""
"2011093663","","1","0","0","0","0","0","1","0","0","1","1","","02","9","2011","5","40.588007","-79.944837","","11","0","0","0","0","0","0","0","0","","0","0","0","","","0","","2","","40 35:16.825","","0","79 56:41.413","0","0","0","0","2207","0","0","0","N","0","0","0","2","02207","0","","1.0","","9","Y","Y","","0","","0","0","0","","3","","","2","0","0","0","0","0","0","2","0","2","","","","N","","","","","","","","","",""
"2011093677","","2","0","0","0","0","0","0","0","0","4","0","","02","9","2011","1","40.31733","-79.886789","","11","0","1","0","0","0","0","0","0","1","0","0","0","","","0","","0","","40 19:02.388","7","0","79 53:12.440","0","0","0","0","2433","0","0","0","N","0","0","0","1","02433","0","","1.0","","1","N","N","","0","","0","0","0","","8","Y","","2","0","0","0","0","0","0","2","0","2","","","","N","","","","","","","","","",""
"2011093238","","2","0","0","0","0","0","0","0","0","2","0","","02","9","2011","4","40.481291","-79.937418","","11","0","0","0","0","0","0","0","0","1","0","0","0","","","2","","0","","40 28:52.647","1","0","79 56:14.704","3","0","0","0","2301","0","0","0","N","0","0","0","2","02301","1","","1.0","","1","N","N","","0","","1","0","0","","0","N","","2","2","2","0","0","0","0","2","0","2","","","","N","","","","","","","","","",""
"2011093251","","1","0","0","0","0","0","0","0","0","7","0","","02","9","2011","7","40.496562","-79.753112","","11","0","0","0","0","0","1","0","0","","0","0","0","","","0","","0","","40 29:47.623","","0","79 45:11.204","0","0","0","0","2466","0","0","0","N","0","0","0","1","02466","0","","4.0","","1","N","N","","0","","0","0","0","","0","","","1","0","0","0","0","0","0","2","0","1","","","","N","","","","","","","","","",""
"2011092292","","1","0","0","0","0","0","0","0","0","99","0","","02","9","2011","5","40.634992","-79.727756","","11","0","0","0","0","0","1","0","0","2","0","0","0","","","0","","0","","40 38:05.970","1","0","79 43:39.922","0","0","0","0","2106","0","0","0","Y","0","0","0","2","68D02","0","","1.0","","1","N","N","","0","","0","0","0","","0","N","","1","0","0","0","0","0","0","2","0","1","","","","N","","","","","","","","","",""
"2011094505","","1","0","0","0","0","0","0","0","0","8","0","","02","9","2011","4","40.465063","-80.059681","","11","0","0","0","0","0","0","0","0","","0","0","0","","","1","","0","","40 27:54.227","","0","80 03:34.852","3","0","0","0","2444","1","0","0","N","1","0","0","2","02444","0","","1.0","","1","N","N","","0","","1","0","0","","0","","","2","1","0","0","0","0","1","2","0","1","","","","N","","","","","","","","","",""
"2011093112","","0","0","0","0","0","0","0","0","0","1","0","","02","9","2011","6","40.451013","-80.138074","","11","0","0","0","0","0","1","0","0","","0","0","0","","","0","","2","","40 27:03.645","","0","80 08:17.067","0","0","0","0","2115","0","0","0","N","0","0","0","4","02115","0","","1.0","","1","N","N","","1","","0","0","0","","0","","","2","0","0","0","0","0","0","2","1","2","","","","N","","","","","","","","","",""
"2011093889","","0","0","0","0","0","0","0","0","0","7","0","","02","9","2011","6","40.625359","-79.807134","","11","0","0","0","0","0","0","0","0","2","0","0","0","","","1","","0","","40 37:31.293","6","0","79 48:25.684","3","0","0","0","2206","0","0","0","N","0","0","0","2","02206","0","","5.0","","1","N","N","","0","","1","0","1","","0","N","","1","1","0","0","0","0","0","1","0","1","","","","N","","","","","","","","","",""
"2011093253","","0","0","0","0","0","0","0","0","0","1","0","","02","9","2011","4","40.389672","-79.934763","","11","0","0","0","0","0","1","0","0","2","0","0","0","","","0","","6","","40 23:22.818","2","2","79 56:05.146","0","0","0","0","2301","0","0","0","N","0","0","0","3","02301","0","","7.0","","1","N","N","","0","","0","0","2","","4","N","","2","0","0","0","0","0","0","2","0","2","","","","N","","","","","","","","","",""
"2011093665","","2","0","0","0","0","0","0","0","0","4","0","","02","9","2011","6","40.452023","-79.984268","","11","0","0","0","0","0","0","0","0","","0","0","0","","","0","","0","","40 27:07.282","","0","79 59:03.364","0","0","0","0","2301","0","0","0","N","0","0","0","2","02301","0","","1.0","","1","N","N","","0","","0","0","0","","0","","","2","0","1","0","0","0","0","2","0","2","","","","N","","","","","","","","","",""
"2011093679","","1","0","0","0","0","0","0","0","0","2","0","","02","9","2011","5","40.607429","-79.949055","","11","0","0","0","0","0","1","0","0","1","0","0","0","","","1","","0","","40 36:26.744","1","0","79 56:56.598","4","0","0","0","2207","0","0","0","N","0","0","0","2","02207","1","","1.0","","9","N","N","","0","","0","0","1","","0","N","","2","1","0","0","0","0","0","2","0","2","","","","N","","","","","","","","","",""
"2011094506","","1","0","0","0","0","0","0","0","0","7","0","","02","9","2011","6","40.454112","-79.996601","","11","0","0","0","0","0","0","0","0","","0","0","0","","","0","","1","","40 27:14.804","","2","79 59:47.764","0","0","0","0","2301","0","0","0","N","0","0","0","1","02301","0","","5.0","","1","N","N","","0","","0","0","0","","0","","","1","0","0","0","0","0","0","2","0","1","","","","N","","","","","","","","","",""
"2011093113","","0","0","0","0","0","0","0","0","0","1","0","","02","9","2011","2","40.449979","-80.1181","","11","0","0","0","0","0","0","1","0","","0","0","0","","","0","","0","","40 26:59.923","","0","80 07:05.160","0","0","0","0","2115","0","0","0","N","0","0","0","2","02115","0","","1.0","","1","Y","N","","0","","0","0","1","","0","","","2","0","0","0","0","0","0","2","1","2","","","","N","","","","","","","","","",""
"2011092522","","1","0","0","0","0","0","0","0","0","7","0","","02","9","2011","3","40.429854","-79.838759","","11","0","0","0","0","0","0","0","0","","0","0","0","","","1","","0","","40 25:47.475","","0","79 50:19.531","8","0","0","0","2419","0","0","0","N","0","0","0","1","02419","0","","5.0","","1","N","N","","0","","0","0","0","","0","","","1","1","1","0","0","1","0","2","0","1","","","","N","","","","","","","","","",""
"2011093114","","1","0","0","0","0","0","0","0","0","0","0","","02","9","2011","5","40.505458","-80.207549","","11","0","0","0","0","0","0","0","0","","0","0","0","","","0","","1","","40 30:19.650","","0","80 12:27.175","0","0","0","0","2213","0","0","0","N","0","0","0","1","02213","0","","1.0","","1","N","N","","0","","0","0","0","","2","","","1","0","0","0","0","0","0","2","0","1","","","","N","","","","","","","","","",""
"2011093681","","0","0","0","0","0","0","0","0","0","0","0","","02","9","2011","3","40.2166","-79.8435","","11","0","0","0","0","0","1","0","0","","0","0","0","","","1","","0","","40 12:59.760","","2","79 50:36.600","8","0","0","1","2204","0","0","0","N","0","0","0","1","02204","0","","1.0","","1","N","N","","0","","0","0","0","","4","","","1","1","0","0","0","1","0","1","0","1","","","","N","","","","","","","","","",""
"2011093115","","1","0","0","0","0","0","0","0","0","7","0","","02","9","2011","4","40.471496","-80.210167","","11","0","0","0","0","0","0","0","0","1","0","0","0","","","0","","0","","40 28:17.385","3","0","80 12:36.602","0","0","0","0","2213","0","0","0","N","0","0","0","1","02213","0","","4.0","","1","N","N","","0","","0","0","0","","0","N","","1","0","0","0","0","0","0","2","0","1","","","","N","","","","","","","","","",""
"2011093893","","1","0","0","0","0","0","0","0","0","6","0","","02","9","2011","6","40.277812","-79.904934","","11","0","0","0","1","0","0","0","0","2","0","0","0","","","2","","2","","40 16:40.123","1","0","79 54:17.762","4","0","0","0","2440","0","0","0","N","0","0","0","3","02440","2","","1.0","","1","N","N","","0","","0","0","0","","2","N","","2","2","0","0","0","0","0","2","1","2","","","","N","","","","","","","","","",""
"2011092442","","1","0","0","0","0","0","0","0","0","1","0","","02","9","2011","1","40.552628","-79.972018","","11","0","0","0","1","0","0","1","0","2","0","0","0","","","1","","0","","40 33:09.462","5","0","79 58:19.265","4","0","0","0","2118","0","0","0","N","0","0","0","3","02118","1","","1.0","","9","N","N","","0","","0","0","0","","0","Y","","2","1","0","0","0","0","0","2","1","2","","","","N","","","","","","","","","",""
"2011093116","","1","0","0","0","0","0","0","0","0","2","0","","02","9","2011","5","40.533933","-80.229035","","11","0","0","0","0","0","1","0","0","","0","0","0","","","0","","1","","40 32:02.158","","0","80 13:44.526","0","0","0","0","2213","0","0","0","N","0","0","0","2","02213","0","","1.0","","1","N","N","","0","","0","0","0","","3","","","2","0","0","0","0","0","0","2","1","2","","","","N","","","","","","","","","",""
"2011093894","","1","0","0","0","0","0","0","0","0","7","0","","02","9","2011","6","40.424874","-79.975502","","11","0","0","0","0","0","0","0","0","2","0","0","0","","","1","","0","","40 25:29.546","4","0","79 58:31.807","4","0","0","0","2301","0","0","0","N","0","0","0","2","02301","1","","5.0","","1","N","N","","0","","0","0","0","","0","N","","1","1","1","0","0","0","0","2","0","1","","","","N","","","","","","","","","",""
"2011093683","","1","0","0","0","0","0","0","0","0","7","0","","02","9","2011","5","40.566862","-80.153761","","11","1","0","0","0","0","0","0","0","","0","0","0","","","0","","0","","40 34:00.702","","0","80 09:13.538","0","0","0","0","2459","0","0","0","N","0","0","0","2","02459","0","","5.0","","1","N","N","","0","","0","0","0","","0","","","1","0","0","0","0","0","0","1","0","1","","","","N","","","","","","","","","",""
"2011094352","","1","0","0","0","0","0","0","0","0","2","0","","02","9","2011","1","40.453466","-80.062067","","11","0","0","0","0","0","0","1","0","1","0","0","0","","","2","","1","","40 27:12.477","7","0","80 03:43.441","3","0","0","1","2301","0","0","0","N","0","0","0","2","02301","1","","1.0","","1","N","N","","0","","1","0","0","","0","N","","2","2","1","0","0","0","0","2","0","2","","","","N","","","","","","","","","",""
"2011093258","","0","0","0","0","0","0","0","0","0","1","0","","02","9","2011","4","40.442771","-80.07019","","11","0","0","0","0","0","0","0","0","2","0","0","0","","","1","","0","","40 26:33.975","5","0","80 04:12.684","3","0","0","0","2439","0","0","0","N","0","0","0","3","02439","0","","1.0","","1","N","N","","0","","1","0","2","","0","Y","","2","1","3","0","0","0","0","2","0","2","","","","N","","","","","","","","","",""
"2011092444","","2","0","0","0","0","0","0","0","0","1","0","","02","9","2011","2","40.581864","-79.778609","","11","0","0","0","0","0","2","0","0","","0","0","0","","","1","","0","","40 34:54.709","","0","79 46:42.993","4","0","0","0","2104","0","0","0","N","0","0","0","2","02104","1","","2.0","","1","N","N","","0","","0","0","0","","0","","","2","1","0","0","0","0","0","2","0","2","","","","N","","","","","","","","","",""
"2011092528","","2","0","0","0","0","0","0","0","0","99","0","","02","9","2011","3","40.388637","-79.867471","","11","0","0","0","0","0","2","0","0","1","0","0","0","","","0","","0","","40 23:19.093","1","0","79 52:02.897","0","0","0","0","2473","0","0","0","N","0","0","0","2","02473","0","","1.0","","1","N","N","","0","","0","0","0","","0","N","","2","0","0","0","0","0","0","2","0","2","","","","N","","","","","","","","","",""
"2011093896","","0","0","0","0","0","0","0","0","0","7","0","","02","9","2011","6","40.37894","-80.063692","","11","0","0","0","0","0","0","0","0","1","0","0","0","","","0","","0","","40 22:44.184","3","0","80 03:49.291","0","0","0","0","2109","0","0","0","N","0","0","0","1","02109","0","","5.0","","1","N","N","","1","","0","0","0","","0","N","","1","0","0","0","0","0","0","2","0","1","","","","N","","","","","","","","","",""
"2011093685","","1","0","0","0","0","0","0","0","0","4","0","","02","9","2011","5","40.470295","-80.220373","","11","0","0","0","0","0","1","0","0","","0","0","0","","","0","","1","","40 28:13.061","","0","80 13:13.344","0","0","0","0","2203","0","0","0","N","0","0","0","2","02203","0","","1.0","","9","N","N","","0","","0","0","1","","2","","","2","0","0","0","0","0","0","2","0","2","","","","N","","","","","","","","","",""
"2011094512","","0","0","0","0","0","0","0","0","0","7","0","","02","9","2011","7","40.654496","-79.904854","","11","0","0","0","0","0","1","0","0","4","1","0","0","","","1","","0","","40 39:16.184","6","0","79 54:17.474","1","0","0","0","2220","0","0","0","N","0","0","0","2","02220","1","2","5.0","","1","N","N","","0","0","0","0","1","","0","Y","","1","1","1","1","0","0","0","1","0","1","","","","N","","","","","","","","","",""
"2011094402","","0","0","0","0","0","0","0","0","0","7","0","","02","9","2011","1","40.379083","-79.860998","","11","0","0","0","0","0","0","0","0","","0","0","0","","","0","","2","","40 22:44.698","","0","79 51:39.592","0","0","0","1","2303","0","0","0","N","0","0","0","0","02303","0","","9.0","","1","N","N","","0","","0","0","0","","0","","","1","0","0","0","0","0","0","2","0","1","","","","N","","","","","","","","","",""
"2011092377","","0","0","0","0","0","0","1","0","0","8","1","","02","9","2011","3","40.458687","-79.908061","","11","0","0","0","0","0","0","0","0","","0","0","0","","","2","","1","","40 27:31.273","","0","79 54:29.021","4","0","0","0","2301","2","0","0","N","2","0","0","3","02503","2","","1.0","","1","N","N","","0","","0","0","0","","2","","","3","2","0","0","0","0","0","2","0","1","","","","N","","","","","","","","","",""