"CRN","ARRIVAL_TM","AUTOMOBILE_COUNT","BELTED_DEATH_COUNT","BELTED_SUSP_SERIOUS_INJ_COUNT","BICYCLE_COUNT","BICYCLE_DEATH_COUNT","BICYCLE_SUSP_SERIOUS_INJ_COUNT","BUS_COUNT","CHLDPAS_DEATH_COUNT","CHLDPAS_SUSP_SERIOUS_INJ_COUNT","COLLISION_TYPE","COMM_VEH_COUNT","CONS_ZONE_SPD_LIM","COUNTY","CRASH_MONTH","CRASH_YEAR","DAY_OF_WEEK","DEC_LATITUDE","DEC_LONGITUDE","DISPATCH_TM","DISTRICT","DRIVER_COUNT_16YR","DRIVER_COUNT_17YR","DRIVER_COUNT_18YR","DRIVER_COUNT_19YR","DRIVER_COUNT_20YR","DRIVER_COUNT_50_64YR","DRIVER_COUNT_65_74YR","DRIVER_COUNT_75PLUS","EST_HRS_CLOSED","FATAL_COUNT","HEAVY_TRUCK_COUNT","HORSE_BUGGY_COUNT","HOUR_OF_DAY","ILLUMINATION","INJURY_COUNT","INTERSECTION_RELATED","INTERSECT_TYPE","LANE_CLOSED","LATITUDE","LN_CLOSE_DIR","LOCATION_TYPE","LONGITUDE","MAX_SEVERITY_LEVEL","MCYCLE_DEATH_COUNT","MCYCLE_SUSP_SERIOUS_INJ_COUNT","MOTORCYCLE_COUNT","MUNICIPALITY","NONMOTR_COUNT","NONMOTR_DEATH_COUNT","NONMOTR_SUSP_SERIOUS_INJ_COUNT","NTFY_HIWY_MAINT","PED_COUNT","PED_DEATH_COUNT","PED_SUSP_SERIOUS_INJ_COUNT","PERSON_COUNT","POLICE_AGCY","POSSIBLE_INJ_COUNT","RDWY_SURF_TYPE_CD","RELATION_TO_ROAD","ROADWAY_CLEARED","ROAD_CONDITION","SCH_BUS_IND","SCH_ZONE_IND","SECONDARY_CRASH","SMALL_TRUCK_COUNT","SPEC_JURIS_CD","SUSP_MINOR_INJ_COUNT","SUSP_SERIOUS_INJ_COUNT","SUV_COUNT","TCD_FUNC_CD","TCD_TYPE","TFC_DETOUR_IND","TIME_OF_DAY","TOTAL_UNITS","TOT_INJ_COUNT","UNBELTED_OCC_COUNT","UNB_DEATH_COUNT","UNB_SUSP_SERIOUS_INJ_COUNT","UNK_INJ_DEG_COUNT","UNK_INJ_PER_COUNT","URBAN_RURAL","VAN_COUNT","VEHICLE_COUNT","WEATHER1","WEATHER2","WORKERS_PRES","WORK_ZONE_IND","WORK_ZONE_LOC","WORK_ZONE_TYPE","WZ_CLOSE_DETOUR","WZ_FLAGGER","WZ_LAW_OFFCR_IND","WZ_LN_CLOSURE","WZ_MOVING","WZ_OTHER","WZ_SHLDER_MDN","WZ_WORKERS_INJ_KILLED"
"2011094357","","1","0","0","0","0","0","0","0","0","4","0","","02","9","2011","3","40.243001","-79.80654","","11","0","0","0","0","0","1","0","0","2","0","0","0","","","0","","2","","40 14:34.805","2","0","79 48:23.543","0","0","0","0","2105","0","0","0","N","0","0","0","2","02105","0","","1.0","","1","N","N","","0","","0","0","0","","3","N","","2","0","0","0","0","0","0","1","1","2","","","","N","","","","","","","","","",""
"2011092461","","2","0","0","0","0","0","0","0","0","5","0","","02","9","2011","3","40.455488","-80.018646","","11","0","0","0","0","0","0","0","0","2","0","0","0","","","0","","0","","40 27:19.756","3","0","80 01:07.125","9","0","0","0","2301","0","0","0","N","0","0","0","2","02301","0","","1.0","","1","N","N","","0","","0","0","2","","0","N","","4","0","0","0","0","0","1","2","0","4","","","","N","","","","","","","","","",""
"2011092532","","1","0","0","0","0","0","0","0","0","1","0","","02","9","2011","5","40.532159","-80.272","","11","0","0","0","0","0","1","0","1","","0","0","0","","","1","","0","","40 31:55.774","","0","80 16:19.201","8","0","0","0","2203","0","0","0","N","0","0","0","2","02203","0","","1.0","","1","N","N","","0","","0","0","1","","0","","","2","1","0","0","0","1","0","2","0","2","","","","N","","","","","","","","","",""
"2011093249","","2","0","0","0","0","0","0","0","0","5","0","","02","9","2011","4","40.4568","-79.996546","","11","0","0","0","0","0","0","0","0","","0","0","0","","","0","","2","","40 27:24.480","","0","79 59:47.565","0","0","0","0","2301","0","0","0","N","0","0","0","3","02301","0","","1.0","","1","N","N","","0","","0","0","0","","0","","","2","0","0","0","0","0","0","2","0","2","","","","N","","","","","","","","","",""
"2011092450","","2","0","0","0","0","0","0","0","0","1","0","","02","9","2011","3","40.469513","-80.101421","","11","0","0","0","0","0","0","0","1","2","0","0","0","","","1","","2","","40 28:10.246","6","0","80 06:05.115","4","0","0","0","2126","0","0","0","N","0","0","0","3","02126","1","","1.0","","1","N","N","","1","","0","0","0","","0","Y","","3","1","1","0","0","0","0","2","0","3","","","","N","","","","","","","","","",""
"2011094405","","1","0","0","0","0","0","0","0","0","7","0","","02","9","2011","1","40.423108","-79.980769","","11","0","0","0","0","0","0","0","0","3","0","0","0","","","1","","0","","40 25:23.190","7","0","79 58:50.770","4","0","0","0","2301","0","0","0","N","0","0","0","1","02301","1","","1.0","","1","N","N","","0","","0","0","0","","0","N","","1","1","0","0","0","0","0","2","0","1","","","","N","","","","","","","","","",""
"2011093111","","1","0","0","0","0","0","0","0","0","1","0","","02","9","2011","6","40.451013","-80.138074","","11","0","0","0","1","0","0","0","0","","0","0","0","","","0","","2","","40 27:03.645","","0","80 08:17.067","0","0","0","0","2115","0","0","0","N","0","0","0","3","02115","0","","1.0","","1","N","N","","0","","0","0","0","","0","","","2","0","0","0","0","0","0","2","1","2","","","","N","","","","","","","","","",""
"2011093916","","0","0","0","0","0","0","0","0","0","1","0","","02","9","2011","5","40.437377","-80.00376","","11","0","0","0","0","0","0","0","0","2","0","0","0","","","0","","0","","40 26:14.557","3","3","80 00:13.537","0","0","0","0","2301","0","0","0","N","0","0","0","3","68B03","0","","1.0","","9","N","N","","1","","0","0","2","","0","N","","3","0","0","0","0","0","0","2","0","3","","","","N","","","","","","","","","",""
"2011093268","","2","0","0","0","0","0","0","0","0","1","0","","02","9","2011","4","40.438477","-80.001921","","11","0","0","0","0","0","0","0","0","","0","0","0","","","1","","1","","40 26:18.518","","0","80 00:06.916","8","0","0","0","2301","0","0","0","N","0","0","0","2","02301","0","","1.0","","1","N","N","","0","","0","0","0","","2","","","2","1","0","0","0","1","0","2","0","2","","","","N","","","","","","","","","",""
"2011092383","","2","0","0","0","0","0","0","0","0","4","0","","02","9","2011","3","40.467027","-80.024868","","11","0","0","0","0","0","1","0","0","2","0","0","0","","","1","","1","","40 28:01.298","2","0","80 01:29.526","4","0","0","0","2301","0","0","0","N","0","0","0","2","02301","1","","1.0","","1","N","N","","0","","0","0","0","","2","N","","2","1","0","0","0","0","0","2","0","2","","","","N","","","","","","","","","",""
"2011093761","","2","0","0","0","0","0","0","0","0","4","0","","02","9","2011","5","40.574391","-80.016529","","11","1","1","0","0","0","0","0","0","","0","0","0","","","1","","1","","40 34:27.807","","0","80 00:59.504","8","0","0","0","2108","0","0","0","N","0","0","0","2","02108","0","","1.0","","1","N","N","","0","","0","0","0","","3","","","2","1","0","0","0","1","0","2","0","2","","","","N","","","","","","","","","",""
"2011092537","","1","0","0","0","0","0","0","0","0","1","0","","02","9","2011","7","40.4289","-79.932028","","11","0","0","0","0","0","1","0","0","","0","0","0","","","2","","6","","40 25:44.039","","2","79 55:55.300","4","0","0","0","2301","0","0","0","N","0","0","0","2","02301","2","","1.0","","1","N","N","","0","","0","0","1","","0","","","2","2","0","0","0","0","0","2","0","2","","","","N","","","","","","","","","",""
"2011093917","","1","0","0","0","0","0","0","0","0","7","0","","02","9","2011","5","40.442142","-79.792145","","11","0","0","0","0","0","0","0","0","","0","0","0","","","1","","0","","40 26:31.712","","0","79 47:31.721","3","0","0","0","2446","0","0","0","N","0","0","0","2","68B03","0","","2.0","","1","N","N","","0","","1","0","0","","0","","","1","1","1","0","0","0","0","2","0","1","","","","N","","","","","","","","","",""
"2011094458","","1","0","0","0","0","0","0","0","0","5","1","","02","9","2011","2","40.463875","-80.032591","","11","0","0","0","0","0","1","0","0","1","0","1","0","","","0","","0","","40 27:49.949","2","0","80 01:57.327","9","0","0","0","2301","0","0","0","N","0","0","0","2","02301","0","","1.0","","1","N","N","","0","","0","0","0","","0","N","","2","0","0","0","0","0","1","2","0","2","","","","N","","","","","","","","","",""
"2011093411","","2","0","0","0","0","0","0","0","0","5","0","","02","9","2011","5","40.438634","-79.986476","","11","0","0","0","0","0","1","0","0","1","0","0","0","","","1","","2","","40 26:19.082","4","0","79 59:11.313","4","0","0","0","2301","0","0","0","N","0","0","0","2","02301","1","","1.0","","9","N","N","","0","","0","0","0","","2","N","","2","1","0","0","0","0","0","2","0","2","","","","N","","","","","","","","","",""
"2011092820","","2","0","0","0","0","0","0","0","0","4","0","","02","8","2011","3","40.442357","-79.760073","","11","0","0","0","0","0","2","0","0","","0","0","0","","","0","","2","","40 26:32.484","","0","79 45:36.263","0","0","0","0","2446","0","0","0","N","0","0","0","3","02446","0","","1.0","","1","N","N","","0","","0","0","0","","3","","","2","0","0","0","0","0","0","2","0","2","","","","N","","","","","","","","","",""
"2011094202","","1","0","0","0","0","0","0","0","0","4","0","","02","9","2011","7","40.454368","-79.947672","","11","0","0","0","0","0","0","0","0","","0","0","0","","","0","","1","","40 27:15.724","","0","79 56:51.620","0","0","0","0","2301","0","0","0","N","0","0","0","2","02301","0","","1.0","","1","N","N","","1","","0","0","0","","3","","","2","0","0","0","0","0","0","2","0","2","","","","N","","","","","","","","","",""
"2011092229","","1","0","0","0","0","0","0","0","0","7","0","","02","9","2011","6","40.490771","-80.015604","","11","0","1","0","0","0","0","0","0","","0","0","0","","","0","","2","","40 29:26.775","","0","80 00:56.174","9","0","0","0","2301","0","0","0","N","0","0","0","1","02301","0","","2.0","","1","N","N","","0","","0","0","0","","0","","","1","0","0","0","0","0","1","2","0","1","","","","N","","","","","","","","","",""
"2011079752","","1","0","0","0","0","0","0","0","0","4","0","","02","8","2011","1","40.585189","-80.024428","","11","0","1","0","0","0","1","0","0","","0","0","0","","","1","","0","","40 35:06.681","","0","80 01:27.940","4","0","0","0","2108","0","0","0","N","0","0","0","3","02108","1","","1.0","","1","N","N","","0","","0","0","0","","0","","","2","1","0","0","0","0","0","2","1","2","","","","N","","","","","","","","","",""
"2011094128","","2","0","0","0","0","0","0","0","0","4","0","","02","9","2011","6","40.577849","-80.220346","","11","0","0","0","0","0","0","0","0","","0","0","0","","","0","","1","","40 34:40.255","","0","80 13:13.246","0","0","0","0","2441","0","0","0","N","0","0","0","2","02441","0","","1.0","","1","N","N","","0","","0","0","0","","3","","","2","0","0","0","0","0","0","2","0","2","","","","N","","","","","","","","","",""
"2011092821","","2","0","0","0","0","0","0","0","0","1","0","","02","9","2011","3","40.294504","-79.918022","","11","0","0","0","0","1","0","0","0","1","0","0","0","","","0","","0","","40 17:40.216","2","0","79 55:04.879","0","0","0","0","2440","0","0","0","N","0","0","0","3","02440","0","","1.0","","1","N","N","","0","","0","0","0","","0","N","","2","0","0","0","0","0","0","2","0","2","","","","N","","","","","","","","","",""
"2011079753","","2","0","0","0","0","0","0","0","0","4","0","","02","7","2011","6","40.322219","-80.056688","","11","0","0","0","0","0","1","0","0","","0","0","0","","","1","","1","","40 19:19.987","","0","80 03:24.075","4","0","0","0","2407","0","0","0","N","0","0","0","2","02407","1","","1.0","","1","N","N","","0","","0","0","0","","3","","","2","1","0","0","0","0","0","2","0","2","","","","N","","","","","","","","","",""
"2011077512","","2","0","0","0","0","0","0","0","0","4","0","","02","8","2011","3","40.472964","-80.072688","","11","0","0","0","0","0","0","0","0","","0","0","0","","","0","","1","","40 28:22.669","","0","80 04:21.677","0","0","0","0","2122","0","0","0","N","0","0","0","4","02122","0","","1.0","","1","N","N","","0","","0","0","0","","3","","","2","0","2","0","0","0","0","2","0","2","","","","N","","","","","","","","","",""
"2011092751","","1","0","0","0","0","0","0","0","0","1","0","","02","9","2011","4","40.447869","-79.897279","","11","0","0","0","0","0","0","0","0","","0","0","0","","","1","","0","","40 26:52.329","","0","79 53:50.203","4","0","0","1","2301","0","0","0","N","0","0","0","1","02301","1","","1.0","","1","N","N","","0","","0","0","0","","0","","","2","1","0","0","0","0","0","2","0","2","","","","N","","","","","","","","","",""
"2011094204","","1","0","0","0","0","0","0","0","0","0","0","","02","9","2011","1","40.505692","-79.995439","","11","0","0","0","0","0","1","0","0","","0","0","0","","","0","","0","","40 30:20.492","","0","79 59:43.579","0","0","0","0","2116","0","0","0","N","0","0","0","1","02116","0","","5.0","","1","N","N","","0","","0","0","0","","0","","","1","0","0","0","0","0","0","2","0","1","","","","N","","","","","","","","","",""
"2011079009","","3","0","0","0","0","0","0","0","0","4","0","","02","8","2011","1","40.354581","-80.073577","","11","0","0","0","0","1","1","0","1","1","0","0","0","","","0","","1","","40 21:16.491","3","0","80 04:24.878","9","0","0","0","2123","0","0","0","N","0","0","0","3","02123","0","","1.0","","1","N","N","","0","","0","0","0","","3","N","","3","0","0","0","0","0","1","2","0","3","","","","N","","","","","","","","","",""
"2011079754","","1","0","0","0","0","0","0","0","0","4","0","","02","7","2011","6","40.324849","-80.025768","","11","1","0","0","0","0","1","0","1","2","0","0","0","","","1","","2","","40 19:29.456","6","0","80 01:32.763","4","0","0","0","2407","0","0","0","N","0","0","0","3","02407","1","","1.0","","1","N","N","","1","","0","0","1","","3","Y","","3","1","0","0","0","0","0","2","0","3","","","","N","","","","","","","","","",""
"2011094048","","1","0","0","0","0","0","0","0","0","0","0","","02","9","2011","5","40.351978","-80.145974","","11","0","0","0","0","0","0","0","0","","0","0","0","","","2","","0","","40 21:07.119","","0","80 08:45.505","4","0","0","0","2119","0","0","0","Y","0","0","0","2","02119","2","","1.0","","1","N","N","","0","","0","0","0","","0","","","1","2","0","0","0","0","0","2","0","1","","","","N","","","","","","","","","",""
"2011093414","","0","0","0","0","0","0","0","0","0","8","0","","02","9","2011","6","40.427089","-79.967117","","11","0","0","0","0","0","0","0","0","","0","0","0","","","1","","1","","40 25:37.519","","0","79 58:01.620","4","0","0","0","2301","1","0","0","N","1","0","0","1","02301","1","","1.0","","1","N","N","","0","","0","0","1","","2","","","2","1","0","0","0","0","0","2","0","1","","","","N","","","","","","","","","",""
"2011093559","","1","0","0","0","0","0","0","0","0","1","0","","02","9","2011","3","40.374842","-80.094736","","11","0","0","1","0","0","0","0","0","1","0","0","0","","","0","","3","","40 22:29.431","5","0","80 05:41.049","9","0","0","0","2117","0","0","0","N","0","0","0","2","02117","0","","1.0","","9","N","N","","1","","0","0","0","","0","N","","2","0","0","0","0","0","2","2","0","2","","","","N","","","","","","","","","",""
"2011079010","","1","0","0","0","0","0","0","0","0","6","0","","02","8","2011","7","40.445362","-80.041961","","11","0","0","0","0","0","0","0","0","","0","0","0","","","0","","0","","40 26:43.303","","0","80 02:31.059","0","0","0","0","2301","0","0","0","N","0","0","0","1","02301","0","","6.0","","1","N","N","","0","","0","0","1","","0","","","2","0","0","0","0","0","0","2","0","2","","","","N","","","","","","","","","",""
"2011079755","","2","0","0","0","0","0","0","0","0","4","0","","02","6","2011","3","40.369488","-80.032847","","11","0","0","0","0","0","1","0","0","1","0","0","0","","","1","","0","","40 22:10.157","1","0","80 01:58.248","4","0","0","0","2416","0","0","0","N","0","0","0","2","02416","1","","1.0","","1","N","N","","0","","0","0","0","","0","N","","2","1","0","0","0","0","0","2","0","2","","","","N","","","","","","","","","",""
"2011093415","","3","0","0","0","0","0","0","0","0","1","0","","02","9","2011","5","40.428843","-79.982641","","11","0","0","0","0","0","0","1","1","1","0","0","0","","","1","","0","","40 25:43.836","4","0","79 58:57.508","4","0","0","0","2301","0","0","0","N","0","0","0","4","02301","1","","1.0","","9","N","N","","0","","0","0","0","","2","N","","3","1","1","0","0","0","0","2","0","3","","","","N","","","","","","","","","",""
"2011092824","","1","0","0","0","0","0","1","0","0","4","1","","02","9","2011","4","40.407296","-80.033579","","11","0","0","0","0","0","0","0","1","","0","0","0","","","0","","1","","40 24:26.264","","7","80 02:00.884","0","0","0","0","2301","0","0","0","N","0","0","0","6","02301","0","","1.0","","1","Y","N","","0","","0","0","0","","3","","","2","0","0","0","0","0","0","2","0","2","","","","N","","","","","","","","","",""
"2011093416","","2","0","0","0","0","0","0","0","0","2","0","","02","9","2011","5","40.320758","-79.941986","","11","0","0","0","0","0","0","0","0","1","0","0","0","","","3","","0","","40 19:14.730","1","0","79 56:31.151","8","0","0","0","2440","0","0","0","N","0","0","0","4","02440","0","","1.0","","9","N","N","","0","","0","0","0","","0","N","","2","3","0","0","0","3","0","2","0","2","","","","N","","","","","","","","","",""
"2011093482","","0","0","0","0","0","0","0","0","0","7","0","","02","9","2011","5","40.363426","-80.045948","","11","0","0","0","0","0","0","0","0","2","0","0","0","","","1","","0","","40 21:48.334","3","0","80 02:45.412","8","0","0","0","2109","0","0","0","N","0","0","0","1","02109","0","","5.0","","1","N","N","","0","","0","0","1","","0","Y","","1","1","1","0","0","1","0","2","0","1","","","","N","","","","","","","","","",""
"2011092755","","0","0","0","0","0","0","0","0","0","4","1","","02","9","2011","3","40.439442","-80.192042","","11","0","0","1","0","0","1","0","0","","0","1","0","","","0","","2","","40 26:21.990","","2","80 11:31.351","0","0","0","0","2214","0","0","0","N","0","0","0","2","02214","0","","1.0","","1","N","N","","1","","0","0","0","","2","","","2","0","0","0","0","0","0","2","0","2","","","","N","","","","","","","","","",""
"2011093562","","1","0","0","1","0","0","0","0","0","8","0","","02","9","2011","2","40.450129","-79.949599","","11","0","0","0","1","0","0","0","0","","0","0","0","","","1","","0","","40 27:00.464","","0","79 56:58.556","4","0","0","0","2301","1","0","0","N","0","0","0","2","02301","1","","1.0","","1","N","N","","0","","0","0","0","","0","","","2","1","0","0","0","0","0","2","0","1","","","","N","","","","","","","","","",""
"2011079013","","1","0","0","0","0","0","0","0","0","2","0","","02","8","2011","1","40.393507","-80.051622","","11","0","0","0","0","0","0","0","0","1","0","0","0","","","1","","0","","40 23:36.625","6","0","80 03:05.839","8","0","0","0","2109","0","0","0","N","0","0","0","1","02109","0","","6.0","","1","N","N","","0","","0","0","1","","0","N","","2","1","0","0","0","1","0","2","0","2","","","","N","","","","","","","","","",""
"2011077517","","1","0","0","0","0","0","0","0","0","1","0","","02","8","2011","3","40.366661","-80.048795","","11","0","0","0","0","0","0","1","0","1","0","0","0","","","0","","1","","40 21:59.978","1","0","80 02:55.663","0","0","0","0","2109","0","0","0","N","0","0","0","2","02109","0","","1.0","","1","N","N","","0","","0","0","1","","2","N","","2","0","0","0","0","0","0","2","0","2","","","","N","","","","","","","","","",""
"2011092828","","2","0","0","0","0","0","0","0","0","2","1","","02","9","2011","7","40.425777","-80.019884","","11","0","0","0","0","0","0","0","0","2","0","1","0","","","2","","1","","40 25:32.796","5","1","80 01:11.584","3","0","0","0","2301","0","0","0","N","0","0","0","3","02301","0","","1.0","","1","N","N","","0","","2","0","0","","2","Y","","3","2","0","0","0","0","0","2","0","3","","","","N","","","","","","","","","",""
"2011077518","","2","0","0","0","0","0","0","0","0","1","0","","02","8","2011","3","40.435434","-80.23128","","11","0","0","0","0","0","1","0","1","","0","0","0","","","1","","1","","40 26:07.562","","0","80 13:52.607","8","0","0","0","2214","0","0","0","N","0","0","0","2","02214","0","","1.0","","1","N","N","","0","","0","0","0","","0","","","2","1","0","0","0","1","0","2","0","2","","","","N","","","","","","","","","",""
"2011094135","","1","0","0","0","0","0","0","0","0","1","0","","02","9","2011","7","40.429267","-79.999168","","11","0","0","0","0","0","0","0","0","","0","0","0","","","0","","2","","40 25:45.362","","3","79 59:57.003","0","0","0","0","2301","0","0","0","N","0","0","0","2","02301","0","","1.0","","1","N","N","","0","","0","0","1","","0","","","2","0","0","0","0","0","0","2","0","2","","","","N","","","","","","","","","",""
"2011092829","","1","0","0","0","0","0","0","0","0","6","1","","02","9","2011","4","40.4532","-79.992708","","11","0","0","0","0","0","0","0","0","","0","1","0","","","0","","1","","40 27:11.520","","0","79 59:33.748","0","0","0","0","2301","0","0","0","N","0","0","0","5","02301","0","","1.0","","1","N","N","","0","","0","0","0","","2","","","2","0","0","0","0","0","0","2","0","2","","","","N","","","","","","","","","",""
"2011093564","","0","0","0","0","0","0","0","0","0","4","0","","02","9","2011","5","40.446494","-79.848378","","11","0","0","0","0","0","1","1","0","1","0","0","0","","","2","","2","","40 26:47.378","1","0","79 50:54.160","4","0","0","0","2419","0","0","0","N","0","0","0","4","02419","2","","1.0","","1","N","N","","0","","0","0","2","","3","Y","","2","2","3","0","0","0","0","2","0","2","","","","N","","","","","","","","","",""
"2011078275","","2","0","0","0","0","0","0","0","0","1","0","90","02","8","2011","5","40.318228","-79.89913","","11","0","0","0","0","0","1","0","0","","0","0","0","","","0","","0","","40 19:05.621","","0","79 53:56.868","0","0","0","0","2302","0","0","0","N","0","0","0","3","02302","0","","1.0","","1","N","N","","1","","0","0","0","","7","","","3","0","0","0","0","0","0","2","0","3","","","Y","Y","3","2","","Y","N","Y","","","",""
"2011093486","","1","0","0","0","0","0","0","0","0","2","0","","02","9","2011","5","40.475102","-80.095863","","11","0","0","0","0","0","0","0","0","2","0","0","0","","","3","","2","","40 28:30.367","7","0","80 05:45.106","3","0","0","0","2126","0","0","0","N","0","0","0","4","02126","2","","1.0","","1","N","N","","0","","1","0","1","","0","Y","","2","3","0","0","0","0","0","2","0","2","","","","N","","","","","","","","","",""
"2011093565","","1","0","0","0","0","0","0","0","0","1","0","","02","8","2011","6","40.427444","-79.721449","","11","0","0","0","0","2","0","0","0","","0","0","0","","","0","","1","","40 25:38.799","","0","79 43:17.215","0","0","0","0","2446","0","0","0","N","0","0","0","4","02446","0","","1.0","","1","N","N","","2","","0","0","0","","2","","","3","0","0","0","0","0","0","2","0","3","","","","N","","","","","","","","","",""
"2011079031","","0","0","0","0","0","0","0","0","0","7","0","","02","8","2011","3","40.440468","-79.783718","","11","0","0","0","0","0","0","0","0","","0","0","0","","","0","","0","","40 26:25.684","","7","79 47:01.384","0","0","0","0","2446","0","0","0","N","0","0","0","1","02446","0","","2.0","","1","N","N","","0","","0","0","1","","0","","","1","0","0","0","0","0","0","2","0","1","","","","N","","","","","","","","","",""
"2011093357","","2","0","0","0","0","0","0","0","0","1","0","","02","9","2011","2","40.494546","-79.783152","","11","0","0","0","0","0","0","0","0","2","0","0","0","","","0","","0","","40 29:40.364","3","3","79 46:59.348","0","0","0","0","2466","0","0","0","N","0","0","0","3","68T02","0","","1.0","","9","N","N","","0","","0","0","0","","0","N","","3","0","0","0","0","0","0","2","0","2","","","","N","","","","","","","","","",""
"2011093422","","2","0","0","0","0","0","0","0","0","4","0","","02","9","2011","5","40.434238","-79.895007","","11","0","0","0","0","0","0","0","0","","0","0","0","","","1","","1","","40 26:03.257","","0","79 53:42.025","8","0","0","0","2463","0","0","0","N","0","0","0","2","02463","0","","1.0","","9","N","N","","0","","0","0","0","","0","","","2","1","2","0","0","1","0","2","0","2","","","","N","","","","","","","","","",""
"2011094151","","2","0","0","0","0","0","0","0","0","1","0","","02","9","2011","1","40.416995","-80.01536","","11","0","0","0","0","0","0","0","0","","0","0","0","","","1","","0","","40 25:01.182","","1","80 00:55.297","8","0","0","0","2301","0","0","0","N","0","0","0","2","02301","0","","1.0","","1","N","N","","0","","0","0","0","","4","","","2","1","0","0","0","1","1","2","0","2","","","","N","","","","","","","","","",""
"2011093567","","2","0","0","0","0","0","0","0","0","1","0","","02","9","2011","3","40.401426","-80.063121","","11","0","0","0","0","1","0","0","0","","0","0","0","","","0","","0","","40 24:05.135","","0","80 03:47.236","9","0","0","0","2117","0","0","0","N","0","0","0","2","02117","0","","1.0","","9","N","N","","0","","0","0","0","","0","","","2","0","0","0","0","0","2","2","0","2","","","","N","","","","","","","","","",""
"2011094471","","1","0","0","0","0","0","0","0","0","5","0","","02","9","2011","7","40.381116","-80.044378","","11","0","0","0","0","0","0","0","0","2","0","0","0","","","2","","0","","40 22:52.019","2","0","80 02:39.762","4","0","0","0","2109","0","0","0","N","0","0","0","3","02109","2","","1.0","","1","N","N","","0","","0","0","1","","0","N","","2","2","2","0","0","0","0","2","0","2","","","","N","","","","","","","","","",""
"2011092833","","3","0","0","0","0","0","0","0","0","6","0","","02","9","2011","2","40.39325","-79.802917","","11","0","0","0","0","0","1","0","1","3","0","0","0","","","2","","0","","40 23:35.700","6","0","79 48:10.500","4","0","0","0","2111","0","0","0","N","0","0","0","3","02111","2","","1.0","","1","N","N","","0","","0","0","0","","0","Y","","3","2","1","0","0","0","0","2","0","3","","","","N","","","","","","","","","",""
"2011079035","","2","0","0","0","0","0","0","0","0","1","0","","02","8","2011","6","40.503276","-79.947632","","11","0","0","0","1","0","1","0","0","","0","0","0","","","1","","1","","40 30:11.794","","0","79 56:51.476","8","0","0","0","2430","0","0","0","N","0","0","0","3","02430","0","","1.0","","1","N","N","","0","","0","0","0","","2","","","3","1","0","0","0","1","0","2","1","3","","","","N","","","","","","","","","",""
"2011077538","","0","0","0","0","0","0","0","0","0","8","0","","02","8","2011","2","40.422259","-79.990771","","11","0","0","0","0","0","0","0","0","1","0","0","0","","","1","","3","","40 25:20.132","5","0","79 59:26.775","8","0","0","0","2301","1","0","0","N","1","0","0","2","02301","0","","1.0","","1","N","N","","0","","0","0","0","","0","N","","2","1","0","0","0","1","0","2","1","1","","","","N","","","","","","","","","",""
"2011078294","","0","0","0","0","0","0","0","0","0","0","0","","02","5","2011","7","40.470664","-80.208627","","11","0","0","0","0","0","0","0","0","","0","0","0","","","1","","0","","40 28:14.390","","0","80 12:31.058","3","0","0","0","2203","0","0","0","N","0","0","0","1","68B03","0","","4.0","","1","N","N","","0","","1","0","1","","0","","","1","1","1","0","0","0","0","2","0","1","","","","N","","","","","","","","","",""
"2011094073","","1","0","0","0","0","0","0","0","0","4","0","","02","9","2011","6","40.664962","-80.100901","","11","0","0","0","0","0","0","0","0","","0","0","0","","","0","","2","","40 39:53.863","","0","80 06:03.243","0","0","0","0","2212","0","0","0","N","0","0","0","2","02505","0","","1.0","","1","N","N","","0","","0","0","1","","0","","","2","0","0","0","0","0","0","2","0","2","","","","N","","","","","","","","","",""
"2011092762","","0","0","0","0","0","0","0","0","0","1","0","","02","9","2011","4","40.647702","-79.937443","","11","0","0","0","1","0","1","0","0","","0","0","0","","","1","","0","","40 38:51.728","","0","79 56:14.795","4","0","0","1","2217","0","0","0","N","0","0","0","2","02505","1","","1.0","","9","N","N","","1","","0","0","0","","0","","","2","1","0","0","0","0","0","2","0","2","","","","N","","","","","","","","","",""
"2011092834","","2","0","0","0","0","0","0","0","0","4","0","","02","9","2011","4","40.391691","-80.070811","","11","0","0","0","0","0","1","0","0","","0","0","0","","","0","","0","","40 23:30.086","","7","80 04:14.918","0","0","0","0","2117","0","0","0","N","0","0","0","3","02117","0","","1.0","","1","N","N","","0","","0","0","0","","0","","","2","0","0","0","0","0","0","2","0","2","","","","N","","","","","","","","","",""
"2011094473","","1","0","0","0","0","0","0","0","0","4","0","","02","9","2011","2","40.407087","-80.034183","","11","0","0","0","0","1","0","1","0","1","0","0","0","","","1","","1","","40 24:25.512","1","0","80 02:03.059","8","0","0","0","2301","0","0","0","N","0","0","0","3","02301","0","","1.0","","1","N","N","","0","","0","0","1","","2","N","","2","1","0","0","0","1","1","2","0","2","","","","N","","","","","","","","","",""
"2011078296","","1","0","0","0","0","0","0","0","0","1","0","","02","8","2011","3","40.435144","-79.983639","","11","0","0","0","0","1","0","0","0","2","0","0","0","","","2","","0","","40 26:06.517","4","0","79 59:01.101","4","0","0","0","2301","0","0","0","N","0","0","0","2","68B03","2","","1.0","","1","N","N","","0","","0","0","1","","0","N","","2","2","0","0","0","0","0","2","0","2","","","","N","","","","","","","","","",""