"CRN","ARRIVAL_TM","AUTOMOBILE_COUNT","BELTED_DEATH_COUNT","BELTED_SUSP_SERIOUS_INJ_COUNT","BICYCLE_COUNT","BICYCLE_DEATH_COUNT","BICYCLE_SUSP_SERIOUS_INJ_COUNT","BUS_COUNT","CHLDPAS_DEATH_COUNT","CHLDPAS_SUSP_SERIOUS_INJ_COUNT","COLLISION_TYPE","COMM_VEH_COUNT","CONS_ZONE_SPD_LIM","COUNTY","CRASH_MONTH","CRASH_YEAR","DAY_OF_WEEK","DEC_LATITUDE","DEC_LONGITUDE","DISPATCH_TM","DISTRICT","DRIVER_COUNT_16YR","DRIVER_COUNT_17YR","DRIVER_COUNT_18YR","DRIVER_COUNT_19YR","DRIVER_COUNT_20YR","DRIVER_COUNT_50_64YR","DRIVER_COUNT_65_74YR","DRIVER_COUNT_75PLUS","EST_HRS_CLOSED","FATAL_COUNT","HEAVY_TRUCK_COUNT","HORSE_BUGGY_COUNT","HOUR_OF_DAY","ILLUMINATION","INJURY_COUNT","INTERSECTION_RELATED","INTERSECT_TYPE","LANE_CLOSED","LATITUDE","LN_CLOSE_DIR","LOCATION_TYPE","LONGITUDE","MAX_SEVERITY_LEVEL","MCYCLE_DEATH_COUNT","MCYCLE_SUSP_SERIOUS_INJ_COUNT","MOTORCYCLE_COUNT","MUNICIPALITY","NONMOTR_COUNT","NONMOTR_DEATH_COUNT","NONMOTR_SUSP_SERIOUS_INJ_COUNT","NTFY_HIWY_MAINT","PED_COUNT","PED_DEATH_COUNT","PED_SUSP_SERIOUS_INJ_COUNT","PERSON_COUNT","POLICE_AGCY","POSSIBLE_INJ_COUNT","RDWY_SURF_TYPE_CD","RELATION_TO_ROAD","ROADWAY_CLEARED","ROAD_CONDITION","SCH_BUS_IND","SCH_ZONE_IND","SECONDARY_CRASH","SMALL_TRUCK_COUNT","SPEC_JURIS_CD","SUSP_MINOR_INJ_COUNT","SUSP_SERIOUS_INJ_COUNT","SUV_COUNT","TCD_FUNC_CD","TCD_TYPE","TFC_DETOUR_IND","TIME_OF_DAY","TOTAL_UNITS","TOT_INJ_COUNT","UNBELTED_OCC_COUNT","UNB_DEATH_COUNT","UNB_SUSP_SERIOUS_INJ_COUNT","UNK_INJ_DEG_COUNT","UNK_INJ_PER_COUNT","URBAN_RURAL","VAN_COUNT","VEHICLE_COUNT","WEATHER1","WEATHER2","WORKERS_PRES","WORK_ZONE_IND","WORK_ZONE_LOC","WORK_ZONE_TYPE","WZ_CLOSE_DETOUR","WZ_FLAGGER","WZ_LAW_OFFCR_IND","WZ_LN_CLOSURE","WZ_MOVING","WZ_OTHER","WZ_SHLDER_MDN","WZ_WORKERS_INJ_KILLED"
"2011084231","","1","0","0","0","0","0","0","0","0","7","0","","02","8","2011","7","40.393056","-79.764722","","11","0","0","0","0","0","0","0","0","","0","0","0","","","2","","0","","40 23:35.000","","0","79 45:53.000","2","0","0","0","2446","0","0","0","N","0","0","0","2","02446","1","","5.0","","1","N","N","","0","","0","1","0","","0","","","1","2","1","0","1","0","0","2","0","1","","","","N","","","","","","","","","",""
"2011077367","","0","0","0","0","0","0","0","0","0","1","0","","02","8","2011","2","40.410432","-79.990382","","11","0","0","0","0","0","1","0","0","","0","0","0","","","1","","3","","40 24:37.555","","0","79 59:25.375","8","0","0","0","2301","0","0","0","N","0","0","0","3","02301","0","","1.0","","1","N","N","","1","","0","0","1","","2","","","3","1","0","0","0","1","0","2","1","3","","","","N","","","","","","","","","",""
"2011077449","","2","0","0","0","0","0","0","0","0","8","0","","02","8","2011","2","40.463471","-79.930682","","11","0","0","0","0","0","0","0","0","","0","0","0","","","1","","1","","40 27:48.495","","0","79 55:50.455","3","0","0","0","2301","1","0","0","N","1","0","0","3","02301","0","","1.0","","1","N","N","","0","","1","0","0","","2","","","3","1","0","0","0","0","0","2","0","2","","","","N","","","","","","","","","",""
"2011084972","","2","0","0","0","0","0","0","0","0","1","0","","02","8","2011","2","40.425511","-80.031386","","11","0","0","0","0","0","1","0","0","","0","0","0","","","1","","6","","40 25:31.839","","2","80 01:52.990","3","0","0","0","2301","0","0","0","N","0","0","0","4","02301","0","","1.0","","1","N","N","","0","","1","0","0","","4","","","2","1","0","0","0","0","0","2","0","2","","","","N","","","","","","","","","",""
"2011079481","","1","0","0","0","0","0","0","0","0","4","0","","02","7","2011","6","","","","11","0","0","0","0","0","0","1","0","","0","0","0","","","1","","0","","","","0","","4","0","0","0","2446","0","0","0","N","0","0","0","2","02446","1","","1.0","","1","N","N","","1","","0","0","0","","0","","","2","1","0","0","0","0","0","1","0","2","","","","N","","","","","","","","","",""
"2011077368","","2","0","0","0","0","0","0","0","0","6","0","","02","8","2011","2","40.466677","-79.873919","","11","0","0","0","0","0","0","0","1","2","0","0","0","","","1","","0","","40 28:00.037","3","0","79 52:26.108","4","0","0","0","2113","0","0","0","N","0","0","0","2","02113","1","","1.0","","1","N","N","","0","","0","0","0","","0","Y","","2","1","0","0","0","0","0","2","0","2","","","","N","","","","","","","","","",""
"2011078961","","0","0","0","0","0","0","0","0","0","7","0","","02","8","2011","1","40.461174","-80.049837","","11","0","0","0","0","0","1","0","0","4","1","0","0","","","1","","2","","40 27:40.225","6","0","80 02:59.412","1","0","0","0","2301","0","0","0","N","0","0","0","2","02301","0","2","5.0","","1","N","N","","0","0","0","1","1","","0","Y","","1","1","2","1","1","0","0","2","0","1","","","","N","","","","","","","","","",""
"2011078006","","2","0","0","0","0","0","0","0","0","1","0","","02","7","2011","6","40.407768","-80.107863","","11","0","0","0","0","0","0","0","0","","0","0","0","","","0","","0","","40 24:27.965","","0","80 06:28.307","0","0","0","0","2102","0","0","0","N","0","0","0","4","68B03","0","","1.0","","1","N","N","","0","","0","0","0","","0","","","2","0","0","0","0","0","0","2","0","2","","","","N","","","","","","","","","",""
"2011078962","","1","0","0","0","0","0","0","0","0","0","0","","02","8","2011","4","40.478695","-80.031039","","11","0","0","0","0","0","0","0","0","","0","0","0","","","0","","0","","40 28:43.302","","0","80 01:51.740","0","0","0","0","2301","0","0","0","N","0","0","0","4","02301","0","","2.0","","9","N","N","","0","","0","0","0","","0","","","1","0","0","0","0","0","0","2","0","1","","","","N","","","","","","","","","",""
"2011077370","","0","0","0","0","0","0","0","0","0","1","0","","02","8","2011","2","40.416912","-80.038363","","11","0","1","0","0","0","0","0","0","","0","0","0","","","0","","2","","40 25:00.883","","0","80 02:18.106","0","0","0","0","2301","0","0","0","N","0","0","0","2","02301","0","","1.0","","1","N","N","","0","","0","0","2","","0","","","2","0","0","0","0","0","0","2","0","2","","","","N","","","","","","","","","",""
"2011079697","","1","0","0","0","0","0","0","0","0","2","0","","02","8","2011","2","40.449597","-80.061422","","11","0","0","0","0","0","1","0","0","2","0","0","0","","","1","","1","","40 26:58.549","5","0","80 03:41.119","3","0","0","0","2301","0","0","0","N","0","0","0","2","02301","0","","1.0","","1","N","N","","1","","1","0","0","","0","Y","","2","1","0","0","0","0","0","2","0","2","","","","N","","","","","","","","","",""
"2011079485","","3","0","0","0","0","0","0","0","0","4","0","","02","8","2011","2","40.281733","-79.848951","","11","0","0","0","0","0","1","0","0","1","0","0","0","","","0","","2","","40 16:54.238","3","0","79 50:56.223","0","0","0","0","2105","0","0","0","N","0","0","0","4","02105","0","","1.0","","1","N","N","","0","","0","0","0","","3","N","","3","0","0","0","0","0","0","1","0","3","","","","N","","","","","","","","","",""
"2011084184","","1","0","0","0","0","0","0","0","0","7","0","","02","8","2011","7","40.495778","-80.06694","","11","0","0","0","0","0","0","0","0","","0","0","0","","","0","","0","","40 29:44.802","","0","80 04:00.984","9","0","0","0","2402","0","0","0","N","0","0","0","1","02402","0","","5.0","","1","N","N","","0","","0","0","0","","0","","","1","0","0","0","0","0","1","2","0","1","","","","N","","","","","","","","","",""
"2011078760","","1","0","0","0","0","0","0","0","0","7","0","","02","8","2011","6","40.479774","-80.031145","","11","0","0","0","0","0","0","0","1","","1","0","0","","","1","","2","","40 28:47.186","","0","80 01:52.122","1","0","0","0","2301","0","0","0","N","0","0","0","2","02301","0","9","2.0","","1","N","N","","0","0","0","1","0","","3","","","1","1","2","1","1","0","0","2","0","1","","","","N","","","","","","","","","",""
"2011084990","","1","0","0","0","0","0","0","0","0","1","0","","02","8","2011","3","40.424719","-79.859389","","11","0","0","0","0","0","0","0","0","1","0","0","0","","","1","","1","","40 25:28.989","4","0","79 51:33.799","4","0","0","0","2431","0","0","0","N","0","0","0","2","02431","1","","1.0","","1","N","N","","0","","0","0","1","","2","N","","2","1","0","0","0","0","0","2","0","2","","","","N","","","","","","","","","",""
"2011084186","","1","0","0","0","0","0","0","0","0","7","0","","02","8","2011","1","40.365721","-79.909018","","11","0","0","0","1","0","0","0","0","2","0","0","0","","","0","","1","","40 21:56.597","1","0","79 54:32.466","0","0","0","0","2301","0","0","0","N","0","0","0","1","02301","0","","4.0","","1","N","N","","0","","0","0","0","","0","Y","","1","0","0","0","0","0","0","2","0","1","","","","N","","","","","","","","","",""
"2011077458","","0","0","0","0","0","0","0","0","0","7","0","","02","8","2011","2","40.472605","-80.072961","","11","0","0","0","0","0","0","0","0","","0","0","0","","","1","","0","","40 28:21.378","","0","80 04:22.659","3","0","0","0","2122","0","0","0","N","0","0","0","1","02122","0","","5.0","","1","N","N","","0","","1","0","1","","0","","","1","1","1","0","0","0","0","2","0","1","","","","N","","","","","","","","","",""
"2011078969","","2","0","0","0","0","0","0","0","0","4","0","","02","8","2011","1","40.374814","-80.094794","","11","0","0","0","0","0","1","0","0","","0","0","0","","","0","","0","","40 22:29.330","","0","80 05:41.260","0","0","0","0","2117","0","0","0","N","0","0","0","3","02117","0","","1.0","","9","N","N","","0","","0","0","0","","1","","","2","0","0","0","0","0","0","2","0","2","","","","N","","","","","","","","","",""
"2011078766","","1","0","0","0","0","0","0","0","0","4","0","","02","8","2011","7","40.454967","-79.945198","","11","0","0","0","0","0","0","0","0","1","0","0","0","","","0","","1","","40 27:17.882","1","0","79 56:42.711","0","0","0","0","2301","0","0","0","N","0","0","0","2","02301","0","","1.0","","1","N","N","","0","","0","0","1","","0","Y","","2","0","0","0","0","0","0","2","0","2","","","","N","","","","","","","","","",""
"2011079569","","1","0","0","1","0","0","0","0","0","8","0","","02","8","2011","3","40.447272","-80.010281","","11","0","0","0","0","0","0","0","0","","0","0","0","","","1","","1","","40 26:50.179","","0","80 00:37.011","3","0","0","0","2301","1","0","0","N","0","0","0","2","02301","0","","1.0","","1","N","N","","0","","1","0","0","","2","","","2","1","0","0","0","0","0","2","0","1","","","","N","","","","","","","","","",""
"2011078829","","2","0","0","0","0","0","0","0","0","4","0","","02","8","2011","7","40.43928","-80.04193","","11","0","0","0","0","0","0","0","0","2","0","0","0","","","1","","0","","40 26:21.408","1","0","80 02:30.948","2","0","0","0","2301","0","0","0","N","0","0","0","1","02301","0","","1.0","","1","N","N","","0","","0","1","0","","0","N","","2","1","0","0","0","0","0","2","0","2","","","","N","","","","","","","","","",""
"2011077378","","2","0","0","0","0","0","0","0","0","4","0","","02","7","2011","4","40.392576","-79.986625","","11","0","0","0","0","0","1","0","0","2","0","0","0","","","0","","0","","40 23:33.273","1","0","79 59:11.850","0","0","0","0","2301","0","0","0","N","0","0","0","3","02301","0","","1.0","","1","N","N","","0","","0","0","0","","0","N","","3","0","0","0","0","0","0","2","0","2","","","","N","","","","","","","","","",""
"2011084995","","1","0","0","0","0","0","0","0","0","99","0","90","02","8","2011","3","40.446131","-79.766411","","11","0","0","0","1","0","0","0","0","","0","0","0","","","1","","0","","40 26:46.070","","0","79 45:59.080","4","0","0","0","2446","0","0","0","N","0","0","0","1","02446","1","","1.0","","1","N","N","","0","","0","0","0","","0","","","1","1","0","0","0","0","0","2","0","1","","","Y","Y","4","2","","","N","","Y","","",""
"2011079492","","1","0","0","0","0","0","0","0","0","7","0","","02","8","2011","1","40.395249","-79.902159","","11","0","0","0","0","0","0","0","0","","0","0","0","","","0","","0","","40 23:42.895","","0","79 54:07.771","0","0","0","0","2448","0","0","0","N","0","0","0","1","02448","0","","5.0","","1","N","N","","0","","0","0","0","","0","","","1","0","0","0","0","0","0","2","0","1","","","","N","","","","","","","","","",""
"2011078767","","0","0","0","0","0","0","0","0","0","0","0","","02","8","2011","6","40.42279","-80.040249","","11","0","0","0","0","0","0","0","0","1","0","0","0","","","1","","0","","40 25:22.043","4","7","80 02:24.896","4","0","0","1","2435","0","0","0","N","0","0","0","1","02435","1","","1.0","","1","N","N","","0","","0","0","0","","3","Y","","1","1","0","0","0","0","0","2","0","1","","","","N","","","","","","","","","",""
"2011079642","","0","0","0","0","0","0","0","0","0","7","0","","02","8","2011","2","40.33255","-79.998869","","11","0","0","1","0","0","0","0","0","1","0","0","0","","","0","","2","","40 19:57.181","3","0","79 59:55.928","0","0","0","0","2219","0","0","0","N","0","0","0","3","02219","0","","2.0","","1","N","N","","1","","0","0","0","","0","N","","1","0","0","0","0","0","0","2","0","1","","","","N","","","","","","","","","",""
"2011078905","","0","0","0","0","0","0","0","0","0","4","0","","02","7","2011","6","40.530126","-80.018093","","11","0","0","0","0","0","1","0","1","","0","0","0","","","0","","2","","40 31:48.454","","0","80 01:05.136","0","0","0","0","2116","0","0","0","N","0","0","0","2","02116","0","","1.0","","1","N","N","","1","","0","0","0","","2","","","2","0","1","0","0","0","0","2","1","2","","","","N","","","","","","","","","",""
"2011084192","","2","0","0","0","0","0","0","0","0","4","0","","02","8","2011","7","40.385399","-79.821905","","11","0","0","0","0","0","0","0","0","","0","0","0","","","0","","2","","40 23:07.436","","0","79 49:18.858","0","0","0","0","2111","0","0","0","N","0","0","0","5","02111","0","","1.0","","1","N","N","","0","","0","0","0","","3","","","2","0","0","0","0","0","0","2","0","2","","","","N","","","","","","","","","",""
"2011078689","","0","0","0","0","0","0","0","0","0","1","0","","02","7","2011","4","40.497088","-79.933836","","11","0","0","0","0","0","0","0","0","2","0","0","0","","","1","","0","","40 29:49.516","1","0","79 56:01.808","4","0","0","0","2461","0","0","0","N","0","0","0","2","68D02","1","","1.0","","1","N","N","","0","","0","0","1","","0","N","","2","1","0","0","0","0","0","2","1","2","","","","N","","","","","","","","","",""
"2011079493","","0","0","0","0","0","0","0","0","0","8","0","","02","8","2011","2","40.373443","-80.048838","","11","0","1","0","0","0","0","0","0","","0","0","0","","","1","","3","","40 22:24.396","","0","80 02:55.817","8","0","0","0","2109","1","0","0","N","1","0","0","2","02109","0","","1.0","","1","N","N","","0","","0","0","1","","2","","","2","1","0","0","0","1","0","2","0","1","","","","N","","","","","","","","","",""
"2011078843","","2","0","0","0","0","0","0","0","0","1","0","","02","6","2011","7","40.437802","-79.863486","","11","0","1","0","0","0","0","0","0","1","0","0","0","","","1","","0","","40 26:16.087","3","0","79 51:48.548","4","0","0","0","2478","0","0","0","N","0","0","0","4","68B03","1","","1.0","","9","N","N","","0","","0","0","0","","0","N","","2","1","1","0","0","0","0","2","0","2","","","","N","","","","","","","","","",""
"2011084193","","2","0","0","0","0","0","0","0","0","1","0","","02","8","2011","7","40.463927","-79.851644","","11","0","0","0","0","0","0","0","0","2","0","0","0","","","0","","0","","40 27:50.138","3","0","79 51:05.919","0","0","0","0","2113","0","0","0","N","0","0","0","4","02113","0","","1.0","","1","N","N","","0","","0","0","0","","0","N","","2","0","0","0","0","0","0","2","0","2","","","","N","","","","","","","","","",""
"2011079509","","0","0","0","0","0","0","0","0","0","4","1","","02","8","2011","4","40.344774","-79.961234","","11","0","0","0","0","0","0","0","0","1","0","1","0","","","0","","1","","40 20:41.186","4","0","79 57:40.443","0","0","0","0","2473","0","0","0","N","0","0","0","3","02473","0","","1.0","","1","N","N","","0","","0","0","1","","3","N","","2","0","0","0","0","0","0","2","0","2","","","","N","","","","","","","","","",""
"2011078844","","0","0","0","0","0","0","0","0","0","4","1","","02","7","2011","6","40.433936","-80.142929","","11","0","0","0","0","0","0","0","0","","0","1","0","","","1","","0","","40 26:02.168","","0","80 08:34.543","4","0","0","0","2115","0","0","0","N","0","0","0","2","68B03","1","","1.0","","1","N","N","","0","","0","0","1","","0","","","2","1","0","0","0","0","0","2","0","2","","","","N","","","","","","","","","",""
"2011077395","","1","0","0","0","0","0","0","0","0","8","0","","02","8","2011","2","40.428856","-79.980549","","11","0","0","0","0","0","0","0","0","1","0","0","0","","","1","","0","","40 25:43.881","5","0","79 58:49.977","8","0","0","0","2301","1","0","0","N","1","0","0","1","02301","0","","1.0","","1","N","N","","0","","0","0","0","","0","N","","2","1","0","0","0","1","0","2","0","1","","","","N","","","","","","","","","",""
"2011085691","","1","0","0","0","0","0","0","0","0","7","0","","02","8","2011","5","40.381628","-80.008278","","11","0","0","0","0","0","0","1","0","1","0","0","0","","","0","","0","","40 22:53.860","5","0","80 00:29.800","0","0","0","0","2301","0","0","0","N","0","0","0","2","02301","0","","1.0","","1","N","N","","0","","0","0","0","","0","N","","1","0","0","0","0","0","0","2","0","1","","","","N","","","","","","","","","",""
"2011077956","","1","0","0","0","0","0","0","0","0","7","0","","02","7","2011","5","","","","11","0","0","0","0","0","0","0","0","1","0","0","0","","","0","","0","","","1","0","","0","0","0","0","2115","0","0","0","N","0","0","0","1","02115","0","","2.0","","1","N","N","","0","","0","0","0","","0","N","","1","0","0","0","0","0","0","1","0","1","","","","N","","","","","","","","","",""
"2011078846","","1","0","0","0","0","0","0","0","0","1","0","","02","8","2011","6","40.418816","-80.053255","","11","0","0","0","0","0","0","0","0","3","0","0","0","","","0","","0","","40 25:07.739","3","0","80 03:11.719","0","0","0","0","2435","0","0","0","N","0","0","0","2","68B03","0","","1.0","","1","N","N","","0","","0","0","0","","0","N","","2","0","0","0","0","0","0","2","1","2","","","","N","","","","","","","","","",""
"2011077397","","1","0","0","0","0","0","0","0","0","1","0","","02","8","2011","2","40.497246","-79.978004","","11","1","1","0","0","0","0","0","0","1","0","0","0","","","1","","0","","40 29:50.087","5","0","79 58:40.813","8","0","0","0","2118","0","0","0","N","0","0","0","3","02118","0","","1.0","","1","N","N","","0","","0","0","1","","0","Y","","3","1","0","0","0","1","0","2","1","3","","","","N","","","","","","","","","",""
"2011077466","","0","0","0","0","0","0","0","0","0","7","0","","02","8","2011","3","40.392976","-80.196357","","11","0","0","0","0","0","0","0","0","2","0","0","0","","","1","","0","","40 23:34.714","4","0","80 11:46.885","4","0","0","0","2214","0","0","0","N","0","0","0","1","02214","1","","5.0","","1","N","N","","0","","0","0","1","","0","N","","2","1","0","0","0","0","0","2","0","1","","","","N","","","","","","","","","",""
"2011084196","","1","0","0","0","0","0","0","0","0","7","0","90","02","8","2011","7","40.449819","-79.929656","","11","0","0","0","0","1","0","0","0","","0","0","0","","","0","","1","","40 26:59.348","","0","79 55:46.761","0","0","0","0","2301","0","0","0","N","0","0","0","2","02301","0","","1.0","","1","N","N","","0","","0","0","0","","2","","","1","0","0","0","0","0","0","2","0","1","","","N","Y","1","2","","","N","","","Y","",""
"2011085695","","0","0","0","0","0","0","0","0","0","7","0","","02","8","2011","5","40.418873","-79.973301","","11","0","0","0","0","0","0","0","0","1","0","0","0","","","0","","0","","40 25:07.942","5","0","79 58:23.883","9","0","0","0","2301","0","0","0","N","0","0","0","1","02301","0","","5.0","","9","N","N","","0","","0","0","1","","0","Y","","1","0","0","0","0","0","1","2","0","1","","","","N","","","","","","","","","",""
"2011084197","","3","0","0","0","0","0","0","0","0","1","0","","02","8","2011","6","40.326006","-79.793457","","11","0","0","0","0","1","0","1","0","9","0","0","0","","","3","","2","","40 19:33.622","4","0","79 47:36.446","3","0","0","0","2477","0","0","0","N","0","0","0","4","02477","2","","1.0","","1","N","N","","0","","1","0","0","","0","N","","3","3","0","0","0","0","0","2","0","3","","","","N","","","","","","","","","",""
"2011085001","","3","0","0","0","0","0","0","0","0","1","0","","02","8","2011","2","40.335363","-79.851005","","11","0","0","0","0","0","1","1","0","2","0","0","0","","","3","","0","","40 20:07.305","1","0","79 51:03.618","8","0","0","0","2304","0","0","0","N","0","0","0","5","02304","0","","1.0","","1","N","N","","0","","0","0","0","","0","Y","","3","3","0","0","0","3","0","2","0","3","","","","N","","","","","","","","","",""
"2011077399","","0","0","0","0","0","0","0","0","0","2","0","","02","7","2011","3","40.569687","-80.23329","","11","0","0","0","0","0","0","0","0","","0","2","0","","","1","","2","","40 34:10.874","","0","80 13:59.845","4","0","0","0","2103","0","0","0","N","0","0","0","2","02103","1","","1.0","","1","N","N","","0","","0","0","0","","0","","","2","1","0","0","0","0","0","2","0","2","","","","N","","","","","","","","","",""
"2011078913","","0","0","0","0","0","0","0","0","0","7","0","","02","8","2011","1","40.290449","-79.968746","","11","0","1","0","0","0","0","0","0","","0","0","0","","","0","","0","","40 17:25.615","","3","79 58:07.487","0","0","0","0","2219","0","0","0","N","0","0","0","1","02219","0","","2.0","","1","N","N","","0","","0","0","1","","0","","","1","0","0","0","0","0","0","2","0","1","","","","N","","","","","","","","","",""
"2011077468","","1","0","0","0","0","0","0","0","0","7","0","","02","7","2011","2","40.495415","-79.979776","","11","0","0","0","0","0","0","1","0","1","0","0","0","","","1","","0","","40 29:43.493","4","0","79 58:47.195","4","0","0","0","2118","0","0","0","N","0","0","0","1","02118","1","","5.0","","1","N","N","","0","","0","0","0","","0","Y","","1","1","0","0","0","0","0","2","0","1","","","","N","","","","","","","","","",""
"2011079713","","1","0","0","0","0","0","0","0","0","0","0","","02","8","2011","3","40.467622","-79.92818","","11","0","0","0","0","0","0","0","0","1","0","0","0","","","0","","2","","40 28:03.439","4","0","79 55:41.448","0","0","0","0","2301","0","0","0","N","0","0","0","1","02301","0","","1.0","","1","N","N","","0","","0","0","0","","2","N","","1","0","0","0","0","0","0","2","0","1","","","","N","","","","","","","","","",""
"2011085004","","1","0","0","0","0","0","0","0","0","4","0","","02","8","2011","2","40.477749","-79.968255","","11","0","0","0","0","0","0","1","0","1","0","0","0","","","1","","7","","40 28:39.896","1","2","79 58:05.719","4","0","0","0","2445","0","0","0","N","0","0","0","2","02445","1","","1.0","","1","N","N","","0","","0","0","0","","3","Y","","2","1","0","0","0","0","0","2","1","2","","","","N","","","","","","","","","",""
"2011077402","","3","0","0","0","0","0","0","0","0","1","0","","02","8","2011","2","40.390764","-80.074137","","11","0","0","1","0","0","0","0","0","1","0","0","0","","","0","","0","","40 23:26.751","4","0","80 04:26.894","9","0","0","0","2117","0","0","0","N","0","0","0","3","02117","0","","1.0","","1","N","N","","0","","0","0","0","","2","N","","3","0","0","0","0","0","2","2","0","3","","","","N","","","","","","","","","",""
"2011077473","","2","0","0","0","0","0","0","0","0","1","0","","02","8","2011","2","40.454435","-79.911854","","11","0","0","0","0","1","1","0","0","","0","0","0","","","2","","2","","40 27:15.965","","0","79 54:42.676","4","0","0","0","2301","0","0","0","N","0","0","0","3","02301","2","","1.0","","1","N","N","","0","","0","0","0","","3","","","2","2","0","0","0","0","0","2","0","2","","","","N","","","","","","","","","",""
"2011078933","","1","0","0","0","0","0","0","0","0","4","0","","02","5","2011","4","40.415107","-80.083665","","11","0","0","0","0","0","2","0","0","","0","0","0","","","0","","6","","40 24:54.385","","2","80 05:01.195","0","0","0","0","2415","0","0","0","N","0","0","0","2","68B03","0","","1.0","","1","N","N","","1","","0","0","0","","4","","","2","0","0","0","0","0","0","2","0","2","","","","N","","","","","","","","","",""
"2011085008","","1","0","0","0","0","0","0","0","0","7","0","","02","8","2011","3","40.456278","-79.823002","","11","0","0","0","0","0","0","0","0","","0","0","0","","","1","","0","","40 27:22.602","","0","79 49:22.808","4","0","0","0","2113","0","0","0","N","0","0","0","1","02113","1","","5.0","","1","N","N","","0","","0","0","0","","0","","","1","1","0","0","0","0","0","2","0","1","","","","N","","","","","","","","","",""
"2011077952","","1","0","0","0","0","0","0","0","0","4","0","","02","8","2011","4","40.438863","-79.762579","","11","0","0","0","0","0","0","0","0","1","0","0","0","","","0","","1","","40 26:19.908","3","0","79 45:45.284","0","0","0","0","2446","0","0","0","N","0","0","0","2","02446","0","","1.0","","9","N","N","","0","","0","0","1","","2","N","","2","0","0","0","0","0","0","2","0","2","","","","N","","","","","","","","","",""
"2011078920","","1","0","0","0","0","0","0","0","0","7","0","","02","8","2011","3","40.349443","-79.934029","","11","0","0","0","0","0","0","0","0","2","0","0","0","","","0","","0","","40 20:57.996","3","0","79 56:02.506","0","0","0","0","2473","0","0","0","N","0","0","0","1","02473","0","","2.0","","1","N","N","","0","","0","0","0","","0","Y","","1","0","0","0","0","0","0","2","0","1","","","","N","","","","","","","","","",""
"2011077407","","2","0","0","0","0","0","0","0","0","4","0","","02","8","2011","2","40.442442","-80.00323","","11","0","0","0","0","0","0","0","0","","0","0","0","","","0","","1","","40 26:32.791","","0","80 00:11.628","0","0","0","0","2301","0","0","0","N","0","0","0","3","02301","0","","1.0","","1","N","N","","0","","0","0","0","","2","","","2","0","0","0","0","0","0","2","0","2","","","","N","","","","","","","","","",""
"2011078921","","2","0","0","0","0","0","0","0","0","6","0","","02","8","2011","1","40.444687","-79.978135","","11","0","0","0","0","0","1","0","0","","0","0","0","","","0","","0","","40 26:40.873","","0","79 58:41.286","0","0","0","0","2301","0","0","0","N","0","0","0","1","02301","0","","1.0","","9","N","N","","0","","0","0","0","","0","","","2","0","0","0","0","0","0","2","0","2","","","","N","","","","","","","","","",""
"2011085389","","1","0","0","0","0","0","0","0","0","1","0","","02","8","2011","4","40.471228","-79.80782","","11","0","0","0","0","0","1","0","0","","0","0","0","","","1","","0","","40 28:16.420","","7","79 48:28.152","3","0","0","0","2113","0","0","0","N","0","0","0","1","02113","0","","6.0","","1","N","N","","0","","1","0","1","","0","","","2","1","0","0","0","0","0","2","0","2","","","","N","","","","","","","","","",""
"2011084366","","2","0","0","0","0","0","0","0","0","1","0","","02","8","2011","1","40.343978","-79.971538","","11","0","0","0","0","0","0","0","0","","0","0","0","","","1","","2","","40 20:38.320","","0","79 58:17.536","4","0","0","0","2403","0","0","0","N","0","0","0","4","02403","1","","1.0","","1","N","N","","0","","0","0","0","","2","","","2","1","0","0","0","0","0","2","0","2","","","","N","","","","","","","","","",""
"2011085920","","2","0","0","0","0","0","0","0","0","1","0","","02","8","2011","3","40.566187","-80.038019","","11","0","0","0","1","0","0","0","0","","0","0","0","","","1","","2","","40 33:58.272","","0","80 02:16.867","8","0","0","0","2108","0","0","0","N","0","0","0","2","02108","0","","1.0","","1","N","N","","0","","0","0","0","","2","","","2","1","0","0","0","1","0","2","0","2","","","","N","","","","","","","","","",""
"2011085310","","1","0","0","0","0","0","0","0","0","0","0","","02","8","2011","3","40.453135","-79.754618","","11","0","0","0","0","0","0","0","0","1","0","0","0","","","0","","0","","40 27:11.287","3","0","79 45:16.625","0","0","0","0","2446","0","0","0","N","0","0","0","3","68T02","0","","2.0","","1","N","N","","0","","0","0","0","","0","N","","1","0","0","0","0","0","0","2","0","1","","","","N","","","","","","","","","",""
"2011085166","","2","0","0","0","0","0","0","0","0","1","0","","02","8","2011","3","40.462536","-79.927795","","11","0","0","0","0","0","0","0","0","","0","0","0","","","0","","0","","40 27:45.128","","0","79 55:40.061","0","0","0","0","2301","0","0","0","N","0","0","0","3","02301","0","","1.0","","1","N","N","","0","","0","0","1","","2","","","3","0","0","0","0","0","0","2","0","3","","","","N","","","","","","","","","",""
"2011085180","","1","0","0","0","0","0","0","0","0","7","0","","02","8","2011","5","40.466146","-79.867525","","11","0","0","0","0","0","0","0","1","3","0","0","0","","","2","","0","","40 27:58.125","6","0","79 52:03.090","8","0","0","0","2113","0","0","0","N","0","0","0","2","02113","0","","5.0","","1","N","N","","0","","0","0","0","","0","Y","","1","2","0","0","0","2","0","2","0","1","","","","N","","","","","","","","","",""