"CRN","ARRIVAL_TM","AUTOMOBILE_COUNT","BELTED_DEATH_COUNT","BELTED_SUSP_SERIOUS_INJ_COUNT","BICYCLE_COUNT","BICYCLE_DEATH_COUNT","BICYCLE_SUSP_SERIOUS_INJ_COUNT","BUS_COUNT","CHLDPAS_DEATH_COUNT","CHLDPAS_SUSP_SERIOUS_INJ_COUNT","COLLISION_TYPE","COMM_VEH_COUNT","CONS_ZONE_SPD_LIM","COUNTY","CRASH_MONTH","CRASH_YEAR","DAY_OF_WEEK","DEC_LATITUDE","DEC_LONGITUDE","DISPATCH_TM","DISTRICT","DRIVER_COUNT_16YR","DRIVER_COUNT_17YR","DRIVER_COUNT_18YR","DRIVER_COUNT_19YR","DRIVER_COUNT_20YR","DRIVER_COUNT_50_64YR","DRIVER_COUNT_65_74YR","DRIVER_COUNT_75PLUS","EST_HRS_CLOSED","FATAL_COUNT","HEAVY_TRUCK_COUNT","HORSE_BUGGY_COUNT","HOUR_OF_DAY","ILLUMINATION","INJURY_COUNT","INTERSECTION_RELATED","INTERSECT_TYPE","LANE_CLOSED","LATITUDE","LN_CLOSE_DIR","LOCATION_TYPE","LONGITUDE","MAX_SEVERITY_LEVEL","MCYCLE_DEATH_COUNT","MCYCLE_SUSP_SERIOUS_INJ_COUNT","MOTORCYCLE_COUNT","MUNICIPALITY","NONMOTR_COUNT","NONMOTR_DEATH_COUNT","NONMOTR_SUSP_SERIOUS_INJ_COUNT","NTFY_HIWY_MAINT","PED_COUNT","PED_DEATH_COUNT","PED_SUSP_SERIOUS_INJ_COUNT","PERSON_COUNT","POLICE_AGCY","POSSIBLE_INJ_COUNT","RDWY_SURF_TYPE_CD","RELATION_TO_ROAD","ROADWAY_CLEARED","ROAD_CONDITION","SCH_BUS_IND","SCH_ZONE_IND","SECONDARY_CRASH","SMALL_TRUCK_COUNT","SPEC_JURIS_CD","SUSP_MINOR_INJ_COUNT","SUSP_SERIOUS_INJ_COUNT","SUV_COUNT","TCD_FUNC_CD","TCD_TYPE","TFC_DETOUR_IND","TIME_OF_DAY","TOTAL_UNITS","TOT_INJ_COUNT","UNBELTED_OCC_COUNT","UNB_DEATH_COUNT","UNB_SUSP_SERIOUS_INJ_COUNT","UNK_INJ_DEG_COUNT","UNK_INJ_PER_COUNT","URBAN_RURAL","VAN_COUNT","VEHICLE_COUNT","WEATHER1","WEATHER2","WORKERS_PRES","WORK_ZONE_IND","WORK_ZONE_LOC","WORK_ZONE_TYPE","WZ_CLOSE_DETOUR","WZ_FLAGGER","WZ_LAW_OFFCR_IND","WZ_LN_CLOSURE","WZ_MOVING","WZ_OTHER","WZ_SHLDER_MDN","WZ_WORKERS_INJ_KILLED"
"2011084509","","0","0","0","0","0","0","0","0","0","0","0","","02","8","2011","5","40.368229","-79.947616","","11","0","0","0","0","0","0","0","0","","0","0","0","","","1","","0","","40 22:05.625","","0","79 56:51.417","3","0","0","1","2473","0","0","0","N","0","0","0","1","02473","0","","1.0","","1","N","N","","0","","1","0","0","","0","","","1","1","0","0","0","0","0","2","0","1","","","","N","","","","","","","","","",""
"2011084510","","0","0","0","0","0","0","0","0","0","4","0","","02","8","2011","1","40.451508","-80.018919","","11","0","0","0","0","0","0","0","0","1","0","0","0","","","1","","1","","40 27:05.428","3","0","80 01:08.107","8","0","0","0","2301","0","0","0","N","0","0","0","2","02301","0","","1.0","","1","N","N","","0","","0","0","1","","2","N","","2","1","1","0","0","1","0","2","1","2","","","","N","","","","","","","","","",""
"2011085312","","1","0","0","0","0","0","0","0","0","0","0","","02","8","2011","2","40.299746","-79.84333","","11","0","0","1","0","0","0","0","0","","0","0","0","","","1","","0","","40 17:59.087","","0","79 50:35.989","4","0","0","0","2443","0","0","0","N","0","0","0","1","02443","1","","2.0","","3","N","N","","0","","0","0","0","","0","","","1","1","1","0","0","0","0","1","0","1","","","","N","","","","","","","","","",""
"2011083763","","0","0","0","0","0","0","0","0","0","7","0","","02","8","2011","6","40.423244","-79.997467","","11","0","0","0","0","0","0","0","0","1","0","0","0","","","0","","2","","40 25:23.678","4","0","79 59:50.881","9","0","0","0","2301","0","0","0","N","0","0","0","1","02301","0","","5.0","","1","N","N","","0","","0","0","1","","0","N","","1","0","0","0","0","0","1","2","0","1","","","","N","","","","","","","","","",""
"2011085168","","1","0","0","0","0","0","0","0","0","1","0","","02","8","2011","3","40.489661","-80.018379","","11","0","0","0","0","1","0","0","0","","0","0","0","","","5","","5","","40 29:22.778","","0","80 01:06.165","8","0","0","0","2301","0","0","0","N","0","0","0","7","02301","0","","1.0","","1","N","N","","0","","0","0","1","","2","","","2","5","0","0","0","5","0","2","0","2","","","","N","","","","","","","","","",""
"2011086047","","0","0","0","0","0","0","0","0","0","7","0","","02","8","2011","6","40.430806","-79.996292","","11","0","0","0","0","0","0","0","0","","0","0","0","","","2","","0","","40 25:50.900","","0","79 59:46.650","4","0","0","0","2301","0","0","0","N","0","0","0","2","02301","2","","5.0","","1","N","N","","0","","0","0","1","","0","","","1","2","2","0","0","0","0","2","0","1","","","","N","","","","","","","","","",""
"2011084523","","2","0","0","0","0","0","0","0","0","1","0","","02","8","2011","1","40.360485","-79.90769","","11","0","0","0","0","0","1","0","0","","0","0","0","","","1","","2","","40 21:37.746","","0","79 54:27.685","8","0","0","0","2473","0","0","0","N","0","0","0","3","02473","0","","1.0","","1","N","N","","0","","0","0","0","","2","","","2","1","0","0","0","1","0","2","0","2","","","","N","","","","","","","","","",""
"2011083545","","1","0","0","0","0","0","0","0","0","7","0","35","02","8","2011","4","40.443721","-79.77918","","11","0","0","0","0","0","0","0","0","","0","0","0","","","0","","0","","40 26:37.395","","0","79 46:45.049","0","0","0","0","2446","0","0","0","N","0","0","0","1","68B03","0","","2.0","","1","N","N","","0","","0","0","0","","0","","","1","0","0","0","0","0","0","2","0","1","","","N","Y","2","1","N","N","Y","N","N","N","Y",""
"2011085252","","1","0","0","0","0","0","0","0","0","5","0","","02","8","2011","4","40.499254","-79.863988","","11","0","0","0","0","0","1","0","0","2","0","0","0","","","0","","0","","40 29:57.314","1","0","79 51:50.356","0","0","0","0","2112","0","0","0","N","0","0","0","2","68D02","0","","1.0","","1","N","N","","0","","0","0","1","","0","N","","2","0","0","0","0","0","0","2","0","2","","","","N","","","","","","","","","",""
"2011084512","","1","0","0","0","0","0","0","0","0","4","0","","02","8","2011","2","40.448415","-79.761143","","11","0","0","0","0","0","0","0","0","","0","0","0","","","0","","1","","40 26:54.295","","0","79 45:40.113","0","0","0","0","2446","0","0","0","N","0","0","0","2","02446","0","","1.0","","1","N","N","","0","","0","0","0","","3","","","2","0","0","0","0","0","0","2","1","2","","","","N","","","","","","","","","",""
"2011085314","","1","0","0","0","0","0","0","0","0","4","0","","02","8","2011","3","40.344852","-79.938761","","11","0","0","0","0","0","0","0","0","1","0","0","0","","","3","","0","","40 20:41.467","1","7","79 56:19.541","4","0","0","0","2473","0","0","0","N","0","0","0","4","02473","2","","1.0","","1","N","N","","0","","0","0","1","","2","Y","","2","3","0","0","0","1","0","2","0","2","","","","N","","","","","","","","","",""
"2011083765","","1","0","0","0","0","0","0","0","0","7","0","","02","8","2011","6","40.475614","-79.940081","","11","0","0","0","0","0","1","0","0","","0","0","0","","","0","","0","","40 28:32.210","","0","79 56:24.290","0","0","0","0","2301","0","0","0","N","0","0","0","1","02301","0","","5.0","","9","N","N","","0","","0","0","0","","0","","","1","0","0","0","0","0","0","2","0","1","","","","N","","","","","","","","","",""
"2011085170","","1","0","0","0","0","0","0","0","0","4","0","","02","8","2011","3","40.355826","-80.051757","","11","0","1","0","0","0","0","0","0","","0","0","0","","","0","","0","","40 21:20.972","","0","80 03:06.325","0","0","0","0","2109","0","0","0","N","0","0","0","3","02109","0","","1.0","","1","N","N","","0","","0","0","0","","0","","","2","0","0","0","0","0","0","2","1","2","","","","N","","","","","","","","","",""
"2011083623","","1","1","0","0","0","0","0","0","0","4","0","","02","8","2011","5","40.449156","-79.762252","","11","0","0","0","0","0","0","0","1","2","1","0","0","","","1","","1","","40 26:56.961","6","0","79 45:44.107","1","0","0","0","2446","0","0","0","N","0","0","0","3","02446","0","2","1.0","","1","N","N","","1","0","1","0","0","","3","Y","","2","1","1","0","0","0","0","2","0","2","","","","N","","","","","","","","","",""
"2011083754","","2","0","0","0","0","0","0","0","0","4","0","","02","8","2011","6","40.322199","-79.925998","","11","0","0","0","0","0","0","1","0","2","0","0","0","","","2","","2","","40 19:19.915","5","0","79 55:33.594","3","0","0","0","2440","0","0","0","N","0","0","0","3","02440","0","","1.0","","1","N","N","","0","","2","0","0","","3","N","","2","2","0","0","0","0","1","2","0","2","","","","N","","","","","","","","","",""
"2011084525","","1","0","0","0","0","0","0","0","0","99","0","","02","8","2011","2","40.425428","-79.861178","","11","0","0","0","0","0","0","0","0","","0","0","0","","","1","","0","","40 25:31.541","","0","79 51:40.239","4","0","0","0","2449","0","0","0","N","0","0","0","1","02449","1","","1.0","","1","N","N","","0","","0","0","0","","0","","","1","1","0","0","0","0","0","2","0","1","","","","N","","","","","","","","","",""
"2011083610","","0","0","0","0","0","0","0","0","0","1","0","","02","8","2011","5","40.411553","-80.006444","","11","0","0","0","0","1","1","0","0","","0","0","0","","","0","","0","","40 24:41.589","","0","80 00:23.200","0","0","0","0","2301","0","0","0","N","0","0","0","11","02301","0","","1.0","","1","N","N","","1","","0","0","2","","0","","","3","0","0","0","0","0","0","2","0","3","","","","N","","","","","","","","","",""
"2011086052","","1","0","0","0","0","0","0","0","0","99","0","","02","8","2011","6","40.507858","-79.880389","","11","0","0","0","1","0","0","0","0","2","0","0","0","","","1","","0","","40 30:28.290","5","0","79 52:49.400","3","0","0","0","2432","0","0","0","N","0","0","0","1","02432","0","","5.0","","1","N","N","","0","","1","0","0","","0","Y","","1","1","0","0","0","0","0","2","0","1","","","","N","","","","","","","","","",""
"2011084514","","1","0","0","0","0","0","0","0","0","4","0","","02","8","2011","2","40.454112","-79.996601","","11","0","0","0","0","0","0","0","0","2","0","0","0","","","0","","1","","40 27:14.804","3","0","79 59:47.764","0","0","0","0","2301","0","0","0","N","0","0","0","2","02301","0","","1.0","","1","N","N","","0","","0","0","1","","2","Y","","2","0","0","0","0","0","0","2","0","2","","","","N","","","","","","","","","",""
"2011084596","","2","0","0","0","0","0","0","0","0","1","0","35","02","8","2011","2","40.574559","-80.220166","","11","0","0","0","0","0","1","0","0","1","0","0","0","","","1","","0","","40 34:28.411","1","0","80 13:12.598","8","0","0","0","2441","0","0","0","N","0","0","0","3","02441","0","","1.0","","1","N","N","","1","","0","0","0","","2","N","","3","1","0","0","0","1","0","2","0","3","","","N","Y","3","1","","","N","Y","","","",""
"2011085860","","1","0","0","0","0","0","0","0","0","1","0","","02","8","2011","5","40.336457","-79.810091","","11","0","0","0","0","0","0","1","0","1","0","0","0","","","1","","0","","40 20:11.244","1","0","79 48:36.329","4","0","0","0","2477","0","0","0","N","0","0","0","4","02477","1","","1.0","","1","N","N","","0","","0","0","1","","0","N","","2","1","0","0","0","0","0","2","0","2","","","","N","","","","","","","","","",""
"2011084597","","3","0","0","0","0","0","0","0","0","6","0","","02","8","2011","2","40.437655","-79.770029","","11","0","0","0","0","0","1","1","0","1","0","0","0","","","0","","0","","40 26:15.558","1","0","79 46:12.104","0","0","0","0","2446","0","0","0","N","0","0","0","7","02446","0","","1.0","","1","N","N","","1","","0","0","1","","0","Y","","5","0","0","0","0","0","0","2","0","5","","","","N","","","","","","","","","",""
"2011083626","","1","0","0","0","0","0","0","0","0","1","0","","02","8","2011","5","40.425011","-79.750364","","11","0","1","0","0","0","0","0","0","","0","0","0","","","1","","0","","40 25:30.039","","0","79 45:01.310","8","0","0","0","2446","0","0","0","N","0","0","0","4","02446","0","","1.0","","1","N","N","","0","","0","0","1","","0","","","2","1","0","0","0","1","0","2","0","2","","","","N","","","","","","","","","",""
"2011084246","","2","0","0","0","0","0","0","0","0","4","0","","02","8","2011","1","40.456241","-80.002641","","11","0","0","0","0","0","0","0","1","","0","0","0","","","3","","2","","40 27:22.467","","0","80 00:09.507","3","0","0","0","2301","0","0","0","N","0","0","0","3","02301","2","","1.0","","9","N","N","","0","","1","0","0","","2","","","2","3","0","0","0","0","0","2","0","2","","","","N","","","","","","","","","",""
"2011083628","","1","0","0","0","0","0","0","0","0","0","0","90","02","8","2011","5","40.449819","-79.929656","","11","0","0","0","0","0","0","0","1","","0","0","0","","","0","","1","","40 26:59.348","","0","79 55:46.761","0","0","0","0","2301","0","0","0","N","0","0","0","1","02301","0","","1.0","","1","N","N","","0","","0","0","0","","2","","","1","0","0","0","0","0","0","2","0","1","","","Y","Y","2","2","","","Y","","","Y","",""
"2011085335","","2","0","0","0","0","0","0","0","0","4","0","","02","8","2011","4","40.453945","-79.979862","","11","0","0","0","0","1","0","0","0","1","0","0","0","","","1","","2","","40 27:14.202","4","0","79 58:47.503","8","0","0","0","2301","0","0","0","N","0","0","0","2","02301","0","","1.0","","1","N","N","","0","","0","0","0","","3","Y","","2","1","0","0","0","1","0","2","0","2","","","","N","","","","","","","","","",""
"2011085052","","1","0","0","0","0","0","0","0","0","1","0","","02","8","2011","2","40.572138","-80.022267","","11","0","0","0","0","0","1","0","1","","0","0","0","","","0","","3","","40 34:19.695","","0","80 01:20.160","0","0","0","0","2108","0","0","0","N","0","0","0","2","02108","0","","1.0","","1","N","N","","1","","0","0","0","","0","","","2","0","0","0","0","0","0","2","0","2","","","","N","","","","","","","","","",""
"2011085878","","2","0","0","0","0","0","0","0","0","1","0","","02","8","2011","5","40.421569","-80.029724","","11","0","0","0","1","0","0","0","1","1","0","0","0","","","0","","0","","40 25:17.649","2","0","80 01:47.006","0","0","0","0","2301","0","0","0","N","0","0","0","4","02301","0","","1.0","","1","N","N","","0","","0","0","0","","0","N","","2","0","0","0","0","0","0","2","0","2","","","","N","","","","","","","","","",""
"2011085192","","2","0","0","0","0","0","0","0","0","2","0","","02","8","2011","6","40.336945","-79.980632","","11","0","0","0","1","0","0","0","0","1","0","0","0","","","0","","0","","40 20:13.003","5","0","79 58:50.275","0","0","0","0","2403","0","0","0","N","0","0","0","1","02403","0","","1.0","","1","N","N","","0","","0","0","0","","0","N","","2","0","0","0","0","0","0","2","0","2","","","","N","","","","","","","","","",""
"2011085053","","1","0","0","0","0","0","0","0","0","2","0","","02","8","2011","6","40.456438","-80.138333","","11","0","1","0","0","0","0","0","0","1","0","0","0","","","0","","2","","40 27:23.178","4","0","80 08:17.997","0","0","0","0","2115","0","0","0","N","0","0","0","3","02115","0","","1.0","","9","N","N","","0","","0","0","1","","3","N","","2","0","0","0","0","0","0","2","0","2","","","","N","","","","","","","","","",""
"2011085193","","2","0","0","0","0","0","0","0","0","4","0","","02","8","2011","3","40.496131","-79.976872","","11","0","0","0","0","0","0","0","0","","0","0","0","","","0","","1","","40 29:46.072","","0","79 58:36.740","0","0","0","0","2118","0","0","0","N","0","0","0","4","02118","0","","1.0","","1","N","N","","0","","0","0","0","","3","","","2","0","0","0","0","0","0","2","0","2","","","","N","","","","","","","","","",""
"2011084532","","1","0","0","0","0","0","0","0","0","7","0","","02","8","2011","6","40.374258","-80.092312","","11","0","0","0","0","0","0","0","0","2","0","0","0","","","1","","0","","40 22:27.330","2","0","80 05:32.322","8","0","0","0","2117","0","0","0","N","0","0","0","1","02117","0","","4.0","","1","N","N","","0","","0","0","1","","0","N","","2","1","1","0","0","1","0","2","0","2","","","","N","","","","","","","","","",""
"2011084250","","1","0","0","0","0","0","0","0","0","1","0","","02","8","2011","7","40.388633","-79.908062","","11","0","0","0","0","0","1","0","0","1","0","0","0","","","1","","2","","40 23:19.078","5","0","79 54:29.023","4","0","0","0","2448","0","0","0","N","0","0","0","2","02448","1","","1.0","","1","N","N","","0","","0","0","1","","0","Y","","2","1","1","0","0","0","0","2","0","2","","","","N","","","","","","","","","",""
"2011085054","","1","0","0","0","0","0","0","0","0","4","0","","02","8","2011","6","40.505164","-80.222995","","11","0","0","0","0","0","0","1","0","","0","0","0","","","1","","0","","40 30:18.590","","0","80 13:22.781","2","0","1","1","2213","0","0","0","N","0","0","0","2","02213","0","","1.0","","1","N","N","","0","","0","1","0","","0","","","2","1","0","0","0","0","0","2","0","2","","","","N","","","","","","","","","",""
"2011084316","","1","0","0","0","0","0","0","0","0","4","0","","02","8","2011","1","40.463769","-79.801426","","11","0","0","0","0","0","0","0","0","","0","0","0","","","1","","2","","40 27:49.568","","7","79 48:05.133","4","0","0","0","2113","0","0","0","N","0","0","0","3","02113","1","","1.0","","1","N","N","","1","","0","0","0","","3","","","2","1","0","0","0","0","0","2","0","2","","","","N","","","","","","","","","",""
"2011085866","","1","0","0","0","0","0","0","0","0","7","0","","02","8","2011","5","40.408312","-79.890116","","11","0","0","0","0","0","0","1","0","","0","0","0","","","0","","0","","40 24:29.923","","0","79 53:24.417","0","0","0","0","2448","0","0","0","N","0","0","0","1","02448","0","","2.0","","9","N","N","","0","","0","0","0","","0","","","1","0","0","0","0","0","0","2","0","1","","","","N","","","","","","","","","",""
"2011083775","","0","0","0","0","0","0","0","0","0","6","0","","02","8","2011","6","40.667948","-80.024716","","11","0","0","0","0","0","0","0","1","1","0","0","0","","","1","","2","","40 40:04.612","6","0","80 01:28.978","4","0","0","0","2216","0","0","0","N","0","0","0","2","02505","1","","1.0","","1","N","N","","1","","0","0","0","","0","Y","","2","1","0","0","0","0","0","2","1","2","","","","N","","","","","","","","","",""
"2011084533","","2","0","0","0","0","0","0","0","0","5","0","","02","8","2011","2","40.477567","-80.031605","","11","0","0","0","0","0","1","0","0","1","0","0","0","","","0","","0","","40 28:39.241","2","0","80 01:53.778","0","0","0","0","2301","0","0","0","N","0","0","0","1","02301","0","","1.0","","1","N","N","","0","","0","0","1","","0","Y","","3","0","0","0","0","0","0","2","0","3","","","","N","","","","","","","","","",""
"2011084603","","1","0","0","0","0","0","0","0","0","1","0","","02","8","2011","2","40.389811","-79.868398","","11","0","0","0","0","0","1","0","0","1","0","0","0","","","1","","0","","40 23:23.319","1","0","79 52:06.234","4","0","0","0","2473","0","0","0","N","0","0","0","6","02473","1","","1.0","","1","N","N","","0","","0","0","1","","0","N","","2","1","1","0","0","0","0","2","0","2","","","","N","","","","","","","","","",""
"2011083486","","1","0","0","0","0","0","0","0","0","4","0","","02","8","2011","5","40.451989","-80.133306","","11","0","0","1","0","0","0","0","0","","0","0","0","","","1","","1","","40 27:07.162","","0","80 07:59.901","4","0","0","0","2115","0","0","0","N","0","0","0","3","02115","1","","1.0","","1","N","N","","0","","0","0","0","","2","","","2","1","0","0","0","0","0","2","1","2","","","","N","","","","","","","","","",""
"2011085806","","2","0","0","0","0","0","0","0","0","1","0","","02","8","2011","4","40.343024","-79.969026","","11","0","0","0","0","0","1","0","0","1","0","0","0","","","1","","0","","40 20:34.888","2","0","79 58:08.492","4","0","0","0","2403","0","0","0","N","0","0","0","2","02403","1","","1.0","","1","N","N","","0","","0","0","0","","2","N","","2","1","0","0","0","0","0","2","0","2","","","","N","","","","","","","","","",""
"2011083619","","2","0","0","0","0","0","0","0","0","4","0","","02","8","2011","4","40.664962","-80.100901","","11","0","0","0","0","0","1","0","0","1","0","0","0","","","0","","2","","40 39:53.863","5","0","80 06:03.243","0","0","0","0","2212","0","0","0","N","0","0","0","2","02505","0","","1.0","","1","N","N","","0","","0","0","0","","3","N","","2","0","0","0","0","0","0","2","0","2","","","","N","","","","","","","","","",""
"2011085197","","1","0","0","0","0","0","0","0","0","7","0","","02","8","2011","1","40.298618","-79.865638","","11","0","0","0","0","0","0","0","1","1","0","0","0","","","1","","0","","40 17:55.026","6","0","79 51:56.297","4","0","0","0","2443","0","0","0","N","0","0","0","2","02443","1","","2.0","","1","N","N","","0","","0","0","0","","0","Y","","1","1","0","0","0","0","0","1","0","1","","","","N","","","","","","","","","",""
"2011084534","","1","0","1","0","0","0","0","0","0","7","0","","02","8","2011","4","40.387318","-79.799345","","11","0","0","0","0","0","1","0","0","3","0","0","0","","","2","","10","","40 23:14.344","5","0","79 47:57.642","2","0","0","0","2424","0","0","0","N","0","0","0","2","02424","0","","5.0","","1","N","N","","0","","1","1","1","","0","Y","","2","2","0","0","0","0","0","2","0","2","","","","N","","","","","","","","","",""
"2011083096","","0","0","0","0","0","0","0","0","0","1","1","","02","8","2011","3","40.419897","-80.050881","","11","0","0","0","0","0","1","0","0","","0","1","0","","","1","","0","","40 25:11.630","","0","80 03:03.170","4","0","0","0","2435","0","0","0","N","0","0","0","2","68B03","1","","1.0","","1","N","N","","0","","0","0","0","","0","","","2","1","0","0","0","0","0","2","1","2","","","","N","","","","","","","","","",""
"2011085807","","1","0","0","0","0","0","0","0","0","1","0","","02","8","2011","1","40.354168","-79.911984","","11","0","0","0","0","0","0","2","0","","0","0","0","","","0","","2","","40 21:15.004","","0","79 54:43.142","0","0","0","0","2473","0","0","0","N","0","0","0","2","02473","0","","1.0","","1","N","N","","0","","0","0","1","","0","","","2","0","0","0","0","0","0","2","0","2","","","","N","","","","","","","","","",""
"2011084318","","1","0","0","0","0","0","0","0","0","0","0","","02","8","2011","1","40.463471","-79.930682","","11","0","0","0","0","0","0","0","0","","0","0","0","","","0","","1","","40 27:48.495","","0","79 55:50.455","0","0","0","0","2301","0","0","0","N","0","0","0","2","02301","0","","1.0","","3","N","N","","0","","0","0","0","","2","","","1","0","0","0","0","0","0","2","0","1","","","","N","","","","","","","","","",""
"2011084536","","0","0","0","0","0","0","0","0","0","4","0","","02","8","2011","2","40.457069","-80.029356","","11","0","0","0","0","0","2","0","0","","0","0","0","","","0","","2","","40 27:25.447","","0","80 01:45.683","0","0","0","0","2301","0","0","0","N","0","0","0","2","02301","0","","1.0","","1","N","N","","0","","0","0","0","","0","","","2","0","0","0","0","0","0","2","2","2","","","","N","","","","","","","","","",""
"2011083097","","1","0","0","0","0","0","0","0","0","1","0","","02","8","2011","4","40.428165","-79.890615","","11","0","0","0","0","0","1","0","0","","0","0","0","","","1","","6","","40 25:41.395","","2","79 53:26.215","4","0","0","0","2426","0","0","0","N","0","0","0","5","68B03","1","","1.0","","1","N","N","","1","","0","0","0","","4","","","2","1","1","0","0","0","0","2","0","2","","","","N","","","","","","","","","",""
"2011083634","","2","0","0","0","0","0","0","0","0","5","0","","02","8","2011","5","40.483524","-79.819424","","11","0","0","0","0","0","0","0","0","1","0","0","0","","","1","","0","","40 29:00.685","4","0","79 49:09.926","3","0","0","0","2113","0","0","0","N","0","0","0","3","02113","0","","2.0","","1","N","N","","0","","1","0","0","","0","N","","2","1","0","0","0","0","1","2","0","2","","","","N","","","","","","","","","",""
"2011086063","","2","0","0","0","0","0","0","0","0","1","1","","02","8","2011","6","40.427793","-79.890467","","11","0","0","0","0","0","0","0","0","","0","1","0","","","2","","0","","40 25:40.054","","0","79 53:25.681","4","0","0","0","2426","0","0","0","N","0","0","0","4","68B03","2","","1.0","","9","N","N","","0","","0","0","0","","0","","","3","2","0","0","0","0","0","2","0","3","","","","N","","","","","","","","","",""
"2011084607","","0","0","0","0","0","0","0","0","0","4","0","","02","8","2011","7","40.572128","-80.023504","","11","0","0","0","1","0","0","0","0","","0","0","0","","","0","","1","","40 34:19.660","","0","80 01:24.616","0","0","0","0","2108","0","0","0","N","0","0","0","4","02108","0","","1.0","","1","N","N","","0","","0","0","2","","2","","","2","0","0","0","0","0","0","2","0","2","","","","N","","","","","","","","","",""
"2011085809","","2","0","0","0","0","0","0","0","0","4","0","","02","8","2011","5","40.3039","-79.9326","","11","0","0","0","0","0","0","0","0","2","0","0","0","","","1","","2","","40 18:14.040","1","0","79 55:57.360","8","0","0","0","2301","0","0","0","N","0","0","0","2","02440","0","","1.0","","9","N","N","","0","","0","0","0","","2","N","","2","1","0","0","0","1","0","2","0","2","","","","N","","","","","","","","","",""
"2011084608","","1","0","0","0","0","0","0","0","0","1","0","","02","8","2011","6","40.451013","-80.138074","","11","0","0","0","0","0","0","0","0","1","0","0","0","","","1","","2","","40 27:03.645","4","0","80 08:17.067","4","0","0","0","2115","0","0","0","N","0","0","0","3","02115","1","","1.0","","9","N","N","","0","","0","0","1","","0","N","","3","1","0","0","0","0","0","2","1","3","","","","N","","","","","","","","","",""
"2011085810","","2","0","0","0","0","0","0","0","0","4","0","","02","8","2011","5","40.415667","-79.972782","","11","0","0","0","0","0","0","0","0","","0","0","0","","","0","","2","","40 24:56.401","","0","79 58:22.015","0","0","0","0","2301","0","0","0","N","0","0","0","2","02301","0","","1.0","","9","N","N","","0","","0","0","0","","0","","","2","0","0","0","0","0","0","2","0","2","","","","N","","","","","","","","","",""
"2011084336","","1","0","0","0","0","0","0","0","0","0","0","90","02","8","2011","1","40.449819","-79.929656","","11","0","0","0","0","0","0","0","0","","0","0","0","","","0","","1","","40 26:59.348","","0","79 55:46.761","0","0","0","0","2301","0","0","0","N","0","0","0","1","02301","0","","1.0","","9","N","N","","0","","0","0","0","","2","","","1","0","0","0","0","0","0","2","0","1","","","N","Y","1","1","","","N","","","Y","",""
"2011083847","","0","0","0","0","0","0","0","0","0","0","0","","02","8","2011","3","40.419","-80.052874","","11","0","0","0","0","0","0","0","0","1","0","0","0","","","1","","0","","40 25:08.399","4","0","80 03:10.347","4","0","0","1","2435","0","0","0","N","0","0","0","1","68B03","1","","1.0","","1","N","N","","0","","0","0","0","","0","N","","1","1","0","0","0","0","0","2","0","1","","","","N","","","","","","","","","",""
"2011084609","","2","0","0","0","0","0","0","0","0","4","0","","02","8","2011","6","40.452117","-80.1145","","11","0","0","0","0","0","0","0","0","","0","0","0","","","0","","0","","40 27:07.620","","0","80 06:52.200","0","0","0","0","2115","0","0","0","N","0","0","0","2","02115","0","","1.0","","9","N","N","","0","","0","0","0","","0","","","2","0","0","0","0","0","0","2","0","2","","","","N","","","","","","","","","",""
"2011083848","","3","0","0","0","0","0","0","0","0","1","0","","02","8","2011","5","40.441687","-79.857819","","11","0","0","0","1","1","0","0","0","","0","0","0","","","0","","0","","40 26:30.073","","0","79 51:28.148","0","0","0","0","2419","0","0","0","N","0","0","0","5","68B03","0","","1.0","","1","N","N","","0","","0","0","0","","0","","","3","0","0","0","0","0","0","2","0","3","","","","N","","","","","","","","","",""
"2011084610","","2","0","0","0","0","0","0","0","0","4","0","","02","8","2011","2","40.552415","-79.934734","","11","0","0","0","0","0","0","0","1","2","0","0","0","","","0","","1","","40 33:08.693","5","0","79 56:05.044","0","0","0","0","2209","0","0","0","N","0","0","0","3","02209","0","","1.0","","1","N","N","","0","","0","0","0","","3","Y","","2","0","0","0","0","0","0","2","0","2","","","","N","","","","","","","","","",""
"2011086001","","2","0","0","0","0","0","0","0","0","5","0","","02","8","2011","5","40.462064","-80.030826","","11","0","0","0","0","0","1","0","0","2","0","0","0","","","0","","2","","40 27:43.429","1","0","80 01:50.974","0","0","0","0","2301","0","0","0","N","0","0","0","2","02301","0","","1.0","","1","N","N","","0","","0","0","0","","2","N","","2","0","0","0","0","0","0","2","0","2","","","","N","","","","","","","","","",""
"2011085346","","1","0","0","0","0","0","0","0","0","5","0","","02","8","2011","4","40.350963","-79.864951","","11","0","0","0","0","0","0","0","0","","0","0","0","","","1","","0","","40 21:03.468","","0","79 51:53.823","3","0","0","1","2304","0","0","0","N","0","0","0","2","02304","0","","1.0","","1","N","N","","0","","1","0","0","","0","","","2","1","0","0","0","0","0","2","0","2","","","","N","","","","","","","","","",""
"2011084260","","0","0","0","0","0","0","0","0","0","7","0","","02","8","2011","6","40.381781","-80.021247","","11","0","0","0","0","0","0","0","0","2","0","0","0","","","1","","0","","40 22:54.411","5","0","80 01:16.489","4","0","0","0","2101","0","0","0","N","0","0","0","1","02101","1","","4.0","","1","N","N","","0","","0","0","1","","0","Y","","1","1","0","0","0","0","0","2","0","1","","","","N","","","","","","","","","",""