"CRN","ARRIVAL_TM","AUTOMOBILE_COUNT","BELTED_DEATH_COUNT","BELTED_SUSP_SERIOUS_INJ_COUNT","BICYCLE_COUNT","BICYCLE_DEATH_COUNT","BICYCLE_SUSP_SERIOUS_INJ_COUNT","BUS_COUNT","CHLDPAS_DEATH_COUNT","CHLDPAS_SUSP_SERIOUS_INJ_COUNT","COLLISION_TYPE","COMM_VEH_COUNT","CONS_ZONE_SPD_LIM","COUNTY","CRASH_MONTH","CRASH_YEAR","DAY_OF_WEEK","DEC_LATITUDE","DEC_LONGITUDE","DISPATCH_TM","DISTRICT","DRIVER_COUNT_16YR","DRIVER_COUNT_17YR","DRIVER_COUNT_18YR","DRIVER_COUNT_19YR","DRIVER_COUNT_20YR","DRIVER_COUNT_50_64YR","DRIVER_COUNT_65_74YR","DRIVER_COUNT_75PLUS","EST_HRS_CLOSED","FATAL_COUNT","HEAVY_TRUCK_COUNT","HORSE_BUGGY_COUNT","HOUR_OF_DAY","ILLUMINATION","INJURY_COUNT","INTERSECTION_RELATED","INTERSECT_TYPE","LANE_CLOSED","LATITUDE","LN_CLOSE_DIR","LOCATION_TYPE","LONGITUDE","MAX_SEVERITY_LEVEL","MCYCLE_DEATH_COUNT","MCYCLE_SUSP_SERIOUS_INJ_COUNT","MOTORCYCLE_COUNT","MUNICIPALITY","NONMOTR_COUNT","NONMOTR_DEATH_COUNT","NONMOTR_SUSP_SERIOUS_INJ_COUNT","NTFY_HIWY_MAINT","PED_COUNT","PED_DEATH_COUNT","PED_SUSP_SERIOUS_INJ_COUNT","PERSON_COUNT","POLICE_AGCY","POSSIBLE_INJ_COUNT","RDWY_SURF_TYPE_CD","RELATION_TO_ROAD","ROADWAY_CLEARED","ROAD_CONDITION","SCH_BUS_IND","SCH_ZONE_IND","SECONDARY_CRASH","SMALL_TRUCK_COUNT","SPEC_JURIS_CD","SUSP_MINOR_INJ_COUNT","SUSP_SERIOUS_INJ_COUNT","SUV_COUNT","TCD_FUNC_CD","TCD_TYPE","TFC_DETOUR_IND","TIME_OF_DAY","TOTAL_UNITS","TOT_INJ_COUNT","UNBELTED_OCC_COUNT","UNB_DEATH_COUNT","UNB_SUSP_SERIOUS_INJ_COUNT","UNK_INJ_DEG_COUNT","UNK_INJ_PER_COUNT","URBAN_RURAL","VAN_COUNT","VEHICLE_COUNT","WEATHER1","WEATHER2","WORKERS_PRES","WORK_ZONE_IND","WORK_ZONE_LOC","WORK_ZONE_TYPE","WZ_CLOSE_DETOUR","WZ_FLAGGER","WZ_LAW_OFFCR_IND","WZ_LN_CLOSURE","WZ_MOVING","WZ_OTHER","WZ_SHLDER_MDN","WZ_WORKERS_INJ_KILLED"
"2011085890","","1","0","0","0","0","0","0","0","0","1","0","","02","8","2011","7","40.547396","-80.028725","","11","0","0","0","0","0","1","0","0","","0","0","0","","","1","","0","","40 32:50.625","","0","80 01:43.410","8","0","0","0","2116","0","0","0","N","0","0","0","6","02116","0","","1.0","","1","N","N","","1","","0","0","2","","0","","","4","1","0","0","0","1","2","2","0","4","","","","N","","","","","","","","","",""
"2011083715","","0","0","0","0","0","0","0","0","0","1","0","","02","8","2011","5","40.62678","-80.034011","","11","0","0","0","0","0","1","0","0","","0","0","0","","","0","","2","","40 37:36.407","","0","80 02:02.441","0","0","0","0","2216","0","0","0","N","0","0","0","3","02505","0","","1.0","","1","N","N","","0","","0","0","2","","3","","","2","0","0","0","0","0","0","1","0","2","","","","N","","","","","","","","","",""
"2011083784","","1","0","0","0","0","0","0","0","0","7","0","","02","8","2011","3","40.424741","-79.984765","","11","0","0","0","0","0","0","0","0","2","0","0","0","","","1","","0","","40 25:29.067","5","0","79 59:05.154","3","0","0","0","2301","0","0","0","N","0","0","0","1","02301","0","","2.0","","1","","N","","0","","1","0","0","","0","Y","","1","1","1","0","0","0","0","2","0","1","","","","N","","","","","","","","","",""
"2011084261","","1","0","0","0","0","0","0","0","0","7","0","","02","8","2011","1","40.374547","-80.020748","","11","0","0","0","0","0","0","0","0","","0","0","0","","","1","","0","","40 22:28.369","","0","80 01:14.692","4","0","0","0","2416","0","0","0","N","0","0","0","1","02416","1","","2.0","","1","N","N","","0","","0","0","0","","0","","","1","1","0","0","0","0","0","2","0","1","","","","N","","","","","","","","","",""
"2011085814","","1","0","0","0","0","0","0","0","0","4","0","","02","8","2011","5","40.468128","-79.927861","","11","0","0","0","0","0","0","0","0","","0","0","0","","","0","","2","","40 28:05.260","","0","79 55:40.299","0","0","0","0","2301","0","0","0","N","0","0","0","3","02301","0","","1.0","","9","N","N","","1","","0","0","0","","0","","","2","0","0","0","0","0","0","2","0","2","","","","N","","","","","","","","","",""
"2011084327","","0","0","0","1","0","0","0","0","0","8","0","","02","8","2011","1","40.396931","-79.819651","","11","0","0","0","0","0","0","0","0","1","0","0","0","","","1","","1","","40 23:48.951","6","0","79 49:10.742","3","0","0","0","2111","1","0","0","N","0","0","0","3","02111","0","","1.0","","1","N","N","","0","","1","0","1","","3","Y","","2","1","0","0","0","0","0","2","0","1","","","","N","","","","","","","","","",""
"2011083640","","2","0","0","0","0","0","0","0","0","5","0","","02","8","2011","6","40.456848","-79.975654","","11","0","0","1","0","0","0","0","0","","0","0","0","","","4","","1","","40 27:24.652","","0","79 58:32.354","4","0","0","0","2301","0","0","0","N","0","0","0","7","02301","4","","1.0","","1","N","N","","0","","0","0","0","","1","","","2","4","0","0","0","0","0","2","0","2","","","","N","","","","","","","","","",""
"2011085205","","3","0","0","0","0","0","0","0","0","2","0","","02","8","2011","3","40.462137","-79.983989","","11","0","0","0","0","0","0","0","0","1","0","0","0","","","0","","0","","40 27:43.693","6","0","79 59:02.360","0","0","0","0","2301","0","0","0","N","0","0","0","1","02301","0","","1.0","","1","N","N","","0","","0","0","0","","0","Y","","3","0","0","0","0","0","0","2","0","3","","","","N","","","","","","","","","",""
"2011084543","","2","0","0","0","0","0","0","0","0","5","0","","02","8","2011","2","40.437936","-80.004875","","11","0","0","0","0","0","1","0","0","1","0","0","0","","","1","","2","","40 26:16.570","1","0","80 00:17.550","4","0","0","0","2301","0","0","0","N","0","0","0","3","02301","1","","1.0","","1","N","N","","0","","0","0","0","","2","N","","2","1","0","0","0","0","0","2","0","2","","","","N","","","","","","","","","",""
"2011084328","","1","0","0","0","0","0","0","0","0","7","0","","02","8","2011","2","40.4953","-79.9397","","11","0","0","0","0","0","0","0","0","1","0","0","0","","","0","","7","","40 29:43.080","4","2","79 56:22.920","9","0","0","0","2461","0","0","0","N","0","0","0","1","02461","0","","2.0","","1","N","N","","0","","0","0","0","","0","N","","1","0","0","0","0","0","1","2","0","1","","","","N","","","","","","","","","",""
"2011084341","","0","0","0","0","0","0","0","0","0","2","0","","02","8","2011","7","40.397648","-80.106137","","11","0","0","0","0","0","0","0","0","","0","0","0","","","0","","2","","40 23:51.533","","2","80 06:22.093","0","0","0","0","2102","0","0","0","N","0","0","0","2","02102","0","","1.0","","1","N","N","","1","","0","0","1","","3","","","2","0","0","0","0","0","0","2","0","2","","","","N","","","","","","","","","",""
"2011084468","","1","0","0","0","0","0","0","0","0","7","0","","02","8","2011","5","40.54403","-79.823699","","11","0","0","0","0","0","0","0","0","","0","0","0","","","0","","0","","40 32:38.509","","0","79 49:25.316","0","0","0","0","2208","0","0","0","N","0","0","0","1","68T02","0","","2.0","","1","N","N","","0","","0","0","0","","0","","","1","0","0","0","0","0","0","2","0","1","","","","N","","","","","","","","","",""
"2011084342","","1","0","0","0","0","0","0","0","0","7","0","","02","8","2011","1","40.349991","-79.88622","","11","0","0","0","0","0","0","0","0","1","0","0","0","","","0","","0","","40 20:59.967","3","0","79 53:10.392","0","0","0","0","2423","0","0","0","N","0","0","0","1","02304","0","","2.0","","1","N","N","","0","","0","0","0","","0","N","","1","0","0","0","0","0","0","2","0","1","","","","N","","","","","","","","","",""
"2011085894","","1","0","0","0","0","0","0","0","0","4","1","","02","8","2011","5","40.448227","-79.986908","","11","0","0","0","0","0","0","0","0","","0","1","0","","","1","","2","","40 26:53.617","","0","79 59:12.868","8","0","0","0","2301","0","0","0","N","0","0","0","2","02301","0","","1.0","","1","N","N","","0","","0","0","0","","2","","","2","1","0","0","0","1","0","2","0","2","","","","N","","","","","","","","","",""
"2011085830","","2","0","0","0","0","0","0","0","0","1","0","","02","8","2011","5","40.426952","-79.872386","","11","0","0","0","0","0","0","0","0","","0","0","0","","","1","","0","","40 25:37.026","","0","79 52:20.588","4","0","0","0","2411","0","0","0","","0","0","0","3","02411","1","","1.0","","9","N","N","","0","","0","0","0","","0","","","2","1","0","0","0","0","0","2","0","2","","","","N","","","","","","","","","",""
"2011085896","","1","0","0","0","0","0","0","0","0","4","0","","02","8","2011","4","40.541222","-79.788583","","11","1","0","0","0","0","0","0","0","","0","0","0","","","1","","1","","40 32:28.400","","0","79 47:18.898","8","0","0","0","2462","0","0","0","N","0","0","0","3","02462","0","","1.0","","1","N","N","","0","","0","0","1","","3","","","2","1","1","0","0","1","0","2","0","2","","","","N","","","","","","","","","",""
"2011084408","","0","0","0","0","0","0","0","0","0","0","0","","02","8","2011","3","40.41932","-80.052221","","11","0","0","0","0","0","2","0","0","1","0","0","0","","","1","","0","","40 25:09.551","4","0","80 03:07.994","3","0","0","1","2435","0","0","0","N","0","0","0","2","68B03","0","","1.0","","1","N","N","","0","","1","0","1","","0","N","","2","1","0","0","0","0","0","2","0","2","","","","N","","","","","","","","","",""
"2011085943","","0","0","0","0","0","0","0","0","0","4","0","","02","8","2011","5","40.601979","-80.093942","","11","0","0","0","0","0","0","0","0","1","0","0","0","","","2","","0","","40 36:07.123","2","0","80 05:38.191","2","0","0","0","2481","0","0","0","N","0","0","0","2","68B03","1","","1.0","","1","N","N","","0","","0","1","1","","0","N","","2","2","1","0","1","0","0","2","1","2","","","","N","","","","","","","","","",""
"2011084546","","2","0","0","0","0","0","0","0","0","4","0","","02","8","2011","4","40.326018","-79.891428","","11","0","0","0","0","0","0","0","1","1","0","0","0","","","0","","1","","40 19:33.664","2","0","79 53:29.140","0","0","0","0","2433","0","0","0","N","0","0","0","4","02433","0","","1.0","","1","N","N","","0","","0","0","0","","3","Y","","2","0","0","0","0","0","0","2","0","2","","","","N","","","","","","","","","",""
"2011084409","","2","0","0","0","0","0","0","0","0","1","0","","02","8","2011","3","40.44059","-79.831742","","11","0","0","0","1","0","1","0","0","1","0","0","0","","","0","","0","","40 26:26.123","4","0","79 49:54.271","0","0","0","0","2301","0","0","0","N","0","0","0","2","68B03","0","","1.0","","1","N","N","","0","","0","0","0","","0","N","","2","0","1","0","0","0","0","2","0","2","","","","N","","","","","","","","","",""
"2011086009","","1","0","0","0","0","0","0","0","0","8","0","","02","8","2011","5","40.445721","-79.956418","","11","0","0","0","0","0","0","0","0","","0","0","0","","","1","","2","","40 26:44.595","","0","79 57:23.104","8","0","0","0","2301","1","0","0","N","1","0","0","2","02301","0","","1.0","","1","N","N","","0","","0","0","0","","3","","","2","1","0","0","0","1","1","2","0","1","","","","N","","","","","","","","","",""
"2011085944","","2","0","0","0","0","0","0","0","0","1","0","","02","8","2011","5","40.418942","-80.052995","","11","0","0","0","0","0","0","1","0","1","0","0","0","","","1","","0","","40 25:08.190","3","0","80 03:10.782","4","0","0","0","2435","0","0","0","N","0","0","0","2","68B03","1","","1.0","","1","N","N","","0","","0","0","0","","0","N","","2","1","0","0","0","0","0","2","0","2","","","","N","","","","","","","","","",""
"2011084548","","1","0","0","0","0","0","0","0","0","4","0","","02","8","2011","2","40.361074","-79.990953","","11","0","0","0","0","0","0","0","1","1","0","0","0","","","0","","1","","40 21:39.868","4","0","79 59:27.431","0","0","0","0","2476","0","0","0","N","0","0","0","3","02476","0","","1.0","","1","N","N","","0","","0","0","1","","2","N","","2","0","0","0","0","0","0","2","0","2","","","","N","","","","","","","","","",""
"2011084410","","2","0","0","0","0","0","0","0","0","4","1","","02","8","2011","5","40.457093","-80.187206","","11","0","0","0","0","1","0","0","0","","0","1","0","","","0","","0","","40 27:25.533","","0","80 11:13.942","0","0","0","0","2214","0","0","0","N","0","0","0","4","68B03","0","","1.0","","1","N","N","","0","","0","0","0","","0","","","3","0","0","0","0","0","0","2","0","3","","","","N","","","","","","","","","",""
"2011085945","","1","0","0","0","0","0","0","0","0","1","0","","02","8","2011","4","40.449487","-80.003305","","11","0","0","0","0","0","1","0","0","","0","0","0","","","2","","0","","40 26:58.152","","3","80 00:11.897","4","0","0","0","2301","0","0","0","N","0","0","0","2","68B03","2","","1.0","","1","N","N","","0","","0","0","1","","0","","","2","2","0","0","0","0","0","2","0","2","","","","N","","","","","","","","","",""
"2011083791","","1","0","0","0","0","0","0","0","0","4","0","","02","8","2011","1","40.451208","-79.930454","","11","0","0","1","0","0","0","0","0","1","0","0","0","","","0","","1","","40 27:04.348","1","0","79 55:49.634","0","0","0","0","2301","0","0","0","N","0","0","0","3","02301","0","","1.0","","1","N","N","","0","","0","0","0","","3","N","","2","0","0","0","0","0","0","2","1","2","","","","N","","","","","","","","","",""
"2011084346","","6","0","0","0","0","0","0","0","0","3","0","","02","8","2011","5","40.490897","-79.864518","","11","0","0","0","0","0","0","0","1","","0","0","0","","","0","","2","","40 29:27.229","","0","79 51:52.264","9","0","0","0","2408","0","0","0","N","0","0","0","1","02408","0","","1.0","","1","N","N","","0","","0","0","0","","3","","","6","0","0","0","0","0","1","2","0","6","","","","N","","","","","","","","","",""
"2011084411","","0","0","0","0","0","0","0","0","0","4","1","","02","8","2011","7","40.411421","-80.068786","","11","0","0","0","0","0","0","0","0","1","0","1","0","","","1","","0","","40 24:41.114","3","0","80 04:07.628","4","0","0","0","2435","0","0","0","N","0","0","0","3","68B03","1","","1.0","","1","N","N","","0","","0","0","0","","0","N","","2","1","0","0","0","0","0","2","1","2","","","","N","","","","","","","","","",""
"2011085213","","0","0","0","0","0","0","0","0","0","1","0","","02","8","2011","3","40.530531","-79.923604","","11","0","0","0","0","0","0","0","0","3","0","0","0","","","2","","1","","40 31:49.912","7","0","79 55:24.976","3","0","0","2","2112","0","0","0","N","0","0","0","2","02112","1","","1.0","","1","N","N","","0","","1","0","0","","0","Y","","2","2","0","0","0","0","0","2","0","2","","","","N","","","","","","","","","",""
"2011086011","","1","0","0","0","0","0","1","0","0","5","1","","02","8","2011","5","40.487017","-79.894247","","11","0","0","0","0","0","1","0","0","","0","0","0","","","0","","0","","40 29:13.260","","7","79 53:39.289","0","0","0","0","2301","0","0","0","N","0","0","0","2","02503","0","","1.0","","1","N","N","","0","","0","0","0","","3","","","2","0","0","0","0","0","0","2","0","2","","","","N","","","","","","","","","",""
"2011086024","","0","0","0","0","0","0","0","0","0","0","0","","02","8","2011","5","40.435708","-80.265769","","11","0","0","0","0","0","0","0","0","","0","0","0","","","1","","0","","40 26:08.550","","0","80 15:56.770","3","0","0","1","2214","0","0","0","N","0","0","0","1","02214","0","","1.0","","1","N","N","","0","","1","0","0","","0","","","2","1","0","0","0","0","0","2","0","1","","","","N","","","","","","","","","",""
"2011084268","","1","0","0","0","0","0","0","0","0","1","0","","02","8","2011","5","40.449863","-80.00119","","11","0","0","0","0","0","0","0","0","1","0","0","0","","","0","","0","","40 26:59.505","2","0","80 00:04.285","0","0","0","0","2301","0","0","0","N","0","0","0","3","68B03","0","","1.0","","1","N","N","","0","","0","0","1","","0","N","","2","0","0","0","0","0","0","2","0","2","","","","N","","","","","","","","","",""
"2011084347","","2","0","0","0","0","0","0","0","0","1","0","","02","8","2011","1","40.452417","-80.019209","","11","0","0","0","0","0","0","0","0","","0","0","0","","","0","","2","","40 27:08.701","","0","80 01:09.152","0","0","0","0","2301","0","0","0","N","0","0","0","1","02301","0","","4.0","","9","N","N","","0","","0","0","1","","0","","","3","0","0","0","0","0","0","2","0","3","","","","N","","","","","","","","","",""
"2011085215","","0","0","0","0","0","0","0","0","0","4","0","","02","8","2011","4","40.453032","-79.919682","","11","0","0","0","0","0","0","0","0","1","0","0","0","","","2","","2","","40 27:10.915","4","0","79 55:10.855","4","0","0","1","2301","0","0","0","N","0","0","0","2","02301","1","","1.0","","1","N","N","","0","","0","0","1","","3","N","","2","2","0","0","0","1","0","2","0","2","","","","N","","","","","","","","","",""
"2011084552","","1","0","0","0","0","0","0","0","0","4","0","","02","8","2011","2","40.520188","-79.843571","","11","0","0","0","0","0","1","1","0","","0","0","0","","","1","","1","","40 31:12.676","","0","79 50:36.855","4","0","0","0","2451","0","0","0","N","0","0","0","2","02451","1","","1.0","","1","N","N","","0","","0","0","0","","3","","","2","1","0","0","0","0","0","2","1","2","","","","N","","","","","","","","","",""
"2011085370","","1","0","0","0","0","0","0","0","0","4","1","","02","8","2011","4","40.406467","-79.826811","","11","0","0","0","0","0","1","0","1","","0","1","0","","","1","","2","","40 24:23.281","","0","79 49:36.519","8","0","0","0","2467","0","0","0","N","0","0","0","2","02467","0","","1.0","","1","N","N","","0","","0","0","0","","2","","","2","1","0","0","0","1","0","2","0","2","","","","N","","","","","","","","","",""
"2011084269","","4","0","0","0","0","0","0","0","0","1","0","","02","8","2011","5","40.438916","-80.011161","","11","0","0","0","0","0","0","0","0","","0","0","0","","","2","","0","","40 26:20.098","","3","80 00:40.179","4","0","0","0","2301","0","0","0","N","0","0","0","5","68B03","2","","1.0","","1","N","N","","0","","0","0","0","","0","","","4","2","0","0","0","0","0","2","0","4","","","","N","","","","","","","","","",""
"2011085901","","2","0","0","0","0","0","0","0","0","1","0","","02","8","2011","5","40.374781","-80.094794","","11","0","3","0","0","0","0","0","0","","0","0","0","","","1","","0","","40 22:29.210","","0","80 05:41.260","4","0","0","0","2117","0","0","0","N","0","0","0","8","02117","1","","1.0","","1","N","N","","0","","0","0","2","","0","","","4","1","0","0","0","0","0","2","0","4","","","","N","","","","","","","","","",""
"2011083727","","0","0","0","0","0","0","0","0","0","7","0","","02","8","2011","6","40.253719","-79.817486","","11","0","0","0","0","1","0","0","0","2","0","0","0","","","1","","3","","40 15:13.388","1","0","79 49:02.950","8","0","0","0","2105","0","0","0","N","0","0","0","1","02105","0","","2.0","","1","N","N","","0","","0","0","1","","0","N","","1","1","1","0","0","1","0","1","0","1","","","","N","","","","","","","","","",""
"2011084270","","2","0","0","0","0","0","0","0","0","1","0","","02","8","2011","6","40.429904","-80.027792","","11","0","0","0","0","0","0","0","0","","0","0","0","","","1","","0","","40 25:47.655","","0","80 01:40.051","8","0","0","0","2301","0","0","0","Y","0","0","0","2","68B03","0","","1.0","","1","N","N","","0","","0","0","0","","0","","","2","1","0","0","0","1","0","2","0","2","","","","N","","","","","","","","","",""
"2011085902","","1","0","0","0","0","0","0","0","0","7","0","","02","8","2011","5","40.474215","-79.90821","","11","0","0","0","0","0","0","0","0","","0","0","0","","","1","","1","","40 28:27.175","","0","79 54:29.557","8","0","0","0","2301","0","0","0","N","0","0","0","1","02301","0","","4.0","","1","N","N","","0","","0","0","0","","2","","","1","1","1","0","0","1","0","2","0","1","","","","N","","","","","","","","","",""
"2011085837","","0","0","0","0","0","0","0","0","0","5","0","","02","8","2011","5","40.437764","-79.932412","","11","0","0","0","0","0","1","0","0","","0","0","0","","","1","","0","","40 26:15.950","","0","79 55:56.683","4","0","0","0","2301","0","0","0","N","0","0","0","1","02301","1","","1.0","","1","N","N","","0","","0","0","2","","0","","","2","1","0","0","0","0","0","2","0","2","","","","N","","","","","","","","","",""
"2011085903","","2","0","0","0","0","0","0","0","0","4","0","","02","8","2011","5","40.674213","-80.098611","","11","0","0","0","0","0","1","0","1","2","0","0","0","","","2","","2","","40 40:27.165","2","0","80 05:54.998","4","0","0","0","2212","0","0","0","N","0","0","0","2","02505","2","","1.0","","1","N","N","","0","","0","0","0","","2","N","","2","2","1","0","0","0","0","2","0","2","","","","N","","","","","","","","","",""
"2011084351","","0","0","0","0","0","0","0","0","0","7","0","","02","8","2011","1","40.40351","-80.030441","","11","0","0","0","0","0","0","0","0","2","0","0","0","","","1","","0","","40 24:12.636","2","0","80 01:49.587","4","0","0","1","2301","0","0","0","N","0","0","0","1","02301","1","","1.0","","9","N","N","","0","","0","0","0","","0","N","","2","1","0","0","0","0","0","2","1","2","","","","N","","","","","","","","","",""
"2011083814","","2","0","0","0","0","0","0","0","0","2","0","","02","8","2011","2","40.538573","-80.050237","","11","0","1","0","0","0","0","1","0","2","0","0","0","","","1","","1","","40 32:18.863","1","0","80 03:00.854","4","0","0","0","2116","0","0","0","N","0","0","0","2","02116","1","","1.0","","1","N","N","","0","","0","0","0","","2","N","","2","1","0","0","0","0","0","2","0","2","","","","N","","","","","","","","","",""
"2011083815","","2","0","0","0","0","0","0","0","0","1","0","","02","7","2011","3","40.429748","-79.718894","","11","0","0","0","0","0","0","0","0","","0","0","0","","","0","","0","","40 25:47.094","","0","79 43:08.017","0","0","0","0","2446","0","0","0","N","0","0","0","2","02446","0","","1.0","","1","N","N","","0","","0","0","0","","0","","","2","0","0","0","0","0","0","2","0","2","","","","N","","","","","","","","","",""
"2011083816","","1","0","0","0","0","0","0","0","0","4","0","","02","8","2011","5","40.519771","-80.217904","","11","0","0","0","1","0","0","0","0","2","0","0","0","","","1","","1","","40 31:11.175","2","0","80 13:04.453","8","0","0","0","2213","0","0","0","N","0","0","0","2","02213","0","","1.0","","1","N","N","","0","","0","0","1","","2","N","","2","1","0","0","0","1","0","2","0","2","","","","N","","","","","","","","","",""
"2011084495","","1","0","0","0","0","0","0","0","0","1","0","","02","8","2011","1","40.355201","-80.050178","","11","0","0","0","1","0","1","0","0","2","0","0","0","","","0","","1","","40 21:18.723","1","0","80 03:00.639","0","0","0","0","2109","0","0","0","N","0","0","0","5","02109","0","","1.0","","1","N","N","","0","","0","0","1","","2","Y","","2","0","0","0","0","0","0","2","0","2","","","","N","","","","","","","","","",""
"2011085378","","1","0","0","0","0","0","0","0","0","4","0","","02","8","2011","4","40.47431","-80.034883","","11","0","0","0","0","0","1","0","0","2","0","0","0","","","2","","0","","40 28:27.516","5","0","80 02:05.578","4","0","0","0","2301","0","0","0","N","0","0","0","3","02301","1","","1.0","","1","N","N","","0","","0","0","1","","0","Y","","2","2","2","0","0","1","0","2","0","2","","","","N","","","","","","","","","",""
"2011085079","","1","0","0","0","0","0","0","0","0","7","0","","02","8","2011","1","40.411028","-80.069622","","11","0","0","0","0","0","0","0","0","","0","0","0","","","0","","0","","40 24:39.699","","0","80 04:10.638","0","0","0","0","2435","0","0","0","N","0","0","0","1","68B03","0","","3.0","","9","N","N","","0","","0","0","0","","0","","","1","0","0","0","0","0","0","2","0","1","","","","N","","","","","","","","","",""
"2011083670","","0","0","0","0","0","0","0","0","0","0","0","","02","6","2011","1","40.562171","-80.086545","","11","0","0","0","0","0","0","0","0","","0","0","0","","","1","","0","","40 33:43.817","","0","80 05:11.563","4","0","0","0","2481","0","0","0","N","0","0","0","1","68B03","1","","4.0","","1","N","N","","0","","0","0","1","","0","","","1","1","0","0","0","0","0","2","0","1","","","","N","","","","","","","","","",""
"2011086034","","2","0","0","0","0","0","0","0","0","4","0","","02","8","2011","5","40.448105","-80.181274","","11","0","0","0","0","0","1","0","0","","0","0","0","","","2","","1","","40 26:53.178","","0","80 10:52.586","4","0","0","0","2214","0","0","0","N","0","0","0","6","02214","2","","1.0","","1","N","N","","0","","0","0","1","","2","","","3","2","0","0","0","0","0","2","0","3","","","","N","","","","","","","","","",""
"2011084561","","0","0","0","0","0","0","0","0","0","7","0","","02","8","2011","5","40.488164","-80.294047","","11","0","0","0","0","0","0","0","0","","0","0","0","","","1","","10","","40 29:17.391","","0","80 17:38.568","4","0","0","1","2203","0","0","0","N","0","0","0","1","02203","1","","2.0","","1","N","N","","0","","0","0","0","","0","","","1","1","0","0","0","0","0","2","0","1","","","","N","","","","","","","","","",""
"2011083072","","1","0","0","0","0","0","0","0","0","7","0","","02","8","2011","3","","","","11","0","0","0","0","0","0","0","0","2","0","0","0","","","0","","0","","","6","7","","0","0","0","0","2438","0","0","0","N","0","0","0","1","02438","0","","5.0","","1","N","N","","0","","0","0","0","","3","N","","1","0","0","0","0","0","0","1","0","1","","","","N","","","","","","","","","",""
"2011084357","","1","0","0","0","0","0","0","0","0","7","0","","02","8","2011","6","40.452261","-80.001333","","11","0","0","0","0","0","0","0","0","","0","0","0","","","0","","0","","40 27:08.139","","0","80 00:04.798","9","0","0","0","2301","0","0","0","N","0","0","0","3","02301","0","","9.0","","1","N","N","","0","","0","0","0","","0","","","1","0","1","0","0","0","3","2","0","1","","","","N","","","","","","","","","",""
"2011083073","","2","0","0","0","0","0","0","0","0","2","0","","02","8","2011","5","40.375643","-79.983497","","11","0","0","0","0","1","1","0","0","1","0","0","0","","","1","","1","","40 22:32.313","2","6","79 59:00.589","4","0","0","0","2413","0","0","0","N","0","0","0","2","02413","1","","1.0","","1","N","N","","0","","0","0","0","","2","N","","2","1","0","0","0","0","0","2","0","2","","","","N","","","","","","","","","",""
"2011084579","","1","0","0","0","0","0","0","0","0","7","0","","02","8","2011","1","40.41","-80.005255","","11","0","0","0","0","1","0","0","0","1","0","0","0","","","0","","0","","40 24:36.001","2","0","80 00:18.917","0","0","0","0","2301","0","0","0","N","0","0","0","2","02301","0","","3.0","","1","N","N","","0","","0","0","1","","0","N","","2","0","0","0","0","0","0","2","0","2","","","","N","","","","","","","","","",""
"2011085846","","0","0","0","0","0","0","0","0","0","1","0","","02","8","2011","4","40.416923","-80.014421","","11","0","0","0","0","0","1","0","0","1","0","0","0","","","1","","2","","40 25:00.921","1","0","80 00:51.917","4","0","0","0","2301","0","0","0","N","0","0","0","4","02301","1","","1.0","","1","N","N","","1","","0","0","0","","2","N","","2","1","1","0","0","0","0","2","1","2","","","","N","","","","","","","","","",""
"2011083661","","1","0","0","0","0","0","0","0","0","7","0","","02","8","2011","1","40.458182","-79.999264","","11","0","0","0","0","0","0","0","0","1","0","0","0","","","0","","2","","40 27:29.455","4","2","79 59:57.349","0","0","0","0","2301","0","0","0","N","0","0","0","1","02301","0","","1.0","","9","N","N","","0","","0","0","0","","0","Y","","1","0","0","0","0","0","0","2","0","1","","","","N","","","","","","","","","",""
"2011084580","","0","0","0","0","0","0","0","0","0","7","0","","02","8","2011","7","40.633738","-79.870831","","11","0","0","0","0","0","0","0","0","","0","0","0","","","0","","2","","40 38:01.456","","0","79 52:14.991","0","0","0","0","2220","0","0","0","N","0","0","0","1","02220","0","","5.0","","1","N","N","","1","","0","0","0","","0","","","1","0","1","0","0","0","0","1","0","1","","","","N","","","","","","","","","",""
"2011084361","","0","0","0","0","0","0","0","0","0","7","0","","02","8","2011","2","40.25065","-79.801512","","11","0","0","0","0","0","0","0","0","3","0","0","0","","","0","","0","","40 15:02.340","6","0","79 48:05.444","0","0","0","0","2105","0","0","0","Y","0","0","0","1","02105","0","","1.0","","9","N","N","","1","","0","0","0","","3","Y","","1","0","0","0","0","0","0","1","0","1","","","","N","","","","","","","","","",""
"2011083077","","1","0","0","0","0","0","0","0","0","1","0","","02","8","2011","4","40.368474","-80.012274","","11","0","0","0","0","0","0","0","0","","0","0","0","","","1","","0","","40 22:06.508","","0","80 00:44.188","4","0","0","0","2416","0","0","0","N","0","0","0","4","02416","1","","1.0","","1","N","N","","0","","0","0","1","","0","","","2","1","0","0","0","0","0","2","0","2","","","","N","","","","","","","","","",""
"2011085174","","1","0","0","0","0","0","0","0","0","7","0","","02","8","2011","5","40.398009","-80.135001","","11","0","0","0","0","0","0","0","0","1","0","0","0","","","0","","0","","40 23:52.833","3","0","80 08:06.005","0","0","0","0","2102","0","0","0","N","0","0","0","1","02102","0","","2.0","","1","N","N","","0","","0","0","0","","0","N","","1","0","1","0","0","0","0","2","0","1","","","","N","","","","","","","","","",""