"CRN","ARRIVAL_TM","AUTOMOBILE_COUNT","BELTED_DEATH_COUNT","BELTED_SUSP_SERIOUS_INJ_COUNT","BICYCLE_COUNT","BICYCLE_DEATH_COUNT","BICYCLE_SUSP_SERIOUS_INJ_COUNT","BUS_COUNT","CHLDPAS_DEATH_COUNT","CHLDPAS_SUSP_SERIOUS_INJ_COUNT","COLLISION_TYPE","COMM_VEH_COUNT","CONS_ZONE_SPD_LIM","COUNTY","CRASH_MONTH","CRASH_YEAR","DAY_OF_WEEK","DEC_LATITUDE","DEC_LONGITUDE","DISPATCH_TM","DISTRICT","DRIVER_COUNT_16YR","DRIVER_COUNT_17YR","DRIVER_COUNT_18YR","DRIVER_COUNT_19YR","DRIVER_COUNT_20YR","DRIVER_COUNT_50_64YR","DRIVER_COUNT_65_74YR","DRIVER_COUNT_75PLUS","EST_HRS_CLOSED","FATAL_COUNT","HEAVY_TRUCK_COUNT","HORSE_BUGGY_COUNT","HOUR_OF_DAY","ILLUMINATION","INJURY_COUNT","INTERSECTION_RELATED","INTERSECT_TYPE","LANE_CLOSED","LATITUDE","LN_CLOSE_DIR","LOCATION_TYPE","LONGITUDE","MAX_SEVERITY_LEVEL","MCYCLE_DEATH_COUNT","MCYCLE_SUSP_SERIOUS_INJ_COUNT","MOTORCYCLE_COUNT","MUNICIPALITY","NONMOTR_COUNT","NONMOTR_DEATH_COUNT","NONMOTR_SUSP_SERIOUS_INJ_COUNT","NTFY_HIWY_MAINT","PED_COUNT","PED_DEATH_COUNT","PED_SUSP_SERIOUS_INJ_COUNT","PERSON_COUNT","POLICE_AGCY","POSSIBLE_INJ_COUNT","RDWY_SURF_TYPE_CD","RELATION_TO_ROAD","ROADWAY_CLEARED","ROAD_CONDITION","SCH_BUS_IND","SCH_ZONE_IND","SECONDARY_CRASH","SMALL_TRUCK_COUNT","SPEC_JURIS_CD","SUSP_MINOR_INJ_COUNT","SUSP_SERIOUS_INJ_COUNT","SUV_COUNT","TCD_FUNC_CD","TCD_TYPE","TFC_DETOUR_IND","TIME_OF_DAY","TOTAL_UNITS","TOT_INJ_COUNT","UNBELTED_OCC_COUNT","UNB_DEATH_COUNT","UNB_SUSP_SERIOUS_INJ_COUNT","UNK_INJ_DEG_COUNT","UNK_INJ_PER_COUNT","URBAN_RURAL","VAN_COUNT","VEHICLE_COUNT","WEATHER1","WEATHER2","WORKERS_PRES","WORK_ZONE_IND","WORK_ZONE_LOC","WORK_ZONE_TYPE","WZ_CLOSE_DETOUR","WZ_FLAGGER","WZ_LAW_OFFCR_IND","WZ_LN_CLOSURE","WZ_MOVING","WZ_OTHER","WZ_SHLDER_MDN","WZ_WORKERS_INJ_KILLED"
"2011084503","","2","0","0","0","0","0","0","0","0","6","0","","02","8","2011","1","40.439828","-79.727808","","11","0","0","0","0","0","0","1","0","","0","0","0","","","1","","0","","40 26:23.380","","0","79 43:40.110","8","0","0","0","2446","0","0","0","N","0","0","0","2","02446","0","","1.0","","1","N","N","","0","","0","0","0","","0","","","2","1","0","0","0","1","0","2","0","2","","","","N","","","","","","","","","",""
"2011083812","","1","0","0","0","0","0","0","0","0","1","0","","02","8","2011","2","40.528097","-80.017828","","11","0","0","0","0","0","0","0","0","","0","0","0","","","0","","0","","40 31:41.149","","0","80 01:04.180","0","0","0","0","2116","0","0","0","N","0","0","0","3","02116","0","","1.0","","9","N","N","","0","","0","0","1","","0","","","2","0","0","0","0","0","0","2","0","2","","","","N","","","","","","","","","",""
"2011084584","","0","0","0","0","0","0","0","0","0","0","0","","02","8","2011","2","40.376135","-80.067933","","11","0","0","0","0","0","0","0","1","2","0","0","0","","","1","","0","","40 22:34.086","3","0","80 04:04.558","8","0","0","1","2109","0","0","0","N","0","0","0","2","02109","0","","1.0","","1","N","N","","0","","0","0","1","","0","N","","2","1","0","0","0","1","0","2","0","2","","","","N","","","","","","","","","",""
"2011085245","","2","0","0","0","0","0","0","0","0","1","0","","02","8","2011","3","40.600071","-80.093323","","11","0","0","0","0","0","1","1","0","","0","0","0","","","0","","0","","40 36:00.256","","0","80 05:35.961","0","0","0","0","2481","0","0","0","N","0","0","0","3","68B03","0","","1.0","","1","N","N","","0","","0","0","0","","0","","","2","0","0","0","0","0","0","2","0","2","","","","N","","","","","","","","","",""
"2011083826","","2","0","0","0","0","0","0","0","0","4","0","","02","8","2011","6","40.449027","-79.951897","","11","0","0","0","0","0","0","0","0","","0","0","0","","","0","","1","","40 26:56.497","","0","79 57:06.829","0","0","0","0","2301","0","0","0","N","0","0","0","2","02301","0","","1.0","","9","N","N","","0","","0","0","0","","3","","","2","0","0","0","0","0","0","2","0","2","","","","N","","","","","","","","","",""
"2011084585","","1","0","0","0","0","0","0","0","0","2","0","","02","8","2011","2","40.436541","-79.994376","","11","0","0","0","0","0","1","0","0","2","0","0","0","","","1","","7","","40 26:11.548","2","8","79 59:39.752","8","0","0","0","2301","0","0","0","N","0","0","0","2","02301","0","","1.0","","1","N","N","","0","","0","0","1","","0","N","","2","1","0","0","0","1","1","2","0","2","","","","N","","","","","","","","","",""
"2011084587","","0","0","0","0","0","0","0","0","0","5","0","","02","8","2011","2","40.351218","-79.862737","","11","0","0","0","0","0","0","0","0","2","0","0","0","","","1","","0","","40 21:04.384","3","0","79 51:45.853","4","0","0","0","2304","0","0","0","N","0","0","0","2","02304","1","","1.0","","1","N","N","","2","","0","0","0","","0","N","","2","1","0","0","0","0","0","2","0","2","","","","N","","","","","","","","","",""
"2011084803","","2","0","0","0","0","0","0","0","0","1","0","","02","8","2011","2","40.637953","-80.063569","","11","0","0","0","0","0","0","0","1","","0","0","0","","","0","","1","","40 38:16.629","","0","80 03:48.849","0","0","0","0","2216","0","0","0","N","0","0","0","2","02505","0","","1.0","","1","N","N","","0","","0","0","0","","2","","","2","0","0","0","0","0","0","2","0","2","","","","N","","","","","","","","","",""
"2011084175","","1","0","0","0","0","0","0","0","0","0","0","","02","7","2011","1","40.518219","-80.054189","","11","0","0","0","0","0","1","0","0","1","0","0","0","","","0","","0","","40 31:05.588","2","0","80 03:15.081","0","0","0","0","2116","0","0","0","N","0","0","0","1","68B03","0","","2.0","","1","N","N","","0","","0","0","0","","0","N","","1","0","0","0","0","0","0","2","0","1","","","","N","","","","","","","","","",""
"2011083905","","3","0","0","0","0","0","0","0","0","5","0","","02","8","2011","6","40.425987","-79.980845","","11","0","0","0","0","0","0","0","0","","0","0","0","","","0","","0","","40 25:33.553","","0","79 58:51.042","0","0","0","0","2301","0","0","0","","0","0","0","1","02301","0","","1.0","","1","","","","0","","0","0","0","","0","","","3","0","0","0","0","0","0","2","0","3","","","","N","","","","","","","","","",""
"2011084790","","1","0","0","0","0","0","0","0","0","4","0","","02","8","2011","2","40.442377","-79.775127","","11","0","0","0","0","0","1","0","1","","0","0","0","","","0","","2","","40 26:32.557","","0","79 46:30.457","0","0","0","0","2446","0","0","0","N","0","0","0","2","02446","0","","1.0","","1","N","N","","0","","0","0","1","","3","","","2","0","0","0","0","0","0","2","0","2","","","","N","","","","","","","","","",""
"2011084044","","2","0","0","0","0","0","0","0","0","4","0","","02","8","2011","6","40.391171","-80.05969","","11","0","0","0","0","0","1","0","1","","0","0","0","","","0","","0","","40 23:28.215","","0","80 03:34.884","0","0","0","0","2117","0","0","0","N","0","0","0","3","02117","0","","1.0","","1","N","N","","0","","0","0","0","","0","","","2","0","0","0","0","0","0","2","0","2","","","","N","","","","","","","","","",""
"2011084804","","1","0","0","0","0","0","0","0","0","1","0","","02","8","2011","2","40.487502","-79.882923","","11","0","0","0","0","0","0","0","0","","0","0","0","","","0","","3","","40 29:15.007","","0","79 52:58.523","0","0","0","0","2112","0","0","0","N","0","0","0","3","02112","0","","1.0","","1","N","N","","0","","0","0","0","","3","","","2","0","1","0","0","0","0","2","1","2","","","","N","","","","","","","","","",""
"2011084176","","1","0","0","0","0","0","0","0","0","1","0","45","02","8","2011","5","40.605723","-80.094041","","11","0","0","0","0","0","0","0","0","","0","0","0","","","0","","0","","40 36:20.603","","0","80 05:38.546","0","0","0","0","2481","0","0","0","N","0","0","0","4","68B03","0","","1.0","","1","N","N","","1","","0","0","0","","0","","","2","0","0","0","0","0","0","2","0","2","","","Y","Y","2","1","N","N","Y","Y","N","N","N",""
"2011084933","","2","0","0","0","0","0","0","0","0","4","0","","02","8","2011","2","40.44781","-79.849368","","11","0","0","0","0","0","0","1","0","","0","0","0","","","2","","2","","40 26:52.116","","0","79 50:57.726","8","0","0","0","2419","0","0","0","N","0","0","0","4","02419","0","","1.0","","1","N","N","","0","","0","0","0","","3","","","2","2","0","0","0","2","0","2","0","2","","","","N","","","","","","","","","",""
"2011084031","","2","0","0","0","0","0","0","0","0","1","0","","02","8","2011","4","40.551639","-80.102162","","11","0","0","0","0","0","0","0","0","","0","0","0","","","0","","1","","40 33:05.900","","0","80 06:07.782","0","0","0","0","2215","0","0","0","N","0","0","0","2","02215","0","","1.0","","1","N","N","","0","","0","0","0","","2","","","2","0","0","0","0","0","0","2","0","2","","","","N","","","","","","","","","",""
"2011084177","","0","0","0","0","0","0","0","0","0","1","0","","02","8","2011","3","40.621541","-80.096084","","11","0","0","0","0","0","0","0","0","","0","0","0","","","0","","6","","40 37:17.547","","2","80 05:45.903","0","0","0","0","2212","0","0","0","N","0","0","0","5","68B03","0","","1.0","","1","N","N","","0","","0","0","3","","0","","","3","0","0","0","0","0","0","2","0","3","","","","N","","","","","","","","","",""
"2011083894","","2","0","0","0","0","0","0","0","0","1","0","","02","8","2011","6","40.462064","-80.030826","","11","0","1","0","0","0","1","0","0","3","0","0","0","","","1","","7","","40 27:43.429","1","2","80 01:50.974","8","0","0","0","2301","0","0","0","N","0","0","0","6","02301","0","","1.0","","1","N","N","","0","","0","0","1","","0","N","","3","1","0","0","0","1","0","2","0","3","","","","N","","","","","","","","","",""
"2011083910","","1","0","0","0","0","0","0","0","0","7","0","","02","8","2011","7","","","","11","0","0","0","0","0","0","0","0","1","0","0","0","","","0","","0","","","2","0","","0","0","0","0","2301","0","0","0","N","0","0","0","1","02301","0","","4.0","","1","N","N","","0","","0","0","0","","0","N","","1","0","0","0","0","0","0","1","0","1","","","","N","","","","","","","","","",""
"2011084116","","1","0","0","0","0","0","0","0","0","4","0","","02","6","2011","6","40.440576","-79.859281","","11","0","0","0","0","0","1","0","0","1","0","0","0","","","1","","0","","40 26:26.073","3","0","79 51:33.412","4","0","0","0","2419","0","0","0","Y","0","0","0","2","68B03","1","","1.0","","9","N","N","","0","","0","0","1","","0","N","","2","1","0","0","0","0","0","2","0","2","","","","N","","","","","","","","","",""
"2011084050","","2","0","0","0","0","0","0","0","0","1","0","","02","8","2011","7","40.351294","-79.866699","","11","0","0","0","0","0","1","0","0","1","0","0","0","","","0","","2","","40 21:04.657","1","0","79 52:00.117","0","0","0","0","2304","0","0","0","N","0","0","0","2","02304","0","","1.0","","1","N","N","","0","","0","0","0","","2","N","","2","0","0","0","0","0","0","2","0","2","","","","N","","","","","","","","","",""
"2011084117","","1","0","0","0","0","0","0","0","0","7","0","","02","6","2011","2","40.434259","-79.964891","","11","0","0","0","0","0","0","0","0","1","0","0","0","","","1","","0","","40 26:03.331","3","0","79 57:53.606","4","0","0","0","2301","0","0","0","N","0","0","0","2","68B03","1","","2.0","","1","N","N","","0","","0","0","0","","0","N","","1","1","1","0","0","0","0","2","0","1","","","","N","","","","","","","","","",""
"2011083912","","1","0","0","0","0","0","0","0","0","7","0","","02","8","2011","7","40.457017","-80.021229","","11","0","0","0","0","0","0","0","0","1","0","0","0","","","0","","1","","40 27:25.261","4","0","80 01:16.424","0","0","0","0","2301","0","0","0","N","0","0","0","2","02301","0","","5.0","","1","N","N","","0","","0","0","0","","0","N","","1","0","0","0","0","0","0","2","0","1","","","","N","","","","","","","","","",""
"2011083228","","1","0","0","0","0","0","0","0","0","4","0","","02","8","2011","5","40.448227","-79.986908","","11","0","0","0","0","0","1","0","0","2","0","0","0","","","1","","2","","40 26:53.617","4","0","79 59:12.868","8","0","0","0","2301","0","0","0","N","0","0","0","2","02301","0","","1.0","","1","N","N","","0","","0","0","1","","2","N","","2","1","0","0","0","1","0","2","0","2","","","","N","","","","","","","","","",""
"2011083229","","2","0","0","0","0","0","0","0","0","2","0","","02","8","2011","5","40.450145","-79.889802","","11","0","0","0","0","0","0","0","0","3","0","0","0","","","2","","0","","40 27:00.522","4","0","79 53:23.287","3","0","0","0","2301","0","0","0","N","0","0","0","2","02301","1","","1.0","","1","N","N","","0","","1","0","0","","0","N","","2","2","0","0","0","0","0","2","0","2","","","","N","","","","","","","","","",""
"2011084039","","2","0","0","0","0","0","0","0","0","4","0","","02","8","2011","6","40.453652","-79.979515","","11","0","0","0","0","0","1","0","0","1","0","0","0","","","3","","1","","40 27:13.147","5","0","79 58:46.254","4","0","0","0","2301","0","0","0","N","0","0","0","3","02301","1","","1.0","","1","N","N","","0","","0","0","0","","0","N","","2","3","0","0","0","2","0","2","0","2","","","","N","","","","","","","","","",""
"2011084053","","1","0","0","0","0","0","0","0","0","1","0","","02","8","2011","7","40.549223","-79.959692","","11","0","0","0","0","1","1","0","0","1","0","0","0","","","1","","0","","40 32:57.201","2","0","79 57:34.892","4","0","0","0","2118","0","0","0","N","0","0","0","2","02118","1","","1.0","","1","N","N","","0","","0","0","1","","0","N","","2","1","0","0","0","0","0","2","0","2","","","","N","","","","","","","","","",""
"2011083901","","1","0","0","0","0","0","0","0","0","8","0","","02","8","2011","6","40.460089","-79.843672","","11","0","0","0","0","0","0","0","0","","0","0","0","","","1","","0","","40 27:36.319","","7","79 50:37.219","4","0","0","0","2113","1","0","0","N","1","0","0","2","02113","1","","6.0","","1","N","N","","0","","0","0","0","","0","","","2","1","0","0","0","0","0","2","0","1","","","","N","","","","","","","","","",""
"2011084814","","1","0","0","0","0","0","0","0","0","4","0","","02","8","2011","5","40.49521","-80.063306","","11","0","0","0","0","0","1","0","0","","0","0","0","","","0","","1","","40 29:42.756","","0","80 03:47.901","0","0","0","0","2402","0","0","0","N","0","0","0","2","02402","0","","1.0","","1","N","N","","0","","0","0","1","","3","","","2","0","0","0","0","0","0","2","0","2","","","","N","","","","","","","","","",""
"2011081975","","0","0","0","0","0","0","0","0","0","4","0","","02","8","2011","4","40.475403","-80.099201","","11","0","0","0","0","0","1","0","0","","0","0","0","","","2","","0","","40 28:31.450","","7","80 05:57.123","4","0","0","0","2126","0","0","0","N","0","0","0","2","02126","2","","1.0","","1","N","N","","0","","0","0","2","","0","","","2","2","0","0","0","0","0","2","0","2","","","","N","","","","","","","","","",""
"2011083917","","0","0","0","0","0","0","0","0","0","99","0","","02","8","2011","7","40.484224","-79.907886","","11","0","0","0","0","0","0","0","0","","0","0","0","","","0","","1","","40 29:03.206","","0","79 54:28.391","9","0","0","0","2301","0","0","0","N","0","0","0","1","02301","0","","1.0","","9","N","N","","0","","0","0","1","","9","","","1","0","0","0","0","0","1","2","0","1","","","","N","","","","","","","","","",""
"2011083918","","1","0","0","0","0","0","0","0","0","7","0","","02","8","2011","7","40.479982","-80.012108","","11","0","0","0","0","0","0","0","0","","0","0","0","","","0","","0","","40 28:47.935","","0","80 00:43.590","0","0","0","0","2301","0","0","0","N","0","0","0","1","02301","0","","5.0","","1","N","N","","0","","0","0","0","","0","","","1","0","0","0","0","0","0","2","0","1","","","","N","","","","","","","","","",""
"2011085558","","2","0","0","0","0","0","0","0","0","4","0","","02","8","2011","4","40.453082","-79.980335","","11","0","0","0","0","0","0","0","0","","0","0","0","","","0","","1","","40 27:11.095","","0","79 58:49.206","9","0","0","0","2301","0","0","0","N","0","0","0","2","02301","0","","1.0","","1","N","N","","0","","0","0","0","","0","","","2","0","0","0","0","0","1","2","0","2","","","","N","","","","","","","","","",""
"2011084816","","2","0","0","0","0","0","0","0","0","1","0","","02","8","2011","1","40.451193","-79.983792","","11","0","0","0","0","1","0","0","0","","0","0","0","","","1","","0","","40 27:04.294","","0","79 59:01.651","4","0","0","0","2301","0","0","0","N","0","0","0","1","02301","1","","6.0","","1","N","N","","0","","0","0","0","","0","","","2","1","0","0","0","0","0","2","0","2","","","","N","","","","","","","","","",""
"2011084137","","2","0","0","0","0","0","0","0","0","5","0","","02","8","2011","6","40.328756","-80.125304","","11","0","0","0","0","0","2","0","0","","0","0","0","","","0","","1","","40 19:43.520","","0","80 07:31.094","0","0","0","0","2119","0","0","0","N","0","0","0","2","02119","0","","1.0","","1","N","N","","0","","0","0","0","","3","","","2","0","0","0","0","0","0","2","0","2","","","","N","","","","","","","","","",""
"2011083235","","1","0","0","0","0","0","0","0","0","4","0","","02","8","2011","4","40.425799","-80.019809","","11","0","0","0","0","0","1","0","0","","0","0","0","","","0","","1","","40 25:32.876","","3","80 01:11.311","0","0","0","0","2301","0","0","0","N","0","0","0","2","02301","0","","1.0","","1","N","N","","0","","0","0","1","","2","","","2","0","0","0","0","0","0","2","0","2","","","","N","","","","","","","","","",""
"2011080496","","1","0","0","0","0","0","0","0","0","4","2","25","02","8","2011","5","40.389708","-79.933338","","11","0","0","0","0","0","1","0","0","2","0","2","0","","","1","","1","","40 23:22.947","1","0","79 56:00.018","4","0","0","0","2301","0","0","0","N","0","0","0","4","02301","1","","1.0","","1","N","N","","0","","0","0","0","","2","N","","3","1","1","0","0","0","0","2","0","3","","","Y","Y","2","2","Y","","N","","Y","","",""
"2011085560","","2","0","0","0","0","0","0","0","0","4","0","","02","8","2011","2","40.380298","-80.021602","","11","0","0","0","0","0","0","0","0","1","0","0","0","","","0","","0","","40 22:49.072","3","0","80 01:17.767","0","0","0","0","2101","0","0","0","N","0","0","0","3","02101","0","","1.0","","1","N","N","","0","","0","0","0","","0","N","","2","0","0","0","0","0","0","2","0","2","","","","N","","","","","","","","","",""
"2011084818","","0","0","0","0","0","0","0","0","0","7","0","","02","8","2011","2","40.437057","-79.972332","","11","0","0","0","0","0","0","0","0","2","0","0","0","","","0","","0","","40 26:13.405","3","0","79 58:20.395","0","0","0","0","2301","0","0","0","N","0","0","0","1","02301","0","","5.0","","1","N","N","","1","","0","0","0","","0","N","","1","0","0","0","0","0","0","2","0","1","","","","N","","","","","","","","","",""
"2011085561","","1","0","0","0","0","0","0","0","0","0","0","","02","8","2011","3","40.584304","-80.027206","","11","0","0","0","0","0","0","0","0","1","0","0","0","","","0","","0","","40 35:03.496","3","0","80 01:37.940","0","0","0","0","2108","0","0","0","N","0","0","0","1","02108","0","","1.0","","1","N","N","","0","","0","0","0","","0","N","","1","0","0","0","0","0","0","2","0","1","","","","N","","","","","","","","","",""
"2011084140","","0","0","0","0","0","0","0","0","0","1","0","","02","8","2011","7","40.5903","-79.948386","","11","0","0","0","0","0","1","1","0","","0","0","0","","","2","","1","","40 35:25.080","","0","79 56:54.188","8","0","0","0","2207","0","0","0","N","0","0","0","3","02207","0","","1.0","","1","N","N","","1","","0","0","1","","2","","","2","2","0","0","0","2","0","2","0","2","","","","N","","","","","","","","","",""
"2011081981","","0","0","0","0","0","0","0","0","0","4","2","","02","8","2011","2","","","","11","0","0","0","0","0","1","0","0","1","0","2","0","","","0","","3","","","3","0","","0","0","0","0","2117","0","0","0","N","0","0","0","3","02117","0","","1.0","","9","N","N","","0","","0","0","0","","0","N","","2","0","0","0","0","0","0","1","0","2","","","","N","","","","","","","","","",""
"2011083922","","1","0","0","0","0","0","0","0","0","7","0","","02","8","2011","7","40.457258","-79.973578","","11","0","0","0","0","0","0","0","0","","0","0","0","","","1","","1","","40 27:26.128","","0","79 58:24.880","8","0","0","0","2301","0","0","0","N","0","0","0","2","02301","0","","5.0","","1","N","N","","0","","0","0","0","","0","","","1","1","0","0","0","1","0","2","0","1","","","","N","","","","","","","","","",""
"2011085549","","1","0","0","0","0","0","0","0","0","4","0","","02","8","2011","6","40.448253","-80.008902","","11","0","0","0","0","0","0","0","0","","0","0","0","","","0","","1","","40 26:53.709","","0","80 00:32.048","0","0","0","0","2301","0","0","0","N","0","0","0","5","02301","0","","1.0","","9","N","N","","0","","0","0","1","","8","","","2","0","0","0","0","0","0","2","0","2","","","","N","","","","","","","","","",""
"2011085562","","0","0","0","0","0","0","0","0","0","7","0","","02","8","2011","3","40.56306","-80.060543","","11","0","0","0","0","0","0","0","0","","0","0","0","","","0","","3","","40 33:47.017","","0","80 03:37.953","0","0","0","0","2108","0","0","0","N","0","0","0","1","02108","0","","2.0","","9","N","N","","0","","0","0","1","","3","","","1","0","0","0","0","0","0","2","0","1","","","","N","","","","","","","","","",""
"2011084820","","0","0","0","0","0","0","0","0","0","0","0","","02","8","2011","1","40.531331","-79.755763","","11","0","0","0","0","0","0","0","0","1","0","0","0","","","0","","0","","40 31:52.790","5","0","79 45:20.746","0","0","0","0","2466","0","0","0","N","0","0","0","0","02466","0","","1.0","","1","N","N","","0","","0","0","0","","0","N","","1","0","0","0","0","0","0","1","1","1","","","","N","","","","","","","","","",""
"2011083239","","1","0","0","0","0","0","0","0","0","0","0","90","02","8","2011","5","40.449819","-79.929655","","11","0","0","0","0","0","0","0","0","","0","0","0","","","1","","2","","40 26:59.347","","0","79 55:46.758","8","0","0","0","2301","0","0","0","N","0","0","0","2","02301","0","","1.0","","1","N","N","","0","","0","0","0","","2","","","1","1","0","0","0","1","0","2","0","1","","","N","Y","1","1","","","N","","","Y","",""
"2011085563","","1","0","0","0","0","0","0","0","0","7","0","","02","8","2011","4","40.575457","-80.054216","","11","0","0","1","0","0","0","0","0","","0","0","0","","","0","","5","","40 34:31.645","","0","80 03:15.177","0","0","0","0","2108","0","0","0","N","0","0","0","1","02108","0","","4.0","","1","N","N","","0","","0","0","0","","0","","","1","0","0","0","0","0","0","2","0","1","","","","N","","","","","","","","","",""
"2011081983","","1","0","0","0","0","0","0","0","0","1","0","","02","8","2011","2","40.405439","-79.970225","","11","0","0","0","1","0","0","0","0","1","0","0","0","","","1","","0","","40 24:19.580","2","0","79 58:12.810","4","0","0","0","2301","0","0","0","N","0","0","0","3","02301","1","","1.0","","1","N","N","","0","","0","0","1","","0","N","","2","1","1","0","0","0","0","2","0","2","","","","N","","","","","","","","","",""
"2011083175","","0","0","0","0","0","0","0","0","0","1","0","","02","8","2011","2","40.435092","-79.768567","","11","0","0","0","0","0","1","0","0","","0","0","0","","","1","","0","","40 26:06.330","","0","79 46:06.840","8","0","0","0","2446","0","0","0","N","0","0","0","4","02446","0","","1.0","","1","N","N","","1","","0","0","1","","2","","","2","1","0","0","0","1","0","2","0","2","","","","N","","","","","","","","","",""
"2011083240","","1","0","0","0","0","0","0","0","0","4","0","","02","8","2011","5","40.435014","-79.768153","","11","0","0","0","0","0","0","0","0","2","0","0","0","","","2","","0","","40 26:06.050","3","0","79 46:05.350","8","0","0","0","2446","0","0","0","N","0","0","0","3","02446","0","","1.0","","1","N","N","","1","","0","0","0","","2","N","","2","2","0","0","0","2","0","2","0","2","","","","N","","","","","","","","","",""
"2011085564","","3","0","0","0","0","0","0","0","0","1","0","","02","8","2011","7","40.347444","-80.056192","","11","0","0","0","0","0","1","0","0","","0","0","0","","","4","","0","","40 20:50.798","","0","80 03:22.291","4","0","0","0","2407","0","0","0","N","0","0","0","8","02407","4","","1.0","","1","N","N","","0","","0","0","0","","0","","","3","4","0","0","0","0","0","2","0","3","","","","N","","","","","","","","","",""
"2011084063","","0","0","0","0","0","0","0","0","0","4","0","","02","8","2011","7","40.560765","-79.972917","","11","1","0","1","0","0","0","0","0","1","0","0","0","","","0","","2","","40 33:38.754","6","0","79 58:22.501","0","0","0","0","2207","0","0","0","N","0","0","0","3","02207","0","","1.0","","1","N","N","","1","","0","0","1","","3","Y","","2","0","0","0","0","0","0","2","0","2","","","","N","","","","","","","","","",""
"2011085565","","2","0","0","0","0","0","0","0","0","4","0","","02","8","2011","3","40.338318","-80.051483","","11","0","0","0","0","0","1","1","0","","0","0","0","","","0","","1","","40 20:17.944","","0","80 03:05.338","0","0","0","0","2407","0","0","0","N","0","0","0","3","02407","0","","1.0","","1","N","N","","0","","0","0","0","","2","","","2","0","0","0","0","0","0","2","0","2","","","","N","","","","","","","","","",""
"2011084144","","1","0","0","0","0","0","0","0","0","1","0","35","02","8","2011","4","40.455253","-79.993123","","11","0","0","0","1","0","0","0","0","","0","0","0","","","0","","0","","40 27:18.912","","0","79 59:35.244","9","0","0","0","2301","0","0","0","N","0","0","0","7","02301","0","","1.0","","1","N","N","","1","","0","0","2","","8","","","4","0","0","0","0","0","1","2","0","4","","","N","Y","4","1","","","N","Y","","","",""
"2011081986","","2","0","0","0","0","0","0","0","0","1","0","","02","8","2011","2","40.5279","-80.017712","","11","0","0","0","0","0","1","0","0","","0","0","0","","","0","","2","","40 31:40.440","","0","80 01:03.763","0","0","0","0","2116","0","0","0","N","0","0","0","2","02116","0","","1.0","","9","N","N","","0","","0","0","0","","0","","","2","0","0","0","0","0","0","2","0","2","","","","N","","","","","","","","","",""
"2011083242","","0","0","0","0","0","0","0","0","0","7","0","","02","8","2011","5","40.421081","-80.00248","","11","0","0","0","0","1","0","0","0","","0","0","0","","","0","","2","","40 25:15.891","","0","80 00:08.928","0","0","0","0","2301","0","0","0","N","0","0","0","2","02301","0","","2.0","","1","N","N","","0","","0","0","1","","3","","","1","0","0","0","0","0","0","2","0","1","","","","N","","","","","","","","","",""
"2011085566","","2","0","0","0","0","0","0","0","0","4","0","","02","8","2011","2","40.493891","-79.954393","","11","0","0","0","0","0","0","0","1","","0","0","0","","","2","","0","","40 29:38.006","","0","79 57:15.814","8","0","0","0","2430","0","0","0","N","0","0","0","2","02430","0","","1.0","","1","N","N","","0","","0","0","0","","0","","","2","2","0","0","0","2","0","2","0","2","","","","N","","","","","","","","","",""
"2011081988","","1","0","0","0","0","0","0","0","0","2","0","","02","8","2011","2","40.481561","-80.107525","","11","0","0","0","0","0","0","0","0","1","0","0","0","","","0","","0","","40 28:53.619","5","0","80 06:27.090","0","0","0","0","2126","0","0","0","N","0","0","0","3","02126","0","","1.0","","1","N","N","","0","","0","0","1","","0","N","","2","0","0","0","0","0","0","2","0","2","","","","N","","","","","","","","","",""
"2011083929","","2","0","0","0","0","0","0","0","0","1","0","","02","8","2011","2","40.328053","-80.03045","","11","0","0","0","0","0","0","1","0","","0","0","0","","","0","","1","","40 19:40.991","","0","80 01:49.620","0","0","0","0","2407","0","0","0","N","0","0","0","2","02407","0","","1.0","","1","N","N","","0","","0","0","0","","2","","","2","0","0","0","0","0","0","2","0","2","","","","N","","","","","","","","","",""
"2011083182","","1","0","0","0","0","0","0","0","0","1","0","","02","8","2011","4","40.427946","-79.705751","","11","0","0","0","0","0","1","0","0","","0","0","0","","","1","","0","","40 25:40.604","","0","79 42:20.703","8","0","0","0","2446","0","0","0","N","0","0","0","2","02446","0","","1.0","","1","N","N","","0","","0","0","1","","2","","","2","1","0","0","0","1","0","2","0","2","","","","N","","","","","","","","","",""
"2011083930","","2","0","0","0","0","0","0","0","0","4","0","","02","8","2011","4","40.328624","-80.029049","","11","0","0","1","0","0","0","0","0","","0","0","0","","","1","","1","","40 19:43.048","","0","80 01:44.577","8","0","0","0","2407","0","0","0","N","0","0","0","2","02407","0","","1.0","","1","N","N","","0","","0","0","0","","3","","","2","1","0","0","0","1","0","2","0","2","","","","N","","","","","","","","","",""
"2011083259","","2","0","0","0","0","0","0","0","0","1","0","","02","8","2011","5","40.618683","-79.907528","","11","0","0","1","0","0","1","0","0","","0","0","0","","","0","","0","","40 37:07.259","","0","79 54:27.099","0","0","0","0","2220","0","0","0","N","0","0","0","3","02220","0","","1.0","","1","N","N","","0","","0","0","0","","0","","","2","0","1","0","0","0","0","1","0","2","","","","N","","","","","","","","","",""