"CRN","ARRIVAL_TM","AUTOMOBILE_COUNT","BELTED_DEATH_COUNT","BELTED_SUSP_SERIOUS_INJ_COUNT","BICYCLE_COUNT","BICYCLE_DEATH_COUNT","BICYCLE_SUSP_SERIOUS_INJ_COUNT","BUS_COUNT","CHLDPAS_DEATH_COUNT","CHLDPAS_SUSP_SERIOUS_INJ_COUNT","COLLISION_TYPE","COMM_VEH_COUNT","CONS_ZONE_SPD_LIM","COUNTY","CRASH_MONTH","CRASH_YEAR","DAY_OF_WEEK","DEC_LATITUDE","DEC_LONGITUDE","DISPATCH_TM","DISTRICT","DRIVER_COUNT_16YR","DRIVER_COUNT_17YR","DRIVER_COUNT_18YR","DRIVER_COUNT_19YR","DRIVER_COUNT_20YR","DRIVER_COUNT_50_64YR","DRIVER_COUNT_65_74YR","DRIVER_COUNT_75PLUS","EST_HRS_CLOSED","FATAL_COUNT","HEAVY_TRUCK_COUNT","HORSE_BUGGY_COUNT","HOUR_OF_DAY","ILLUMINATION","INJURY_COUNT","INTERSECTION_RELATED","INTERSECT_TYPE","LANE_CLOSED","LATITUDE","LN_CLOSE_DIR","LOCATION_TYPE","LONGITUDE","MAX_SEVERITY_LEVEL","MCYCLE_DEATH_COUNT","MCYCLE_SUSP_SERIOUS_INJ_COUNT","MOTORCYCLE_COUNT","MUNICIPALITY","NONMOTR_COUNT","NONMOTR_DEATH_COUNT","NONMOTR_SUSP_SERIOUS_INJ_COUNT","NTFY_HIWY_MAINT","PED_COUNT","PED_DEATH_COUNT","PED_SUSP_SERIOUS_INJ_COUNT","PERSON_COUNT","POLICE_AGCY","POSSIBLE_INJ_COUNT","RDWY_SURF_TYPE_CD","RELATION_TO_ROAD","ROADWAY_CLEARED","ROAD_CONDITION","SCH_BUS_IND","SCH_ZONE_IND","SECONDARY_CRASH","SMALL_TRUCK_COUNT","SPEC_JURIS_CD","SUSP_MINOR_INJ_COUNT","SUSP_SERIOUS_INJ_COUNT","SUV_COUNT","TCD_FUNC_CD","TCD_TYPE","TFC_DETOUR_IND","TIME_OF_DAY","TOTAL_UNITS","TOT_INJ_COUNT","UNBELTED_OCC_COUNT","UNB_DEATH_COUNT","UNB_SUSP_SERIOUS_INJ_COUNT","UNK_INJ_DEG_COUNT","UNK_INJ_PER_COUNT","URBAN_RURAL","VAN_COUNT","VEHICLE_COUNT","WEATHER1","WEATHER2","WORKERS_PRES","WORK_ZONE_IND","WORK_ZONE_LOC","WORK_ZONE_TYPE","WZ_CLOSE_DETOUR","WZ_FLAGGER","WZ_LAW_OFFCR_IND","WZ_LN_CLOSURE","WZ_MOVING","WZ_OTHER","WZ_SHLDER_MDN","WZ_WORKERS_INJ_KILLED"
"2011084136","","2","0","0","0","0","0","0","0","0","4","0","","02","8","2011","7","40.439163","-79.829722","","11","0","0","0","0","0","0","0","0","","0","0","0","","","0","","2","","40 26:20.988","","0","79 49:46.999","0","0","0","0","2419","0","0","0","N","0","0","0","2","02419","0","","1.0","","1","N","N","","0","","0","0","0","","3","","","2","0","0","0","0","0","0","2","0","2","","","","N","","","","","","","","","",""
"2011085645","","2","0","0","0","0","0","0","0","0","4","0","","02","8","2011","4","40.67272","-80.069545","","11","0","0","0","0","0","0","0","0","","0","0","0","","","0","","1","","40 40:21.793","","0","80 04:10.361","0","0","0","0","2216","0","0","0","N","0","0","0","2","02505","0","","1.0","","1","N","N","","0","","0","0","0","","3","","","2","0","0","0","0","0","0","2","0","2","","","","N","","","","","","","","","",""
"2011083249","","1","0","0","0","0","0","0","0","0","7","0","","02","8","2011","4","40.55782","-79.970067","","11","0","1","0","0","0","0","0","0","1","0","0","0","","","1","","2","","40 33:28.151","1","0","79 58:12.242","4","0","0","0","2207","0","0","0","N","0","0","0","1","02207","1","","5.0","","1","N","N","","0","","0","0","0","","3","N","","1","1","0","0","0","0","0","2","0","1","","","","N","","","","","","","","","",""
"2011080510","","1","0","0","0","0","0","0","0","0","5","0","","02","8","2011","4","40.432304","-79.997143","","11","0","0","0","0","0","1","0","0","","0","0","0","","","0","","0","","40 25:56.295","","3","79 59:49.716","0","0","0","0","2301","0","0","0","N","0","0","0","3","02301","0","","1.0","","1","N","N","","1","","0","0","0","","0","","","2","0","0","0","0","0","0","2","0","2","","","","N","","","","","","","","","",""
"2011081994","","2","0","0","0","0","0","0","0","0","4","0","","02","8","2011","3","40.338144","-79.979131","","11","0","1","0","0","0","0","0","1","","0","0","0","","","0","","1","","40 20:17.318","","0","79 58:44.871","0","0","0","0","2403","0","0","0","N","0","0","0","2","02403","0","","1.0","","1","N","N","","0","","0","0","0","","3","","","2","0","0","0","0","0","0","2","0","2","","","","N","","","","","","","","","",""
"2011080511","","3","0","0","0","0","0","0","0","0","4","0","","02","8","2011","2","40.431186","-79.746425","","11","0","0","0","0","0","2","1","0","1","0","0","0","","","1","","0","","40 25:52.270","4","0","79 44:47.130","4","0","0","0","2446","0","0","0","N","0","0","0","6","02446","1","","1.0","","1","N","N","","0","","0","0","2","","0","N","","5","1","0","0","0","0","0","2","0","5","","","","N","","","","","","","","","",""
"2011083264","","2","0","0","0","0","0","0","0","0","4","0","","02","8","2011","4","40.543287","-79.760767","","11","0","0","0","0","0","1","0","0","1","0","0","0","","","3","","2","","40 32:35.832","7","0","79 45:38.761","3","0","0","0","2466","0","0","0","N","0","0","0","3","02466","1","","1.0","","1","N","N","","0","","2","0","0","","3","N","","2","3","1","0","0","0","0","2","0","2","","","","N","","","","","","","","","",""
"2011085650","","1","0","0","0","0","0","0","0","0","7","0","","02","8","2011","4","40.470485","-80.060435","","11","0","0","0","0","0","0","0","0","1","0","0","0","","","1","","2","","40 28:13.745","5","0","80 03:37.566","3","0","0","0","2444","0","0","0","N","0","0","0","1","02444","0","","2.0","","1","","N","","0","","1","0","0","","0","N","","1","1","1","0","0","0","0","2","0","1","","","","N","","","","","","","","","",""
"2011080514","","0","0","0","0","0","0","0","0","0","7","0","","02","8","2011","4","40.518983","-80.013519","","11","0","0","0","0","0","1","0","0","2","1","0","0","","","0","","10","","40 31:08.340","5","7","80 00:48.670","1","0","0","0","2116","0","0","0","N","0","0","0","1","02116","0","9","5.0","","1","N","N","","1","0","0","0","0","","0","Y","","1","0","0","0","0","0","0","2","0","1","","","","N","","","","","","","","","",""
"2011083949","","2","0","0","0","0","0","0","0","0","1","0","","02","8","2011","4","40.490703","-79.880811","","11","0","0","0","1","0","1","0","0","2","0","0","0","","","0","","0","","40 29:26.529","1","0","79 52:50.918","0","0","0","0","2112","0","0","0","N","0","0","0","3","68D02","0","","1.0","","1","N","N","","0","","0","0","0","","0","N","","2","0","0","0","0","0","0","2","0","2","","","","N","","","","","","","","","",""
"2011084079","","0","0","0","0","0","0","0","0","0","7","0","","02","8","2011","2","40.337303","-79.921994","","11","0","0","0","0","0","1","0","0","2","0","0","0","","","0","","0","","40 20:14.290","5","0","79 55:19.180","0","0","0","0","2473","0","0","0","N","0","0","0","1","02473","0","","2.0","","1","N","N","","0","","0","0","0","","0","N","","1","0","0","0","0","0","0","2","1","1","","","","N","","","","","","","","","",""
"2011084835","","1","0","0","0","0","0","0","0","0","7","0","","02","8","2011","2","40.374281","-79.920337","","11","0","0","0","0","0","0","0","0","1","0","0","0","","","0","","0","","40 22:27.411","2","0","79 55:13.212","0","0","0","0","2301","0","0","0","N","0","0","0","1","02301","0","","5.0","","1","N","N","","0","","0","0","0","","0","N","","1","0","0","0","0","0","0","2","0","1","","","","N","","","","","","","","","",""
"2011084158","","1","0","0","0","0","0","0","0","0","7","0","","02","8","2011","1","40.477437","-80.013546","","11","0","0","0","0","0","0","0","0","","0","0","0","","","0","","0","","40 28:38.773","","0","80 00:48.765","9","0","0","0","2301","0","0","0","N","0","0","0","1","02301","0","","4.0","","1","N","N","","0","","0","0","0","","0","","","1","0","0","0","0","0","1","2","0","1","","","","N","","","","","","","","","",""
"2011083876","","1","0","0","0","0","0","0","0","0","7","0","","02","8","2011","6","40.61189","-79.902501","","11","0","0","0","0","0","0","1","0","2","0","0","0","","","2","","0","","40 36:42.805","2","0","79 54:09.002","4","0","0","0","2220","0","0","0","N","0","0","0","2","02220","2","","2.0","","9","N","N","","0","","0","0","0","","0","N","","1","2","0","0","0","0","0","2","0","1","","","","N","","","","","","","","","",""
"2011084014","","1","0","0","0","0","0","0","0","0","2","0","","02","8","2011","6","40.433783","-80.066301","","11","0","0","0","0","0","0","0","0","1","0","0","0","","","0","","1","","40 26:01.618","5","0","80 03:58.683","0","0","0","0","2421","0","0","0","N","0","0","0","4","02421","0","","1.0","","9","N","N","","1","","0","0","0","","2","N","","2","0","0","0","0","0","0","2","0","2","","","","N","","","","","","","","","",""
"2011085655","","1","0","0","0","0","0","0","0","0","4","0","","02","8","2011","3","40.364504","-79.984584","","11","0","0","0","0","0","1","0","0","","0","0","0","","","0","","0","","40 21:52.214","","0","79 59:04.503","0","0","0","0","2413","0","0","0","N","0","0","0","2","02413","0","","1.0","","1","N","N","","0","","0","0","0","","0","","","2","0","0","0","0","0","0","2","1","2","","","","N","","","","","","","","","",""
"2011081999","","1","0","0","0","0","0","0","0","0","7","0","","02","8","2011","7","40.555527","-80.000047","","11","0","0","0","0","0","1","0","0","2","0","0","0","","","1","","0","","40 33:19.897","2","0","80 00:00.169","8","0","0","0","2108","0","0","0","N","0","0","0","1","02108","0","","4.0","","1","N","N","","0","","0","0","0","","0","N","","1","1","0","0","0","1","0","2","0","1","","","","N","","","","","","","","","",""
"2011084700","","0","0","0","0","0","0","0","0","0","7","0","","02","8","2011","4","40.441654","-79.827381","","11","0","0","0","0","0","0","0","0","","0","0","0","","","0","","0","","40 26:29.956","","0","79 49:38.572","0","0","0","0","2419","0","0","0","N","0","0","0","3","68B03","0","","2.0","","1","N","N","","2","","0","0","0","","0","","","2","0","0","0","0","0","0","2","0","2","","","","N","","","","","","","","","",""
"2011084837","","1","0","0","0","0","0","0","0","0","5","0","","02","8","2011","2","40.371707","-79.853397","","11","0","0","0","0","0","0","0","0","2","0","0","0","","","1","","2","","40 22:18.145","4","0","79 51:12.229","3","0","0","0","2303","0","0","0","N","0","0","0","2","02303","0","","1.0","","1","N","N","","0","","1","0","1","","0","N","","3","1","2","0","0","0","0","2","0","3","","","","N","","","","","","","","","",""
"2011084160","","2","0","0","0","0","0","0","0","0","4","0","","02","8","2011","7","40.446005","-79.848433","","11","0","0","0","0","1","1","0","0","2","0","0","0","","","2","","1","","40 26:45.618","3","0","79 50:54.358","4","0","0","0","2419","0","0","0","N","0","0","0","5","02419","2","","1.0","","1","N","N","","0","","0","0","0","","2","Y","","2","2","0","0","0","0","0","2","0","2","","","","N","","","","","","","","","",""
"2011082000","","0","0","0","0","0","0","0","0","0","4","0","","02","8","2011","2","40.574391","-80.016529","","11","0","0","0","1","0","1","0","0","","0","0","0","","","1","","1","","40 34:27.807","","0","80 00:59.504","8","0","0","0","2108","0","0","0","N","0","0","0","3","02108","0","","1.0","","9","N","N","","1","","0","0","2","","3","","","3","1","1","0","0","1","0","2","0","3","","","","N","","","","","","","","","",""
"2011080517","","0","0","0","0","0","0","0","0","0","8","0","","02","8","2011","5","40.467658","-79.916437","","11","0","0","0","0","0","1","0","0","","0","0","0","","","1","","2","","40 28:03.568","","0","79 54:59.173","3","0","0","0","2301","1","0","0","N","1","0","0","2","02301","0","","1.0","","1","N","N","","0","","1","0","1","","0","","","2","1","1","0","0","0","0","2","0","1","","","","N","","","","","","","","","",""
"2011083192","","0","0","0","0","0","0","0","0","0","99","0","","02","8","2011","5","40.420596","-80.053762","","11","0","0","0","0","0","1","0","0","1","0","0","0","","","1","","0","","40 25:14.144","6","0","80 03:13.544","3","0","0","1","2435","0","0","0","N","0","0","0","1","02435","0","","1.0","","1","N","N","","0","","1","0","0","","0","Y","","1","1","0","0","0","0","0","2","0","1","","","","N","","","","","","","","","",""
"2011084701","","1","0","0","0","0","0","0","0","0","1","0","","02","8","2011","1","40.416198","-80.058736","","11","0","0","0","0","0","1","0","0","2","0","0","0","","","1","","0","","40 24:58.314","3","0","80 03:31.450","4","0","0","0","2435","0","0","0","N","0","0","0","4","68B03","1","","1.0","","1","N","N","","0","","0","0","1","","0","N","","2","1","0","0","0","0","0","2","0","2","","","","N","","","","","","","","","",""
"2011083271","","0","0","0","0","0","0","0","0","0","8","0","25","02","8","2011","5","40.439925","-79.994182","","11","0","0","0","0","0","0","0","0","1","0","0","0","","","1","","1","","40 26:23.730","1","0","79 59:39.055","8","0","0","0","2301","1","0","0","N","1","0","0","2","02301","0","","1.0","","1","N","N","","1","","0","0","0","","2","N","","2","1","0","0","0","1","0","2","0","1","","","Y","Y","2","1","","","Y","Y","Y","","",""
"2011084838","","1","0","0","0","0","0","0","0","0","7","0","99","02","8","2011","3","40.541877","-80.013058","","11","0","0","0","0","0","1","0","0","","0","0","0","","","0","","0","","40 32:30.758","","0","80 00:47.010","9","0","0","0","2116","0","0","0","N","0","0","0","1","02116","0","","1.0","","1","N","N","","0","","0","0","0","","2","","","1","0","0","0","0","0","1","2","0","1","","","N","Y","4","1","","","N","","","","",""
"2011082001","","1","0","0","0","0","0","0","0","0","4","0","","02","8","2011","2","40.586853","-80.041629","","11","0","0","0","0","0","1","0","1","2","0","0","0","","","0","","1","","40 35:12.669","1","0","80 02:29.866","0","0","0","0","2108","0","0","0","N","0","0","0","3","02108","0","","1.0","","1","N","N","","0","","0","0","0","","2","N","","2","0","1","0","0","0","0","2","1","2","","","","N","","","","","","","","","",""
"2011080518","","1","0","0","0","0","0","0","0","0","4","0","","02","8","2011","4","40.658896","-79.974514","","11","0","0","0","0","0","2","0","0","2","0","0","0","","","0","","1","","40 39:32.027","3","0","79 58:28.250","0","0","0","0","2217","0","0","0","N","0","0","0","2","02505","0","","1.0","","1","N","N","","0","","0","0","1","","3","N","","2","0","0","0","0","0","0","1","0","2","","","","N","","","","","","","","","",""
"2011082002","","0","0","0","0","0","0","0","0","0","7","0","","02","8","2011","1","40.460457","-80.139684","","11","0","0","0","0","0","0","0","0","","0","0","0","","","1","","0","","40 27:37.645","","0","80 08:22.862","4","0","0","0","2115","0","0","0","N","0","0","0","1","02115","1","","2.0","","1","N","N","","0","","0","0","1","","0","","","1","1","0","0","0","0","0","2","0","1","","","","N","","","","","","","","","",""
"2011084840","","0","0","0","0","0","0","0","0","0","0","0","","02","8","2011","4","40.413609","-79.828313","","11","0","0","0","0","0","0","0","0","2","0","0","0","","","0","","0","","40 24:48.991","7","0","79 49:41.925","0","0","0","0","2467","0","0","0","N","0","0","0","1","02467","0","","4.0","","1","N","N","","0","","0","0","1","","0","Y","","1","0","0","0","0","0","0","2","0","1","","","","N","","","","","","","","","",""
"2011082003","","1","0","0","0","0","0","0","0","0","1","0","","02","8","2011","2","40.461632","-80.151993","","11","0","0","0","0","0","1","0","0","","0","0","0","","","1","","2","","40 27:41.874","","0","80 09:07.176","4","0","0","0","2115","0","0","0","N","0","0","0","2","02115","1","","1.0","","9","N","N","","0","","0","0","1","","0","","","2","1","0","0","0","0","0","2","0","2","","","","N","","","","","","","","","",""
"2011080520","","0","0","0","0","0","0","0","0","0","1","0","90","02","8","2011","4","40.514649","-80.004186","","11","0","0","1","0","0","0","0","0","1","0","0","0","","","0","","2","","40 30:52.735","2","8","80 00:15.071","0","0","0","0","2116","0","0","0","N","0","0","0","7","02116","0","","1.0","","1","N","N","","0","","0","0","2","","3","Y","","2","0","0","0","0","0","0","2","0","2","","","N","Y","4","1","","","N","Y","","","",""
"2011083196","","2","0","0","0","0","0","0","0","0","4","0","","02","8","2011","5","40.42274","-79.921163","","11","0","0","0","0","0","0","0","0","","0","0","0","","","1","","0","","40 25:21.864","","0","79 55:16.186","8","0","0","0","2301","0","0","0","N","0","0","0","2","02301","0","","1.0","","1","N","N","","0","","0","0","0","","0","","","2","1","0","0","0","1","0","2","0","2","","","","N","","","","","","","","","",""
"2011085660","","2","0","0","0","0","0","0","0","0","1","0","","02","8","2011","4","40.544956","-79.972355","","11","0","0","0","0","0","1","1","0","1","0","0","0","","","1","","2","","40 32:41.840","1","0","79 58:20.478","4","0","0","0","2118","0","0","0","N","0","0","0","2","02118","1","","1.0","","1","N","N","","0","","0","0","0","","0","N","","2","1","0","0","0","0","0","2","0","2","","","","N","","","","","","","","","",""
"2011084780","","1","0","0","0","0","0","0","0","0","1","0","","02","8","2011","2","40.401716","-80.022249","","11","0","0","0","0","0","1","0","0","1","0","0","0","","","0","","2","","40 24:06.178","2","0","80 01:20.097","0","0","0","0","2301","0","0","0","N","0","0","0","2","02301","0","","1.0","","1","N","N","","0","","0","0","0","","2","N","","2","0","0","0","0","0","0","2","1","2","","","","N","","","","","","","","","",""
"2011084087","","2","0","0","0","0","0","0","0","0","1","0","","02","8","2011","7","40.342944","-79.968817","","11","0","0","0","0","1","0","0","0","","0","0","0","","","0","","0","","40 20:34.599","","0","79 58:07.740","0","0","0","0","2403","0","0","0","N","0","0","0","2","02403","0","","1.0","","1","N","N","","0","","0","0","0","","0","","","2","0","0","0","0","0","0","2","0","2","","","","N","","","","","","","","","",""
"2011084101","","2","0","0","0","0","0","0","0","0","4","0","","02","8","2011","5","40.544974","-80.035897","","11","0","0","0","0","0","0","0","0","","0","0","0","","","0","","0","","40 32:41.905","","0","80 02:09.228","0","0","0","0","2116","0","0","0","N","0","0","0","2","02116","0","","1.0","","1","N","N","","0","","0","0","0","","0","","","2","0","0","0","0","0","0","2","0","2","","","","N","","","","","","","","","",""
"2011084166","","1","0","0","0","0","0","0","0","0","7","0","","02","8","2011","1","40.464973","-80.053571","","11","0","0","1","0","0","0","0","0","2","0","0","0","","","1","","0","","40 27:53.903","4","0","80 03:12.857","4","0","0","0","2301","0","0","0","N","0","0","0","2","02301","1","","2.0","","1","N","N","","0","","0","0","0","","0","N","","1","1","0","0","0","0","0","2","0","1","","","","N","","","","","","","","","",""
"2011084103","","2","0","0","0","0","0","0","0","0","4","0","","02","8","2011","4","40.382825","-79.80323","","11","0","0","0","0","0","0","0","0","","0","0","0","","","0","","0","","40 22:58.170","","0","79 48:11.628","0","0","0","0","2111","0","0","0","N","0","0","0","1","02111","0","","4.0","","1","N","N","","0","","0","0","0","","0","","","2","0","0","0","0","0","0","2","0","2","","","","N","","","","","","","","","",""
"2011082744","","0","0","0","0","0","0","0","0","0","1","0","","02","8","2011","3","40.557487","-80.039359","","11","0","0","0","0","0","0","0","0","1","0","0","0","","","1","","0","","40 33:26.952","1","0","80 02:21.691","8","0","0","0","2116","0","0","0","N","0","0","0","4","02116","0","","1.0","","1","N","N","","0","","0","0","3","","0","N","","3","1","1","0","0","1","0","2","0","3","","","","N","","","","","","","","","",""
"2011084104","","0","0","0","0","0","0","0","0","0","1","1","","02","8","2011","6","40.4039","-79.862196","","11","0","0","0","0","0","1","0","0","4","0","0","0","","","4","","2","","40 24:14.040","7","0","79 51:43.905","2","0","0","0","2449","0","0","0","N","0","0","0","4","02449","3","","1.0","","1","N","N","","0","","0","1","0","","0","Y","","2","4","0","0","0","0","0","2","0","2","","","","N","","","","","","","","","",""
"2011084860","","0","0","0","0","0","0","0","0","0","7","0","","02","8","2011","3","40.450316","-80.110764","","11","0","0","0","0","0","0","0","0","","0","0","0","","","0","","0","","40 27:01.139","","0","80 06:38.751","0","0","0","0","2115","0","0","0","Y","0","0","0","1","68B03","0","","2.0","","1","N","N","","1","","0","0","0","","0","","","1","0","0","0","0","0","0","2","0","1","","","","N","","","","","","","","","",""
"2011085664","","0","0","0","0","0","0","0","0","0","0","0","","02","8","2011","4","40.352958","-79.841729","","11","0","0","0","0","0","0","0","0","3","0","0","0","","","1","","2","","40 21:10.647","3","0","79 50:30.225","8","0","0","1","2304","0","0","0","N","0","0","0","1","02304","0","","1.0","","98","N","N","","0","","0","0","0","","0","Y","","1","1","0","0","0","1","0","2","0","1","","","","N","","","","","","","","","",""
"2011084169","","1","0","0","0","0","0","0","0","0","7","0","","02","8","2011","1","40.379623","-79.925521","","11","0","0","0","0","0","0","0","0","","0","0","0","","","0","","2","","40 22:46.644","","0","79 55:31.877","0","0","0","0","2301","0","0","0","N","0","0","0","1","02301","0","","2.0","","1","N","N","","0","","0","0","0","","2","","","1","0","0","0","0","0","0","2","0","1","","","","N","","","","","","","","","",""
"2011084784","","1","0","0","0","0","0","0","0","0","4","0","","02","8","2011","2","40.431131","-80.010602","","11","0","0","0","0","0","1","0","0","1","0","0","0","","","0","","1","","40 25:52.071","6","0","80 00:38.167","0","0","0","0","2301","0","0","0","N","0","0","0","5","02301","0","","1.0","","1","N","N","","0","","0","0","1","","3","N","","2","0","0","0","0","0","0","2","0","2","","","","N","","","","","","","","","",""
"2011083355","","2","0","0","0","0","0","0","0","0","6","0","","02","8","2011","5","40.459515","-80.017708","","11","0","0","0","0","0","1","0","0","","0","0","0","","","2","","5","","40 27:34.254","","0","80 01:03.748","8","0","0","0","2301","0","0","0","N","0","0","0","3","02301","0","","1.0","","1","N","N","","0","","0","0","0","","2","","","2","2","0","0","0","2","0","2","0","2","","","","N","","","","","","","","","",""
"2011080476","","0","0","0","0","0","0","0","0","0","4","0","","02","8","2011","5","40.497972","-79.854762","","11","0","0","0","0","0","0","0","0","","0","0","0","","","0","","1","","40 29:52.699","","0","79 51:17.142","9","0","0","0","2112","0","0","0","N","0","0","0","2","02112","0","","1.0","","1","N","N","","0","","0","0","2","","0","","","2","0","0","0","0","0","1","2","0","2","","","","N","","","","","","","","","",""
"2011080683","","1","0","0","0","0","0","0","0","0","1","0","","02","6","2011","3","40.415219","-80.103843","","11","0","0","0","0","0","1","0","0","","0","0","0","","","1","","0","","40 24:54.789","","0","80 06:13.835","8","0","0","0","2115","0","0","0","N","0","0","0","3","68B03","0","","1.0","","1","N","N","","0","","0","0","1","","0","","","3","1","0","0","0","1","0","2","1","3","","","","N","","","","","","","","","",""
"2011082224","","1","0","0","0","0","0","0","0","0","1","0","","02","8","2011","5","40.415923","-79.847541","","11","0","0","0","0","0","1","0","0","2","0","0","0","","","1","","2","","40 24:57.323","3","0","79 50:51.147","3","0","0","1","2431","0","0","0","N","0","0","0","2","02431","0","","1.0","","1","N","N","","0","","1","0","0","","2","N","","2","1","0","0","0","0","0","2","0","2","","","","N","","","","","","","","","",""
"2011081536","","2","0","0","0","0","0","0","0","0","4","0","","02","8","2011","2","40.453729","-79.993335","","11","0","1","0","0","0","0","0","0","2","0","0","0","","","1","","1","","40 27:13.424","1","0","79 59:36.006","4","0","0","0","2301","0","0","0","N","0","0","0","2","02301","1","","1.0","","1","N","N","","0","","0","0","0","","0","N","","2","1","0","0","0","0","0","2","0","2","","","","N","","","","","","","","","",""
"2011081240","","1","0","0","0","0","0","0","0","0","4","0","","02","8","2011","1","40.444557","-80.000862","","11","0","0","0","0","0","0","1","1","1","0","0","0","","","0","","1","","40 26:40.405","4","0","80 00:03.103","0","0","0","0","2301","0","0","0","N","0","0","0","2","02301","0","","1.0","","1","N","N","","0","","0","0","0","","2","N","","2","0","0","0","0","0","0","2","1","2","","","","N","","","","","","","","","",""
"2011080776","","0","0","0","0","0","0","0","0","0","7","0","","02","8","2011","5","40.425777","-80.019884","","11","0","0","0","0","0","0","0","1","2","0","0","0","","","1","","1","","40 25:32.796","7","1","80 01:11.584","3","0","0","0","2301","0","0","0","N","0","0","0","1","02301","0","","5.0","","1","N","N","","0","","1","0","0","","2","Y","","1","1","0","0","0","0","0","2","1","1","","","","N","","","","","","","","","",""
"2011082228","","1","0","0","0","0","0","0","0","0","7","0","","02","8","2011","1","40.49624","-79.84492","","11","0","0","0","0","0","0","0","0","2","0","0","0","","","0","","0","","40 29:46.465","1","0","79 50:41.711","0","0","0","0","2113","0","0","0","N","0","0","0","1","02113","0","","1.0","","9","N","N","","0","","0","0","0","","0","N","","1","0","0","0","0","0","0","2","0","1","","","","N","","","","","","","","","",""
"2011080748","","1","0","0","0","0","0","0","0","0","1","0","","02","8","2011","6","40.340032","-79.859868","","11","0","0","0","0","0","0","0","0","","0","0","0","","","0","","2","","40 20:24.116","","0","79 51:35.525","0","0","0","0","2304","0","0","0","N","0","0","0","2","02304","0","","1.0","","1","N","N","","0","","0","0","1","","2","","","2","0","0","0","0","0","0","2","0","2","","","","N","","","","","","","","","",""
"2011080778","","1","0","0","1","0","0","0","0","0","8","0","","02","8","2011","6","40.462085","-79.949865","","11","0","0","0","0","0","0","0","0","","0","0","0","","","1","","1","","40 27:43.506","","0","79 56:59.514","4","0","0","0","2301","1","0","0","N","0","0","0","2","02301","1","","1.0","","1","N","N","","0","","0","0","0","","2","","","2","1","0","0","0","0","0","2","0","1","","","","N","","","","","","","","","",""
"2011081539","","2","0","0","0","0","0","0","0","0","1","0","","02","8","2011","4","40.551652","-80.10218","","11","0","0","0","0","0","1","0","0","","0","0","0","","","0","","1","","40 33:05.948","","0","80 06:07.847","0","0","0","0","2215","0","0","0","N","0","0","0","2","02215","0","","1.0","","1","N","N","","0","","0","0","0","","2","","","2","0","0","0","0","0","0","2","0","2","","","","N","","","","","","","","","",""
"2011083015","","1","0","0","0","0","0","0","0","0","5","0","","02","8","2011","4","40.366168","-79.981678","","11","0","0","0","0","0","0","0","0","2","0","0","0","","","3","","0","","40 21:58.204","1","0","79 58:54.041","4","0","0","0","2413","0","0","0","N","0","0","0","6","02413","2","","1.0","","1","N","N","","0","","0","0","1","","0","Y","","2","3","0","0","0","1","0","2","0","2","","","","N","","","","","","","","","",""
"2011082341","","1","0","0","0","0","0","0","0","0","4","0","","02","8","2011","4","40.337466","-79.808754","","11","0","0","0","0","0","0","0","1","1","0","0","0","","","1","","1","","40 20:14.876","7","0","79 48:31.516","8","0","0","0","2477","0","0","0","N","0","0","0","2","02477","0","","1.0","","1","N","N","","0","","0","0","1","","2","N","","2","1","0","0","0","1","0","2","0","2","","","","N","","","","","","","","","",""
"2011080623","","3","0","0","0","0","0","0","0","0","1","0","","02","8","2011","5","40.403797","-80.069853","","11","0","0","0","0","0","2","0","0","","0","0","0","","","2","","2","","40 24:13.670","","0","80 04:11.472","3","0","0","0","2415","0","0","0","","0","0","0","6","02415","1","","1.0","","1","N","N","","0","","1","0","1","","0","","","4","2","0","0","0","0","1","2","0","4","","","","N","","","","","","","","","",""
"2011080803","","2","0","0","0","0","0","0","0","0","4","0","","02","7","2011","4","40.408938","-79.915671","","11","0","0","0","0","0","0","0","0","2","0","0","0","","","0","","0","","40 24:32.176","2","0","79 54:56.415","0","0","0","0","2472","0","0","0","N","0","0","0","2","02472","0","","2.0","","1","N","N","","0","","0","0","0","","0","N","","2","0","0","0","0","0","0","2","0","2","","","","N","","","","","","","","","",""
"2011082342","","2","0","0","0","0","0","0","0","0","4","0","","02","8","2011","4","40.382229","-79.995887","","11","0","0","0","0","0","0","0","0","1","0","0","0","","","0","","5","","40 22:56.024","3","0","79 59:45.194","0","0","0","0","2301","0","0","0","N","0","0","0","2","02301","0","","1.0","","1","N","N","","0","","0","0","0","","2","N","","2","0","0","0","0","0","0","2","0","2","","","","N","","","","","","","","","",""
"2011082036","","1","0","0","0","0","0","0","0","0","1","0","55","02","7","2011","7","40.412127","-80.067289","","11","0","0","0","0","0","1","0","0","","0","0","0","","","3","","0","","40 24:43.658","","0","80 04:02.241","8","0","0","0","2435","0","0","0","N","0","0","0","4","68B03","0","","1.0","","1","N","N","","1","","0","0","0","","7","","","2","3","0","0","0","3","0","2","0","2","","","Y","Y","3","2","N","N","Y","Y","N","N","N",""
"2011082834","","1","0","0","0","0","0","0","0","0","6","0","","02","8","2011","4","40.425701","-80.050257","","11","0","0","0","0","0","0","0","1","","0","0","0","","","0","","2","","40 25:32.523","","0","80 03:00.926","0","0","0","0","2435","0","0","0","N","0","0","0","3","02435","0","","1.0","","1","N","N","","0","","0","0","1","","3","","","2","0","0","0","0","0","0","2","0","2","","","","N","","","","","","","","","",""