"CRN","ARRIVAL_TM","AUTOMOBILE_COUNT","BELTED_DEATH_COUNT","BELTED_SUSP_SERIOUS_INJ_COUNT","BICYCLE_COUNT","BICYCLE_DEATH_COUNT","BICYCLE_SUSP_SERIOUS_INJ_COUNT","BUS_COUNT","CHLDPAS_DEATH_COUNT","CHLDPAS_SUSP_SERIOUS_INJ_COUNT","COLLISION_TYPE","COMM_VEH_COUNT","CONS_ZONE_SPD_LIM","COUNTY","CRASH_MONTH","CRASH_YEAR","DAY_OF_WEEK","DEC_LATITUDE","DEC_LONGITUDE","DISPATCH_TM","DISTRICT","DRIVER_COUNT_16YR","DRIVER_COUNT_17YR","DRIVER_COUNT_18YR","DRIVER_COUNT_19YR","DRIVER_COUNT_20YR","DRIVER_COUNT_50_64YR","DRIVER_COUNT_65_74YR","DRIVER_COUNT_75PLUS","EST_HRS_CLOSED","FATAL_COUNT","HEAVY_TRUCK_COUNT","HORSE_BUGGY_COUNT","HOUR_OF_DAY","ILLUMINATION","INJURY_COUNT","INTERSECTION_RELATED","INTERSECT_TYPE","LANE_CLOSED","LATITUDE","LN_CLOSE_DIR","LOCATION_TYPE","LONGITUDE","MAX_SEVERITY_LEVEL","MCYCLE_DEATH_COUNT","MCYCLE_SUSP_SERIOUS_INJ_COUNT","MOTORCYCLE_COUNT","MUNICIPALITY","NONMOTR_COUNT","NONMOTR_DEATH_COUNT","NONMOTR_SUSP_SERIOUS_INJ_COUNT","NTFY_HIWY_MAINT","PED_COUNT","PED_DEATH_COUNT","PED_SUSP_SERIOUS_INJ_COUNT","PERSON_COUNT","POLICE_AGCY","POSSIBLE_INJ_COUNT","RDWY_SURF_TYPE_CD","RELATION_TO_ROAD","ROADWAY_CLEARED","ROAD_CONDITION","SCH_BUS_IND","SCH_ZONE_IND","SECONDARY_CRASH","SMALL_TRUCK_COUNT","SPEC_JURIS_CD","SUSP_MINOR_INJ_COUNT","SUSP_SERIOUS_INJ_COUNT","SUV_COUNT","TCD_FUNC_CD","TCD_TYPE","TFC_DETOUR_IND","TIME_OF_DAY","TOTAL_UNITS","TOT_INJ_COUNT","UNBELTED_OCC_COUNT","UNB_DEATH_COUNT","UNB_SUSP_SERIOUS_INJ_COUNT","UNK_INJ_DEG_COUNT","UNK_INJ_PER_COUNT","URBAN_RURAL","VAN_COUNT","VEHICLE_COUNT","WEATHER1","WEATHER2","WORKERS_PRES","WORK_ZONE_IND","WORK_ZONE_LOC","WORK_ZONE_TYPE","WZ_CLOSE_DETOUR","WZ_FLAGGER","WZ_LAW_OFFCR_IND","WZ_LN_CLOSURE","WZ_MOVING","WZ_OTHER","WZ_SHLDER_MDN","WZ_WORKERS_INJ_KILLED"
"2011080452","","1","0","0","0","0","0","1","0","0","5","1","","02","8","2011","5","40.448227","-79.986908","","11","0","0","0","0","0","1","0","0","1","0","0","0","","","0","","1","","40 26:53.617","4","0","79 59:12.868","0","0","0","0","2301","0","0","0","N","0","0","0","2","02301","0","","1.0","","1","N","N","","0","","0","0","0","","2","N","","2","0","0","0","0","0","0","2","0","2","","","","N","","","","","","","","","",""
"2011081956","","0","0","0","0","0","0","0","0","0","0","0","","02","8","2011","5","40.405078","-79.822417","","11","0","0","0","0","0","0","0","0","2","0","0","0","","","1","","0","","40 24:18.279","4","0","79 49:20.702","8","0","0","0","2467","0","0","0","N","0","0","0","1","02467","0","","5.0","","1","N","N","","0","","0","0","1","","0","Y","","1","1","1","0","0","1","0","2","0","1","","","","N","","","","","","","","","",""
"2011081609","","0","0","0","0","0","0","0","0","0","4","0","","02","8","2011","2","40.466241","-79.888624","","11","0","0","0","0","0","0","0","0","2","0","0","0","","","3","","1","","40 27:58.467","7","0","79 53:19.046","3","0","0","0","2113","0","0","0","N","0","0","0","5","02113","1","","1.0","","1","N","N","","0","","2","0","2","","3","Y","","2","3","0","0","0","0","0","2","0","2","","","","N","","","","","","","","","",""
"2011080998","","1","0","0","0","0","0","0","0","0","4","0","","02","8","2011","7","40.452669","-80.020542","","11","0","0","0","1","0","0","0","0","","0","0","0","","","0","","2","","40 27:09.608","","0","80 01:13.951","0","0","0","0","2301","0","0","0","N","0","0","0","2","02301","0","","1.0","","1","N","N","","0","","0","0","0","","0","","","2","0","0","0","0","0","0","2","1","2","","","","N","","","","","","","","","",""
"2011088727","","1","0","0","0","0","0","0","0","0","6","0","","02","9","2011","6","40.325669","-79.944207","","11","0","0","0","0","0","0","0","0","1","0","0","0","","","1","","0","","40 19:32.407","2","0","79 56:39.144","4","0","0","0","2454","0","0","0","N","0","0","0","2","02454","1","","1.0","","1","N","N","","0","","0","0","1","","0","N","","2","1","0","0","0","0","0","2","0","2","","","","N","","","","","","","","","",""
"2011080925","","0","0","0","0","0","0","0","0","0","7","0","","02","8","2011","7","40.48915","-79.935026","","11","0","0","0","0","0","0","0","0","3","0","0","0","","","1","","0","","40 29:20.939","6","0","79 56:06.094","2","0","1","1","2301","0","0","0","N","0","0","0","1","02301","0","","2.0","","1","N","N","","0","","0","1","0","","0","Y","","1","1","0","0","0","0","0","2","0","1","","","","N","","","","","","","","","",""
"2011080987","","0","0","0","0","0","0","0","0","0","8","0","","02","8","2011","1","40.414459","-79.988047","","11","0","0","0","0","0","0","0","0","","0","0","0","","","1","","5","","40 24:52.052","","0","79 59:16.969","4","0","0","0","2447","1","0","0","N","1","0","0","2","02447","1","","1.0","","1","N","N","","0","","0","0","0","","2","","","2","1","0","0","0","0","0","2","1","1","","","","N","","","","","","","","","",""
"2011082478","","3","0","0","0","0","0","0","0","0","0","0","","02","8","2011","4","40.448252","-80.0116","","11","0","0","0","0","0","0","0","0","2","0","0","0","","","0","","0","","40 26:53.706","2","0","80 00:41.760","0","0","0","0","2301","0","0","0","N","0","0","0","4","02301","0","","1.0","","1","N","N","","0","","0","0","0","","0","N","","3","0","2","0","0","0","0","2","0","3","","","","N","","","","","","","","","",""
"2011081000","","2","0","0","0","0","0","0","0","0","4","0","","02","8","2011","6","40.390655","-80.198982","","11","0","1","0","0","0","0","0","0","","0","0","0","","","0","","2","","40 23:26.359","","0","80 11:56.334","0","0","0","0","2214","0","0","0","N","0","0","0","2","02214","0","","1.0","","1","N","N","","0","","0","0","0","","3","","","2","0","0","0","0","0","0","2","0","2","","","","N","","","","","","","","","",""
"2011081751","","1","0","0","0","0","0","0","0","0","1","0","","02","8","2011","2","40.424034","-80.002736","","11","0","0","0","0","0","0","0","0","","0","0","0","","","0","","0","","40 25:26.523","","0","80 00:09.848","0","0","0","0","2301","0","0","0","N","0","0","0","1","02301","0","","6.0","","9","N","N","","1","","0","0","0","","0","","","2","0","0","0","0","0","0","2","0","2","","","","N","","","","","","","","","",""
"2011081148","","2","0","0","0","0","0","0","0","0","5","0","","02","8","2011","3","40.429267","-79.999168","","11","0","0","0","0","0","0","0","0","","0","0","0","","","1","","2","","40 25:45.362","","3","79 59:57.003","4","0","0","0","2301","0","0","0","N","0","0","0","2","02301","1","","1.0","","1","N","N","","0","","0","0","0","","2","","","2","1","0","0","0","0","1","2","0","2","","","","N","","","","","","","","","",""
"2011080926","","0","0","0","0","0","0","0","0","0","7","0","","02","8","2011","7","40.447651","-79.966742","","11","0","0","0","0","0","0","0","0","","0","0","0","","","0","","2","","40 26:51.543","","0","79 58:00.271","9","0","0","0","2301","0","0","0","N","0","0","0","1","02301","0","","4.0","","1","N","N","","0","","0","0","1","","0","","","1","0","0","0","0","0","1","2","0","1","","","","N","","","","","","","","","",""
"2011081960","","1","0","0","0","0","0","0","0","0","4","0","99","02","8","2011","3","40.405276","-80.018868","","11","0","0","0","0","0","0","1","0","9","0","0","0","","","0","","1","","40 24:18.994","6","0","80 01:07.925","0","0","0","0","2301","0","0","0","N","0","0","0","2","02301","0","","1.0","","1","N","N","","0","","0","0","1","","2","N","","2","0","0","0","0","0","0","2","0","2","","","U","Y","5","1","","","N","Y","Y","","Y",""
"2011088891","","0","0","0","0","0","0","0","0","0","1","0","","02","9","2011","6","40.318053","-80.074557","","11","0","0","0","0","0","0","1","0","","0","0","0","","","1","","0","","40 19:04.990","","0","80 04:28.405","4","0","0","0","2123","0","0","0","N","0","0","0","4","02123","1","","1.0","","1","N","N","","0","","0","0","2","","0","","","2","1","0","0","0","0","0","2","0","2","","","","N","","","","","","","","","",""
"2011088273","","1","0","0","0","0","0","0","0","0","7","0","","02","9","2011","5","40.464055","-79.882893","","11","0","0","0","0","0","0","0","0","1","0","0","0","","","0","","0","","40 27:50.599","5","0","79 52:58.416","0","0","0","0","2113","0","0","0","N","0","0","0","1","02113","0","","2.0","","3","N","N","","0","","0","0","0","","0","N","","1","0","0","0","0","0","0","2","0","1","","","","N","","","","","","","","","",""
"2011088274","","3","0","0","0","0","0","0","0","0","1","0","","02","8","2011","4","40.479946","-79.834251","","11","0","0","0","0","0","0","0","0","","0","0","0","","","2","","2","","40 28:47.806","","0","79 50:03.305","3","0","0","0","2113","0","0","0","N","0","0","0","4","02113","1","","1.0","","1","N","N","","0","","1","0","0","","0","","","4","2","0","0","0","0","2","2","1","4","","","","N","","","","","","","","","",""
"2011086787","","2","0","0","0","0","0","0","0","0","6","0","","02","8","2011","1","40.461055","-79.909788","","11","0","0","0","0","0","1","0","0","","0","0","0","","","1","","1","","40 27:39.798","","0","79 54:35.236","4","0","0","0","2301","0","0","0","N","0","0","0","2","02301","1","","1.0","","1","N","N","","0","","0","0","0","","1","","","2","1","0","0","0","0","1","2","0","2","","","","N","","","","","","","","","",""
"2011088830","","0","0","0","0","0","0","0","0","0","4","1","","02","9","2011","6","40.327942","-80.030716","","11","0","0","0","0","0","0","1","0","2","0","0","0","","","0","","9","","40 19:40.590","6","0","80 01:50.578","0","0","0","0","2407","0","0","0","N","0","0","0","2","02503","0","","1.0","","1","N","N","","0","","0","0","0","","5","Y","","2","0","0","0","0","0","0","2","1","2","","","","N","","","","","","","","","",""
"2011086442","","1","0","0","0","0","0","0","0","0","7","0","","02","8","2011","7","40.290658","-79.913337","","11","0","0","0","0","0","1","0","0","2","0","0","0","","","0","","10","","40 17:26.370","1","0","79 54:48.014","9","0","0","0","2440","0","0","0","N","0","0","0","1","02440","0","","4.0","","1","N","N","","0","","0","0","0","","6","N","","1","0","0","0","0","0","1","2","0","1","","","","N","","","","","","","","","",""
"2011088752","","1","0","0","0","0","0","0","0","0","8","0","25","02","9","2011","6","40.464402","-79.962575","","11","0","0","0","0","0","0","0","0","1","0","0","0","","","1","","1","","40 27:51.847","4","0","79 57:45.270","3","0","0","0","2301","1","0","0","N","1","0","0","2","02301","0","","1.0","","1","N","N","","0","","1","0","0","","7","N","","2","1","0","0","0","0","0","2","0","1","","","Y","Y","2","1","","Y","N","","","","",""
"2011088831","","1","0","0","0","0","0","0","0","0","4","0","","02","8","2011","4","40.518983","-80.266877","","11","0","0","0","0","0","0","0","0","1","0","0","0","","","0","","2","","40 31:08.340","6","0","80 16:00.756","0","0","0","0","2203","0","0","0","N","0","0","0","2","02203","0","","1.0","","1","N","N","","1","","0","0","0","","3","N","","2","0","0","0","0","0","0","2","0","2","","","","N","","","","","","","","","",""
"2011086646","","1","0","0","0","0","0","0","0","0","1","0","","02","8","2011","1","40.489266","-80.295218","","11","1","0","0","0","0","0","0","0","","0","0","0","","","0","","1","","40 29:21.358","","0","80 17:42.783","0","0","0","0","2203","0","0","0","N","0","0","0","3","02203","0","","1.0","","9","N","N","","0","","0","0","1","","2","","","2","0","0","0","0","0","0","2","0","2","","","","N","","","","","","","","","",""
"2011089030","","1","0","0","0","0","0","0","0","0","4","0","","02","9","2011","6","40.40723","-79.990245","","11","0","1","1","0","0","0","0","0","","0","0","0","","","1","","1","","40 24:26.028","","0","79 59:24.882","8","0","0","0","2447","0","0","0","","0","0","0","2","02447","0","","1.0","","1","N","N","","0","","0","0","1","","3","","","2","1","0","0","0","1","0","2","0","2","","","","N","","","","","","","","","",""
"2011088819","","1","0","0","0","0","0","0","0","0","1","0","","02","9","2011","6","40.342491","-79.964666","","11","0","0","0","0","0","0","0","0","2","0","0","0","","","2","","1","","40 20:32.966","6","0","79 57:52.797","8","0","0","0","2454","0","0","0","N","0","0","0","3","02454","0","","1.0","","1","N","N","","1","","0","0","0","","0","Y","","2","2","0","0","0","2","0","2","0","2","","","","N","","","","","","","","","",""
"2011086790","","1","0","0","0","0","0","0","0","0","7","0","","02","8","2011","7","40.532765","-80.140295","","11","0","0","0","0","0","0","0","0","3","0","0","0","","","0","","0","","40 31:57.953","6","0","80 08:25.062","0","0","0","0","2125","0","0","0","N","0","0","0","1","02215","0","","4.0","","1","N","N","","0","","0","0","0","","0","Y","","1","0","1","0","0","0","0","1","0","1","","","","N","","","","","","","","","",""
"2011087205","","1","0","0","0","0","0","0","0","0","1","0","","02","8","2011","7","40.361433","-79.907638","","11","0","0","1","1","0","0","0","0","","0","0","0","","","1","","0","","40 21:41.160","","0","79 54:27.497","8","0","0","0","2473","0","0","0","N","0","0","0","3","02473","0","","1.0","","1","N","N","","1","","0","0","0","","0","","","2","1","0","0","0","1","0","2","0","2","","","","N","","","","","","","","","",""
"2011086571","","1","0","0","0","0","0","0","0","0","7","0","","02","8","2011","7","40.397241","-79.895927","","11","0","0","0","0","0","0","0","0","1","0","0","0","","","1","","0","","40 23:50.067","5","0","79 53:45.337","4","0","0","0","2448","0","0","0","N","0","0","0","1","02448","1","","5.0","","1","N","N","","0","","0","0","0","","0","N","","1","1","0","0","0","0","0","2","0","1","","","","N","","","","","","","","","",""
"2011089015","","1","0","0","0","0","0","0","0","0","7","0","","02","9","2011","7","40.409216","-79.89776","","11","0","0","0","0","0","0","0","0","","0","0","0","","","1","","2","","40 24:33.178","","0","79 53:51.937","4","0","0","0","2448","0","0","0","N","0","0","0","1","02448","1","","5.0","","1","N","N","","0","","0","0","0","","0","","","1","1","0","0","0","0","0","2","0","1","","","","N","","","","","","","","","",""
"2011088758","","1","0","0","0","0","0","0","0","0","8","0","","02","9","2011","6","40.45041","-79.948748","","11","0","0","0","0","0","0","0","0","","0","0","0","","","1","","1","","40 27:01.476","","0","79 56:55.492","8","0","0","0","2301","1","0","0","N","1","0","0","2","02301","0","","1.0","","1","N","N","","0","","0","0","0","","2","","","2","1","0","0","0","1","0","2","0","1","","","","N","","","","","","","","","",""
"2011088063","","1","0","0","0","0","0","0","0","0","6","0","","02","8","2011","3","40.364481","-79.869253","","11","0","0","0","0","0","2","0","0","1","0","0","0","","","0","","0","","40 21:52.130","4","0","79 52:09.310","0","0","0","0","2473","0","0","0","N","0","0","0","2","02473","0","","1.0","","1","N","N","","1","","0","0","0","","0","N","","2","0","0","0","0","0","0","2","0","2","","","","N","","","","","","","","","",""
"2011088759","","0","0","0","0","0","0","0","0","0","7","0","","02","8","2011","7","40.467992","-79.903579","","11","0","0","0","0","0","0","0","0","","0","0","0","","","0","","1","","40 28:04.771","","0","79 54:12.884","0","0","0","0","2301","0","0","0","N","0","0","0","1","02301","0","","5.0","","1","N","N","","0","","0","0","1","","3","","","1","0","1","0","0","0","0","2","0","1","","","","N","","","","","","","","","",""
"2011086511","","1","0","0","0","0","0","0","0","0","7","0","","02","8","2011","5","40.554499","-79.813815","","11","0","0","0","0","0","0","0","0","1","0","0","0","","","0","","0","","40 33:16.195","2","0","79 48:49.733","0","0","0","0","2208","0","0","0","N","0","0","0","1","68D02","0","","2.0","","1","N","N","","0","","0","0","0","","0","N","","2","0","0","0","0","0","0","2","0","1","","","","N","","","","","","","","","",""
"2011088822","","3","0","0","0","0","0","0","0","0","4","0","","02","9","2011","6","40.454647","-79.946264","","11","0","0","0","0","0","0","1","0","2","0","0","0","","","0","","0","","40 27:16.729","4","0","79 56:46.550","0","0","0","0","2301","0","0","0","N","0","0","0","5","02301","0","","1.0","","1","N","N","","0","","0","0","0","","0","Y","","3","0","0","0","0","0","0","2","0","3","","","","N","","","","","","","","","",""
"2011086650","","2","0","0","0","0","0","0","0","0","4","0","","02","8","2011","1","40.443847","-79.920516","","11","0","0","0","0","0","0","0","0","","0","0","0","","","0","","1","","40 26:37.849","","0","79 55:13.858","0","0","0","0","2301","0","0","0","N","0","0","0","5","02301","0","","1.0","","1","N","N","","0","","0","0","0","","2","","","2","0","0","0","0","0","0","2","0","2","","","","N","","","","","","","","","",""
"2011089017","","2","0","0","0","0","0","0","0","0","6","0","","02","9","2011","7","40.437214","-79.959344","","11","0","0","0","0","0","0","0","0","","0","0","0","","","0","","0","","40 26:13.970","","0","79 57:33.640","0","0","0","0","2301","0","0","0","N","0","0","0","1","02301","0","","2.0","","1","N","N","","0","","0","0","1","","0","","","3","0","0","0","0","0","0","2","0","3","","","","N","","","","","","","","","",""
"2011086794","","2","0","1","0","0","0","0","0","0","2","0","","02","8","2011","1","40.497747","-80.110752","","11","0","0","0","0","1","0","0","0","3","0","0","0","","","4","","0","","40 29:51.889","5","0","80 06:38.708","2","0","0","0","2126","0","0","0","N","0","0","0","4","02126","0","","1.0","","1","N","N","","0","","2","1","0","","0","Y","","2","4","0","0","0","1","0","2","0","2","","","","N","","","","","","","","","",""
"2011086651","","2","0","0","0","0","0","0","0","0","4","0","","02","8","2011","1","40.442042","-79.91854","","11","0","0","0","0","0","0","1","0","","0","0","0","","","0","","2","","40 26:31.351","","0","79 55:06.744","0","0","0","0","2301","0","0","0","N","0","0","0","3","02301","0","","1.0","","1","N","N","","0","","0","0","0","","3","","","2","0","0","0","0","0","0","2","0","2","","","","N","","","","","","","","","",""
"2011089018","","1","0","0","0","0","0","0","0","0","7","0","","02","9","2011","7","40.463174","-79.917843","","11","0","0","0","0","0","0","0","0","1","0","0","0","","","1","","0","","40 27:47.425","2","0","79 55:04.236","4","0","0","0","2301","0","0","0","N","0","0","0","4","02301","1","","4.0","","1","N","N","","0","","0","0","0","","0","N","","1","1","0","0","0","0","0","2","0","1","","","","N","","","","","","","","","",""
"2011088761","","0","0","0","0","0","0","0","0","0","4","0","","02","9","2011","6","40.454118","-79.890785","","11","0","0","0","0","0","1","0","0","2","0","0","0","","","2","","1","","40 27:14.824","7","0","79 53:26.826","3","0","0","1","2301","0","0","0","N","0","0","0","3","02301","1","","1.0","","1","N","N","","0","","1","0","0","","3","Y","","2","2","0","0","0","0","0","2","1","2","","","","N","","","","","","","","","",""
"2011088837","","1","0","0","0","0","0","0","0","0","7","0","","02","9","2011","6","40.463789","-79.998502","","11","0","0","0","0","0","0","0","0","","0","0","0","","","1","","0","","40 27:49.640","","0","79 59:54.607","8","0","0","0","2301","0","0","0","N","0","0","0","1","02301","0","","2.0","","1","N","N","","0","","0","0","0","","0","","","1","1","0","0","0","1","0","2","0","1","","","","N","","","","","","","","","",""
"2011086587","","1","0","0","0","0","0","0","0","0","6","0","","02","8","2011","7","40.520165","-80.017282","","11","0","0","0","0","0","2","0","0","","0","0","0","","","0","","0","","40 31:12.593","","0","80 01:02.214","0","0","0","0","2116","0","0","0","N","0","0","0","2","02116","0","","1.0","","1","N","N","","1","","0","0","0","","0","","","2","0","0","0","0","0","0","2","0","2","","","","N","","","","","","","","","",""
"2011088953","","2","0","0","0","0","0","0","0","0","6","0","","02","9","2011","6","40.475955","-79.778358","","11","0","0","0","0","0","1","0","0","2","0","0","0","","","1","","2","","40 28:33.439","4","0","79 46:42.090","8","0","0","0","2466","0","0","0","N","0","0","0","2","02466","0","","1.0","","1","N","N","","0","","0","0","0","","0","Y","","2","1","0","0","0","1","0","2","0","2","","","","N","","","","","","","","","",""
"2011086449","","1","0","0","0","0","0","0","0","0","4","0","","02","8","2011","4","40.511505","-79.976564","","11","0","0","0","0","0","1","1","0","2","0","0","0","","","2","","0","","40 30:41.418","1","0","79 58:35.630","3","0","0","0","2118","0","0","0","N","0","0","0","4","02118","1","","1.0","","1","N","N","","0","","1","0","1","","0","N","","2","2","1","0","0","0","0","2","0","2","","","","N","","","","","","","","","",""
"2011088839","","2","0","0","0","0","0","0","0","0","4","0","","02","9","2011","6","40.429361","-79.988622","","11","0","0","0","0","0","0","0","0","","0","0","0","","","0","","1","","40 25:45.700","","7","79 59:19.040","0","0","0","0","2301","0","0","0","N","0","0","0","2","02301","0","","1.0","","1","N","N","","0","","0","0","0","","2","","","2","0","0","0","0","0","0","2","0","2","","","","N","","","","","","","","","",""
"2011087353","","1","0","0","0","0","0","0","0","0","99","0","","02","8","2011","3","40.451612","-79.891918","","11","0","0","0","0","0","0","0","0","","0","0","0","","","1","","1","","40 27:05.803","","0","79 53:30.904","3","0","0","0","2301","0","0","0","N","0","0","0","6","02301","0","","1.0","","1","N","N","","0","","1","0","1","","0","","","2","1","1","0","0","0","0","2","0","2","","","","N","","","","","","","","","",""
"2011086656","","0","0","0","0","0","0","0","0","0","1","0","","02","8","2011","7","40.402578","-79.91739","","11","0","0","0","0","0","1","0","0","1","0","0","0","","","1","","1","","40 24:09.280","3","0","79 55:02.604","8","0","0","0","2472","0","0","0","N","0","0","0","5","02472","0","","1.0","","1","N","N","","0","","0","0","1","","2","N","","2","1","0","0","0","1","0","2","1","2","","","","N","","","","","","","","","",""
"2011087418","","0","0","0","0","0","0","0","0","0","6","0","","02","8","2011","2","40.445825","-79.71383","","11","0","0","0","0","0","0","0","0","2","0","0","0","","","0","","1","","40 26:44.970","4","0","79 42:49.787","0","0","0","0","2466","0","0","0","N","0","0","0","2","02466","0","","1.0","","1","N","N","","0","","0","0","2","","2","N","","2","0","0","0","0","0","0","2","0","2","","","","N","","","","","","","","","",""
"2011087432","","1","0","0","0","0","0","0","0","0","1","0","","02","8","2011","3","40.537876","-79.834713","","11","0","0","0","0","0","1","0","1","2","0","0","0","","","0","","0","","40 32:16.354","2","7","79 50:04.966","0","0","0","0","2208","0","0","0","N","0","0","0","9","02208","0","","1.0","","1","N","N","","0","","0","0","0","","0","N","","3","0","0","0","0","0","0","2","2","3","","","","N","","","","","","","","","",""
"2011088767","","1","0","0","0","0","0","0","0","0","2","0","","02","9","2011","6","40.438031","-79.916137","","11","0","0","0","0","0","0","0","0","","0","0","0","","","0","","2","","40 26:16.911","","0","79 54:58.093","0","0","0","0","2301","0","0","0","N","0","0","0","2","02301","0","","1.0","","1","N","N","","1","","0","0","0","","2","","","2","0","0","0","0","0","0","2","0","2","","","","N","","","","","","","","","",""
"2011088843","","1","0","0","0","0","0","0","0","0","4","0","","02","9","2011","6","40.629374","-80.056666","","11","1","0","0","0","0","0","0","0","1","0","0","0","","","1","","1","","40 37:45.748","2","0","80 03:23.996","4","0","0","0","2216","0","0","0","N","0","0","0","4","02505","1","","1.0","","1","N","N","","0","","0","0","2","","2","N","","3","1","0","0","0","0","0","2","0","3","","","","N","","","","","","","","","",""
"2011086657","","0","0","0","0","0","0","0","0","0","7","0","30","02","8","2011","7","40.367559","-79.818297","","11","0","0","0","0","0","0","0","0","","0","0","0","","","0","","0","","40 22:03.211","","0","79 49:05.870","0","0","0","0","2111","0","0","0","N","0","0","0","1","02111","0","","5.0","","1","N","N","","0","","0","0","1","","0","","","1","0","1","0","0","0","0","2","0","1","","","N","Y","4","1","","","N","Y","","","",""
"2011086672","","1","0","0","0","0","0","0","0","0","7","0","99","02","8","2011","2","40.404541","-80.019076","","11","0","0","0","0","0","1","0","0","1","0","0","0","","","0","","0","","40 24:16.348","2","0","80 01:08.675","0","0","0","0","2301","0","0","0","N","0","0","0","4","02301","0","","1.0","","1","N","N","","0","","0","0","0","","0","N","","1","0","0","0","0","0","0","2","0","1","","","Y","Y","4","1","","","N","Y","","","",""
"2011088959","","1","0","0","0","0","0","0","0","0","1","0","","02","9","2011","7","","","","11","0","0","0","0","0","1","0","0","","0","0","0","","","0","","0","","","","7","","0","0","0","0","2111","0","0","0","N","0","0","0","3","02111","0","","1.0","","1","N","N","","0","","0","0","1","","2","","","2","0","0","0","0","0","0","1","0","2","","","","N","","","","","","","","","",""
"2011086802","","0","0","0","0","0","0","1","0","0","8","1","","02","8","2011","5","40.423223","-79.928693","","11","0","0","0","0","0","1","0","0","","0","0","0","","","1","","1","","40 25:23.602","","0","79 55:43.294","4","0","0","0","2301","1","0","0","N","1","0","0","2","02301","1","","1.0","","1","N","N","","0","","0","0","0","","2","","","2","1","0","0","0","0","0","2","0","1","","","","N","","","","","","","","","",""
"2011086658","","2","0","0","0","0","0","0","0","0","4","0","","02","8","2011","7","40.633497","-80.003789","","11","0","0","0","0","0","0","1","0","","0","0","0","","","1","","0","","40 38:00.588","","0","80 00:13.639","4","0","0","0","2216","0","0","0","N","0","0","0","2","02505","1","","1.0","","1","N","N","","0","","0","0","0","","0","","","2","1","0","0","0","0","0","2","0","2","","","","N","","","","","","","","","",""
"2011088960","","1","0","0","0","0","0","0","0","0","7","0","","02","8","2011","1","40.387864","-80.221563","","11","0","0","0","0","0","0","0","0","","0","0","0","","","0","","0","","40 23:16.310","","0","80 13:17.625","0","0","0","0","2214","0","0","0","N","0","0","0","1","02214","0","","5.0","","1","N","N","","0","","0","0","0","","0","","","1","0","0","0","0","0","0","1","0","1","","","","N","","","","","","","","","",""
"2011088769","","0","0","0","0","0","0","0","0","0","5","0","","02","9","2011","6","40.45513","-79.976655","","11","0","0","0","0","0","2","0","0","1","0","0","0","","","0","","0","","40 27:18.468","1","0","79 58:35.958","0","0","0","0","2301","0","0","0","N","0","0","0","3","02301","0","","1.0","","1","N","N","","0","","0","0","1","","0","Y","","2","0","0","0","0","0","0","2","1","2","","","","N","","","","","","","","","",""
"2011087435","","2","0","0","0","0","0","0","0","0","1","0","","02","8","2011","2","40.262059","-79.878297","","11","0","0","0","0","0","0","0","1","","0","0","0","","","0","","1","","40 15:43.411","","0","79 52:41.868","0","0","0","0","2204","0","0","0","N","0","0","0","3","02204","0","","1.0","","1","N","N","","0","","0","0","0","","2","","","2","0","1","0","0","0","0","1","0","2","","","","N","","","","","","","","","",""
"2011089045","","2","0","0","0","0","0","0","0","0","1","0","","02","9","2011","5","40.430523","-80.066178","","11","0","0","0","0","0","1","0","0","","0","0","0","","","1","","0","","40 25:49.881","","0","80 03:58.239","4","0","0","0","2421","0","0","0","N","0","0","0","2","02421","1","","1.0","","1","N","N","","0","","0","0","0","","0","","","2","1","0","0","0","0","0","2","0","2","","","","N","","","","","","","","","",""
"2011088961","","2","0","0","0","0","0","0","0","0","5","0","","02","8","2011","7","40.466188","-79.826144","","11","0","1","0","0","0","0","0","0","","0","0","0","","","0","","2","","40 27:58.276","","0","79 49:34.119","0","0","0","0","2113","0","0","0","N","0","0","0","3","02113","0","","1.0","","1","N","N","","0","","0","0","1","","0","","","3","0","0","0","0","0","0","2","0","3","","","","N","","","","","","","","","",""
"2011088846","","0","0","0","0","0","0","0","0","0","7","0","","02","9","2011","6","40.344513","-80.081797","","11","0","0","0","0","0","0","0","0","","0","0","0","","","0","","0","","40 20:40.245","","0","80 04:54.468","0","0","0","0","2123","0","0","0","N","0","0","0","1","02123","0","","4.0","","1","N","N","","0","","0","0","0","","0","","","1","0","0","0","0","0","0","2","1","1","","","","N","","","","","","","","","",""
"2011088290","","0","0","0","0","0","0","0","0","0","1","0","","02","7","2011","4","40.438334","-80.005484","","11","0","0","0","0","0","1","0","0","","0","0","0","","","1","","0","","40 26:18.002","","0","80 00:19.744","3","0","0","0","2301","0","0","0","N","0","0","0","2","68B03","0","","1.0","","1","N","N","","0","","1","0","2","","0","","","2","1","0","0","0","0","0","2","0","2","","","","N","","","","","","","","","",""
"2011088962","","2","0","0","0","0","0","0","0","0","1","0","","02","9","2011","7","40.514574","-80.029403","","11","0","0","0","0","0","0","0","0","1","0","0","0","","","0","","2","","40 30:52.465","2","0","80 01:45.849","0","0","0","0","2474","0","0","0","N","0","0","0","2","02474","0","","1.0","","1","N","N","","0","","0","0","0","","0","N","","2","0","0","0","0","0","0","2","0","2","","","","N","","","","","","","","","",""