"CRN","ARRIVAL_TM","AUTOMOBILE_COUNT","BELTED_DEATH_COUNT","BELTED_SUSP_SERIOUS_INJ_COUNT","BICYCLE_COUNT","BICYCLE_DEATH_COUNT","BICYCLE_SUSP_SERIOUS_INJ_COUNT","BUS_COUNT","CHLDPAS_DEATH_COUNT","CHLDPAS_SUSP_SERIOUS_INJ_COUNT","COLLISION_TYPE","COMM_VEH_COUNT","CONS_ZONE_SPD_LIM","COUNTY","CRASH_MONTH","CRASH_YEAR","DAY_OF_WEEK","DEC_LATITUDE","DEC_LONGITUDE","DISPATCH_TM","DISTRICT","DRIVER_COUNT_16YR","DRIVER_COUNT_17YR","DRIVER_COUNT_18YR","DRIVER_COUNT_19YR","DRIVER_COUNT_20YR","DRIVER_COUNT_50_64YR","DRIVER_COUNT_65_74YR","DRIVER_COUNT_75PLUS","EST_HRS_CLOSED","FATAL_COUNT","HEAVY_TRUCK_COUNT","HORSE_BUGGY_COUNT","HOUR_OF_DAY","ILLUMINATION","INJURY_COUNT","INTERSECTION_RELATED","INTERSECT_TYPE","LANE_CLOSED","LATITUDE","LN_CLOSE_DIR","LOCATION_TYPE","LONGITUDE","MAX_SEVERITY_LEVEL","MCYCLE_DEATH_COUNT","MCYCLE_SUSP_SERIOUS_INJ_COUNT","MOTORCYCLE_COUNT","MUNICIPALITY","NONMOTR_COUNT","NONMOTR_DEATH_COUNT","NONMOTR_SUSP_SERIOUS_INJ_COUNT","NTFY_HIWY_MAINT","PED_COUNT","PED_DEATH_COUNT","PED_SUSP_SERIOUS_INJ_COUNT","PERSON_COUNT","POLICE_AGCY","POSSIBLE_INJ_COUNT","RDWY_SURF_TYPE_CD","RELATION_TO_ROAD","ROADWAY_CLEARED","ROAD_CONDITION","SCH_BUS_IND","SCH_ZONE_IND","SECONDARY_CRASH","SMALL_TRUCK_COUNT","SPEC_JURIS_CD","SUSP_MINOR_INJ_COUNT","SUSP_SERIOUS_INJ_COUNT","SUV_COUNT","TCD_FUNC_CD","TCD_TYPE","TFC_DETOUR_IND","TIME_OF_DAY","TOTAL_UNITS","TOT_INJ_COUNT","UNBELTED_OCC_COUNT","UNB_DEATH_COUNT","UNB_SUSP_SERIOUS_INJ_COUNT","UNK_INJ_DEG_COUNT","UNK_INJ_PER_COUNT","URBAN_RURAL","VAN_COUNT","VEHICLE_COUNT","WEATHER1","WEATHER2","WORKERS_PRES","WORK_ZONE_IND","WORK_ZONE_LOC","WORK_ZONE_TYPE","WZ_CLOSE_DETOUR","WZ_FLAGGER","WZ_LAW_OFFCR_IND","WZ_LN_CLOSURE","WZ_MOVING","WZ_OTHER","WZ_SHLDER_MDN","WZ_WORKERS_INJ_KILLED"
"2011086806","","0","0","0","0","0","0","0","0","0","7","0","","02","8","2011","7","40.428763","-79.985823","","11","0","0","0","1","0","0","0","0","","0","0","0","","","0","","0","","40 25:43.548","","0","79 59:08.962","0","0","0","0","2301","0","0","0","N","0","0","0","1","02301","0","","5.0","","1","N","N","","0","","0","0","1","","0","","","1","0","0","0","0","0","0","2","0","1","","","","N","","","","","","","","","",""
"2011087360","","0","0","0","0","0","0","0","0","0","1","0","","02","8","2011","2","40.338627","-80.066071","","11","0","0","0","0","0","0","0","0","1","0","0","0","","","0","","0","","40 20:19.058","1","0","80 03:57.855","0","0","0","0","2123","0","0","0","N","0","0","0","2","02123","0","","1.0","","1","N","N","","0","","0","0","1","","2","N","","2","0","0","0","0","0","0","2","1","2","","","","N","","","","","","","","","",""
"2011086662","","1","0","0","0","0","0","0","0","0","5","0","","02","8","2011","7","40.48411","-80.315676","","11","0","0","0","0","0","0","0","0","","0","0","0","","","0","","2","","40 29:02.796","","0","80 18:56.433","0","0","0","0","2203","0","0","0","N","0","0","0","1","02203","0","","1.0","","1","N","N","","0","","0","0","1","","0","","","2","0","0","0","0","0","0","1","0","2","","","","N","","","","","","","","","",""
"2011086807","","1","0","0","0","0","0","0","0","0","5","0","","02","8","2011","1","40.481623","-79.953349","","11","0","0","0","0","0","0","0","0","","0","0","0","","","0","","0","","40 28:53.843","","0","79 57:12.055","0","0","0","0","2301","0","0","0","N","0","0","0","1","02301","0","","1.0","","1","N","N","","1","","0","0","0","","0","","","2","0","0","0","0","0","0","2","0","2","","","","N","","","","","","","","","",""
"2011087220","","0","0","0","1","0","0","0","0","0","8","0","","02","8","2011","7","40.423912","-79.9777","","11","0","0","0","0","0","0","0","0","","0","0","0","","","1","","1","","40 25:26.083","","6","79 58:39.720","4","0","0","0","2301","1","0","0","N","0","0","0","2","02301","1","","1.0","","1","N","N","","0","","0","0","0","","2","","","2","1","0","0","0","0","0","2","1","1","","","","N","","","","","","","","","",""
"2011088228","","2","0","0","0","0","0","0","0","0","1","0","","02","8","2011","3","40.379858","-79.808275","","11","0","0","0","0","0","0","0","0","","0","0","0","","","0","","1","","40 22:47.487","","0","79 48:29.789","0","0","0","0","2424","0","0","0","N","0","0","0","2","02424","0","","1.0","","1","N","N","","0","","0","0","0","","2","","","2","0","1","0","0","0","0","2","0","2","","","","N","","","","","","","","","",""
"2011087222","","1","0","0","0","0","0","0","0","0","7","0","","02","8","2011","1","40.442158","-80.00404","","11","0","0","0","0","0","0","0","0","","0","0","0","","","0","","1","","40 26:31.768","","0","80 00:14.544","0","0","0","0","2301","0","0","0","N","0","0","0","1","02301","0","","1.0","","1","N","N","","0","","0","0","0","","1","","","1","0","0","0","0","0","0","2","0","1","","","","N","","","","","","","","","",""
"2011086600","","3","0","0","0","0","0","0","0","0","1","0","","02","8","2011","7","40.430481","-79.998311","","11","0","0","0","0","0","0","0","0","","0","0","0","","","0","","0","","40 25:49.732","","3","79 59:53.918","0","0","0","0","2301","0","0","0","N","0","0","0","11","02301","0","","1.0","","1","N","N","","0","","0","0","0","","0","","","4","0","0","0","0","0","0","2","1","4","","","","N","","","","","","","","","",""
"2011088165","","0","0","0","0","0","0","0","0","0","7","0","","02","8","2011","1","40.539155","-80.080134","","11","0","0","0","0","0","0","0","0","2","0","0","0","","","0","","0","","40 32:20.958","2","0","80 04:48.481","0","0","0","0","2215","0","0","0","N","0","0","0","1","68B03","0","","4.0","","9","N","N","","0","","0","0","1","","0","N","","1","0","0","0","0","0","0","2","0","1","","","","N","","","","","","","","","",""
"2011088775","","2","0","0","0","0","0","0","0","0","1","0","","02","9","2011","5","40.63356","-79.938603","","11","0","0","0","0","0","1","0","0","1","0","0","0","","","0","","1","","40 38:00.816","6","0","79 56:18.970","0","0","0","0","2217","0","0","0","N","0","0","0","5","02505","0","","1.0","","1","N","N","","0","","0","0","1","","0","N","","3","0","0","0","0","0","0","2","0","3","","","","N","","","","","","","","","",""
"2011089052","","1","0","0","0","0","0","0","0","0","5","0","","02","9","2011","1","40.429576","-79.997501","","11","0","0","0","0","0","0","0","0","","0","0","0","","","0","","0","","40 25:46.475","","0","79 59:51.005","9","0","0","0","2301","0","0","0","N","0","0","0","2","02301","0","","2.0","","1","N","N","","0","","0","0","0","","0","","","2","0","0","0","0","0","1","2","0","2","","","","N","","","","","","","","","",""
"2011086813","","1","0","0","0","0","0","0","0","0","7","0","","02","8","2011","1","40.260574","-79.849954","","11","0","0","0","0","0","0","0","0","2","0","0","0","","","1","","3","","40 15:38.066","2","0","79 50:59.834","2","0","0","0","2105","0","0","0","N","0","0","0","1","02105","0","","5.0","","1","N","N","","0","","0","1","0","","3","N","","1","1","1","0","1","0","0","1","0","1","","","","N","","","","","","","","","",""
"2011088777","","1","0","0","0","0","0","0","0","0","7","0","","02","9","2011","6","40.448509","-80.014518","","11","0","0","0","0","0","0","0","0","2","0","0","0","","","0","","2","","40 26:54.632","3","0","80 00:52.265","0","0","0","0","2301","0","0","0","N","0","0","0","1","02301","0","","2.0","","1","N","N","","0","","0","0","0","","0","N","","1","0","0","0","0","0","0","2","0","1","","","","N","","","","","","","","","",""
"2011086670","","0","0","0","0","0","0","0","0","0","1","0","","02","8","2011","7","40.408666","-79.912529","","11","0","0","0","0","0","0","1","0","1","0","0","0","","","1","","2","","40 24:31.197","4","0","79 54:45.104","8","0","0","0","2438","0","0","0","N","0","0","0","3","02438","0","","1.0","","1","N","N","","0","","0","0","2","","3","Y","","2","1","0","0","0","1","0","2","0","2","","","","N","","","","","","","","","",""
"2011088233","","1","0","0","0","0","0","0","0","0","7","0","","02","8","2011","4","40.282984","-80.010179","","11","0","0","0","0","0","0","0","0","","0","0","0","","","0","","0","","40 16:58.742","","0","80 00:36.644","0","0","0","0","2219","0","0","0","N","0","0","0","1","02219","0","","5.0","","1","N","N","","0","","0","0","0","","0","","","1","0","0","0","0","0","0","2","0","1","","","","N","","","","","","","","","",""
"2011086814","","1","0","0","0","0","0","0","0","0","7","0","","02","8","2011","7","40.587575","-79.776625","","11","0","0","0","0","0","0","0","0","2","0","0","0","","","0","","0","","40 35:15.270","7","0","79 46:35.850","0","0","0","0","2104","0","0","0","N","0","0","0","1","02104","0","","2.0","","1","N","N","","0","","0","0","0","","0","Y","","1","0","0","0","0","0","0","2","0","1","","","","N","","","","","","","","","",""
"2011088707","","0","0","0","0","0","0","0","0","0","2","1","","02","9","2011","5","40.490572","-79.868846","","11","0","0","0","0","0","1","0","0","3","0","1","0","","","1","","9","","40 29:26.059","5","6","79 52:07.845","8","0","0","0","2112","0","0","0","N","0","0","0","1","02112","0","","9.0","","1","N","N","","0","","0","0","0","","5","Y","","2","1","0","0","0","1","0","2","0","1","","","","N","","","","","","","","","",""
"2011086467","","1","0","0","0","0","0","0","0","0","4","0","","02","8","2011","6","40.438334","-79.842884","","11","0","0","0","0","0","0","0","0","","0","0","0","","","0","","2","","40 26:18.004","","0","79 50:34.384","0","0","0","0","2419","0","0","0","N","0","0","0","2","02419","0","","1.0","","1","N","N","","0","","0","0","1","","3","","","2","0","0","0","0","0","0","2","0","2","","","","N","","","","","","","","","",""
"2011088778","","2","0","0","0","0","0","0","0","0","4","0","","02","9","2011","5","40.436887","-79.852014","","11","0","0","0","0","0","0","0","0","1","0","0","0","","","0","","2","","40 26:12.793","6","0","79 51:07.250","0","0","0","0","2431","0","0","0","","0","0","0","2","02431","0","","1.0","","1","N","N","","0","","0","0","0","","3","N","","2","0","2","0","0","0","0","2","0","2","","","","N","","","","","","","","","",""
"2011087367","","1","0","0","0","0","0","0","0","0","4","0","","02","8","2011","3","40.442538","-79.968572","","11","0","0","0","0","0","0","0","0","","0","0","0","","","0","","0","","40 26:33.136","","0","79 58:06.859","0","0","0","0","2301","0","0","0","N","0","0","0","2","02301","0","","1.0","","1","N","N","","0","","0","0","1","","0","","","2","0","0","0","0","0","0","2","0","2","","","","N","","","","","","","","","",""
"2011087381","","0","0","0","0","0","0","0","0","0","1","0","35","02","8","2011","2","40.514695","-80.004193","","11","0","0","0","0","0","1","0","0","","0","0","0","","","0","","0","","40 30:52.902","","0","80 00:15.096","0","0","0","0","2116","0","0","0","N","0","0","0","2","02116","0","","1.0","","1","N","N","","2","","0","0","0","","0","","","2","0","1","0","0","0","0","2","0","2","","","Y","Y","4","1","","","N","Y","","","",""
"2011088985","","1","0","0","0","0","0","0","0","0","4","0","","02","9","2011","6","40.626498","-79.720861","","11","0","0","0","0","0","0","0","0","","0","0","0","","","0","","2","","40 37:35.392","","0","79 43:15.099","0","0","0","0","2106","0","0","0","N","0","0","0","4","02106","0","","1.0","","1","N","N","","0","","0","0","1","","2","","","2","0","0","0","0","0","0","2","0","2","","","","N","","","","","","","","","",""
"2011086685","","1","0","0","0","0","0","0","0","0","7","0","","02","8","2011","1","40.329987","-80.113791","","11","1","0","0","0","0","0","0","0","1","0","0","0","","","2","","0","","40 19:47.954","5","0","80 06:49.648","4","0","0","0","2119","0","0","0","Y","0","0","0","3","02119","2","","5.0","","1","N","N","","0","","0","0","0","","0","N","","2","2","0","0","0","0","0","2","0","1","","","","N","","","","","","","","","",""
"2011088708","","3","0","0","0","0","0","0","0","0","1","0","","02","8","2011","4","40.367874","-79.929597","","11","0","0","0","0","0","1","0","0","","0","0","0","","","2","","2","","40 22:04.346","","0","79 55:46.549","4","0","0","0","2473","0","0","0","N","0","0","0","3","02473","2","","1.0","","1","N","N","","0","","0","0","0","","2","","","3","2","0","0","0","0","0","2","0","3","","","","N","","","","","","","","","",""
"2011086468","","1","0","0","0","0","0","0","0","0","1","0","","02","8","2011","7","40.39067","-79.869136","","11","0","0","0","0","0","0","0","0","","0","0","0","","","0","","2","","40 23:26.412","","0","79 52:08.889","0","0","0","0","2473","0","0","0","N","0","0","0","2","02473","0","","1.0","","1","N","N","","1","","0","0","0","","2","","","2","0","0","0","0","0","0","2","0","2","","","","N","","","","","","","","","",""
"2011088857","","1","0","0","0","0","0","0","0","0","7","0","","02","9","2011","5","40.610132","-79.821481","","11","0","0","0","0","0","0","0","0","","0","0","0","","","1","","0","","40 36:36.475","","0","79 49:17.332","4","0","0","0","2220","0","0","0","N","0","0","0","1","02220","1","","5.0","","1","N","N","","0","","0","0","0","","0","","","1","1","1","0","0","0","0","2","0","1","","","","N","","","","","","","","","",""
"2011088972","","1","0","0","0","0","0","0","0","0","1","0","","02","9","2011","6","40.517756","-80.029758","","11","0","0","0","0","0","0","0","0","1","0","0","0","","","1","","0","","40 31:03.920","2","0","80 01:47.127","3","0","0","0","2474","0","0","0","N","0","0","0","2","02474","0","","1.0","","1","N","N","","0","","1","0","1","","0","N","","2","1","0","0","0","0","0","2","0","2","","","","N","","","","","","","","","",""
"2011088858","","1","0","0","0","0","0","0","0","0","4","0","","02","9","2011","6","40.428418","-79.974634","","11","0","0","0","0","0","0","0","0","1","0","0","0","","","1","","1","","40 25:42.303","4","0","79 58:28.681","3","0","0","1","2301","0","0","0","N","0","0","0","2","02301","0","","1.0","","1","N","N","","0","","1","0","0","","2","N","","2","1","0","0","0","0","0","2","0","2","","","","N","","","","","","","","","",""
"2011089057","","2","0","0","0","0","0","0","0","0","7","0","","02","9","2011","7","40.438282","-79.773614","","11","0","0","0","0","0","0","0","0","","0","0","0","","","1","","0","","40 26:17.816","","7","79 46:25.010","8","0","0","0","2446","0","0","0","N","0","0","0","2","02446","0","","4.0","","1","N","N","","0","","0","0","0","","0","","","2","1","0","0","0","1","0","2","0","2","","","","N","","","","","","","","","",""
"2011088098","","0","0","0","0","0","0","0","0","0","7","0","","02","8","2011","3","40.525961","-79.963002","","11","0","0","0","0","0","0","0","0","","0","0","0","","","1","","0","","40 31:33.459","","7","79 57:46.808","4","0","0","0","2118","0","0","0","N","0","0","0","3","02118","1","","4.0","","1","N","N","","0","","0","0","1","","0","","","1","1","1","0","0","0","0","2","0","1","","","","N","","","","","","","","","",""
"2011087371","","0","0","0","0","0","0","0","0","0","1","0","","02","8","2011","6","40.438113","-79.774199","","11","0","0","0","0","0","0","0","0","2","0","0","0","","","1","","1","","40 26:17.205","3","0","79 46:27.115","3","0","0","1","2446","0","0","0","N","0","0","0","2","02446","0","","1.0","","1","N","N","","1","","1","0","0","","2","N","","2","1","0","0","0","0","1","2","0","2","","","","N","","","","","","","","","",""
"2011088099","","1","0","0","0","0","0","0","0","0","1","0","","02","8","2011","4","40.49806","-80.092207","","11","0","0","0","0","0","1","0","0","","0","0","0","","","0","","0","","40 29:53.016","","0","80 05:31.945","0","0","0","0","2110","0","0","0","N","0","0","0","3","02215","0","","1.0","","1","N","N","","0","","0","0","0","","0","","","2","0","0","0","0","0","0","2","1","2","","","","N","","","","","","","","","",""
"2011086750","","1","0","0","0","0","0","0","0","0","5","0","","02","8","2011","1","40.379024","-80.04334","","11","0","0","0","0","0","0","0","0","","0","0","0","","","0","","0","","40 22:44.486","","0","80 02:36.024","0","0","0","0","2109","0","0","0","N","0","0","0","1","02109","0","","1.0","","1","N","N","","0","","0","0","1","","0","","","2","0","0","0","0","0","0","2","0","2","","","","N","","","","","","","","","",""
"2011088861","","1","0","0","0","0","0","0","0","0","4","0","","02","9","2011","6","40.462845","-79.833268","","11","0","0","0","0","0","0","0","0","","0","0","0","","","0","","0","","40 27:46.243","","0","79 49:59.763","0","0","0","0","2113","0","0","0","N","0","0","0","2","02113","0","","1.0","","1","N","N","","0","","0","0","1","","0","","","2","0","0","0","0","0","0","2","0","2","","","","N","","","","","","","","","",""
"2011088101","","2","0","0","0","0","0","0","0","0","4","0","","02","8","2011","3","40.563698","-80.03884","","11","0","0","1","0","0","0","1","0","1","0","0","0","","","2","","2","","40 33:49.312","1","0","80 02:19.825","4","0","0","0","2108","0","0","0","N","0","0","0","4","02108","2","","1.0","","1","N","N","","0","","0","0","0","","2","Y","","2","2","0","0","0","0","0","2","0","2","","","","N","","","","","","","","","",""
"2011087452","","1","0","0","0","0","0","0","0","0","4","0","","02","8","2011","3","40.438832","-79.765363","","11","0","0","0","0","0","1","0","0","","0","0","0","","","0","","0","","40 26:19.794","","0","79 45:55.306","0","0","0","0","2446","0","0","0","N","0","0","0","4","02446","0","","1.0","","1","N","N","","0","","0","0","1","","0","","","2","0","0","0","0","0","0","2","0","2","","","","N","","","","","","","","","",""
"2011088242","","2","0","0","0","0","0","0","0","0","1","0","35","02","8","2011","4","40.621324","-80.054496","","11","0","0","0","0","1","0","0","0","","0","0","0","","","0","","2","","40 37:16.765","","0","80 03:16.187","0","0","0","0","2216","0","0","0","N","0","0","0","3","02505","0","","1.0","","1","N","N","","1","","0","0","0","","3","","","3","0","0","0","0","0","0","2","0","3","","","N","Y","4","1","","","N","Y","","","",""
"2011089062","","2","0","0","0","0","0","0","0","0","1","0","","02","8","2011","4","40.366643","-79.984259","","11","0","0","0","0","1","0","0","0","1","0","0","0","","","0","","10","","40 21:59.913","1","0","79 59:03.331","9","0","0","0","2413","0","0","0","N","0","0","0","2","02413","0","","1.0","","1","N","N","","0","","0","0","0","","0","N","","2","0","0","0","0","0","2","2","0","2","","","","N","","","","","","","","","",""
"2011086764","","0","0","0","0","0","0","0","0","0","0","0","","02","8","2011","1","40.306944","-79.954167","","11","0","0","0","0","0","0","0","0","5","1","0","0","","","1","","0","","40 18:25.000","7","0","79 57:15.000","1","0","0","0","2443","0","0","0","N","0","0","0","2","02443","0","2","5.0","","1","N","N","","0","0","0","1","1","","0","Y","","1","1","0","0","0","0","0","2","0","1","","","","N","","","","","","","","","",""
"2011086488","","1","0","0","0","0","0","0","0","0","8","0","","02","8","2011","7","40.452302","-79.950657","","11","0","0","0","0","0","1","0","0","","0","0","0","","","1","","0","","40 27:08.287","","0","79 57:02.365","4","0","0","0","2301","1","0","0","N","1","0","0","2","02301","1","","4.0","","1","N","N","","0","","0","0","0","","0","","","2","1","0","0","0","0","0","2","0","1","","","","N","","","","","","","","","",""
"2011088102","","2","0","0","0","0","0","0","0","0","4","0","","02","7","2011","7","40.585511","-80.044143","","11","0","0","0","0","0","1","1","0","1","0","0","0","","","2","","2","","40 35:07.841","1","0","80 02:38.914","4","0","0","0","2108","0","0","0","N","0","0","0","3","02108","2","","1.0","","1","N","N","","0","","0","0","0","","3","N","","2","2","0","0","0","0","0","2","0","2","","","","N","","","","","","","","","",""
"2011087375","","2","0","0","0","0","0","0","0","0","4","0","","02","8","2011","3","40.344837","-79.816557","","11","0","0","0","0","0","1","1","0","1","0","0","0","","","0","","1","","40 20:41.413","2","0","79 48:59.605","0","0","0","0","2477","0","0","0","N","0","0","0","2","02477","0","","1.0","","1","N","N","","0","","0","0","0","","3","Y","","2","0","0","0","0","0","0","2","0","2","","","","N","","","","","","","","","",""
"2011088164","","1","0","0","0","0","0","0","0","0","1","0","","02","8","2011","7","40.423563","-80.107163","","11","0","0","0","0","0","0","1","0","","0","0","0","","","1","","0","","40 25:24.825","","0","80 06:25.786","4","0","0","0","2102","0","0","0","N","0","0","0","3","68B03","1","","1.0","","1","N","N","","0","","0","0","1","","0","","","2","1","0","0","0","0","0","2","0","2","","","","N","","","","","","","","","",""
"2011088800","","2","0","0","0","0","0","0","0","0","1","0","","02","9","2011","5","40.344104","-80.014872","","11","0","0","0","0","0","0","1","0","","0","0","0","","","2","","0","","40 20:38.773","","0","80 00:53.539","8","0","0","0","2407","0","0","0","N","0","0","0","3","02407","0","","1.0","","1","N","N","","0","","0","0","0","","0","","","2","2","0","0","0","2","0","2","0","2","","","","N","","","","","","","","","",""
"2011088103","","2","0","0","0","0","0","0","0","0","4","0","","02","8","2011","4","40.5374","-80.186067","","11","0","0","0","0","0","1","0","0","1","0","0","0","","","0","","1","","40 32:14.639","3","0","80 11:09.840","9","0","0","0","2458","0","0","0","N","0","0","0","2","02458","0","","1.0","","1","N","N","","0","","0","0","0","","2","N","","2","0","0","0","0","0","1","2","0","2","","","","N","","","","","","","","","",""
"2011088876","","1","0","0","0","0","0","0","0","0","0","0","","02","9","2011","7","40.45863","-79.957447","","11","0","0","0","0","0","0","0","0","","0","0","0","","","1","","1","","40 27:31.068","","0","79 57:26.810","4","0","0","0","2301","0","0","0","N","0","0","0","1","02301","1","","1.0","","1","N","N","","0","","0","0","0","","0","","","1","1","0","0","0","0","0","2","0","1","","","","N","","","","","","","","","",""
"2011086694","","2","0","0","0","0","0","0","0","0","1","0","","02","8","2011","6","40.586252","-80.100005","","11","0","1","0","0","0","0","0","0","","0","0","0","","","0","","0","","40 35:10.506","","0","80 06:00.017","0","0","0","0","2481","0","0","0","N","0","0","0","3","68B03","0","","1.0","","1","N","N","","0","","0","0","0","","8","","","2","0","0","0","0","0","0","2","0","2","","","","N","","","","","","","","","",""
"2011088245","","2","0","0","0","0","0","0","0","0","4","0","","02","8","2011","4","40.45041","-79.948748","","11","0","0","0","0","0","0","0","0","","0","0","0","","","2","","1","","40 27:01.476","","0","79 56:55.492","8","0","0","0","2301","0","0","0","N","0","0","0","3","02301","0","","1.0","","1","N","N","","0","","0","0","0","","2","","","2","2","0","0","0","2","0","2","0","2","","","","N","","","","","","","","","",""
"2011087515","","2","0","0","0","0","0","0","0","0","1","0","","02","8","2011","3","40.462254","-79.814744","","11","0","0","0","0","0","1","0","0","","0","0","0","","","0","","2","","40 27:44.114","","0","79 48:53.078","0","0","0","0","2113","0","0","0","N","0","0","0","5","02113","0","","1.0","","1","N","N","","1","","0","0","0","","0","","","3","0","0","0","0","0","0","2","0","3","","","","N","","","","","","","","","",""
"2011086615","","1","0","0","0","0","0","0","0","0","2","0","","02","8","2011","6","40.474323","-80.092309","","11","0","0","0","0","1","0","0","0","1","0","0","0","","","2","","0","","40 28:27.562","6","0","80 05:32.312","3","0","0","0","2126","0","0","0","N","0","0","0","4","02126","0","","1.0","","1","N","N","","0","","1","0","1","","0","N","","3","2","0","0","0","1","1","2","1","3","","","","N","","","","","","","","","",""
"2011087378","","2","0","0","0","0","0","0","0","0","4","0","","02","8","2011","3","40.530577","-80.009757","","11","0","0","0","0","0","0","0","0","1","0","0","0","","","1","","1","","40 31:50.078","1","0","80 00:35.126","4","0","0","0","2116","0","0","0","N","0","0","0","2","02116","1","","1.0","","1","N","N","","0","","0","0","1","","2","Y","","3","1","0","0","0","0","0","2","0","3","","","","N","","","","","","","","","",""
"2011088877","","2","0","0","0","0","0","0","0","0","6","0","","02","9","2011","7","40.355851","-79.838134","","11","0","0","0","0","0","0","0","0","","0","0","0","","","0","","0","","40 21:21.063","","0","79 50:17.282","9","0","0","0","2304","0","0","0","N","0","0","0","1","02304","0","","2.0","","1","N","N","","0","","0","0","0","","0","","","2","0","0","0","0","0","1","2","0","2","","","","N","","","","","","","","","",""
"2011086629","","2","0","0","0","0","0","0","0","0","4","0","","02","8","2011","5","40.541141","-79.790619","","11","0","0","0","0","1","0","0","0","","0","0","0","","","1","","2","","40 32:28.108","","0","79 47:26.228","8","0","0","0","2462","0","0","0","N","0","0","0","2","02462","0","","1.0","","1","N","N","","0","","0","0","0","","3","","","2","1","0","0","0","1","0","2","0","2","","","","N","","","","","","","","","",""
"2011086768","","1","0","0","1","0","0","0","0","0","8","0","","02","8","2011","1","40.491663","-80.047848","","11","0","0","0","0","0","0","0","0","","0","0","0","","","1","","0","","40 29:29.985","","0","80 02:52.254","4","0","0","0","2404","1","0","0","N","0","0","0","1","02404","1","","6.0","","1","N","N","","0","","0","0","0","","0","","","2","1","0","0","0","0","0","2","0","1","","","","N","","","","","","","","","",""
"2011088732","","2","0","0","0","0","0","0","0","0","6","0","","02","9","2011","5","40.453674","-79.760589","","11","0","0","0","1","0","0","1","0","1","0","0","0","","","0","","2","","40 27:13.226","3","0","79 45:38.120","0","0","0","0","2446","0","0","0","N","0","0","0","3","02446","0","","1.0","","1","N","N","","0","","0","0","0","","3","N","","3","0","0","0","0","0","0","2","1","3","","","","N","","","","","","","","","",""
"2011088878","","1","0","0","0","0","0","0","0","0","4","0","","02","8","2011","6","40.381154","-79.811838","","11","0","0","0","0","0","0","0","0","","0","0","0","","","0","","0","","40 22:52.153","","7","79 48:42.618","0","0","0","0","2111","0","0","0","N","0","0","0","1","02111","0","","6.0","","1","N","N","","0","","0","0","0","","0","","","2","0","1","0","0","0","0","2","1","2","","","","N","","","","","","","","","",""
"2011086630","","0","0","0","1","0","0","0","0","0","4","0","","02","8","2011","1","40.458246","-80.013855","","11","0","0","0","0","0","1","0","0","","0","0","0","","","1","","1","","40 27:29.685","","0","80 00:49.878","4","0","0","0","2301","1","0","0","N","0","0","0","2","02301","1","","1.0","","1","N","N","","0","","0","0","1","","0","","","2","1","0","0","0","0","0","2","0","1","","","","N","","","","","","","","","",""
"2011088995","","2","0","0","0","0","0","0","0","0","1","0","","02","9","2011","6","40.51984","-80.16755","","11","0","0","0","0","0","0","0","0","","0","0","0","","","0","","0","","40 31:11.423","","0","80 10:03.181","0","0","0","0","2420","0","0","0","","0","0","0","4","02420","0","","1.0","","1","N","N","","1","","0","0","1","","2","","","4","0","0","0","0","0","0","2","0","4","","","","N","","","","","","","","","",""
"2011089068","","2","0","0","0","0","0","0","0","0","4","0","","02","9","2011","5","40.349868","-79.930468","","11","0","0","0","1","0","0","0","1","","0","0","0","","","0","","2","","40 20:59.523","","0","79 55:49.683","0","0","0","0","2473","0","0","0","N","0","0","0","2","02473","0","","1.0","","9","N","N","","0","","0","0","1","","3","","","3","0","0","0","0","0","0","2","0","3","","","","N","","","","","","","","","",""
"2011088879","","1","0","0","0","0","0","0","0","0","7","0","","02","9","2011","6","40.36091","-80.016174","","11","0","0","0","0","0","0","0","1","","0","0","0","","","0","","2","","40 21:39.276","","0","80 00:58.226","0","0","0","0","2416","0","0","0","N","0","0","0","1","02416","0","","5.0","","1","N","N","","0","","0","0","0","","3","","","1","0","0","0","0","0","0","2","0","1","","","","N","","","","","","","","","",""
"2011086631","","1","0","0","0","0","0","0","0","0","8","0","","02","8","2011","2","40.346133","-79.863896","","11","0","0","0","0","0","0","1","0","","0","0","0","","","1","","2","","40 20:46.079","","0","79 51:50.025","4","0","0","0","2304","1","0","0","N","1","0","0","2","02304","1","","1.0","","1","N","N","","0","","0","0","0","","3","","","2","1","0","0","0","0","0","2","0","1","","","","N","","","","","","","","","",""
"2011086757","","1","0","0","0","0","0","0","0","0","7","0","","02","8","2011","7","40.39273","-79.809712","","11","0","0","0","0","0","0","0","0","","0","0","0","","","0","","0","","40 23:33.828","","0","79 48:34.963","0","0","0","0","2111","0","0","0","N","0","0","0","1","02111","0","","5.0","","1","N","N","","0","","0","0","0","","2","","","1","0","1","0","0","0","0","2","0","1","","","","N","","","","","","","","","",""
"2011086770","","1","0","0","0","0","0","0","0","0","1","0","35","02","8","2011","3","40.614541","-80.054907","","11","0","0","0","0","0","0","0","0","","0","0","0","","","0","","0","","40 36:52.348","","0","80 03:17.666","0","0","0","0","2216","0","0","0","N","0","0","0","3","02505","0","","1.0","","1","N","N","","1","","0","0","1","","0","","","3","0","0","0","0","0","0","2","0","3","","","Y","Y","4","1","","","N","","","","",""