"CRN","ARRIVAL_TM","AUTOMOBILE_COUNT","BELTED_DEATH_COUNT","BELTED_SUSP_SERIOUS_INJ_COUNT","BICYCLE_COUNT","BICYCLE_DEATH_COUNT","BICYCLE_SUSP_SERIOUS_INJ_COUNT","BUS_COUNT","CHLDPAS_DEATH_COUNT","CHLDPAS_SUSP_SERIOUS_INJ_COUNT","COLLISION_TYPE","COMM_VEH_COUNT","CONS_ZONE_SPD_LIM","COUNTY","CRASH_MONTH","CRASH_YEAR","DAY_OF_WEEK","DEC_LATITUDE","DEC_LONGITUDE","DISPATCH_TM","DISTRICT","DRIVER_COUNT_16YR","DRIVER_COUNT_17YR","DRIVER_COUNT_18YR","DRIVER_COUNT_19YR","DRIVER_COUNT_20YR","DRIVER_COUNT_50_64YR","DRIVER_COUNT_65_74YR","DRIVER_COUNT_75PLUS","EST_HRS_CLOSED","FATAL_COUNT","HEAVY_TRUCK_COUNT","HORSE_BUGGY_COUNT","HOUR_OF_DAY","ILLUMINATION","INJURY_COUNT","INTERSECTION_RELATED","INTERSECT_TYPE","LANE_CLOSED","LATITUDE","LN_CLOSE_DIR","LOCATION_TYPE","LONGITUDE","MAX_SEVERITY_LEVEL","MCYCLE_DEATH_COUNT","MCYCLE_SUSP_SERIOUS_INJ_COUNT","MOTORCYCLE_COUNT","MUNICIPALITY","NONMOTR_COUNT","NONMOTR_DEATH_COUNT","NONMOTR_SUSP_SERIOUS_INJ_COUNT","NTFY_HIWY_MAINT","PED_COUNT","PED_DEATH_COUNT","PED_SUSP_SERIOUS_INJ_COUNT","PERSON_COUNT","POLICE_AGCY","POSSIBLE_INJ_COUNT","RDWY_SURF_TYPE_CD","RELATION_TO_ROAD","ROADWAY_CLEARED","ROAD_CONDITION","SCH_BUS_IND","SCH_ZONE_IND","SECONDARY_CRASH","SMALL_TRUCK_COUNT","SPEC_JURIS_CD","SUSP_MINOR_INJ_COUNT","SUSP_SERIOUS_INJ_COUNT","SUV_COUNT","TCD_FUNC_CD","TCD_TYPE","TFC_DETOUR_IND","TIME_OF_DAY","TOTAL_UNITS","TOT_INJ_COUNT","UNBELTED_OCC_COUNT","UNB_DEATH_COUNT","UNB_SUSP_SERIOUS_INJ_COUNT","UNK_INJ_DEG_COUNT","UNK_INJ_PER_COUNT","URBAN_RURAL","VAN_COUNT","VEHICLE_COUNT","WEATHER1","WEATHER2","WORKERS_PRES","WORK_ZONE_IND","WORK_ZONE_LOC","WORK_ZONE_TYPE","WZ_CLOSE_DETOUR","WZ_FLAGGER","WZ_LAW_OFFCR_IND","WZ_LN_CLOSURE","WZ_MOVING","WZ_OTHER","WZ_SHLDER_MDN","WZ_WORKERS_INJ_KILLED"
"2011088868","","1","0","0","0","0","0","0","0","0","7","0","","02","9","2011","7","40.474599","-79.957696","","11","0","0","0","0","0","0","0","0","","0","0","0","","","0","","0","","40 28:28.558","","0","79 57:27.706","0","0","0","0","2301","0","0","0","N","0","0","0","1","02301","0","","5.0","","1","N","N","","0","","0","0","0","","0","","","1","0","1","0","0","0","0","2","0","1","","","","N","","","","","","","","","",""
"2011086632","","2","0","0","0","0","0","0","0","0","6","0","","02","8","2011","1","40.363177","-80.046937","","11","0","0","0","1","0","0","0","1","2","0","0","0","","","0","","2","","40 21:47.436","1","0","80 02:48.972","0","0","0","0","2109","0","0","0","N","0","0","0","2","02109","0","","1.0","","1","N","N","","0","","0","0","0","","2","Y","","2","0","0","0","0","0","0","2","0","2","","","","N","","","","","","","","","",""
"2011088930","","1","0","0","0","0","0","0","0","0","4","0","","02","9","2011","7","40.340138","-79.967344","","11","0","0","0","1","0","0","0","0","1","0","0","0","","","0","","2","","40 20:24.495","3","0","79 58:02.439","0","0","0","0","2454","0","0","0","N","0","0","0","7","02454","0","","1.0","","1","N","N","","0","","0","0","1","","2","N","","2","0","0","0","0","0","0","2","0","2","","","","N","","","","","","","","","",""
"2011086771","","1","0","0","0","0","0","0","0","0","7","0","","02","8","2011","1","40.437428","-79.979527","","11","0","0","0","0","0","0","1","0","","0","0","0","","","0","","1","","40 26:14.740","","0","79 58:46.297","0","0","0","0","2301","0","0","0","N","0","0","0","1","02301","0","","5.0","","1","N","N","","0","","0","0","0","","0","","","1","0","0","0","0","0","0","2","0","1","","","","N","","","","","","","","","",""
"2011087531","","2","0","0","0","0","0","0","0","0","1","0","","02","7","2011","3","40.435494","-79.968376","","11","0","0","0","0","0","1","0","0","","0","0","0","","","1","","0","","40 26:07.778","","0","79 58:06.152","3","0","0","0","2301","0","0","0","N","0","0","0","2","68B03","0","","1.0","","1","N","N","","0","","1","0","0","","0","","","2","1","0","0","0","0","0","2","0","2","","","","N","","","","","","","","","",""
"2011087394","","1","0","0","0","0","0","0","0","0","4","0","","02","8","2011","3","40.438078","-79.994416","","11","0","0","0","0","0","0","0","0","","0","0","0","","","0","","1","","40 26:17.079","","0","79 59:39.896","0","0","0","0","2301","0","0","0","N","0","0","0","3","02301","0","","1.0","","1","N","N","","0","","0","0","1","","2","","","2","0","0","0","0","0","0","2","0","2","","","","N","","","","","","","","","",""
"2011087532","","1","0","0","0","0","0","0","0","0","7","0","","02","8","2011","7","40.433435","-79.869724","","11","0","0","0","0","0","0","0","0","","0","0","0","","","0","","0","","40 26:00.366","","0","79 52:11.005","0","0","0","0","2478","0","0","0","N","0","0","0","2","68B01","0","","2.0","","1","N","N","","0","","0","0","0","","0","","","1","0","0","0","0","0","0","2","0","1","","","","N","","","","","","","","","",""
"2011088252","","3","0","0","0","0","0","0","0","0","1","0","","02","8","2011","3","40.470831","-79.821309","","11","0","0","0","0","0","0","0","2","1","0","0","0","","","1","","2","","40 28:14.991","4","0","79 49:16.713","4","0","0","0","2113","0","0","0","N","0","0","0","3","02113","1","","1.0","","1","N","N","","0","","0","0","0","","0","N","","3","1","0","0","0","0","0","2","0","3","","","","N","","","","","","","","","",""
"2011088264","","1","0","0","0","0","0","0","0","0","1","0","","02","8","2011","2","40.382939","-79.87754","","11","0","0","0","0","0","0","0","0","","0","0","0","","","3","","2","","40 22:58.579","","0","79 52:39.143","4","0","0","0","2473","0","0","0","N","0","0","0","3","02473","3","","1.0","","1","N","N","","0","","0","0","1","","0","","","2","3","1","0","0","0","0","2","0","2","","","","N","","","","","","","","","",""
"2011087533","","1","0","0","0","0","0","0","0","0","7","0","","02","8","2011","7","40.43945","-80.010298","","11","0","0","0","0","0","0","0","0","1","0","0","0","","","0","","3","","40 26:22.021","4","3","80 00:37.074","0","0","0","0","2301","0","0","0","N","0","0","0","1","68B01","0","","4.0","","1","N","N","","0","","0","0","0","","0","N","","1","0","0","0","0","0","0","2","0","1","","","","N","","","","","","","","","",""
"2011086558","","2","0","0","0","0","0","0","0","0","2","0","","02","8","2011","7","40.436177","-79.972866","","11","0","0","0","0","0","0","0","0","1","0","0","0","","","1","","2","","40 26:10.237","3","0","79 58:22.316","4","0","0","0","2301","0","0","0","N","0","0","0","5","02301","1","","1.0","","1","N","Y","","0","","0","0","0","","2","N","","2","1","0","0","0","0","0","2","0","2","","","","N","","","","","","","","","",""
"2011089073","","1","0","0","0","0","0","0","0","0","1","0","","02","8","2011","4","40.278984","-79.905407","","11","0","0","0","0","0","0","1","0","2","0","0","0","","","3","","2","","40 16:44.344","2","2","79 54:19.466","8","0","0","0","2440","0","0","0","N","0","0","0","3","02440","0","","1.0","","1","N","N","","1","","0","0","1","","2","N","","3","3","0","0","0","3","0","2","0","3","","","","N","","","","","","","","","",""
"2011088724","","0","0","0","0","0","0","0","0","0","1","0","","02","9","2011","6","40.415699","-80.011078","","11","0","0","0","0","0","0","0","0","","0","0","0","","","0","","0","","40 24:56.516","","0","80 00:39.880","0","0","0","0","2301","0","0","0","N","0","0","0","1","02301","0","","2.0","","1","N","N","","0","","0","0","1","","0","","","2","0","0","0","0","0","0","2","1","2","","","","N","","","","","","","","","",""
"2011088872","","2","0","0","0","0","0","0","0","0","4","0","","02","9","2011","7","40.438822","-79.990864","","11","0","0","0","0","0","0","0","0","","0","0","0","","","1","","1","","40 26:19.760","","0","79 59:27.110","4","0","0","0","2301","0","0","0","N","0","0","0","2","02301","1","","1.0","","1","N","N","","0","","0","0","0","","2","","","2","1","0","0","0","0","0","2","0","2","","","","N","","","","","","","","","",""
"2011088884","","1","0","0","0","0","0","0","0","0","7","0","","02","8","2011","1","40.294005","-79.891152","","11","0","0","0","0","0","1","0","0","3","0","0","0","","","1","","2","","40 17:38.418","6","0","79 53:28.147","3","0","0","0","2302","0","0","0","N","0","0","0","2","02302","0","","5.0","","1","N","N","","0","","1","0","0","","0","Y","","1","1","0","0","0","0","0","2","0","1","","","","N","","","","","","","","","",""
"2011087397","","1","0","0","0","0","0","0","0","0","7","0","","02","8","2011","2","40.347516","-79.832503","","11","0","0","0","0","0","1","0","0","","0","0","0","","","0","","0","","40 20:51.057","","0","79 49:57.010","0","0","0","0","2304","0","0","0","N","0","0","0","1","02304","0","","4.0","","1","N","N","","0","","0","0","0","","0","","","1","0","0","0","0","0","0","2","0","1","","","","N","","","","","","","","","",""
"2011089003","","2","0","0","0","0","0","0","0","0","4","0","","02","9","2011","7","40.444202","-80.028173","","11","0","0","0","0","0","0","0","0","2","0","0","0","","","0","","10","","40 26:39.126","5","3","80 01:41.424","0","0","0","0","2301","0","0","0","N","0","0","0","9","02301","0","","1.0","","1","N","N","","0","","0","0","0","","2","N","","2","0","0","0","0","0","0","2","0","2","","","","N","","","","","","","","","",""
"2011086776","","2","0","0","0","0","0","0","0","0","6","0","","02","8","2011","7","40.632422","-80.0534","","11","0","0","0","0","0","0","0","0","","0","0","0","","","0","","0","","40 37:56.720","","7","80 03:12.240","0","0","0","0","2216","0","0","0","N","0","0","0","3","02505","0","","1.0","","1","N","N","","0","","0","0","0","","0","","","2","0","0","0","0","0","0","2","0","2","","","","N","","","","","","","","","",""
"2011088885","","1","0","0","0","0","0","0","0","0","7","0","","02","8","2011","2","40.368567","-79.791919","","11","0","0","0","0","0","0","0","0","","0","0","0","","","1","","0","","40 22:06.840","","7","79 47:30.910","3","0","0","0","2111","0","0","0","N","0","0","0","2","02111","0","","5.0","","1","N","Y","","0","","1","0","0","","0","","","1","1","1","0","0","0","0","2","0","1","","","","N","","","","","","","","","",""
"2011088255","","0","0","0","0","0","0","0","0","0","4","0","","02","8","2011","4","40.452321","-79.993084","","11","0","0","0","0","0","0","0","0","2","0","0","0","","","2","","0","","40 27:08.355","2","0","79 59:35.102","3","0","0","0","2301","0","0","0","N","0","0","0","2","02301","0","","1.0","","1","N","N","","1","","2","0","1","","0","Y","","2","2","0","0","0","0","0","2","0","2","","","","N","","","","","","","","","",""
"2011088745","","1","0","0","0","0","0","0","0","0","1","0","","02","9","2011","6","40.347124","-79.834327","","11","0","0","0","0","1","1","0","0","1","0","0","0","","","0","","2","","40 20:49.646","7","0","79 50:03.577","0","0","0","0","2304","0","0","0","N","0","0","0","3","02304","0","","1.0","","1","N","Y","","1","","0","0","0","","0","Y","","2","0","0","0","0","0","0","2","0","2","","","","N","","","","","","","","","",""
"2011086562","","1","0","0","0","0","0","0","0","0","7","0","","02","8","2011","7","40.33861","-79.98178","","11","0","0","1","0","0","0","0","0","1","0","0","0","","","0","","0","","40 20:18.996","6","0","79 58:54.408","0","0","0","0","2403","0","0","0","N","0","0","0","3","02403","0","","5.0","","1","N","N","","0","","0","0","0","","0","N","","1","0","0","0","0","0","0","2","0","1","","","","N","","","","","","","","","",""
"2011087400","","2","0","0","0","0","0","0","0","0","1","0","","02","8","2011","3","40.404519","-80.055525","","11","0","0","0","0","0","1","0","0","","0","0","0","","","0","","2","","40 24:16.270","","0","80 03:19.889","0","0","0","0","2435","0","0","0","N","0","0","0","3","02435","0","","1.0","","1","N","N","","1","","0","0","0","","2","","","3","0","0","0","0","0","0","2","0","3","","","","N","","","","","","","","","",""
"2011088257","","0","0","0","0","0","0","0","0","0","8","0","","02","9","2011","5","40.438283","-79.996078","","11","0","0","0","0","0","1","0","0","","0","0","0","","","1","","1","","40 26:17.818","","0","79 59:45.880","8","0","0","0","2301","1","0","0","N","1","0","0","2","02301","0","","1.0","","1","N","N","","0","","0","0","0","","2","","","2","1","0","0","0","1","0","2","1","1","","","","N","","","","","","","","","",""
"2011088269","","2","0","0","0","0","0","0","0","0","6","0","","02","8","2011","1","40.415814","-80.0111","","11","0","0","0","0","0","0","0","0","1","0","0","0","","","0","","0","","40 24:56.930","3","0","80 00:39.960","0","0","0","0","2301","0","0","0","N","0","0","0","1","02301","0","","2.0","","1","N","N","","0","","0","0","0","","0","N","","2","0","0","0","0","0","0","2","0","2","","","","N","","","","","","","","","",""
"2011086437","","2","0","0","0","0","0","0","0","0","2","0","","02","8","2011","7","40.541483","-79.960956","","11","0","0","0","0","0","0","0","0","","0","0","0","","","0","","0","","40 32:29.340","","0","79 57:39.440","0","0","0","0","2118","0","0","0","N","0","0","0","1","02118","0","","1.0","","1","N","N","","0","","0","0","0","","0","","","2","0","0","0","0","0","0","2","0","2","","","","N","","","","","","","","","",""
"2011087195","","1","0","0","0","0","0","0","0","0","4","0","","02","8","2011","2","40.438644","-79.770193","","11","0","0","0","0","0","0","0","0","","0","0","0","","","0","","0","","40 26:19.117","","0","79 46:12.693","0","0","0","0","2446","0","0","0","N","0","0","0","3","02446","0","","1.0","","1","N","N","","1","","0","0","0","","0","","","2","0","0","0","0","0","0","2","0","2","","","","N","","","","","","","","","",""
"2011088747","","1","0","0","0","0","0","0","0","0","4","0","","02","9","2011","5","40.615364","-79.933865","","11","0","0","0","0","0","1","0","1","1","0","0","0","","","0","","1","","40 36:55.311","1","0","79 56:01.915","0","0","0","0","2207","0","0","0","N","0","0","0","2","02207","0","","1.0","","1","N","N","","1","","0","0","0","","3","N","","2","0","1","0","0","0","0","2","0","2","","","","N","","","","","","","","","",""
"2011086576","","1","0","0","0","0","0","0","0","0","1","0","","02","8","2011","7","40.429128","-80.024238","","11","0","0","0","0","0","1","0","0","","0","0","0","","","0","","0","","40 25:44.860","","0","80 01:27.255","0","0","0","0","2301","0","0","0","N","0","0","0","9","02301","0","","1.0","","1","N","N","","0","","0","0","2","","0","","","3","0","0","0","0","0","0","2","0","3","","","","N","","","","","","","","","",""
"2011086641","","1","0","0","0","0","0","0","0","0","1","0","","02","8","2011","1","40.48859","-80.33712","","11","0","0","0","0","0","1","0","0","2","0","0","0","","","1","","5","","40 29:18.923","4","0","80 20:13.631","4","0","0","0","2203","0","0","0","N","0","0","0","2","02203","1","","1.0","","1","N","N","","0","","0","0","1","","0","Y","","2","1","0","0","0","0","0","1","0","2","","","","N","","","","","","","","","",""
"2011086783","","1","0","0","0","0","0","0","0","0","1","0","","02","8","2011","3","40.520402","-80.040686","","11","0","0","0","0","0","0","0","0","","0","0","0","","","0","","0","","40 31:13.447","","0","80 02:26.469","0","0","0","0","2474","0","0","0","N","0","0","0","1","02474","0","","6.0","","1","N","N","","0","","0","0","0","","0","","","2","0","0","0","0","0","0","2","1","2","","","","N","","","","","","","","","",""
"2011087605","","2","0","0","0","0","0","0","0","0","5","0","","02","8","2011","1","","","","11","0","0","0","0","0","0","0","0","","0","0","0","","","0","","0","","","","0","","0","0","0","0","2301","0","0","0","N","0","0","0","1","02301","0","","6.0","","1","N","N","","0","","0","0","0","","0","","","2","0","1","0","0","0","0","1","0","2","","","","N","","","","","","","","","",""
"2011088416","","1","0","0","0","0","0","0","0","0","1","0","","02","9","2011","5","40.422551","-80.045473","","11","0","0","0","0","0","1","0","0","2","0","0","0","","","0","","0","","40 25:21.184","2","0","80 02:43.703","0","0","0","0","2435","0","0","0","N","0","0","0","3","02435","0","","1.0","","1","N","N","","0","","0","0","1","","8","N","","2","0","0","0","0","0","0","2","0","2","","","","N","","","","","","","","","",""
"2011088583","","0","0","0","0","0","0","0","0","0","0","0","","02","8","2011","2","40.522397","-80.263404","","11","0","0","0","0","0","1","0","0","2","0","0","0","","","1","","0","","40 31:20.629","5","0","80 15:48.256","8","0","0","0","2213","0","0","0","N","0","0","0","1","02213","0","","1.0","","9","N","N","","1","","0","0","0","","0","N","","1","1","0","0","0","1","0","2","0","1","","","","N","","","","","","","","","",""
"2011086175","","1","0","0","0","0","0","0","0","0","4","0","","02","8","2011","4","40.530562","-80.010487","","11","0","0","0","1","0","1","0","0","1","0","0","0","","","0","","0","","40 31:50.023","3","7","80 00:37.754","0","0","0","0","2116","0","0","0","N","0","0","0","2","02116","0","","1.0","","1","N","N","","1","","0","0","0","","3","Y","","2","0","0","0","0","0","0","2","0","2","","","","N","","","","","","","","","",""
"2011087715","","2","0","0","0","0","0","0","0","0","1","0","","02","8","2011","7","40.458082","-80.075515","","11","0","0","0","0","0","0","0","0","","0","0","0","","","1","","2","","40 27:29.095","","0","80 04:31.854","4","0","0","0","2301","0","0","0","N","0","0","0","1","02301","1","","2.0","","1","N","N","","1","","0","0","0","","0","","","3","1","0","0","0","0","0","2","0","3","","","","N","","","","","","","","","",""
"2011087625","","1","0","0","0","0","0","0","0","0","7","0","","02","8","2011","4","40.5619","-79.965604","","11","0","0","0","0","0","1","0","0","","0","0","0","","","0","","0","","40 33:42.839","","0","79 57:56.174","0","0","0","0","2207","0","0","0","N","0","0","0","1","02207","0","","5.0","","1","N","N","","0","","0","0","0","","0","","","1","0","0","0","0","0","0","2","0","1","","","","N","","","","","","","","","",""
"2011088418","","1","0","0","0","0","0","0","0","0","1","0","","02","9","2011","5","40.459354","-79.944762","","11","0","0","0","0","0","0","0","0","","0","0","0","","","1","","0","","40 27:33.674","","0","79 56:41.142","4","0","0","0","2301","0","0","0","N","0","0","0","3","02301","1","","1.0","","1","N","N","","0","","0","0","2","","0","","","3","1","0","0","0","0","0","2","0","3","","","","N","","","","","","","","","",""
"2011088448","","2","0","0","0","0","0","0","0","0","4","0","","02","9","2011","5","40.452709","-79.952575","","11","0","0","0","0","0","1","0","0","","0","0","0","","","1","","0","","40 27:09.752","","0","79 57:09.270","4","0","0","0","2301","0","0","0","N","0","0","0","4","02301","1","","1.0","","1","N","N","","0","","0","0","0","","0","","","2","1","0","0","0","0","0","2","0","2","","","","N","","","","","","","","","",""
"2011086413","","0","0","0","0","0","0","0","0","0","5","0","","02","8","2011","7","40.32478","-80.081735","","11","0","0","1","0","0","0","0","0","","0","0","0","","","0","","1","","40 19:29.208","","0","80 04:54.247","0","0","0","0","2123","0","0","0","N","0","0","0","3","02123","0","","1.0","","1","N","N","","1","","0","0","1","","2","","","2","0","0","0","0","0","0","2","0","2","","","","N","","","","","","","","","",""
"2011088420","","0","0","0","0","0","0","0","0","0","4","0","","02","9","2011","5","40.445161","-79.858535","","11","0","0","0","0","0","2","0","0","1","0","0","0","","","0","","1","","40 26:42.580","3","0","79 51:30.727","0","0","0","0","2419","0","0","0","N","0","0","0","2","02419","0","","1.0","","9","N","N","","0","","0","0","2","","1","N","","2","0","0","0","0","0","0","2","0","2","","","","N","","","","","","","","","",""
"2011087718","","1","0","4","0","0","0","0","0","0","2","0","","02","8","2011","3","40.465776","-79.846862","","11","0","0","0","0","0","1","0","0","4","0","0","0","","","4","","0","","40 27:56.792","5","0","79 50:48.703","2","0","0","0","2113","0","0","0","N","0","0","0","4","02113","0","","1.0","","1","N","N","","0","","0","4","1","","0","Y","","2","4","0","0","0","0","0","2","0","2","","","","N","","","","","","","","","",""
"2011087799","","1","0","0","0","0","0","0","0","0","7","0","","02","8","2011","3","40.32458","-79.810968","","11","0","0","0","0","0","0","0","0","3","0","0","0","","","3","","0","","40 19:28.488","6","0","79 48:39.483","8","0","0","0","2477","0","0","0","N","0","0","0","3","02477","0","","4.0","","1","N","N","","0","","0","0","0","","0","Y","","1","3","0","0","0","3","0","2","0","1","","","","N","","","","","","","","","",""
"2011088422","","0","0","0","0","0","0","0","0","0","0","0","","02","9","2011","5","40.403479","-80.030456","","11","0","0","0","0","0","0","0","0","","0","0","0","","","1","","0","","40 24:12.524","","0","80 01:49.641","8","0","0","1","2301","0","0","0","N","0","0","0","1","02301","0","","1.0","","9","N","N","","0","","0","0","0","","0","","","1","1","0","0","0","1","0","2","0","1","","","","N","","","","","","","","","",""
"2011088590","","1","0","0","0","0","0","0","0","0","8","0","","02","9","2011","5","40.401978","-80.094983","","11","0","0","0","0","0","1","0","0","","0","0","0","","","1","","0","","40 24:07.119","","0","80 05:41.940","8","0","0","0","2415","1","0","0","N","1","0","0","2","02415","0","","1.0","","1","N","N","","0","","0","0","0","","0","","","2","1","0","0","0","1","0","2","0","1","","","","N","","","","","","","","","",""
"2011087801","","2","0","0","0","0","0","0","0","0","1","0","","02","8","2011","4","40.503426","-79.948481","","11","0","0","0","0","0","1","0","0","","0","0","0","","","0","","2","","40 30:12.335","","0","79 56:54.530","0","0","0","0","2430","0","0","0","N","0","0","0","2","02430","0","","1.0","","1","N","N","","0","","0","0","0","","0","","","2","0","0","0","0","0","0","2","0","2","","","","N","","","","","","","","","",""
"2011086214","","1","0","0","0","0","0","0","0","0","5","0","","02","8","2011","6","40.423026","-79.980141","","11","0","0","0","0","0","0","0","0","","0","0","0","","","1","","0","","40 25:22.893","","0","79 58:48.507","4","0","0","0","2301","1","0","0","N","1","0","0","2","02301","1","","1.0","","1","N","N","","0","","0","0","1","","0","","","3","1","0","0","0","0","0","2","0","2","","","","N","","","","","","","","","",""
"2011087722","","2","0","0","0","0","0","0","0","0","1","0","","02","8","2011","4","40.436283","-80.001144","","11","0","0","0","0","0","0","1","0","1","0","0","0","","","1","","0","","40 26:10.617","2","3","80 00:04.117","8","0","0","0","2301","0","0","0","N","0","0","0","3","02301","0","","1.0","","1","N","N","","0","","0","0","1","","0","N","","3","1","0","0","0","1","0","2","0","3","","","","N","","","","","","","","","",""
"2011087046","","1","0","0","0","0","0","0","0","0","4","0","","02","8","2011","6","40.324849","-80.025768","","11","0","0","0","0","0","1","1","0","","0","0","0","","","1","","2","","40 19:29.456","","0","80 01:32.763","4","0","0","1","2407","0","0","0","N","0","0","0","3","02407","1","","1.0","","1","N","N","","0","","0","0","0","","3","","","2","1","0","0","0","0","0","2","0","2","","","","N","","","","","","","","","",""
"2011086355","","0","0","0","0","0","0","0","0","0","1","0","","02","8","2011","6","40.582002","-79.781252","","11","0","0","0","0","0","0","0","0","2","0","0","0","","","0","","0","","40 34:55.206","1","0","79 46:52.508","0","0","0","0","2104","0","0","0","N","0","0","0","2","68D02","0","","1.0","","9","N","N","","0","","0","0","2","","0","N","","2","0","0","0","0","0","0","2","0","2","","","","N","","","","","","","","","",""
"2011087174","","1","0","0","0","0","0","0","0","0","6","0","","02","8","2011","2","40.387589","-80.090909","","11","0","0","0","0","0","0","1","0","1","0","0","0","","","0","","5","","40 23:15.322","4","0","80 05:27.271","0","0","0","0","2437","0","0","0","N","0","0","0","4","02437","0","","1.0","","1","N","N","","0","","0","0","1","","2","N","","2","0","0","0","0","0","0","2","0","2","","","","N","","","","","","","","","",""
"2011087565","","0","0","0","0","0","0","0","0","0","5","0","","02","7","2011","6","40.454368","-79.947672","","11","0","0","0","0","0","1","0","0","","0","0","0","","","0","","1","","40 27:15.724","","0","79 56:51.620","0","0","0","0","2301","0","0","0","N","0","0","0","2","02301","0","","1.0","","1","N","N","","0","","0","0","2","","2","","","2","0","1","0","0","0","0","2","0","2","","","","N","","","","","","","","","",""
"2011088425","","1","0","0","0","0","0","0","0","0","7","0","","02","9","2011","5","40.635384","-80.106157","","11","0","1","0","0","0","0","0","0","","0","0","0","","","0","","0","","40 38:07.384","","0","80 06:22.165","0","0","0","0","2212","0","0","0","N","0","0","0","1","02505","0","","5.0","","9","N","N","","0","","0","0","0","","0","","","1","0","0","0","0","0","0","1","0","1","","","","N","","","","","","","","","",""
"2011086356","","0","0","0","0","0","0","0","0","0","1","0","","02","8","2011","2","40.490879","-79.882096","","11","0","0","1","0","0","0","0","0","2","0","0","0","","","0","","6","","40 29:27.165","2","2","79 52:55.544","0","0","0","0","2112","0","0","0","N","0","0","0","2","68D02","0","","1.0","","1","N","N","","1","","0","0","1","","0","N","","2","0","0","0","0","0","0","2","0","2","","","","N","","","","","","","","","",""
"2011087792","","1","0","0","0","0","0","0","0","0","4","0","","02","8","2011","6","40.425597","-79.966521","","11","0","0","0","0","0","0","0","0","","0","0","0","","","0","","1","","40 25:32.149","","0","79 57:59.475","0","0","0","0","2301","0","0","0","N","0","0","0","2","02301","0","","1.0","","1","N","N","","1","","0","0","0","","0","","","2","0","0","0","0","0","0","2","0","2","","","","N","","","","","","","","","",""
"2011087567","","2","0","0","0","0","0","0","0","0","4","0","","02","8","2011","7","40.654213","-80.018218","","11","0","0","0","0","0","1","0","0","","0","0","0","","","0","","0","","40 39:15.166","","0","80 01:05.584","0","0","0","0","2216","0","0","0","N","0","0","0","1","02505","0","","1.0","","1","N","N","","0","","0","0","0","","0","","","2","0","0","0","0","0","0","2","0","2","","","","N","","","","","","","","","",""
"2011086121","","1","0","0","0","0","0","0","0","0","5","1","","02","8","2011","5","40.657974","-80.084371","","11","0","0","0","0","0","0","0","0","","0","1","0","","","0","","0","","40 39:28.708","","0","80 05:03.736","0","0","0","0","2212","0","0","0","N","0","0","0","2","68T02","0","","1.0","","1","N","N","","0","","0","0","0","","0","","","2","0","0","0","0","0","0","2","0","2","","","","N","","","","","","","","","",""
"2011088521","","1","0","0","0","0","0","0","0","0","1","0","","02","8","2011","5","40.420494","-80.038991","","11","0","0","1","0","0","1","0","0","","0","0","0","","","2","","0","","40 25:13.780","","0","80 02:20.368","4","0","0","0","2301","0","0","0","N","0","0","0","5","68B03","2","","1.0","","1","N","N","","0","","0","0","2","","0","","","3","2","0","0","0","0","0","2","0","3","","","","N","","","","","","","","","",""
"2011087568","","4","0","0","0","0","0","0","0","0","1","0","","02","8","2011","2","40.405985","-79.873157","","11","0","0","0","0","0","2","0","0","2","0","0","0","","","2","","0","","40 24:21.545","6","0","79 52:23.365","4","0","0","0","2410","0","0","0","N","0","0","0","4","02410","1","","1.0","","1","N","N","","0","","0","0","0","","8","Y","","4","2","0","0","0","1","0","2","0","4","","","","N","","","","","","","","","",""
"2011086122","","1","0","0","0","0","0","0","0","0","7","0","","02","8","2011","5","40.52278","-79.817738","","11","0","0","0","0","0","0","0","0","","0","0","0","","","0","","0","","40 31:22.007","","0","79 49:03.855","0","0","0","0","2451","0","0","0","N","0","0","0","1","68T02","0","","2.0","","9","N","N","","0","","0","0","0","","0","","","1","0","0","0","0","0","0","2","0","1","","","","N","","","","","","","","","",""
"2011087726","","0","0","0","0","0","0","0","0","0","8","0","","02","8","2011","4","40.4403","-80.0068","","11","0","0","0","0","0","0","0","0","","0","0","0","","","1","","0","","40 26:25.080","","0","80 00:24.480","8","0","0","0","2301","1","0","0","N","1","0","0","2","02301","0","","1.0","","1","N","N","","0","","0","0","1","","0","","","2","1","0","0","0","1","0","2","0","1","","","","N","","","","","","","","","",""
"2011088522","","0","0","0","0","0","0","0","0","0","0","1","","02","8","2011","3","40.437189","-79.864622","","11","0","0","0","0","0","0","0","0","1","0","1","0","","","0","","0","","40 26:13.879","4","0","79 51:52.640","0","0","0","0","2478","0","0","0","N","0","0","0","1","68B03","0","","1.0","","1","N","N","","0","","0","0","0","","0","N","","1","0","0","0","0","0","0","2","0","1","","","","N","","","","","","","","","",""
"2011086282","","2","0","0","0","0","0","0","0","0","2","0","","02","8","2011","5","40.450627","-80.018624","","11","0","0","0","0","0","0","0","0","","0","0","0","","","1","","2","","40 27:02.256","","0","80 01:07.047","4","0","0","0","2301","0","0","0","N","0","0","0","2","02301","1","","1.0","","1","N","N","","0","","0","0","0","","3","","","2","1","0","0","0","0","0","2","0","2","","","","N","","","","","","","","","",""