"CRN","ARRIVAL_TM","AUTOMOBILE_COUNT","BELTED_DEATH_COUNT","BELTED_SUSP_SERIOUS_INJ_COUNT","BICYCLE_COUNT","BICYCLE_DEATH_COUNT","BICYCLE_SUSP_SERIOUS_INJ_COUNT","BUS_COUNT","CHLDPAS_DEATH_COUNT","CHLDPAS_SUSP_SERIOUS_INJ_COUNT","COLLISION_TYPE","COMM_VEH_COUNT","CONS_ZONE_SPD_LIM","COUNTY","CRASH_MONTH","CRASH_YEAR","DAY_OF_WEEK","DEC_LATITUDE","DEC_LONGITUDE","DISPATCH_TM","DISTRICT","DRIVER_COUNT_16YR","DRIVER_COUNT_17YR","DRIVER_COUNT_18YR","DRIVER_COUNT_19YR","DRIVER_COUNT_20YR","DRIVER_COUNT_50_64YR","DRIVER_COUNT_65_74YR","DRIVER_COUNT_75PLUS","EST_HRS_CLOSED","FATAL_COUNT","HEAVY_TRUCK_COUNT","HORSE_BUGGY_COUNT","HOUR_OF_DAY","ILLUMINATION","INJURY_COUNT","INTERSECTION_RELATED","INTERSECT_TYPE","LANE_CLOSED","LATITUDE","LN_CLOSE_DIR","LOCATION_TYPE","LONGITUDE","MAX_SEVERITY_LEVEL","MCYCLE_DEATH_COUNT","MCYCLE_SUSP_SERIOUS_INJ_COUNT","MOTORCYCLE_COUNT","MUNICIPALITY","NONMOTR_COUNT","NONMOTR_DEATH_COUNT","NONMOTR_SUSP_SERIOUS_INJ_COUNT","NTFY_HIWY_MAINT","PED_COUNT","PED_DEATH_COUNT","PED_SUSP_SERIOUS_INJ_COUNT","PERSON_COUNT","POLICE_AGCY","POSSIBLE_INJ_COUNT","RDWY_SURF_TYPE_CD","RELATION_TO_ROAD","ROADWAY_CLEARED","ROAD_CONDITION","SCH_BUS_IND","SCH_ZONE_IND","SECONDARY_CRASH","SMALL_TRUCK_COUNT","SPEC_JURIS_CD","SUSP_MINOR_INJ_COUNT","SUSP_SERIOUS_INJ_COUNT","SUV_COUNT","TCD_FUNC_CD","TCD_TYPE","TFC_DETOUR_IND","TIME_OF_DAY","TOTAL_UNITS","TOT_INJ_COUNT","UNBELTED_OCC_COUNT","UNB_DEATH_COUNT","UNB_SUSP_SERIOUS_INJ_COUNT","UNK_INJ_DEG_COUNT","UNK_INJ_PER_COUNT","URBAN_RURAL","VAN_COUNT","VEHICLE_COUNT","WEATHER1","WEATHER2","WORKERS_PRES","WORK_ZONE_IND","WORK_ZONE_LOC","WORK_ZONE_TYPE","WZ_CLOSE_DETOUR","WZ_FLAGGER","WZ_LAW_OFFCR_IND","WZ_LN_CLOSURE","WZ_MOVING","WZ_OTHER","WZ_SHLDER_MDN","WZ_WORKERS_INJ_KILLED"
"2011086123","","1","0","0","0","0","0","0","0","0","7","0","","02","8","2011","5","40.486091","-79.777236","","11","0","0","0","0","0","0","0","1","","0","0","0","","","2","","0","","40 29:09.926","","0","79 46:38.049","4","0","0","0","2466","0","0","0","N","0","0","0","2","68T02","2","","2.0","","9","N","N","","0","","0","0","0","","0","","","1","2","0","0","0","0","0","2","0","1","","","","N","","","","","","","","","",""
"2011086188","","2","0","0","0","0","0","0","0","0","1","0","00","02","8","2011","2","40.49587","-80.169072","","11","0","0","0","0","0","0","0","0","","0","0","0","","","0","","0","","40 29:45.131","","0","80 10:08.659","0","0","0","0","2213","0","0","0","N","0","0","0","5","02213","0","","1.0","","9","N","N","","0","","0","0","0","","7","","","2","0","0","0","0","0","0","2","0","2","","","Y","Y","3","3","N","Y","N","Y","N","N","Y",""
"2011086219","","0","0","0","0","0","0","0","0","0","3","0","","02","8","2011","3","40.454647","-79.946264","","11","0","0","0","0","0","1","0","0","","0","0","0","","","1","","0","","40 27:16.729","","0","79 56:46.550","4","0","0","0","2301","0","0","0","N","0","0","0","3","02301","1","","6.0","","1","N","N","","0","","0","0","1","","0","","","2","1","0","0","0","0","0","2","1","2","","","","N","","","","","","","","","",""
"2011088600","","0","0","0","0","0","0","0","0","0","6","0","","02","9","2011","5","40.339459","-80.066772","","11","1","0","0","0","0","0","0","0","","0","0","0","","","1","","0","","40 20:22.054","","0","80 04:00.378","8","0","0","0","2123","0","0","0","N","0","0","0","5","02123","0","","1.0","","1","N","N","","0","","0","0","2","","0","","","2","1","0","0","0","1","1","2","0","2","","","","N","","","","","","","","","",""
"2011087570","","1","0","0","0","0","0","0","0","0","1","0","","02","8","2011","2","40.290737","-79.924591","","11","0","0","0","1","0","0","0","0","2","0","0","0","","","1","","0","","40 17:26.653","4","0","79 55:28.527","8","0","0","0","2440","0","0","0","N","0","0","0","2","02440","0","","1.0","","3","N","N","","1","","0","0","0","","0","Y","","3","1","0","0","0","1","0","2","0","3","","","","N","","","","","","","","","",""
"2011087637","","1","0","0","0","0","0","0","0","0","7","0","","02","8","2011","4","40.550816","-80.086759","","11","0","0","0","0","0","0","0","0","","0","0","0","","","1","","0","","40 33:02.939","","3","80 05:12.332","8","0","0","0","2215","0","0","0","N","0","0","0","1","68B03","0","","2.0","","1","N","N","","0","","0","0","0","","0","","","1","1","0","0","0","1","0","2","0","1","","","","N","","","","","","","","","",""
"2011088431","","2","0","0","0","0","0","0","0","0","1","0","","02","9","2011","5","40.34396","-79.985149","","11","0","0","0","0","0","1","0","0","","0","0","0","","","2","","0","","40 20:38.255","","0","79 59:06.536","3","0","0","0","2403","0","0","0","","0","0","0","3","02403","0","","1.0","","1","N","N","","0","","1","0","0","","0","","","2","2","0","0","0","1","0","2","0","2","","","","N","","","","","","","","","",""
"2011087731","","1","0","0","0","0","0","0","0","0","1","0","","02","8","2011","3","40.363208","-80.046867","","11","0","0","0","0","0","0","0","0","2","0","0","0","","","0","","2","","40 21:47.550","1","0","80 02:48.722","0","0","0","0","2109","0","0","0","N","0","0","0","3","02109","0","","1.0","","1","N","N","","0","","0","0","1","","2","Y","","2","0","0","0","0","0","0","2","0","2","","","","N","","","","","","","","","",""
"2011087041","","1","0","0","0","0","0","0","0","0","7","0","","02","8","2011","7","40.587418","-80.045405","","11","0","0","0","0","0","0","0","0","1","0","0","0","","","0","","0","","40 35:14.706","2","0","80 02:43.458","0","0","0","0","2108","0","0","0","Y","0","0","0","1","02108","0","","4.0","","1","N","N","","0","","0","0","0","","0","Y","","1","0","0","0","0","0","0","2","0","1","","","","N","","","","","","","","","",""
"2011087810","","1","0","0","0","0","0","0","0","0","4","0","","02","8","2011","2","40.484256","-79.837459","","11","1","0","0","0","0","0","0","0","","0","0","0","","","0","","0","","40 29:03.321","","0","79 50:14.852","0","0","0","0","2113","0","0","0","N","0","0","0","1","02113","0","","4.0","","1","N","N","","0","","0","0","0","","0","","","2","0","0","0","0","0","0","2","1","2","","","","N","","","","","","","","","",""
"2011087183","","1","0","0","0","0","0","0","0","0","7","0","","02","8","2011","2","40.447447","-79.980195","","11","0","0","0","0","0","0","0","0","","0","0","0","","","0","","0","","40 26:50.810","","0","79 58:48.701","0","0","0","0","2301","0","0","0","Y","0","0","0","0","02301","0","","5.0","","1","N","N","","0","","0","0","0","","0","","","1","0","0","0","0","0","0","2","0","1","","","","N","","","","","","","","","",""
"2011087572","","1","0","0","0","0","0","0","0","0","4","0","","02","8","2011","3","40.429286","-79.999241","","11","0","0","0","0","0","1","0","0","2","0","0","0","","","1","","1","","40 25:45.428","1","3","79 59:57.266","8","0","0","0","2301","0","0","0","N","0","0","0","2","02301","0","","1.0","","1","N","N","","0","","0","0","1","","0","N","","2","1","0","0","0","1","0","2","0","2","","","","N","","","","","","","","","",""
"2011087639","","2","0","0","0","0","0","0","0","0","1","0","","02","8","2011","4","40.525467","-80.069578","","11","0","0","0","0","0","1","0","0","","0","0","0","","","1","","0","","40 31:31.680","","2","80 04:10.482","4","0","0","0","2215","0","0","0","N","0","0","0","3","68B03","1","","1.0","","1","N","N","","0","","0","0","0","","4","","","2","1","0","0","0","0","0","2","0","2","","","","N","","","","","","","","","",""
"2011087042","","2","0","0","0","0","0","0","0","0","4","0","","02","8","2011","5","40.500044","-80.221987","","11","0","0","0","0","0","0","0","0","2","0","0","0","","","2","","1","","40 30:00.157","1","0","80 13:19.152","3","0","0","0","2213","0","0","0","N","0","0","0","2","02213","0","","1.0","","1","N","N","","0","","2","0","0","","2","Y","","2","2","0","0","0","0","0","2","0","2","","","","N","","","","","","","","","",""
"2011088466","","1","0","0","0","0","0","0","0","0","1","0","","02","9","2011","5","40.461463","-79.864589","","11","0","0","0","0","1","0","0","0","2","0","0","0","","","2","","0","","40 27:41.266","4","0","79 51:52.522","4","0","0","0","2113","0","0","0","N","0","0","0","2","02113","2","","1.0","","1","N","N","","1","","0","0","0","","0","N","","2","2","0","0","0","0","0","2","0","2","","","","N","","","","","","","","","",""
"2011087043","","1","0","0","0","0","0","0","0","0","1","0","","02","8","2011","7","40.529081","-80.187095","","11","0","0","0","0","0","0","0","0","","0","0","0","","","1","","2","","40 31:44.693","","3","80 11:13.541","4","0","0","0","2213","0","0","0","N","0","0","0","2","02213","1","","1.0","","1","N","N","","0","","0","0","1","","2","","","2","1","0","0","0","0","0","2","0","2","","","","N","","","","","","","","","",""
"2011086300","","0","0","0","0","0","0","0","0","0","0","0","","02","8","2011","6","40.423353","-80.009612","","11","0","0","0","0","0","0","1","0","4","1","0","0","","","0","","0","","40 25:24.070","5","0","80 00:34.603","1","1","0","1","2301","0","0","0","N","0","0","0","1","02301","0","2","1.0","","1","N","N","","0","0","0","0","0","","0","Y","","1","0","0","0","0","0","0","2","0","1","","","","N","","","","","","","","","",""
"2011087185","","1","0","0","0","0","0","0","0","0","1","0","","02","8","2011","2","40.438936","-79.92301","","11","0","0","0","0","0","0","0","0","","0","0","0","","","1","","0","","40 26:20.168","","0","79 55:22.835","8","0","0","1","2301","0","0","0","N","0","0","0","2","02301","0","","1.0","","1","N","N","","0","","0","0","0","","2","","","2","1","0","0","0","1","0","2","0","2","","","","N","","","","","","","","","",""
"2011087044","","1","0","0","0","0","0","0","0","0","7","0","","02","8","2011","1","40.471613","-80.165441","","11","0","0","0","0","0","0","0","0","","0","0","0","","","0","","0","","40 28:17.805","","0","80 09:55.587","9","0","0","0","2213","0","0","0","N","0","0","0","1","02213","0","","4.0","","1","N","N","","0","","0","0","0","","0","","","1","0","0","0","0","0","1","2","0","1","","","","N","","","","","","","","","",""
"2011086301","","1","0","0","0","0","0","0","0","0","0","0","","02","8","2011","4","40.329598","-80.113216","","11","0","0","0","0","0","1","0","0","3","0","0","0","","","0","","0","","40 19:46.551","5","0","80 06:47.576","0","0","0","0","2119","0","0","0","N","0","0","0","1","02119","0","","1.0","","1","N","N","","0","","0","0","0","","0","Y","","1","0","0","0","0","0","0","2","0","1","","","","N","","","","","","","","","",""
"2011088605","","1","0","0","0","0","0","0","0","0","4","0","","02","8","2011","4","40.494258","-79.919214","","11","0","0","0","0","0","1","0","0","1","0","0","0","","","1","","0","","40 29:39.329","3","0","79 55:09.169","8","0","0","0","2461","0","0","0","N","0","0","0","3","02430","0","","1.0","","1","N","N","","0","","0","0","1","","0","N","","2","1","0","0","0","1","0","2","0","2","","","","N","","","","","","","","","",""
"2011086225","","1","0","0","0","0","0","0","0","0","4","0","","02","8","2011","2","40.546177","-79.770448","","11","0","0","1","0","0","1","0","0","2","0","0","0","","","5","","2","","40 32:46.237","2","0","79 46:13.611","3","0","0","0","2121","0","0","0","N","0","0","0","11","02121","4","","1.0","","1","N","N","","0","","1","0","0","","3","N","","2","5","1","0","0","0","0","1","1","2","","","","N","","","","","","","","","",""
"2011087045","","0","0","0","0","0","0","0","0","0","99","0","","02","8","2011","2","40.333814","-80.024088","","11","0","0","0","0","0","0","0","0","","0","0","0","","","1","","0","","40 20:01.731","","0","80 01:26.717","4","0","0","1","2407","0","0","0","N","0","0","0","2","02407","1","","1.0","","1","N","N","","0","","0","0","0","","0","","","1","1","0","0","0","0","0","2","0","1","","","","N","","","","","","","","","",""
"2011088530","","1","0","0","0","0","0","0","0","0","1","0","","02","8","2011","5","40.539365","-79.841818","","11","0","0","0","0","0","1","0","0","1","0","0","0","","","0","","0","","40 32:21.714","2","0","79 50:30.543","0","0","0","0","2208","0","0","0","N","0","0","0","2","68D02","0","","1.0","","9","N","N","","0","","0","0","1","","0","N","","2","0","0","0","0","0","0","2","0","2","","","","N","","","","","","","","","",""
"2011086290","","2","0","0","0","0","0","0","0","0","4","0","","02","8","2011","6","40.451508","-80.018919","","11","0","0","0","0","0","1","0","0","1","0","0","0","","","0","","1","","40 27:05.428","4","0","80 01:08.107","0","0","0","0","2301","0","0","0","N","0","0","0","3","02301","0","","1.0","","1","N","N","","0","","0","0","0","","2","Y","","2","0","0","0","0","0","0","2","0","2","","","","N","","","","","","","","","",""
"2011087752","","0","0","0","0","0","0","0","0","0","7","0","","02","8","2011","1","40.283984","-80.000093","","11","0","0","0","0","0","0","0","0","2","0","0","0","","","1","","0","","40 17:02.344","5","0","80 00:00.333","2","0","0","0","2219","0","0","0","N","0","0","0","1","02219","0","","5.0","","1","N","N","","1","","0","1","0","","0","Y","","1","1","1","0","1","0","0","2","0","1","","","","N","","","","","","","","","",""
"2011086133","","1","0","0","0","0","0","0","0","0","7","0","","02","8","2011","6","40.38097","-79.814889","","11","0","0","0","0","0","0","0","0","1","0","0","0","","","0","","0","","40 22:51.491","7","0","79 48:53.601","0","0","0","0","2424","0","0","0","N","0","0","0","1","02424","0","","5.0","","1","N","N","","0","","0","0","0","","0","N","","1","0","0","0","0","0","0","2","0","1","","","","N","","","","","","","","","",""
"2011088472","","2","0","0","0","0","0","0","0","0","4","0","","02","9","2011","5","40.464267","-79.957746","","11","0","0","0","0","0","2","0","0","","0","0","0","","","1","","1","","40 27:51.361","","0","79 57:27.885","3","0","0","0","2301","0","0","0","N","0","0","0","3","02301","0","","1.0","","1","N","N","","0","","1","0","0","","0","","","2","1","0","0","0","0","0","2","0","2","","","","N","","","","","","","","","",""
"2011086293","","1","0","0","0","0","0","0","0","0","1","0","","02","8","2011","6","40.553459","-79.971254","","11","0","0","0","1","0","0","0","0","2","0","0","0","","","0","","2","","40 33:12.454","1","0","79 58:16.516","0","0","0","0","2118","0","0","0","N","0","0","0","2","02118","0","","1.0","","1","N","N","","1","","0","0","0","","0","N","","2","0","0","0","0","0","0","2","0","2","","","","N","","","","","","","","","",""
"2011086436","","1","0","0","0","0","0","0","0","0","7","0","","02","8","2011","7","40.548953","-79.805453","","11","0","0","0","0","0","0","0","1","","0","0","0","","","0","","0","","40 32:56.230","","0","79 48:19.630","9","0","0","0","2418","0","0","0","N","0","0","0","1","02418","0","","5.0","","1","N","N","","0","","0","0","0","","0","","","1","0","0","0","0","0","1","2","0","1","","","","N","","","","","","","","","",""
"2011088612","","2","0","0","0","0","0","0","0","0","1","0","","02","9","2011","5","40.438514","-80.005816","","11","0","0","0","0","0","1","0","0","","0","0","0","","","0","","0","","40 26:18.651","","0","80 00:20.936","0","0","0","0","2301","0","0","0","N","0","0","0","5","02301","0","","1.0","","1","N","N","","0","","0","0","0","","0","","","2","0","0","0","0","0","0","2","0","2","","","","N","","","","","","","","","",""
"2011088474","","3","0","0","0","0","0","0","0","0","5","0","","02","9","2011","5","40.451483","-79.920274","","11","0","0","0","0","0","0","0","0","","0","0","0","","","0","","0","","40 27:05.338","","0","79 55:12.986","0","0","0","0","2301","0","0","0","","0","0","0","1","02301","0","","6.0","","1","","","","0","","0","0","0","","0","","","3","0","0","0","0","0","0","2","0","3","","","","N","","","","","","","","","",""
"2011086232","","0","0","0","0","0","0","0","0","0","7","0","","02","8","2011","7","40.544214","-80.08303","","11","0","0","0","0","0","0","0","0","","0","0","0","","","0","","0","","40 32:39.172","","0","80 04:58.908","0","0","0","0","2215","0","0","0","N","0","0","0","1","68B03","0","","4.0","","1","N","N","","0","","0","0","1","","0","","","1","0","0","0","0","0","0","2","0","1","","","","N","","","","","","","","","",""
"2011086233","","0","0","0","0","0","0","0","0","0","5","1","","02","8","2011","1","40.44358","-79.839923","","11","0","0","0","0","0","1","0","0","1","0","1","0","","","0","","0","","40 26:36.888","4","0","79 50:23.723","0","0","0","0","2419","0","0","0","N","0","0","0","2","68B03","0","","1.0","","1","N","N","","0","","0","0","1","","0","N","","2","0","1","0","0","0","0","2","0","2","","","","N","","","","","","","","","",""
"2011087756","","0","0","0","0","0","0","0","0","0","7","0","","02","8","2011","3","40.388153","-79.951351","","11","0","0","0","0","0","0","0","0","","0","0","0","","","1","","2","","40 23:17.350","","0","79 57:04.863","8","0","0","0","2403","0","0","0","N","0","0","0","2","02403","0","","9.0","","1","N","N","","0","","0","0","1","","0","","","1","1","1","0","0","1","0","2","0","1","","","","N","","","","","","","","","",""
"2011086832","","0","0","0","0","0","0","0","0","0","1","0","","02","6","2011","6","40.449344","-80.167411","","11","0","0","1","0","0","0","0","0","","0","0","0","","","0","","6","","40 26:57.638","","2","80 10:02.681","0","0","0","0","2115","0","0","0","N","0","0","0","3","68B03","0","","1.0","","9","N","N","","1","","0","0","1","","4","","","2","0","0","0","0","0","0","2","0","2","","","","N","","","","","","","","","",""
"2011088477","","2","0","0","0","0","0","0","0","0","1","0","35","02","8","2011","3","40.609989","-80.053329","","11","0","0","0","0","0","0","0","0","","0","0","0","","","1","","1","","40 36:35.962","","0","80 03:11.986","8","0","0","0","2108","0","0","0","N","0","0","0","2","02108","0","","1.0","","1","N","N","","0","","0","0","0","","2","","","2","1","0","0","0","1","0","2","0","2","","","Y","Y","4","1","N","N","N","N","N","N","Y",""
"2011086234","","1","0","0","0","0","0","0","0","0","1","0","","02","8","2011","5","40.610414","-80.094648","","11","0","0","0","1","0","0","0","0","","0","1","0","","","0","","0","","40 36:37.489","","0","80 05:40.733","0","0","0","0","2481","0","0","0","N","0","0","0","4","68B03","0","","1.0","","9","N","N","","0","","0","0","0","","0","","","2","0","0","0","0","0","0","2","0","2","","","","N","","","","","","","","","",""
"2011087744","","2","0","0","0","0","0","0","0","0","2","0","","02","8","2011","2","40.495751","-79.944983","","11","0","0","0","0","0","0","0","0","2","0","0","0","","","1","","2","","40 29:44.704","5","0","79 56:41.939","3","0","0","0","2430","0","0","0","N","0","0","0","4","02430","0","","1.0","","1","N","N","","0","","1","0","0","","3","Y","","2","1","1","0","0","0","0","2","0","2","","","","N","","","","","","","","","",""
"2011086833","","0","0","0","0","0","0","0","0","0","1","0","35","02","8","2011","4","40.444156","-79.776468","","11","0","0","0","0","0","1","0","0","3","0","0","0","","","0","","0","","40 26:38.960","3","0","79 46:35.285","0","0","0","0","2446","0","0","0","N","0","0","0","2","68B03","0","","1.0","","1","N","N","","0","","0","0","2","","0","N","","2","0","0","0","0","0","0","2","0","2","","","N","Y","2","2","N","N","N","Y","N","N","N",""
"2011088378","","1","0","0","0","0","0","0","0","0","1","0","","02","8","2011","4","","","","11","0","0","0","1","0","1","0","0","1","0","0","0","","","0","","0","","","2","0","","0","0","0","0","2430","0","0","0","N","0","0","0","2","02430","0","","1.0","","1","N","N","","1","","0","0","0","","0","N","","2","0","0","0","0","0","0","1","0","2","","","","N","","","","","","","","","",""
"2011088478","","1","0","0","1","0","0","0","0","0","8","0","","02","8","2011","1","40.458876","-80.17216","","11","0","0","0","0","0","1","0","0","1","0","0","0","","","1","","1","","40 27:31.955","6","0","80 10:19.776","4","0","0","0","2213","1","0","0","N","0","0","0","2","02213","1","","1.0","","1","N","N","","0","","0","0","0","","2","N","","2","1","0","0","0","0","0","2","0","1","","","","N","","","","","","","","","",""
"2011087003","","2","0","0","0","0","0","0","0","0","2","0","","02","8","2011","2","40.448809","-79.987534","","11","0","0","0","0","0","0","0","0","1","0","0","0","","","0","","1","","40 26:55.712","4","0","79 59:15.122","9","0","0","0","2301","0","0","0","N","0","0","0","3","02301","0","","1.0","","1","N","N","","0","","0","0","0","","2","N","","2","0","0","0","0","0","3","2","0","2","","","","N","","","","","","","","","",""
"2011086834","","1","0","0","0","0","0","0","0","0","1","0","","02","8","2011","5","40.426929","-79.891927","","11","0","0","0","0","0","1","0","0","2","0","0","0","","","0","","6","","40 25:36.946","4","0","79 53:30.937","0","0","0","0","2301","0","0","0","N","0","0","0","2","68B03","0","","1.0","","1","N","N","","1","","0","0","0","","4","N","","2","0","0","0","0","0","0","2","0","2","","","","N","","","","","","","","","",""
"2011086154","","0","0","0","0","0","0","0","0","0","1","0","","02","8","2011","6","40.435296","-79.946663","","11","0","0","0","0","0","0","1","0","","0","0","0","","","1","","1","","40 26:07.065","","2","79 56:47.986","8","0","0","0","2301","0","0","0","N","0","0","0","3","02301","0","","1.0","","1","N","N","","0","","0","0","1","","4","","","2","1","0","0","0","1","0","2","1","2","","","","N","","","","","","","","","",""
"2011088479","","1","0","0","0","0","0","0","0","0","1","0","","02","8","2011","4","40.508871","-80.202862","","11","0","0","0","0","0","1","0","0","1","0","0","0","","","0","","0","","40 30:31.936","1","0","80 12:10.304","0","0","0","0","2213","0","0","0","N","0","0","0","3","02213","0","","1.0","","1","N","N","","0","","0","0","0","","0","N","","2","0","0","0","0","0","0","2","1","2","","","","N","","","","","","","","","",""
"2011088617","","1","0","0","0","0","0","0","0","0","7","0","","02","9","2011","5","40.537135","-79.758802","","11","0","0","0","0","0","0","0","0","","0","0","0","","","0","","2","","40 32:13.686","","0","79 45:31.687","0","0","0","0","2466","0","0","0","N","0","0","0","1","02466","0","","2.0","","1","N","N","","0","","0","0","0","","3","","","1","0","0","0","0","0","0","2","0","1","","","","N","","","","","","","","","",""
"2011086835","","0","0","0","0","0","0","0","0","0","1","0","","02","8","2011","6","40.428986","-79.888166","","11","0","0","0","0","0","1","0","0","","0","0","0","","","0","","0","","40 25:44.350","","0","79 53:17.398","0","0","0","0","2426","0","0","0","N","0","0","0","6","68B03","0","","1.0","","1","N","N","","0","","0","0","3","","0","","","3","0","0","0","0","0","0","2","0","3","","","","N","","","","","","","","","",""
"2011087587","","1","0","0","0","0","0","0","0","0","4","0","","02","8","2011","6","40.436107","-79.780524","","11","0","0","0","0","0","1","0","0","1","0","0","0","","","1","","1","","40 26:09.985","3","0","79 46:49.885","4","0","0","0","2446","0","0","0","N","0","0","0","6","02446","1","","1.0","","1","N","N","","1","","0","0","2","","2","N","","4","1","0","0","0","0","0","2","0","4","","","","N","","","","","","","","","",""
"2011088480","","1","0","0","0","0","0","0","0","0","4","0","","02","8","2011","2","40.325434","-80.026045","","11","0","0","0","0","0","0","0","0","","0","0","0","","","0","","0","","40 19:31.563","","7","80 01:33.761","0","0","0","0","2407","0","0","0","N","0","0","0","2","02407","0","","1.0","","1","N","N","","0","","0","0","1","","0","","","2","0","0","0","0","0","0","2","0","2","","","","N","","","","","","","","","",""
"2011086993","","0","0","0","0","0","0","0","0","0","4","0","","02","8","2011","2","40.378225","-80.064701","","11","0","0","0","0","0","1","0","0","2","0","0","0","","","1","","5","","40 22:41.611","4","0","80 03:52.925","8","0","0","0","2109","0","0","0","N","0","0","0","2","02109","0","","1.0","","1","N","N","","1","","0","0","1","","2","N","","2","1","0","0","0","1","0","2","0","2","","","","N","","","","","","","","","",""
"2011087747","","2","0","0","0","0","0","0","0","0","4","0","","02","8","2011","4","40.6676","-79.7171","","11","0","0","0","0","0","0","0","0","1","0","0","0","","","1","","0","","40 40:03.360","6","7","79 43:01.560","3","0","0","0","2106","0","0","0","N","0","0","0","3","02202","0","","1.0","","1","N","N","","0","","1","0","0","","0","Y","","2","1","0","0","0","0","0","2","0","2","","","","N","","","","","","","","","",""
"2011086314","","0","0","0","0","0","0","0","0","0","7","0","","02","8","2011","5","40.60579","-79.867678","","11","0","0","0","0","0","0","0","0","1","0","0","0","","","1","","0","","40 36:20.843","2","0","79 52:03.640","4","0","0","0","2220","0","0","0","Y","0","0","0","1","02220","1","","5.0","","9","N","N","","1","","0","0","0","","0","N","","1","1","0","0","0","0","0","2","0","1","","","","N","","","","","","","","","",""
"2011086836","","0","0","0","0","0","0","0","0","0","0","1","","02","8","2011","4","40.447188","-80.166309","","11","0","0","0","0","0","0","0","0","3","0","1","0","","","0","","6","","40 26:49.878","3","2","80 09:58.712","0","0","0","0","2115","0","0","0","N","0","0","0","1","68B03","0","","1.0","","1","N","N","","0","","0","0","0","","0","Y","","1","0","0","0","0","0","0","2","0","1","","","","N","","","","","","","","","",""
"2011088383","","1","0","0","0","0","0","0","0","0","4","1","","02","8","2011","4","40.446005","-79.848433","","11","0","0","0","0","0","0","0","0","","0","1","0","","","0","","1","","40 26:45.618","","0","79 50:54.358","0","0","0","0","2419","0","0","0","N","0","0","0","2","02419","0","","1.0","","1","N","N","","0","","0","0","0","","2","","","2","0","0","0","0","0","0","2","0","2","","","","N","","","","","","","","","",""
"2011086141","","2","0","0","0","0","0","0","0","0","4","0","","02","8","2011","5","40.382515","-79.995922","","11","0","0","0","0","0","1","0","0","","0","0","0","","","1","","5","","40 22:57.053","","0","79 59:45.319","8","0","0","0","2301","0","0","0","N","0","0","0","2","02301","0","","1.0","","1","N","N","","0","","0","0","0","","2","","","2","1","0","0","0","1","0","2","0","2","","","","N","","","","","","","","","",""
"2011087748","","1","0","0","0","0","0","0","0","0","1","0","35","02","8","2011","4","40.65091","-79.93654","","11","0","0","0","0","0","0","1","0","1","0","0","0","","","0","","0","","40 39:03.275","2","0","79 56:11.544","0","0","0","0","2217","0","0","0","N","0","0","0","2","02505","0","","1.0","","1","N","N","","0","","0","0","0","","0","N","","2","0","0","0","0","0","0","2","1","2","","","Y","Y","3","1","","","N","Y","","","Y",""
"2011086837","","1","0","0","0","0","0","0","0","0","1","0","","02","8","2011","5","40.416198","-80.058736","","11","0","0","0","0","0","0","1","0","3","0","0","0","","","4","","0","","40 24:58.314","3","0","80 03:31.450","3","0","0","0","2435","0","0","0","Y","0","0","0","5","68B03","0","","1.0","","1","N","N","","0","","4","0","2","","0","N","","3","4","0","0","0","0","0","2","0","3","","","","N","","","","","","","","","",""
"2011086142","","2","0","0","0","0","0","0","0","0","5","0","","02","8","2011","5","40.443192","-79.953512","","11","0","0","0","1","0","0","0","0","3","0","0","0","","","1","","2","","40 26:35.490","2","0","79 57:12.644","2","0","0","0","2301","1","0","1","N","1","0","1","4","02301","0","","1.0","","1","N","N","","0","","0","1","0","","2","Y","","3","1","0","0","0","0","0","2","0","2","","","","N","","","","","","","","","",""
"2011086838","","0","0","0","0","0","0","0","0","0","1","1","","02","8","2011","6","40.425763","-79.901116","","11","0","0","0","0","0","0","0","0","2","0","1","0","","","0","","0","","40 25:32.746","3","0","79 54:04.017","0","0","0","0","2301","0","0","0","N","0","0","0","2","68B03","0","","1.0","","1","N","N","","0","","0","0","1","","0","N","","2","0","0","0","0","0","0","2","0","2","","","","N","","","","","","","","","",""
"2011086996","","1","0","0","0","0","0","0","0","0","4","0","","02","8","2011","1","40.50096","-80.039795","","11","0","1","0","0","0","0","0","0","","0","0","0","","","0","","1","","40 30:03.456","","0","80 02:23.262","0","0","0","0","2116","0","0","0","N","0","0","0","2","02116","0","","1.0","","1","N","N","","0","","0","0","1","","3","","","2","0","0","0","0","0","0","2","0","2","","","","N","","","","","","","","","",""
"2011086839","","2","0","0","0","0","0","0","0","0","1","0","","02","8","2011","6","40.434251","-79.868686","","11","0","0","0","0","0","1","0","0","2","0","0","0","","","1","","0","","40 26:03.304","3","0","79 52:07.269","4","0","0","0","2478","0","0","0","N","0","0","0","3","68B03","1","","1.0","","1","N","N","","0","","0","0","1","","0","N","","3","1","0","0","0","0","0","2","0","3","","","","N","","","","","","","","","",""
"2011088401","","1","0","0","0","0","0","0","0","0","1","0","","02","9","2011","5","40.446342","-80.02702","","11","0","0","0","0","0","0","0","0","","0","0","0","","","0","","7","","40 26:46.830","","2","80 01:37.273","0","0","0","0","2301","0","0","0","N","0","0","0","2","02301","0","","1.0","","9","N","N","","0","","0","0","1","","0","","","2","0","0","0","0","0","0","2","0","2","","","","N","","","","","","","","","",""