"CRN","ARRIVAL_TM","AUTOMOBILE_COUNT","BELTED_DEATH_COUNT","BELTED_SUSP_SERIOUS_INJ_COUNT","BICYCLE_COUNT","BICYCLE_DEATH_COUNT","BICYCLE_SUSP_SERIOUS_INJ_COUNT","BUS_COUNT","CHLDPAS_DEATH_COUNT","CHLDPAS_SUSP_SERIOUS_INJ_COUNT","COLLISION_TYPE","COMM_VEH_COUNT","CONS_ZONE_SPD_LIM","COUNTY","CRASH_MONTH","CRASH_YEAR","DAY_OF_WEEK","DEC_LATITUDE","DEC_LONGITUDE","DISPATCH_TM","DISTRICT","DRIVER_COUNT_16YR","DRIVER_COUNT_17YR","DRIVER_COUNT_18YR","DRIVER_COUNT_19YR","DRIVER_COUNT_20YR","DRIVER_COUNT_50_64YR","DRIVER_COUNT_65_74YR","DRIVER_COUNT_75PLUS","EST_HRS_CLOSED","FATAL_COUNT","HEAVY_TRUCK_COUNT","HORSE_BUGGY_COUNT","HOUR_OF_DAY","ILLUMINATION","INJURY_COUNT","INTERSECTION_RELATED","INTERSECT_TYPE","LANE_CLOSED","LATITUDE","LN_CLOSE_DIR","LOCATION_TYPE","LONGITUDE","MAX_SEVERITY_LEVEL","MCYCLE_DEATH_COUNT","MCYCLE_SUSP_SERIOUS_INJ_COUNT","MOTORCYCLE_COUNT","MUNICIPALITY","NONMOTR_COUNT","NONMOTR_DEATH_COUNT","NONMOTR_SUSP_SERIOUS_INJ_COUNT","NTFY_HIWY_MAINT","PED_COUNT","PED_DEATH_COUNT","PED_SUSP_SERIOUS_INJ_COUNT","PERSON_COUNT","POLICE_AGCY","POSSIBLE_INJ_COUNT","RDWY_SURF_TYPE_CD","RELATION_TO_ROAD","ROADWAY_CLEARED","ROAD_CONDITION","SCH_BUS_IND","SCH_ZONE_IND","SECONDARY_CRASH","SMALL_TRUCK_COUNT","SPEC_JURIS_CD","SUSP_MINOR_INJ_COUNT","SUSP_SERIOUS_INJ_COUNT","SUV_COUNT","TCD_FUNC_CD","TCD_TYPE","TFC_DETOUR_IND","TIME_OF_DAY","TOTAL_UNITS","TOT_INJ_COUNT","UNBELTED_OCC_COUNT","UNB_DEATH_COUNT","UNB_SUSP_SERIOUS_INJ_COUNT","UNK_INJ_DEG_COUNT","UNK_INJ_PER_COUNT","URBAN_RURAL","VAN_COUNT","VEHICLE_COUNT","WEATHER1","WEATHER2","WORKERS_PRES","WORK_ZONE_IND","WORK_ZONE_LOC","WORK_ZONE_TYPE","WZ_CLOSE_DETOUR","WZ_FLAGGER","WZ_LAW_OFFCR_IND","WZ_LN_CLOSURE","WZ_MOVING","WZ_OTHER","WZ_SHLDER_MDN","WZ_WORKERS_INJ_KILLED"
"2011089998","","0","0","0","0","0","0","0","0","0","8","0","","02","9","2011","7","40.457925","-79.898546","","11","0","0","0","0","0","0","0","0","","0","0","0","","","1","","1","","40 27:28.530","","99","79 53:54.765","3","0","0","0","2301","1","0","0","N","1","0","0","2","02301","0","","4.0","","1","N","N","","0","","1","0","1","","2","","","2","1","1","0","0","0","0","2","0","1","","","","N","","","","","","","","","",""
"2011089337","","2","0","0","0","0","0","0","0","0","4","0","","02","9","2011","2","40.423794","-79.988602","","11","0","0","0","0","0","0","0","0","","0","0","0","","","0","","0","","40 25:25.658","","0","79 59:18.967","0","0","0","0","2301","0","0","0","N","0","0","0","1","02301","0","","4.0","","9","N","N","","0","","0","0","1","","0","","","3","0","0","0","0","0","0","2","0","3","","","","N","","","","","","","","","",""
"2011091645","","0","0","0","0","0","0","0","0","0","8","0","","02","9","2011","7","40.384603","-79.903686","","11","0","0","0","0","0","1","0","0","1","0","0","0","","","1","","0","","40 23:04.570","1","0","79 54:13.270","2","0","0","0","2448","1","0","1","N","1","0","1","2","02448","0","","1.0","","1","N","N","","1","","0","1","0","","0","Y","","2","1","0","0","0","0","0","2","0","1","","","","N","","","","","","","","","",""
"2011089117","","0","0","0","0","0","0","0","0","0","7","0","","02","8","2011","4","40.434111","-79.732416","","11","0","0","0","0","0","0","1","0","2","0","0","0","","","1","","2","","40 26:02.800","2","0","79 43:56.697","8","0","0","0","2446","0","0","0","N","0","0","0","1","02446","0","","2.0","","1","N","N","","0","","0","0","0","","2","N","","1","1","1","0","0","1","0","2","1","1","","","","N","","","","","","","","","",""
"2011089193","","0","0","0","0","0","0","0","0","0","7","0","","02","9","2011","2","40.404862","-80.08932","","11","0","0","0","0","0","0","0","0","","0","0","0","","","0","","0","","40 24:17.504","","0","80 05:21.553","0","0","0","0","2415","0","0","0","N","0","0","0","1","02415","0","","5.0","","9","N","N","","1","","0","0","0","","0","","","1","0","0","0","0","0","0","2","0","1","","","","N","","","","","","","","","",""
"2011091584","","0","0","0","0","0","0","0","0","0","4","0","25","02","9","2011","5","40.398327","-80.026313","","11","0","0","1","0","0","0","0","0","","0","0","0","","","1","","3","","40 23:53.978","","0","80 01:34.725","4","0","0","0","2301","0","0","0","N","0","0","0","2","02301","1","","1.0","","1","N","N","","1","","0","0","1","","0","","","2","1","0","0","0","0","0","2","0","2","","","N","Y","3","1","","","N","","","","",""
"2011091646","","1","0","0","0","0","0","0","0","0","1","0","","02","9","2011","4","40.501233","-79.843203","","11","0","0","0","0","0","1","0","0","2","0","0","0","","","0","","0","","40 30:04.439","4","0","79 50:35.531","0","0","0","0","2113","0","0","0","N","0","0","0","2","02113","0","","1.0","","1","N","N","","0","","0","0","1","","0","N","","2","0","0","0","0","0","0","2","0","2","","","","N","","","","","","","","","",""
"2011089118","","3","0","0","0","0","0","0","0","0","4","0","","02","9","2011","1","40.454112","-79.996601","","11","0","0","0","1","0","0","0","0","1","0","0","0","","","2","","1","","40 27:14.804","3","2","79 59:47.764","3","0","0","0","2301","0","0","0","N","0","0","0","5","02301","0","","1.0","","9","N","N","","0","","2","0","0","","2","Y","","3","2","0","0","0","0","0","2","0","3","","","","N","","","","","","","","","",""
"2011091585","","3","0","0","0","0","0","0","0","0","6","0","","02","9","2011","7","40.385887","-79.979007","","11","0","1","0","0","0","0","0","0","1","0","0","0","","","0","","3","","40 23:09.193","1","0","79 58:44.425","0","0","0","0","2301","0","0","0","N","0","0","0","4","02301","0","","1.0","","9","N","N","","0","","0","0","0","","0","N","","3","0","1","0","0","0","0","2","0","3","","","","N","","","","","","","","","",""
"2011091660","","1","0","0","0","0","0","0","0","0","3","0","","02","9","2011","7","40.443214","-79.965142","","11","0","0","0","0","0","0","0","0","","0","0","0","","","0","","10","","40 26:35.570","","0","79 57:54.511","0","0","0","2","2301","0","0","0","N","0","0","0","1","02301","0","","6.0","","1","N","N","","0","","0","0","0","","0","","","3","0","1","0","0","0","0","2","0","3","","","","N","","","","","","","","","",""
"2011091440","","2","0","0","0","0","0","0","0","0","5","0","","02","9","2011","3","40.514947","-80.154571","","11","0","0","0","0","0","0","1","0","1","0","0","0","","","0","","0","","40 30:53.810","4","0","80 09:16.456","0","0","0","0","2420","0","0","0","N","0","0","0","3","02420","0","","1.0","","1","N","N","","0","","0","0","0","","0","N","","3","0","0","0","0","0","0","2","1","3","","","","N","","","","","","","","","",""
"2011089259","","2","0","0","0","0","0","0","0","0","4","0","","02","9","2011","2","40.353117","-79.997811","","11","0","0","0","0","0","1","0","0","3","0","0","0","","","1","","1","","40 21:11.221","2","0","79 59:52.119","8","0","0","0","2476","0","0","0","N","0","0","0","2","02476","0","","1.0","","9","N","N","","0","","0","0","0","","3","N","","3","1","0","0","0","1","0","2","1","3","","","","N","","","","","","","","","",""
"2011090775","","1","0","0","0","0","0","0","0","0","1","0","","02","9","2011","4","40.444202","-80.028173","","11","0","0","0","0","0","0","0","0","1","0","0","0","","","0","","1","","40 26:39.126","4","8","80 01:41.424","0","0","0","0","2301","0","0","0","N","0","0","0","2","02301","0","","1.0","","1","N","N","","1","","0","0","0","","2","N","","2","0","0","0","0","0","0","2","0","2","","","","N","","","","","","","","","",""
"2011089196","","2","0","0","0","0","0","0","0","0","4","0","","02","9","2011","1","40.441045","-79.996808","","11","0","0","0","0","1","0","0","0","","0","0","0","","","2","","1","","40 26:27.762","","0","79 59:48.508","4","0","0","0","2301","0","0","0","N","0","0","0","4","02301","2","","1.0","","9","N","N","","0","","0","0","0","","2","","","2","2","3","0","0","0","0","2","0","2","","","","N","","","","","","","","","",""
"2011090778","","1","0","0","0","0","0","0","0","0","4","0","","02","9","2011","4","40.532533","-79.968021","","11","0","0","0","0","0","0","1","0","1","0","0","0","","","0","","1","","40 31:57.117","1","0","79 58:04.877","0","0","0","0","2118","0","0","0","N","0","0","0","3","02118","0","","1.0","","1","N","N","","1","","0","0","0","","3","N","","2","0","2","0","0","0","0","2","0","2","","","","N","","","","","","","","","",""
"2011091443","","1","0","0","0","0","0","0","0","0","99","0","","02","9","2011","7","40.44923","-80.023779","","11","0","0","0","0","0","0","0","0","","0","0","0","","","0","","0","","40 26:57.227","","0","80 01:25.603","0","0","0","0","2301","0","0","0","N","0","0","0","1","02301","0","","1.0","","1","N","N","","0","","0","0","0","","0","","","1","0","0","0","0","0","0","2","0","1","","","","N","","","","","","","","","",""
"2011090004","","1","0","0","0","0","0","0","0","0","7","0","","02","9","2011","2","","","","11","0","0","0","0","0","0","0","1","1","0","0","0","","","1","","0","","","4","7","","4","0","0","0","2432","0","0","0","N","0","0","0","2","02432","1","","5.0","","9","N","N","","0","","0","0","0","","0","N","","1","1","0","0","0","0","0","1","0","1","","","","N","","","","","","","","","",""
"2011089276","","2","0","0","0","0","0","0","0","0","4","0","","02","8","2011","3","40.487967","-80.056475","","11","0","0","0","0","0","0","0","0","1","0","0","0","","","1","","2","","40 29:16.681","1","0","80 03:23.311","4","0","0","0","2404","0","0","0","N","0","0","0","3","02404","1","","1.0","","1","N","N","","0","","0","0","0","","3","Y","","2","1","0","0","0","0","0","2","0","2","","","","N","","","","","","","","","",""
"2011090077","","1","0","0","0","0","0","0","0","0","7","0","","02","9","2011","3","40.498808","-80.103456","","11","0","0","0","0","0","0","0","0","2","0","0","0","","","1","","0","","40 29:55.707","5","0","80 06:12.442","8","0","0","0","2126","0","0","0","Y","0","0","0","1","02126","0","","2.0","","9","N","N","","0","","0","0","0","","0","N","","1","1","0","0","0","1","0","2","0","1","","","","N","","","","","","","","","",""
"2011089136","","2","0","0","0","0","0","0","0","0","4","0","","02","9","2011","1","40.441826","-79.919885","","11","1","0","0","0","0","0","0","0","","0","0","0","","","2","","1","","40 26:30.573","","0","79 55:11.586","4","0","0","0","2301","0","0","0","N","0","0","0","5","02301","2","","1.0","","1","N","N","","0","","0","0","0","","2","","","2","2","0","0","0","0","0","2","0","2","","","","N","","","","","","","","","",""
"2011090635","","3","0","0","0","0","0","0","0","0","1","0","55","02","7","2011","6","40.439043","-80.242007","","11","0","0","1","1","0","1","0","0","2","0","0","0","","","1","","7","","40 26:20.555","3","2","80 14:31.225","4","0","0","0","2214","0","0","0","N","0","0","0","6","68B03","1","","1.0","","1","N","N","","0","","0","0","0","","0","N","","3","1","0","0","0","0","0","2","0","3","","","N","Y","4","1","N","N","N","Y","N","N","N",""
"2011090780","","1","0","0","0","0","0","0","0","0","4","0","","02","9","2011","4","40.448031","-79.894553","","11","0","0","0","0","0","1","0","1","1","0","0","0","","","0","","1","","40 26:52.911","2","0","79 53:40.390","0","0","0","0","2301","0","0","0","N","0","0","0","2","02301","0","","1.0","","1","N","N","","0","","0","0","0","","2","N","","2","0","0","0","0","0","0","2","1","2","","","","N","","","","","","","","","",""
"2011089344","","2","0","0","0","0","0","0","0","0","4","0","","02","9","2011","2","40.581606","-79.921793","","11","0","0","0","0","0","1","0","0","2","0","0","0","","","2","","1","","40 34:53.780","3","0","79 55:18.455","4","0","0","0","2207","0","0","0","N","0","0","0","3","02207","2","","1.0","","9","N","N","","0","","0","0","0","","3","N","","2","2","0","0","0","0","0","2","0","2","","","","N","","","","","","","","","",""
"2011090078","","1","0","0","0","0","0","0","0","0","1","0","","02","8","2011","1","40.404016","-79.883284","","11","0","0","0","0","0","0","0","0","","0","0","0","","","1","","0","","40 24:14.457","","0","79 52:59.823","4","0","0","0","2475","0","0","0","N","0","0","0","3","02475","1","","1.0","","9","N","N","","0","","0","0","1","","0","","","2","1","0","0","0","0","0","2","0","2","","","","N","","","","","","","","","",""
"2011090636","","1","0","0","0","0","0","0","0","0","7","0","","02","8","2011","6","40.4256","-79.91054","","11","0","0","0","0","0","1","0","0","","0","0","0","","","1","","0","","40 25:32.160","","0","79 54:37.945","4","0","0","0","2301","0","0","0","N","0","0","0","2","68B03","1","","4.0","","1","N","N","","0","","0","0","0","","0","","","1","1","0","0","0","0","0","2","0","1","","","","N","","","","","","","","","",""
"2011089278","","2","0","0","0","0","0","0","0","0","6","0","","02","9","2011","2","40.444314","-79.917828","","11","0","0","0","0","0","0","2","0","","0","0","0","","","0","","1","","40 26:39.529","","0","79 55:04.181","0","0","0","0","2301","0","0","0","N","0","0","0","2","02301","0","","1.0","","9","N","N","","0","","0","0","0","","2","","","2","0","0","0","0","0","0","2","0","2","","","","N","","","","","","","","","",""
"2011090637","","2","0","0","0","0","0","0","0","0","1","0","45","02","8","2011","7","40.438896","-80.242812","","11","0","0","0","0","0","0","0","0","","0","0","0","","","1","","0","","40 26:20.027","","0","80 14:34.122","4","0","0","0","2214","0","0","0","N","0","0","0","6","68B03","1","","1.0","","1","N","N","","1","","0","0","0","","0","","","3","1","0","0","0","0","0","2","0","3","","","N","Y","3","1","N","N","N","Y","N","N","N",""
"2011090080","","2","0","0","0","0","0","0","0","0","1","0","","02","9","2011","7","40.432805","-80.005025","","11","0","0","0","0","0","0","1","0","1","0","0","0","","","1","","1","","40 25:58.099","3","0","80 00:18.091","8","0","0","0","2301","0","0","0","N","0","0","0","5","02301","0","","1.0","","1","N","N","","0","","0","0","1","","2","N","","3","1","0","0","0","1","0","2","0","3","","","","N","","","","","","","","","",""
"2011089408","","2","0","0","0","0","0","0","0","0","7","0","","02","8","2011","1","40.434657","-80.013115","","11","0","0","0","0","0","1","0","0","","0","0","0","","","1","","0","","40 26:04.765","","0","80 00:47.214","4","0","0","0","2301","0","0","0","N","0","0","0","1","02301","1","","6.0","","1","N","N","","0","","0","0","0","","0","","","2","1","0","0","0","0","0","2","0","2","","","","N","","","","","","","","","",""
"2011090638","","0","0","0","0","0","0","0","0","0","0","0","","02","8","2011","1","40.440593","-79.759873","","11","0","0","0","0","0","0","0","0","","0","0","0","","","1","","0","","40 26:26.133","","2","79 45:35.541","4","0","0","0","2446","0","0","0","N","0","0","0","1","68B03","1","","2.0","","1","N","N","","0","","0","0","1","","0","","","1","1","0","0","0","0","0","2","0","1","","","","N","","","","","","","","","",""
"2011089202","","2","0","0","0","0","0","0","0","0","4","0","","02","9","2011","2","40.442181","-79.994981","","11","0","0","0","0","0","0","0","0","2","0","0","0","","","2","","1","","40 26:31.851","2","0","79 59:41.931","4","0","0","0","2301","0","0","0","N","0","0","0","4","02301","2","","1.0","","9","N","N","","0","","0","0","0","","1","N","","2","2","2","0","0","0","0","2","0","2","","","","N","","","","","","","","","",""
"2011091594","","1","0","0","0","0","0","0","0","0","1","0","","02","9","2011","7","","","","11","0","0","0","0","0","0","0","1","1","0","0","0","","","1","","0","","","6","0","","3","0","0","0","2126","0","0","0","N","0","0","0","4","02126","0","","1.0","","9","N","N","","1","","1","0","0","","0","N","","2","1","0","0","0","0","0","1","0","2","","","","N","","","","","","","","","",""
"2011090082","","2","0","0","0","0","0","0","0","0","1","0","","02","8","2011","4","40.338893","-79.955429","","11","0","0","0","0","0","1","0","0","2","0","0","0","","","1","","0","","40 20:20.013","2","7","79 57:19.545","4","0","0","0","2454","0","0","0","N","0","0","0","3","02454","1","","1.0","","1","N","N","","0","","0","0","0","","0","N","","2","1","0","0","0","0","0","2","0","2","","","","N","","","","","","","","","",""
"2011090639","","1","0","0","0","0","0","0","0","0","1","1","","02","9","2011","6","40.420087","-80.05065","","11","0","0","0","0","0","1","0","0","","0","1","0","","","0","","6","","40 25:12.312","","0","80 03:02.341","0","0","0","0","2435","0","0","0","N","0","0","0","2","68B03","0","","1.0","","1","N","N","","0","","0","0","0","","4","","","2","0","0","0","0","0","0","2","0","2","","","","N","","","","","","","","","",""
"2011091595","","2","0","0","0","0","0","0","0","0","5","0","","02","9","2011","7","40.431277","-79.92751","","11","0","0","0","0","0","1","0","0","","0","0","0","","","0","","0","","40 25:52.597","","0","79 55:39.036","0","0","0","0","2301","0","0","0","N","0","0","0","2","02301","0","","2.0","","9","N","N","","0","","0","0","0","","0","","","2","0","0","0","0","0","0","2","0","2","","","","N","","","","","","","","","",""
"2011089348","","0","0","0","0","0","0","0","0","0","7","0","","02","9","2011","2","40.538313","-79.832419","","11","0","0","0","0","0","0","0","0","1","0","0","0","","","1","","0","","40 32:17.927","2","0","79 49:56.708","4","0","0","0","2208","0","0","0","N","0","0","0","3","02208","1","","4.0","","9","N","N","","0","","0","0","1","","0","N","","1","1","1","0","0","0","0","2","0","1","","","","N","","","","","","","","","",""
"2011091451","","1","0","0","0","0","0","0","0","0","7","0","","02","9","2011","7","40.4436","-80.0091","","11","0","0","0","0","0","1","0","0","","0","0","0","","","0","","7","","40 26:36.960","","2","80 00:32.760","0","0","0","0","2302","0","0","0","N","0","0","0","1","02301","0","","1.0","","1","N","N","","0","","0","0","0","","0","","","1","0","0","0","0","0","0","2","0","1","","","","N","","","","","","","","","",""
"2011089349","","2","0","0","0","0","0","0","0","0","4","0","","02","9","2011","2","40.408583","-79.943682","","11","0","0","0","0","0","1","0","0","","0","0","0","","","0","","1","","40 24:30.898","","0","79 56:37.254","0","0","0","0","2301","0","0","0","N","0","0","0","3","02301","0","","1.0","","9","N","N","","0","","0","0","0","","2","","","2","0","0","0","0","0","0","2","0","2","","","","N","","","","","","","","","",""
"2011090084","","0","0","0","0","0","0","0","0","0","7","0","","02","9","2011","4","40.410433","-80.005409","","11","0","0","0","0","0","0","0","0","2","0","0","0","","","1","","0","","40 24:37.558","2","0","80 00:19.474","4","0","0","0","2301","0","0","0","N","0","0","0","2","02301","1","","5.0","","9","N","N","","0","","0","0","0","","0","N","","1","1","2","0","0","0","0","2","1","1","","","","N","","","","","","","","","",""
"2011091452","","2","0","0","0","0","0","0","0","0","5","0","","02","9","2011","7","40.452987","-79.906178","","11","0","0","0","0","0","0","0","0","2","0","0","0","","","0","","0","","40 27:10.753","3","0","79 54:22.240","9","0","0","0","2301","0","0","0","N","0","0","0","1","02301","0","","2.0","","1","N","N","","0","","0","0","2","","0","N","","4","0","0","0","0","0","1","2","0","4","","","","N","","","","","","","","","",""
"2011089283","","1","0","0","0","0","0","0","0","0","7","0","","02","9","2011","2","40.436634","-79.997207","","11","0","0","0","0","0","0","0","0","1","0","0","0","","","0","","2","","40 26:11.884","4","0","79 59:49.946","0","0","0","0","2301","0","0","0","N","0","0","0","3","02301","0","","4.0","","9","N","N","","0","","0","0","0","","2","N","","1","0","0","0","0","0","0","2","0","1","","","","N","","","","","","","","","",""
"2011091672","","0","0","0","0","0","0","0","0","0","7","0","","02","9","2011","7","40.558841","-79.907149","","11","0","0","0","0","0","1","0","0","1","0","0","0","","","0","","0","","40 33:31.828","2","0","79 54:25.736","0","0","0","1","2209","0","0","0","N","0","0","0","1","02209","0","","2.0","","1","N","N","","0","","0","0","0","","0","N","","1","0","0","0","0","0","0","2","0","1","","","","N","","","","","","","","","",""
"2011091454","","1","0","0","0","0","0","0","0","0","7","0","","02","9","2011","7","40.255614","-79.822075","","11","0","0","0","0","0","0","0","0","","0","0","0","","","0","","0","","40 15:20.210","","0","79 49:19.470","0","0","0","0","2105","0","0","0","N","0","0","0","1","02105","0","","5.0","","1","N","N","","0","","0","0","0","","0","","","1","0","0","0","0","0","0","1","0","1","","","","N","","","","","","","","","",""
"2011090087","","1","0","0","0","0","0","0","0","0","7","0","","02","9","2011","4","40.383761","-79.993308","","11","0","0","0","0","0","0","0","0","1","0","0","0","","","0","","0","","40 23:01.539","3","0","79 59:35.908","0","0","0","0","2301","0","0","0","N","0","0","0","0","02301","0","","2.0","","9","N","N","","0","","0","0","0","","0","N","","1","0","0","0","0","0","0","2","0","1","","","","N","","","","","","","","","",""
"2011089079","","2","0","0","0","0","0","0","0","0","4","0","","02","9","2011","7","40.478506","-80.114352","","11","0","1","0","0","0","0","1","0","1","0","0","0","","","0","","0","","40 28:42.621","3","0","80 06:51.667","9","0","0","0","2126","0","0","0","N","0","0","0","2","02126","0","","1.0","","1","N","N","","0","","0","0","0","","3","N","","2","0","0","0","0","0","2","2","0","2","","","","N","","","","","","","","","",""
"2011089146","","1","0","0","0","0","0","0","0","0","1","0","","02","9","2011","1","40.3638","-79.7738","","11","0","0","0","0","0","1","0","0","1","0","0","0","","","2","","0","","40 21:49.680","3","0","79 46:25.680","8","0","0","0","2111","0","0","0","N","0","0","0","4","02111","0","","1.0","","9","N","N","","0","","0","0","1","","2","N","","2","2","2","0","0","2","0","2","0","2","","","","N","","","","","","","","","",""
"2011089208","","1","0","0","0","0","0","0","0","0","7","0","","02","9","2011","2","40.474604","-80.005178","","11","0","0","0","0","0","0","0","0","1","0","0","0","","","2","","7","","40 28:28.574","1","0","80 00:18.642","3","0","0","0","2301","0","0","0","N","0","0","0","5","02301","1","","5.0","","9","N","N","","0","","1","0","0","","0","N","","1","2","1","0","0","0","0","2","0","1","","","","N","","","","","","","","","",""
"2011089353","","1","0","0","0","0","0","0","0","0","7","0","","02","9","2011","2","40.367646","-80.083107","","11","0","0","0","0","0","0","0","0","","0","0","0","","","1","","0","","40 22:03.525","","0","80 04:59.185","8","0","0","0","2117","0","0","0","","0","0","0","2","02117","0","","4.0","","9","N","N","","0","","0","0","0","","0","","","1","1","0","0","0","1","0","2","0","1","","","","N","","","","","","","","","",""
"2011089147","","0","0","0","0","0","0","0","0","0","7","0","","02","9","2011","7","40.607412","-80.173612","","11","0","0","0","0","0","1","0","0","2","0","0","0","","","0","","0","","40 36:26.684","6","0","80 10:25.003","0","0","0","0","2480","0","0","0","N","0","0","0","1","02480","0","","5.0","","1","N","N","","0","","0","0","1","","0","N","","1","0","0","0","0","0","0","1","0","1","","","","N","","","","","","","","","",""
"2011089209","","1","0","0","0","0","0","0","0","0","1","0","","02","9","2011","2","40.466188","-79.912216","","11","0","0","0","0","0","0","0","0","","0","0","0","","","0","","1","","40 27:58.276","","0","79 54:43.977","0","0","0","0","2301","0","0","0","N","0","0","0","4","02301","0","","1.0","","9","N","N","","0","","0","0","1","","3","","","2","0","0","0","0","0","0","2","0","2","","","","N","","","","","","","","","",""
"2011089965","","2","0","0","0","0","0","0","0","0","4","0","","02","9","2011","3","40.449262","-80.004556","","11","0","0","0","0","0","1","1","0","1","0","0","0","","","0","","1","","40 26:57.344","7","0","80 00:16.401","0","0","0","0","2301","0","0","0","Y","0","0","0","2","02301","0","","1.0","","9","N","N","","0","","0","0","0","","2","N","","2","0","0","0","0","0","0","2","0","2","","","","N","","","","","","","","","",""
"2011089287","","0","0","0","0","0","0","0","0","0","2","0","25","02","8","2011","2","40.474366","-79.971128","","11","0","0","0","0","0","0","0","0","1","0","0","0","","","0","","0","","40 28:27.718","2","0","79 58:16.062","0","0","0","0","2445","0","0","0","Y","0","0","0","2","02445","0","","1.0","","1","N","N","","1","","0","0","0","","0","Y","","2","0","0","0","0","0","0","2","1","2","","","Y","Y","4","1","","","N","Y","","","Y",""
"2011089082","","0","0","0","0","0","0","0","0","0","7","0","","02","9","2011","7","40.474026","-79.904429","","11","0","0","0","0","0","0","0","0","2","0","0","0","","","0","","3","","40 28:26.493","2","0","79 54:15.944","0","0","0","0","2301","0","0","0","N","0","0","0","1","02301","0","","5.0","","1","N","N","","0","","0","0","1","","0","N","","2","0","0","0","0","0","0","2","0","1","","","","N","","","","","","","","","",""
"2011090104","","2","0","0","0","0","0","0","0","0","4","0","45","02","9","2011","2","40.421916","-80.097415","","11","0","0","0","0","0","1","0","0","","0","0","0","","","3","","0","","40 25:18.898","","0","80 05:50.694","8","0","0","0","2115","0","0","0","N","0","0","0","5","68B03","0","","1.0","","9","N","N","","0","","0","0","0","","8","","","2","3","0","0","0","3","0","2","0","2","","","N","Y","3","1","N","N","N","Y","N","N","Y",""
"2011091332","","1","0","0","0","0","0","0","0","0","1","0","","02","9","2011","2","40.640222","-79.98363","","11","0","0","0","0","0","2","0","0","","0","0","0","","","2","","0","","40 38:24.799","","0","79 59:01.068","4","0","0","0","2213","0","0","0","N","0","0","0","3","02213","2","","1.0","","9","N","N","","1","","0","0","0","","0","","","2","2","0","0","0","0","0","1","0","2","","","","N","","","","","","","","","",""
"2011089149","","1","0","0","0","0","0","0","0","0","7","0","","02","8","2011","3","40.510366","-79.831002","","11","0","0","0","0","0","0","0","0","","0","0","0","","","0","","2","","40 30:37.317","","0","79 49:51.607","0","0","0","0","2113","0","0","0","N","0","0","0","2","02113","0","","5.0","","1","N","N","","0","","0","0","0","","0","","","1","0","0","0","0","0","0","2","0","1","","","","N","","","","","","","","","",""
"2011090029","","1","0","0","0","0","0","0","0","0","4","0","","02","9","2011","3","40.475409","-79.76537","","11","0","0","0","0","1","1","0","0","","0","0","0","","","0","","0","","40 28:31.472","","0","79 45:55.331","0","0","0","0","2466","0","0","0","N","0","0","0","2","02466","0","","4.0","","9","N","N","","0","","0","0","1","","0","","","2","0","1","0","0","0","0","2","0","2","","","","N","","","","","","","","","",""
"2011090105","","0","0","0","0","0","0","0","0","0","7","0","","02","9","2011","2","40.439401","-80.010256","","11","0","0","0","0","0","0","0","0","","0","0","0","","","1","","0","","40 26:21.845","","3","80 00:36.923","4","0","0","0","2301","0","0","0","N","0","0","0","1","68B03","1","","2.0","","9","N","N","","0","","0","0","1","","0","","","1","1","0","0","0","0","0","2","0","1","","","","N","","","","","","","","","",""
"2011091333","","0","0","0","0","0","0","0","0","0","4","0","","02","9","2011","3","40.506254","-80.223147","","11","0","1","0","0","0","0","0","0","2","0","0","0","","","0","","2","","40 30:22.516","1","0","80 13:23.330","0","0","0","0","2213","0","0","0","N","0","0","0","2","02213","0","","1.0","","9","N","N","","0","","0","0","2","","2","N","","2","0","0","0","0","0","0","2","0","2","","","","N","","","","","","","","","",""
"2011090030","","2","0","0","0","0","0","0","0","0","2","0","","02","9","2011","3","40.298334","-79.919593","","11","0","0","0","0","0","0","0","0","1","0","0","0","","","0","","0","","40 17:54.004","6","0","79 55:10.536","0","0","0","0","2440","0","0","0","N","0","0","0","4","02440","0","","1.0","","9","N","N","","0","","0","0","0","","0","N","","2","0","0","0","0","0","0","2","0","2","","","","N","","","","","","","","","",""
"2011090793","","1","0","0","0","0","0","0","0","0","7","0","","02","9","2011","4","40.422461","-80.201072","","11","0","0","0","0","0","0","0","0","","0","0","0","","","0","","0","","40 25:20.859","","0","80 12:03.858","0","0","0","0","2214","0","0","0","N","0","0","0","1","02214","0","","5.0","","1","N","N","","0","","0","0","0","","0","","","1","0","1","0","0","0","0","1","0","1","","","","N","","","","","","","","","",""
"2011089357","","2","0","0","0","0","0","0","0","0","4","0","","02","8","2011","3","40.440445","-79.960321","","11","0","0","0","0","0","0","0","0","","0","0","0","","","1","","1","","40 26:25.602","","0","79 57:37.155","4","0","0","0","2301","0","0","0","N","0","0","0","2","02506","1","","1.0","","1","N","N","","0","","0","0","0","","2","","","2","1","0","0","0","0","0","2","0","2","","","","N","","","","","","","","","",""
"2011090106","","1","0","0","0","0","0","0","0","0","1","0","45","02","9","2011","3","40.43963","-80.223494","","11","0","0","0","0","0","0","0","0","","0","0","0","","","1","","0","","40 26:22.667","","0","80 13:24.577","4","0","0","0","2214","0","0","0","N","0","0","0","2","68B03","1","","1.0","","9","N","N","","0","","0","0","1","","0","","","2","1","0","0","0","0","0","2","0","2","","","N","Y","4","1","N","N","N","Y","N","N","Y",""