"CRN","ARRIVAL_TM","AUTOMOBILE_COUNT","BELTED_DEATH_COUNT","BELTED_SUSP_SERIOUS_INJ_COUNT","BICYCLE_COUNT","BICYCLE_DEATH_COUNT","BICYCLE_SUSP_SERIOUS_INJ_COUNT","BUS_COUNT","CHLDPAS_DEATH_COUNT","CHLDPAS_SUSP_SERIOUS_INJ_COUNT","COLLISION_TYPE","COMM_VEH_COUNT","CONS_ZONE_SPD_LIM","COUNTY","CRASH_MONTH","CRASH_YEAR","DAY_OF_WEEK","DEC_LATITUDE","DEC_LONGITUDE","DISPATCH_TM","DISTRICT","DRIVER_COUNT_16YR","DRIVER_COUNT_17YR","DRIVER_COUNT_18YR","DRIVER_COUNT_19YR","DRIVER_COUNT_20YR","DRIVER_COUNT_50_64YR","DRIVER_COUNT_65_74YR","DRIVER_COUNT_75PLUS","EST_HRS_CLOSED","FATAL_COUNT","HEAVY_TRUCK_COUNT","HORSE_BUGGY_COUNT","HOUR_OF_DAY","ILLUMINATION","INJURY_COUNT","INTERSECTION_RELATED","INTERSECT_TYPE","LANE_CLOSED","LATITUDE","LN_CLOSE_DIR","LOCATION_TYPE","LONGITUDE","MAX_SEVERITY_LEVEL","MCYCLE_DEATH_COUNT","MCYCLE_SUSP_SERIOUS_INJ_COUNT","MOTORCYCLE_COUNT","MUNICIPALITY","NONMOTR_COUNT","NONMOTR_DEATH_COUNT","NONMOTR_SUSP_SERIOUS_INJ_COUNT","NTFY_HIWY_MAINT","PED_COUNT","PED_DEATH_COUNT","PED_SUSP_SERIOUS_INJ_COUNT","PERSON_COUNT","POLICE_AGCY","POSSIBLE_INJ_COUNT","RDWY_SURF_TYPE_CD","RELATION_TO_ROAD","ROADWAY_CLEARED","ROAD_CONDITION","SCH_BUS_IND","SCH_ZONE_IND","SECONDARY_CRASH","SMALL_TRUCK_COUNT","SPEC_JURIS_CD","SUSP_MINOR_INJ_COUNT","SUSP_SERIOUS_INJ_COUNT","SUV_COUNT","TCD_FUNC_CD","TCD_TYPE","TFC_DETOUR_IND","TIME_OF_DAY","TOTAL_UNITS","TOT_INJ_COUNT","UNBELTED_OCC_COUNT","UNB_DEATH_COUNT","UNB_SUSP_SERIOUS_INJ_COUNT","UNK_INJ_DEG_COUNT","UNK_INJ_PER_COUNT","URBAN_RURAL","VAN_COUNT","VEHICLE_COUNT","WEATHER1","WEATHER2","WORKERS_PRES","WORK_ZONE_IND","WORK_ZONE_LOC","WORK_ZONE_TYPE","WZ_CLOSE_DETOUR","WZ_FLAGGER","WZ_LAW_OFFCR_IND","WZ_LN_CLOSURE","WZ_MOVING","WZ_OTHER","WZ_SHLDER_MDN","WZ_WORKERS_INJ_KILLED"
"2011071149","","0","0","0","0","0","0","0","0","0","7","0","","02","7","2011","5","40.394534","-80.028505","","11","0","0","0","0","0","0","0","0","1","0","0","0","","","1","","1","","40 23:40.322","2","0","80 01:42.618","3","0","0","1","2301","0","0","0","N","0","0","0","1","02301","0","","2.0","","1","N","N","","0","","1","0","0","","0","N","","1","1","0","0","0","0","0","2","0","1","","","","N","","","","","","","","","",""
"2011072673","","1","0","0","0","0","0","0","0","0","4","0","","02","7","2011","2","40.429854","-79.751251","","11","0","0","0","0","0","0","0","0","","0","0","0","","","1","","3","","40 25:47.476","","0","79 45:04.504","4","0","0","0","2446","0","0","0","N","0","0","0","2","02446","1","","1.0","","9","N","N","","0","","0","0","1","","2","","","2","1","2","0","0","0","0","2","0","2","","","","N","","","","","","","","","",""
"2011071150","","2","0","0","0","0","0","0","0","0","1","0","","02","7","2011","5","40.491279","-79.908534","","11","0","0","0","0","0","1","0","0","","0","0","0","","","0","","6","","40 29:28.604","","2","79 54:30.723","0","0","0","0","2112","0","0","0","N","0","0","0","2","02112","0","","1.0","","1","N","N","","0","","0","0","0","","4","","","2","0","0","0","0","0","0","2","0","2","","","","N","","","","","","","","","",""
"2011072674","","2","0","0","0","0","0","0","0","0","4","0","","02","7","2011","3","40.408034","-80.048596","","11","0","0","1","0","0","0","0","0","","0","0","0","","","0","","2","","40 24:28.922","","0","80 02:54.945","9","0","0","0","2435","0","0","0","N","0","0","0","4","02435","0","","1.0","","1","N","N","","0","","0","0","0","","3","","","2","0","0","0","0","0","4","2","0","2","","","","N","","","","","","","","","",""
"2011073544","","1","0","0","0","0","0","0","0","0","4","0","","02","7","2011","5","40.496392","-79.893039","","11","0","0","0","0","0","0","0","0","","0","0","0","","","0","","1","","40 29:47.011","","0","79 53:34.940","9","0","0","0","2432","0","0","0","N","0","0","0","2","02432","0","","1.0","","1","N","N","","0","","0","0","1","","3","","","2","0","0","0","0","0","2","2","0","2","","","","N","","","","","","","","","",""
"2011072535","","2","0","0","0","0","0","0","0","0","1","0","","02","7","2011","3","40.398755","-80.021819","","11","0","0","0","0","0","2","0","0","","0","0","0","","","2","","0","","40 23:55.518","","0","80 01:18.548","4","0","0","0","2301","0","0","0","N","0","0","0","3","02301","2","","1.0","","1","N","N","","0","","0","0","0","","0","","","2","2","0","0","0","0","0","2","0","2","","","","N","","","","","","","","","",""
"2011071775","","2","0","0","0","0","0","0","0","0","4","0","","02","7","2011","7","40.34895","-80.073981","","11","0","0","0","0","0","0","0","0","1","0","0","0","","","3","","2","","40 20:56.219","5","0","80 04:26.332","4","0","0","0","2123","0","0","0","N","0","0","0","3","02123","3","","1.0","","1","N","N","","0","","0","0","0","","3","N","","2","3","0","0","0","0","0","2","0","2","","","","N","","","","","","","","","",""
"2011071847","","1","0","0","0","0","0","0","0","0","2","0","25","02","7","2011","1","","","","11","0","0","0","0","0","0","0","0","2","0","0","0","","","0","","2","","","2","2","","0","0","0","0","2301","0","0","0","N","0","0","0","3","02301","0","","1.0","","1","N","N","","0","","0","0","1","","0","Y","","2","0","0","0","0","0","0","1","0","2","","","N","Y","3","1","Y","","N","","","","",""
"2011071924","","1","0","0","0","0","0","0","0","0","4","0","","02","7","2011","5","40.452619","-79.924383","","11","0","0","0","0","0","0","1","0","","0","0","0","","","0","","1","","40 27:09.428","","0","79 55:27.778","0","0","0","0","2301","0","0","0","N","0","0","0","2","02301","0","","1.0","","1","N","N","","1","","0","0","0","","3","","","2","0","0","0","0","0","0","2","0","2","","","","N","","","","","","","","","",""
"2011071292","","1","0","0","0","0","0","0","0","0","1","0","","02","7","2011","6","40.30678","-79.997495","","11","0","0","0","0","0","2","0","0","","0","0","0","","","0","","0","","40 18:24.408","","0","79 59:50.983","0","0","0","0","2219","0","0","0","N","0","0","0","3","02501","0","","1.0","","1","N","N","","1","","0","0","1","","0","","","3","0","0","0","0","0","0","2","0","3","","","","N","","","","","","","","","",""
"2011072815","","1","0","0","0","0","0","0","0","0","4","0","","02","7","2011","7","40.455718","-79.938468","","11","0","0","0","0","0","1","0","0","","0","0","0","","","0","","0","","40 27:20.584","","0","79 56:18.484","0","0","0","0","2301","0","0","0","N","0","0","0","2","02301","0","","1.0","","1","N","N","","0","","0","0","1","","0","","","2","0","0","0","0","0","0","2","0","2","","","","N","","","","","","","","","",""
"2011072830","","1","0","0","0","0","0","0","0","0","7","0","","02","7","2011","4","40.607556","-79.844169","","11","0","1","0","0","0","0","0","0","","0","0","0","","","0","","0","","40 36:27.201","","0","79 50:39.008","0","0","0","0","2220","0","0","0","N","0","0","0","1","02220","0","","4.0","","1","N","N","","0","","0","0","0","","0","","","1","0","0","0","0","0","0","2","0","1","","","","N","","","","","","","","","",""
"2011071925","","1","0","0","0","0","0","0","0","0","6","0","","02","7","2011","1","40.463586","-79.952975","","11","0","0","0","0","0","0","0","0","","0","0","0","","","0","","10","","40 27:48.909","","0","79 57:10.710","9","0","0","0","2301","0","0","0","N","0","0","0","2","02301","0","","1.0","","1","N","N","","0","","0","0","1","","0","","","2","0","0","0","0","0","1","2","0","2","","","","N","","","","","","","","","",""
"2011072058","","2","0","0","0","0","0","0","0","0","4","0","","02","7","2011","5","40.40663","-79.828194","","11","0","0","0","0","0","0","0","0","","0","0","0","","","0","","0","","40 24:23.867","","0","79 49:41.498","9","0","0","0","2467","0","0","0","N","0","0","0","2","02467","0","","1.0","","1","N","N","","0","","0","0","0","","0","","","2","0","0","0","0","0","2","2","0","2","","","","N","","","","","","","","","",""
"2011072816","","1","0","0","0","0","0","0","0","0","0","0","","02","7","2011","3","40.460391","-79.842366","","11","0","0","0","0","0","0","1","0","","0","0","0","","","0","","0","","40 27:37.409","","0","79 50:32.519","0","0","0","0","2113","0","0","0","N","0","0","0","1","02113","0","","6.0","","1","N","N","","0","","0","0","0","","0","","","1","0","0","0","0","0","0","2","0","1","","","","N","","","","","","","","","",""
"2011072831","","2","0","0","0","0","0","0","0","0","1","0","","02","7","2011","4","40.428196","-79.971202","","11","0","0","0","0","0","0","0","0","","0","0","0","","","1","","1","","40 25:41.506","","0","79 58:16.327","4","0","0","0","2301","0","0","0","N","0","0","0","3","02301","1","","1.0","","1","N","N","","0","","0","0","0","","2","","","2","1","0","0","0","0","0","2","0","2","","","","N","","","","","","","","","",""
"2011073325","","1","0","0","0","0","0","0","0","0","7","0","","02","7","2011","7","40.436803","-79.763406","","11","0","0","0","0","0","0","0","0","2","0","0","0","","","0","","0","","40 26:12.490","1","0","79 45:48.260","0","0","0","0","2446","0","0","0","N","0","0","0","1","02446","0","","2.0","","1","N","N","","0","","0","0","0","","0","Y","","1","0","0","0","0","0","0","2","0","1","","","","N","","","","","","","","","",""
"2011071779","","0","0","0","0","0","0","0","0","0","7","0","","02","7","2011","1","40.547756","-79.963169","","11","0","0","0","1","0","0","0","0","1","0","0","0","","","0","","0","","40 32:51.921","3","0","79 57:47.408","0","0","0","0","2118","0","0","0","N","0","0","0","1","02118","0","","4.0","","1","N","N","","0","","0","0","0","","0","N","","1","0","0","0","0","0","0","2","1","1","","","","N","","","","","","","","","",""
"2011072554","","1","0","0","0","0","0","0","0","0","5","0","","02","7","2011","4","40.425341","-79.943227","","11","0","0","0","0","0","0","0","0","1","0","0","0","","","0","","2","","40 25:31.227","4","0","79 56:35.617","0","0","0","0","2301","0","0","0","N","0","0","0","1","02301","0","","2.0","","1","N","N","","0","","0","0","1","","0","N","","2","0","0","0","0","0","0","2","0","2","","","","N","","","","","","","","","",""
"2011072692","","0","0","0","0","0","0","0","0","0","7","0","","02","7","2011","3","40.372339","-79.872808","","11","0","0","0","0","0","0","0","0","1","0","0","0","","","0","","0","","40 22:20.420","5","0","79 52:22.110","0","0","0","0","2473","0","0","0","N","0","0","0","2","02473","0","","2.0","","8","N","N","","1","","0","0","0","","0","Y","","1","0","0","0","0","0","0","2","0","1","","","","N","","","","","","","","","",""
"2011073326","","1","0","0","0","0","0","0","0","0","7","0","","02","7","2011","5","40.323379","-79.814795","","11","0","0","0","0","0","0","0","0","2","0","0","0","","","0","","0","","40 19:24.165","5","0","79 48:53.261","0","0","0","0","2477","0","0","0","N","0","0","0","1","02477","0","","2.0","","1","N","N","","0","","0","0","0","","0","Y","","1","0","0","0","0","0","0","2","0","1","","","","N","","","","","","","","","",""
"2011073412","","1","0","0","0","0","0","0","0","0","4","0","","02","7","2011","5","40.476282","-79.713891","","11","0","0","0","0","0","0","0","0","2","0","0","0","","","0","","0","","40 28:34.615","5","0","79 42:50.007","0","0","0","0","2466","0","0","0","N","0","0","0","1","02466","0","","1.0","","1","N","N","","1","","0","0","0","","0","N","","2","0","0","0","0","0","0","2","0","2","","","","N","","","","","","","","","",""
"2011072693","","2","0","0","0","0","0","0","0","0","1","0","","02","7","2011","3","40.452463","-79.997451","","11","0","0","0","0","0","0","0","1","","0","0","0","","","0","","6","","40 27:08.865","","2","79 59:50.822","0","0","0","0","2301","0","0","0","N","0","0","0","3","02301","0","","1.0","","1","N","N","","0","","0","0","0","","0","","","2","0","0","0","0","0","0","2","0","2","","","","N","","","","","","","","","",""
"2011072819","","1","0","0","0","0","0","0","0","0","1","0","","02","7","2011","6","40.438152","-80.048751","","11","0","0","0","0","0","0","0","0","","0","0","0","","","0","","0","","40 26:17.346","","0","80 02:55.505","0","0","0","0","2301","0","0","0","N","0","0","0","2","02301","0","","1.0","","1","N","N","","1","","0","0","0","","0","","","2","0","1","0","0","0","0","2","0","2","","","","N","","","","","","","","","",""
"2011071781","","1","0","0","0","0","0","0","0","0","1","0","","02","7","2011","7","40.352978","-79.91732","","11","0","0","0","0","1","1","0","0","","0","0","0","","","1","","2","","40 21:10.719","","0","79 55:02.352","4","0","0","0","2473","0","0","0","N","0","0","0","2","02473","1","","1.0","","1","N","N","","1","","0","0","0","","2","","","2","1","0","0","0","0","0","2","0","2","","","","N","","","","","","","","","",""
"2011073550","","1","0","1","0","0","0","0","0","0","4","0","","02","6","2011","2","40.541224","-79.786336","","11","0","0","0","0","0","0","1","0","","0","0","0","","","3","","0","","40 32:28.406","","0","79 47:10.811","2","0","0","0","2462","1","0","0","N","1","0","0","3","02462","1","","1.0","","1","N","N","","0","","1","1","1","","0","","","3","3","0","0","0","0","0","2","0","2","","","","N","","","","","","","","","",""
"2011072541","","0","0","0","0","0","0","0","0","0","7","1","","02","7","2011","3","40.435161","-79.992413","","11","0","0","0","0","0","0","0","0","3","0","1","0","","","0","","0","","40 26:06.580","3","0","79 59:32.685","0","0","0","0","2301","0","0","0","Y","0","0","0","1","02301","0","","2.0","","1","N","N","","0","","0","0","0","","0","N","","1","0","0","0","0","0","0","2","0","1","","","","N","","","","","","","","","",""
"2011071171","","0","0","0","0","0","0","0","0","0","7","0","","02","7","2011","6","40.382582","-79.978478","","11","0","0","1","0","0","0","0","0","","0","0","0","","","0","","0","","40 22:57.295","","0","79 58:42.520","0","0","0","0","2301","0","0","0","","0","0","0","1","02301","0","","5.0","","1","","","","1","","0","0","0","","0","","","1","0","0","0","0","0","0","2","0","1","","","","N","","","","","","","","","",""
"2011071931","","1","0","0","0","0","0","0","0","0","8","0","","02","7","2011","1","40.484394","-79.816096","","11","0","0","0","0","0","0","0","1","1","0","0","0","","","1","","0","","40 29:03.819","1","0","79 48:57.947","3","0","0","0","2113","1","0","0","N","1","0","0","2","02113","0","","1.0","","1","N","N","","0","","1","0","0","","0","N","","2","1","0","0","0","0","0","2","0","1","","","","N","","","","","","","","","",""
"2011073416","","1","0","0","0","0","0","0","0","0","5","0","","02","7","2011","4","40.408709","-79.991134","","11","0","0","0","0","0","0","0","0","2","0","0","0","","","2","","0","","40 24:31.352","5","0","79 59:28.082","2","0","1","1","2301","0","0","0","N","0","0","0","3","02301","1","","1.0","","1","N","N","","0","","0","1","0","","0","Y","","2","2","0","0","0","0","0","2","0","2","","","","N","","","","","","","","","",""
"2011071997","","0","0","0","0","0","0","0","0","0","0","0","","02","7","2011","7","40.576033","-80.117315","","11","0","0","0","0","0","0","0","0","2","0","0","0","","","2","","0","","40 34:33.720","1","0","80 07:02.335","2","0","1","1","2460","0","0","0","N","0","0","0","2","68B03","0","","1.0","","1","N","N","","0","","1","1","0","","0","N","","1","2","0","0","0","0","0","2","0","1","","","","N","","","","","","","","","",""
"2011073553","","1","0","0","0","0","0","0","0","0","1","0","","02","7","2011","5","40.558499","-79.969327","","11","0","0","0","0","1","0","0","0","","0","0","0","","","0","","0","","40 33:30.595","","0","79 58:09.576","0","0","0","0","2207","0","0","0","N","0","0","0","2","02207","0","","1.0","","1","N","N","","0","","0","0","1","","0","","","2","0","0","0","0","0","0","2","0","2","","","","N","","","","","","","","","",""
"2011071920","","1","0","0","0","0","0","0","0","0","1","0","","02","7","2011","1","40.287961","-80.011057","","11","0","1","0","0","0","0","0","0","2","0","0","0","","","1","","2","","40 17:16.659","1","0","80 00:39.805","4","0","0","0","2219","0","0","0","N","0","0","0","3","02219","1","","1.0","","1","N","N","","0","","0","0","1","","0","N","","2","1","0","0","0","0","0","2","0","2","","","","N","","","","","","","","","",""
"2011073569","","0","0","0","0","0","0","0","0","0","99","0","","02","7","2011","6","40.41953","-80.049504","","11","0","0","0","0","0","0","0","0","2","0","0","0","","","1","","2","","40 25:10.308","3","2","80 02:58.216","4","0","0","1","2435","0","0","0","N","0","0","0","1","02435","1","","1.0","","1","N","N","","0","","0","0","0","","0","N","","1","1","0","0","0","0","0","2","0","1","","","","N","","","","","","","","","",""
"2011071175","","1","0","0","0","0","0","0","0","0","2","0","","02","7","2011","6","40.511093","-79.981327","","11","0","0","0","0","0","0","0","0","","0","0","0","","","0","","0","","40 30:39.934","","0","79 58:52.777","0","0","0","0","2118","0","0","0","N","0","0","0","1","02118","0","","1.0","","1","N","N","","0","","0","0","1","","0","","","2","0","0","0","0","0","0","2","0","2","","","","N","","","","","","","","","",""
"2011072066","","3","0","0","0","0","0","0","0","0","1","0","","02","7","2011","2","40.428808","-79.765472","","11","0","0","0","0","0","1","0","0","","0","0","0","","","2","","0","","40 25:43.710","","0","79 45:55.700","8","0","0","0","2446","0","0","0","N","0","0","0","3","02446","0","","1.0","","1","N","N","","0","","0","0","0","","0","","","3","2","0","0","0","2","0","2","0","3","","","","N","","","","","","","","","",""
"2011071161","","1","0","0","0","0","0","0","0","0","7","0","","02","7","2011","5","40.492874","-79.744452","","11","0","0","1","0","0","0","0","0","","0","0","0","","","0","","0","","40 29:34.345","","0","79 44:40.027","0","0","0","0","2466","0","0","0","N","0","0","0","3","02466","0","","5.0","","1","N","N","","0","","0","0","0","","0","","","1","0","0","0","0","0","0","2","0","1","","","","N","","","","","","","","","",""
"2011071936","","0","0","0","0","0","0","0","0","0","7","0","","02","7","2011","1","40.279444","-79.937986","","11","0","0","0","0","0","0","0","0","2","0","0","0","","","0","","0","","40 16:45.999","6","0","79 56:16.748","0","0","0","0","2440","0","0","0","N","0","0","0","1","02440","0","","5.0","","1","N","N","","1","","0","0","0","","0","N","","1","0","0","0","0","0","0","2","0","1","","","","N","","","","","","","","","",""
"2011073421","","1","0","0","0","0","0","0","0","0","7","0","","02","7","2011","7","40.473234","-79.84821","","11","0","0","0","0","0","0","0","0","","0","0","0","","","1","","2","","40 28:23.641","","0","79 50:53.556","8","0","0","0","2113","0","0","0","","0","0","0","1","02113","0","","5.0","","1","","","","0","","0","0","0","","0","","","1","1","0","0","0","1","0","2","0","1","","","","N","","","","","","","","","",""
"2011071788","","2","0","0","0","0","0","0","0","0","4","0","","02","7","2011","2","40.546446","-80.029282","","11","0","0","0","0","0","1","1","0","1","0","0","0","","","1","","0","","40 32:47.205","3","0","80 01:45.415","4","0","0","0","2116","0","0","0","N","0","0","0","3","02116","1","","1.0","","1","N","N","","0","","0","0","0","","0","N","","2","1","0","0","0","0","0","2","0","2","","","","N","","","","","","","","","",""
"2011073435","","1","0","0","0","0","0","0","0","0","7","0","","02","7","2011","5","40.491505","-80.047783","","11","0","0","0","0","0","0","0","0","2","0","0","0","","","1","","0","","40 29:29.418","6","0","80 02:52.018","3","0","0","0","2404","0","0","0","","0","0","0","2","02404","0","","5.0","","1","","","","0","","1","0","0","","0","Y","","1","1","1","0","0","0","0","2","0","1","","","","N","","","","","","","","","",""
"2011072701","","0","0","0","0","0","0","0","0","0","7","0","","02","7","2011","4","40.373343","-79.866969","","11","0","0","0","0","0","0","0","0","","0","0","0","","","0","","0","","40 22:24.035","","0","79 52:01.087","0","0","0","0","2473","0","0","0","N","0","0","0","1","02473","0","","5.0","","1","N","N","","0","","0","0","1","","0","","","1","0","0","0","0","0","0","2","0","1","","","","N","","","","","","","","","",""
"2011071304","","1","0","0","0","0","0","0","0","0","8","0","","02","7","2011","6","40.408688","-80.024882","","11","0","0","0","0","0","0","0","0","1","0","0","0","","","1","","0","","40 24:31.276","4","0","80 01:29.575","8","0","0","0","2301","1","0","0","N","1","0","0","2","02301","0","","1.0","","1","N","N","","0","","0","0","0","","0","N","","2","1","0","0","0","1","0","2","0","1","","","","N","","","","","","","","","",""
"2011074080","","1","0","0","0","0","0","0","0","0","1","0","","02","7","2011","7","40.479753","-79.800314","","11","0","0","0","0","0","1","1","0","","0","0","0","","","2","","0","","40 28:47.110","","0","79 48:01.130","4","0","0","0","2113","0","0","0","N","0","0","0","3","02113","2","","1.0","","1","N","N","","0","","0","0","1","","0","","","2","2","2","0","0","0","0","2","0","2","","","","N","","","","","","","","","",""
"2011071774","","0","0","0","0","0","0","0","0","0","4","0","","02","7","2011","7","40.346726","-79.855913","","11","0","0","0","0","0","0","1","0","2","0","0","0","","","2","","1","","40 20:48.213","4","0","79 51:21.286","4","0","0","0","2304","0","0","0","N","0","0","0","6","02304","2","","1.0","","1","N","N","","0","","0","0","2","","3","Y","","2","2","0","0","0","0","0","2","0","2","","","","N","","","","","","","","","",""
"2011071097","","1","0","0","0","0","0","0","0","0","8","0","","02","7","2011","5","40.447062","-79.947299","","11","0","0","0","0","0","0","0","0","","0","0","0","","","1","","1","","40 26:49.423","","0","79 56:50.276","3","0","0","0","2301","1","0","0","","1","0","0","2","02301","0","","1.0","","1","","","","0","","1","0","0","","2","","","2","1","0","0","0","0","0","2","0","1","","","","N","","","","","","","","","",""
"2011071179","","0","0","0","0","0","0","0","0","0","7","0","","02","7","2011","3","40.630307","-79.855704","","11","0","0","0","0","0","1","0","0","2","0","0","0","","","1","","2","","40 37:49.105","2","0","79 51:20.536","4","0","0","1","2220","0","0","0","N","0","0","0","1","02220","1","","5.0","","1","N","N","","0","","0","0","0","","0","Y","","1","1","0","0","0","0","0","2","0","1","","","","N","","","","","","","","","",""
"2011071939","","1","0","0","0","0","0","0","0","0","7","0","","02","7","2011","5","40.286838","-79.910797","","11","0","0","0","0","0","0","0","0","3","0","0","0","","","2","","0","","40 17:12.617","2","0","79 54:38.868","4","0","0","0","2440","0","0","0","N","0","0","0","2","02440","2","","5.0","","1","N","N","","0","","0","0","0","","0","N","","1","2","0","0","0","0","0","2","0","1","","","","N","","","","","","","","","",""
"2011071319","","1","0","0","0","0","0","0","0","0","1","0","","02","7","2011","5","40.459561","-79.907311","","11","0","0","0","0","0","0","0","0","","0","0","0","","","0","","0","","40 27:34.418","","0","79 54:26.321","0","0","0","0","2301","0","0","0","N","0","0","0","2","02301","0","","1.0","","1","N","N","","0","","0","0","1","","0","","","2","0","0","0","0","0","0","2","0","2","","","","N","","","","","","","","","",""
"2011072500","","2","0","0","0","0","0","0","0","0","4","0","25","02","7","2011","3","40.477749","-79.968255","","11","0","0","0","0","0","0","0","1","","0","0","0","","","0","","2","","40 28:39.896","","2","79 58:05.719","0","0","0","0","2445","0","0","0","N","0","0","0","2","02445","0","","1.0","","1","N","N","","0","","0","0","0","","3","","","2","0","0","0","0","0","0","2","0","2","","","Y","Y","4","1","","","N","","","","Y",""
"2011072846","","1","0","0","0","0","0","1","0","0","1","1","","02","7","2011","4","40.45241","-80.013998","","11","0","0","0","0","0","0","0","0","","0","0","0","","","2","","2","","40 27:08.676","","3","80 00:50.391","4","0","0","0","2301","0","0","0","","0","0","0","6","02503","2","","1.0","","1","","","","0","","0","0","0","","2","","","2","2","0","0","0","0","0","2","0","2","","","","N","","","","","","","","","",""
"2011071100","","2","0","0","0","0","0","0","0","0","6","0","","02","7","2011","4","40.383346","-80.015309","","11","0","0","0","0","0","1","0","1","1","0","0","0","","","0","","2","","40 23:00.045","5","0","80 00:55.112","0","0","0","0","2101","0","0","0","N","0","0","0","3","02101","0","","1.0","","1","N","N","","0","","0","0","0","","0","Y","","2","0","0","0","0","0","0","2","0","2","","","","N","","","","","","","","","",""
"2011073427","","2","0","0","0","0","0","0","0","0","4","0","","02","7","2011","4","40.455718","-79.938468","","11","0","0","0","0","0","0","0","0","1","0","0","0","","","0","","0","","40 27:20.584","1","0","79 56:18.484","0","0","0","0","2301","0","0","0","N","0","0","0","2","02301","0","","1.0","","1","N","N","","0","","0","0","0","","0","N","","2","0","0","0","0","0","0","2","0","2","","","","N","","","","","","","","","",""
"2011073439","","0","0","0","0","0","0","0","0","0","4","0","","02","7","2011","4","40.617423","-79.733968","","11","0","0","0","0","0","1","0","1","1","0","0","0","","","2","","2","","40 37:02.724","1","0","79 44:02.283","8","0","0","0","2106","0","0","0","N","0","0","0","2","02106","0","","1.0","","1","N","N","","1","","0","0","1","","0","N","","2","2","0","0","0","2","0","2","0","2","","","","N","","","","","","","","","",""
"2011072705","","2","0","0","0","0","0","0","0","0","1","0","","02","7","2011","3","40.323861","-79.781847","","11","0","0","0","0","0","1","0","1","","0","0","0","","","0","","2","","40 19:25.901","","0","79 46:54.649","0","0","0","0","2477","0","0","0","N","0","0","0","3","02477","0","","1.0","","1","N","N","","0","","0","0","1","","2","","","3","0","0","0","0","0","0","2","0","3","","","","N","","","","","","","","","",""
"2011072503","","1","0","0","0","0","0","0","0","0","4","0","","02","7","2011","4","40.300792","-79.865978","","11","0","0","0","0","0","0","0","0","","0","0","0","","","0","","2","","40 18:02.850","","0","79 51:57.519","0","0","0","0","2443","0","0","0","N","0","0","0","4","02443","0","","1.0","","1","N","N","","0","","0","0","0","","3","","","2","0","0","0","0","0","0","1","0","2","","","","N","","","","","","","","","",""
"2011072570","","1","0","0","0","0","0","0","0","0","5","0","","02","7","2011","1","40.350109","-79.873361","","11","0","0","0","0","1","0","0","0","","0","0","0","","","1","","2","","40 21:00.392","","0","79 52:24.098","4","0","0","0","2304","0","0","0","N","0","0","0","3","02304","1","","1.0","","8","N","N","","1","","0","0","0","","2","","","2","1","0","0","0","0","0","2","0","2","","","","N","","","","","","","","","",""
"2011073354","","2","0","0","0","0","0","0","0","0","4","0","","02","7","2011","5","40.451509","-79.908149","","11","0","0","0","0","0","1","0","0","1","0","0","0","","","2","","1","","40 27:05.432","3","0","79 54:29.335","4","0","0","0","2301","0","0","0","N","0","0","0","2","02301","2","","1.0","","1","N","N","","0","","0","0","0","","2","N","","2","2","0","0","0","0","0","2","0","2","","","","N","","","","","","","","","",""
"2011071101","","1","0","0","0","0","0","0","0","0","4","0","","02","7","2011","4","40.593648","-80.047868","","11","0","0","0","0","0","0","0","1","","0","0","0","","","1","","1","","40 35:37.131","","0","80 02:52.325","3","0","0","0","2108","0","0","0","N","0","0","0","2","02108","0","","1.0","","1","N","N","","0","","1","0","1","","2","","","2","1","0","0","0","0","0","2","0","2","","","","N","","","","","","","","","",""
"2011073440","","1","0","0","0","0","0","0","0","0","4","0","","02","7","2011","4","40.616454","-79.736621","","11","0","0","0","0","0","1","1","0","1","0","0","0","","","2","","1","","40 36:59.236","2","0","79 44:11.834","3","0","0","0","2106","0","0","0","Y","0","0","0","2","02106","0","","1.0","","1","N","N","","0","","2","0","0","","2","N","","2","2","0","0","0","0","0","2","1","2","","","","N","","","","","","","","","",""
"2011072706","","0","0","0","0","0","0","0","0","0","7","0","","02","7","2011","4","40.306582","-79.909023","","11","0","0","0","0","0","0","0","0","2","0","0","0","","","0","","0","","40 18:23.696","2","0","79 54:32.484","0","0","0","0","2440","0","0","0","N","0","0","0","2","02440","0","","5.0","","1","N","N","","1","","0","0","0","","0","N","","1","0","0","0","0","0","0","2","0","1","","","","N","","","","","","","","","",""
"2011071324","","1","0","0","0","0","0","0","0","0","4","0","","02","7","2011","4","40.391014","-80.073175","","11","0","0","0","0","1","0","0","1","1","0","0","0","","","1","","0","","40 23:27.652","6","0","80 04:23.431","4","0","0","0","2117","0","0","0","N","0","0","0","2","02117","1","","1.0","","1","N","N","","0","","0","0","1","","8","N","","2","1","0","0","0","0","0","2","0","2","","","","N","","","","","","","","","",""
"2011073441","","0","0","0","0","0","0","0","0","0","99","0","","02","7","2011","6","40.573866","-80.052099","","11","0","0","0","0","0","0","0","0","","0","0","0","","","1","","0","","40 34:25.916","","0","80 03:07.558","2","0","1","1","2108","0","0","0","N","0","0","0","1","02108","0","","1.0","","1","N","N","","0","","0","1","0","","0","","","1","1","0","0","0","0","0","2","0","1","","","","N","","","","","","","","","",""