"CRN","ARRIVAL_TM","AUTOMOBILE_COUNT","BELTED_DEATH_COUNT","BELTED_SUSP_SERIOUS_INJ_COUNT","BICYCLE_COUNT","BICYCLE_DEATH_COUNT","BICYCLE_SUSP_SERIOUS_INJ_COUNT","BUS_COUNT","CHLDPAS_DEATH_COUNT","CHLDPAS_SUSP_SERIOUS_INJ_COUNT","COLLISION_TYPE","COMM_VEH_COUNT","CONS_ZONE_SPD_LIM","COUNTY","CRASH_MONTH","CRASH_YEAR","DAY_OF_WEEK","DEC_LATITUDE","DEC_LONGITUDE","DISPATCH_TM","DISTRICT","DRIVER_COUNT_16YR","DRIVER_COUNT_17YR","DRIVER_COUNT_18YR","DRIVER_COUNT_19YR","DRIVER_COUNT_20YR","DRIVER_COUNT_50_64YR","DRIVER_COUNT_65_74YR","DRIVER_COUNT_75PLUS","EST_HRS_CLOSED","FATAL_COUNT","HEAVY_TRUCK_COUNT","HORSE_BUGGY_COUNT","HOUR_OF_DAY","ILLUMINATION","INJURY_COUNT","INTERSECTION_RELATED","INTERSECT_TYPE","LANE_CLOSED","LATITUDE","LN_CLOSE_DIR","LOCATION_TYPE","LONGITUDE","MAX_SEVERITY_LEVEL","MCYCLE_DEATH_COUNT","MCYCLE_SUSP_SERIOUS_INJ_COUNT","MOTORCYCLE_COUNT","MUNICIPALITY","NONMOTR_COUNT","NONMOTR_DEATH_COUNT","NONMOTR_SUSP_SERIOUS_INJ_COUNT","NTFY_HIWY_MAINT","PED_COUNT","PED_DEATH_COUNT","PED_SUSP_SERIOUS_INJ_COUNT","PERSON_COUNT","POLICE_AGCY","POSSIBLE_INJ_COUNT","RDWY_SURF_TYPE_CD","RELATION_TO_ROAD","ROADWAY_CLEARED","ROAD_CONDITION","SCH_BUS_IND","SCH_ZONE_IND","SECONDARY_CRASH","SMALL_TRUCK_COUNT","SPEC_JURIS_CD","SUSP_MINOR_INJ_COUNT","SUSP_SERIOUS_INJ_COUNT","SUV_COUNT","TCD_FUNC_CD","TCD_TYPE","TFC_DETOUR_IND","TIME_OF_DAY","TOTAL_UNITS","TOT_INJ_COUNT","UNBELTED_OCC_COUNT","UNB_DEATH_COUNT","UNB_SUSP_SERIOUS_INJ_COUNT","UNK_INJ_DEG_COUNT","UNK_INJ_PER_COUNT","URBAN_RURAL","VAN_COUNT","VEHICLE_COUNT","WEATHER1","WEATHER2","WORKERS_PRES","WORK_ZONE_IND","WORK_ZONE_LOC","WORK_ZONE_TYPE","WZ_CLOSE_DETOUR","WZ_FLAGGER","WZ_LAW_OFFCR_IND","WZ_LN_CLOSURE","WZ_MOVING","WZ_OTHER","WZ_SHLDER_MDN","WZ_WORKERS_INJ_KILLED"
"2011102047","","2","0","0","0","0","0","0","0","0","2","0","","02","10","2011","7","40.462819","-79.957327","","11","0","0","0","0","0","1","0","0","1","0","0","0","","","3","","1","","40 27:46.148","3","0","79 57:26.377","4","0","0","0","2301","0","0","0","N","0","0","0","3","02301","3","","1.0","","1","N","N","","0","","0","0","1","","2","N","","4","3","1","0","0","0","0","2","1","4","","","","N","","","","","","","","","",""
"2011102857","","2","0","0","0","0","0","0","0","0","4","0","","02","10","2011","7","40.325868","-80.049323","","11","0","0","0","0","0","0","0","0","","0","0","0","","","0","","1","","40 19:33.124","","0","80 02:57.561","9","0","0","0","2407","0","0","0","N","0","0","0","3","02407","0","","1.0","","1","N","N","","0","","0","0","0","","2","","","2","0","0","0","0","0","1","2","0","2","","","","N","","","","","","","","","",""
"2011101906","","1","0","0","0","0","0","0","0","0","1","0","","02","10","2011","7","40.416138","-79.925442","","11","1","0","0","0","0","0","0","0","","0","0","0","","","1","","0","","40 24:58.098","","0","79 55:31.592","8","0","0","0","2301","0","0","0","N","0","0","0","2","02301","0","","1.0","","1","N","N","","0","","0","0","1","","2","","","2","1","0","0","0","1","0","2","0","2","","","","N","","","","","","","","","",""
"2011103523","","2","0","0","0","0","0","0","0","0","4","0","","02","10","2011","4","40.420396","-79.898574","","11","0","0","0","0","0","0","0","0","","0","0","0","","","0","","1","","40 25:13.426","","0","79 53:54.867","0","0","0","0","2463","0","0","0","N","0","0","0","2","02463","0","","1.0","","9","N","N","","0","","0","0","0","","3","","","2","0","0","0","0","0","0","2","0","2","","","","N","","","","","","","","","",""
"2011102845","","2","0","0","0","0","0","0","0","0","6","0","","02","10","2011","2","40.320257","-79.970277","","11","0","0","0","0","0","2","0","0","2","0","0","0","","","0","","0","","40 19:12.925","6","0","79 58:12.996","0","0","0","0","2440","0","0","0","N","0","0","0","2","02440","0","","1.0","","1","N","N","","0","","0","0","0","","0","N","","2","0","0","0","0","0","0","2","0","2","","","","N","","","","","","","","","",""
"2011102782","","1","0","0","0","0","0","0","0","0","1","0","","02","10","2011","3","40.450889","-80.036922","","11","0","0","0","0","0","1","0","0","","0","0","0","","","0","","0","","40 27:03.199","","7","80 02:12.920","0","0","0","0","2301","0","0","0","N","0","0","0","2","02301","0","","1.0","","1","N","N","","0","","0","0","1","","2","","","2","0","0","0","0","0","0","2","0","2","","","","N","","","","","","","","","",""
"2011102037","","0","0","0","0","0","0","0","0","0","1","0","","02","10","2011","7","40.464115","-79.82854","","11","0","0","0","0","0","0","1","0","","0","0","0","","","0","","0","","40 27:50.814","","0","79 49:42.743","0","0","0","0","2113","0","0","0","N","0","0","0","4","02113","0","","1.0","","1","N","N","","0","","0","0","2","","0","","","2","0","0","0","0","0","0","2","0","2","","","","N","","","","","","","","","",""
"2011115843","","1","0","0","0","0","0","0","0","0","99","0","","02","11","2011","1","40.428551","-79.741073","","11","0","0","0","0","0","0","0","0","","0","0","0","","","0","","0","","40 25:42.782","","0","79 44:27.862","0","0","0","0","2446","0","0","0","N","0","0","0","1","68T09","0","","1.0","","1","N","N","","0","","0","0","0","","0","","","1","0","0","0","0","0","0","2","0","1","","","","N","","","","","","","","","",""
"2011101832","","1","0","0","0","0","0","0","0","0","7","0","","02","9","2011","3","40.613513","-79.75696","","11","0","0","0","0","0","0","0","0","","0","0","0","","","0","","0","","40 36:48.647","","0","79 45:25.056","0","0","0","0","2202","0","0","0","N","0","0","0","1","68D02","0","","3.0","","9","N","N","","0","","0","0","0","","0","","","1","0","0","0","0","0","0","2","0","1","","","","N","","","","","","","","","",""
"2011102785","","2","0","0","0","0","0","0","0","0","1","0","","02","10","2011","3","40.356009","-79.898208","","11","0","0","0","0","0","1","0","0","1","0","0","0","","","0","","2","","40 21:21.632","1","0","79 53:53.547","0","0","0","0","2304","0","0","0","N","0","0","0","2","02304","0","","1.0","","1","N","N","","0","","0","0","0","","2","N","","2","0","0","0","0","0","0","2","0","2","","","","N","","","","","","","","","",""
"2011102039","","2","0","0","0","0","0","0","0","0","1","0","","02","10","2011","7","40.335851","-79.851884","","11","0","0","0","0","0","0","0","0","","0","0","0","","","0","","2","","40 20:09.062","","0","79 51:06.783","0","0","0","0","2304","0","0","0","N","0","0","0","2","02304","0","","1.0","","1","N","N","","0","","0","0","0","","2","","","2","0","0","0","0","0","0","2","0","2","","","","N","","","","","","","","","",""
"2011102848","","2","0","0","0","0","0","0","0","0","4","0","","02","10","2011","2","40.623157","-79.923075","","11","0","0","0","0","0","0","1","0","","0","0","0","","","0","","1","","40 37:23.365","","0","79 55:23.069","0","0","0","0","2217","0","0","0","N","0","0","0","2","02505","0","","1.0","","1","N","N","","0","","0","0","0","","2","","","2","0","0","0","0","0","0","2","0","2","","","","N","","","","","","","","","",""
"2011102641","","1","0","0","0","0","0","0","0","0","4","0","","02","10","2011","6","40.536075","-80.050779","","11","0","0","0","0","0","1","0","0","2","0","0","0","","","1","","0","","40 32:09.871","5","0","80 03:02.806","3","0","0","0","2116","0","0","0","N","0","0","0","2","02116","0","","1.0","","1","N","N","","1","","1","0","0","","0","Y","","2","1","0","0","0","0","0","2","0","2","","","","N","","","","","","","","","",""
"2011101895","","1","0","0","0","0","0","0","0","0","7","0","","02","10","2011","6","40.450075","-79.841311","","11","0","0","0","0","0","0","0","0","1","0","0","0","","","0","","0","","40 27:00.270","1","0","79 50:28.720","0","0","0","0","2113","0","0","0","N","0","0","0","1","02113","0","","2.0","","1","N","N","","0","","0","0","0","","0","Y","","1","0","0","0","0","0","0","2","0","1","","","","N","","","","","","","","","",""
"2011101975","","1","0","0","1","0","0","0","0","0","8","0","","02","10","2011","7","40.396181","-80.023651","","11","0","0","0","0","0","0","0","0","1","0","0","0","","","1","","0","","40 23:46.251","2","0","80 01:25.143","3","0","0","0","2301","1","0","0","N","0","0","0","4","02301","0","","1.0","","1","","N","","0","","1","0","0","","0","Y","","2","1","0","0","0","0","0","2","0","1","","","","N","","","","","","","","","",""
"2011102041","","1","0","0","0","0","0","0","0","0","5","1","","02","10","2011","7","40.431144","-79.959222","","11","0","0","0","0","0","1","0","0","1","0","1","0","","","0","","1","","40 25:52.118","2","0","79 57:33.198","0","0","0","0","2301","0","0","0","N","0","0","0","2","02301","0","","1.0","","1","N","N","","0","","0","0","0","","2","N","","2","0","0","0","0","0","0","2","0","2","","","","N","","","","","","","","","",""
"2011102120","","0","0","0","0","0","0","0","0","0","4","0","","02","10","2011","7","40.313535","-79.952347","","11","0","0","0","0","0","1","0","0","1","0","0","0","","","0","","0","","40 18:48.725","1","0","79 57:08.448","0","0","0","0","2440","0","0","0","N","0","0","0","1","02440","0","","4.0","","1","N","N","","2","","0","0","0","","0","N","","2","0","0","0","0","0","0","2","0","2","","","","N","","","","","","","","","",""
"2011102852","","2","0","0","0","0","0","0","0","0","4","0","","02","10","2011","2","40.567388","-80.00696","","11","0","0","0","1","0","0","0","0","1","0","0","0","","","0","","1","","40 34:02.595","5","0","80 00:25.056","0","0","0","0","2108","0","0","0","N","0","0","0","3","02108","0","","1.0","","1","N","N","","0","","0","0","0","","2","N","","2","0","0","0","0","0","0","2","0","2","","","","N","","","","","","","","","",""
"2011101225","","0","0","0","0","0","0","0","0","0","4","0","","02","10","2011","5","40.427397","-80.066104","","11","0","0","0","0","0","0","0","0","","0","0","0","","","1","","2","","40 25:38.629","","0","80 03:57.974","8","0","0","0","2301","0","0","0","N","0","0","0","4","02301","0","","1.0","","1","N","N","","0","","0","0","2","","3","","","2","1","1","0","0","1","0","2","0","2","","","","N","","","","","","","","","",""
"2011101304","","1","0","0","1","0","0","0","0","0","2","0","","02","10","2011","5","40.456601","-80.01675","","11","0","0","0","0","0","0","0","0","1","0","0","0","","","1","","1","","40 27:23.763","2","0","80 01:00.300","3","0","0","0","2301","1","0","0","N","0","0","0","2","02301","0","","1.0","","1","N","N","","0","","1","0","0","","2","N","","2","1","0","0","0","0","0","2","0","1","","","","N","","","","","","","","","",""
"2011102056","","2","0","0","0","0","0","0","0","0","1","0","","02","10","2011","7","40.43899","-79.762496","","11","0","0","0","0","0","1","0","0","2","0","0","0","","","0","","1","","40 26:20.364","4","0","79 45:44.986","0","0","0","0","2446","0","0","0","N","0","0","0","2","02446","0","","1.0","","1","N","N","","0","","0","0","0","","2","N","","2","0","0","0","0","0","0","2","0","2","","","","N","","","","","","","","","",""
"2011102645","","0","0","0","0","0","0","0","0","0","8","0","","02","10","2011","7","40.601728","-80.129081","","11","0","0","0","0","0","0","0","0","","0","0","0","","","1","","2","","40 36:06.220","","0","80 07:44.690","4","0","0","0","2481","1","0","0","N","1","0","0","2","02481","1","","1.0","","1","N","N","","0","","0","0","0","","3","","","2","1","0","0","0","0","0","1","1","1","","","","N","","","","","","","","","",""
"2011101914","","1","0","0","0","0","0","0","0","0","4","0","","02","10","2011","7","40.410966","-80.006048","","11","0","0","0","0","0","1","0","0","","0","0","0","","","0","","2","","40 24:39.476","","0","80 00:21.772","0","0","0","0","2301","0","0","0","N","0","0","0","3","02301","0","","4.0","","1","N","N","","1","","0","0","1","","2","","","3","0","0","0","0","0","0","2","0","3","","","","N","","","","","","","","","",""
"2011101293","","1","0","0","0","0","0","0","0","0","1","0","","02","10","2011","5","40.454029","-79.912399","","11","0","0","0","0","0","1","0","0","","0","0","0","","","1","","1","","40 27:14.504","","0","79 54:44.638","4","0","0","0","2301","0","0","0","N","0","0","0","2","02301","1","","1.0","","1","N","N","","1","","0","0","0","","2","","","2","1","0","0","0","0","0","2","0","2","","","","N","","","","","","","","","",""
"2011102044","","2","0","0","0","0","0","0","0","0","1","0","","02","10","2011","7","40.340639","-79.964521","","11","1","0","0","0","0","0","0","0","","0","0","0","","","1","","1","","40 20:26.300","","0","79 57:52.276","4","0","0","0","2454","0","0","0","N","0","0","0","4","02454","1","","1.0","","1","N","N","","0","","0","0","0","","2","","","2","1","0","0","0","0","0","2","0","2","","","","N","","","","","","","","","",""
"2011101305","","2","0","0","0","0","0","0","0","0","4","0","","02","10","2011","5","40.447791","-79.937289","","11","0","0","0","0","1","0","0","0","","0","0","0","","","0","","2","","40 26:52.047","","0","79 56:14.240","0","0","0","0","2301","0","0","0","N","0","0","0","2","02301","0","","1.0","","1","N","N","","0","","0","0","0","","0","","","2","0","0","0","0","0","0","2","0","2","","","","N","","","","","","","","","",""
"2011101901","","1","0","0","0","0","0","0","0","0","2","0","","02","10","2011","6","40.328522","-79.944866","","11","0","0","0","0","0","1","0","0","1","0","0","0","","","2","","0","","40 19:42.678","1","0","79 56:41.518","3","0","0","0","2454","0","0","0","N","0","0","0","2","02454","1","","1.0","","1","N","N","","1","","1","0","0","","0","N","","2","2","0","0","0","0","0","2","0","2","","","","N","","","","","","","","","",""
"2011101294","","0","0","0","0","0","0","0","0","0","4","1","","02","10","2011","5","40.474664","-79.80995","","11","0","0","0","0","0","0","0","0","1","0","1","0","","","1","","2","","40 28:28.790","7","0","79 48:35.819","3","0","0","0","2113","0","0","0","N","0","0","0","3","02113","0","","1.0","","1","N","N","","0","","1","0","1","","3","Y","","2","1","0","0","0","0","0","2","0","2","","","","N","","","","","","","","","",""
"2011102058","","1","0","0","0","0","0","0","0","0","4","0","","02","10","2011","1","40.441826","-79.919885","","11","0","0","0","0","0","0","0","0","2","0","0","0","","","0","","1","","40 26:30.573","1","0","79 55:11.586","0","0","0","0","2301","0","0","0","N","0","0","0","3","02301","0","","1.0","","1","N","N","","0","","0","0","1","","1","N","","2","0","0","0","0","0","0","2","0","2","","","","N","","","","","","","","","",""
"2011101916","","2","0","0","0","0","0","0","0","0","1","0","","02","10","2011","7","40.506237","-79.990119","","11","0","0","0","0","0","1","0","0","","0","1","0","","","0","","0","","40 30:22.452","","0","79 59:24.429","0","0","0","0","2116","0","0","0","N","0","0","0","6","02116","0","","1.0","","1","N","N","","0","","0","0","0","","0","","","3","0","0","0","0","0","0","2","0","3","","","","N","","","","","","","","","",""
"2011102125","","1","0","0","0","0","0","0","0","0","7","0","","02","10","2011","3","40.522627","-79.936432","","11","0","0","0","0","0","0","0","0","1","0","0","0","","","1","","0","","40 31:21.458","3","0","79 56:11.154","8","0","0","0","2118","0","0","0","N","0","0","0","1","02118","0","","5.0","","9","N","N","","0","","0","0","0","","0","N","","1","1","1","0","0","1","0","2","0","1","","","","N","","","","","","","","","",""
"2011101917","","0","0","0","0","0","0","0","0","0","7","0","","02","10","2011","7","40.273368","-79.886103","","11","0","0","0","0","0","0","0","0","","0","0","0","","","0","","2","","40 16:24.124","","0","79 53:09.972","9","0","0","0","2428","0","0","0","N","0","0","0","1","02428","0","","5.0","","1","N","N","","0","","0","0","1","","0","","","1","0","0","0","0","0","1","2","0","1","","","","N","","","","","","","","","",""
"2011101297","","3","0","0","0","0","0","0","0","0","7","0","","02","10","2011","4","40.468673","-79.9623","","11","0","0","0","0","0","0","0","0","","0","0","0","","","1","","10","","40 28:07.223","","7","79 57:44.279","8","0","0","0","2301","0","0","0","N","0","0","0","2","02301","0","","4.0","","1","N","N","","0","","0","0","0","","0","","","3","1","0","0","0","1","1","2","0","3","","","","N","","","","","","","","","",""
"2011101310","","1","0","0","0","0","0","0","0","0","4","0","","02","9","2011","2","40.499045","-80.208187","","11","0","0","0","0","0","0","0","0","1","0","0","0","","","2","","2","","40 29:56.561","4","2","80 12:29.473","8","0","0","0","2213","0","0","0","N","0","0","0","3","02213","0","","7.0","","1","N","N","","1","","0","0","0","","3","N","","2","2","0","0","0","2","0","2","0","2","","","","N","","","","","","","","","",""
"2011102063","","1","0","0","0","0","0","0","0","0","7","0","","02","10","2011","7","40.434549","-79.913886","","11","0","0","0","0","0","0","0","0","1","0","0","0","","","0","","0","","40 26:04.378","2","0","79 54:49.989","0","0","0","0","2301","0","0","0","N","0","0","0","1","02301","0","","5.0","","1","N","N","","0","","0","0","0","","0","N","","1","0","0","0","0","0","0","2","0","1","","","","N","","","","","","","","","",""
"2011101920","","0","0","0","0","0","0","0","0","0","4","0","","02","10","2011","7","40.463288","-79.865698","","11","0","0","1","0","0","0","1","0","1","0","0","0","","","0","","2","","40 27:47.836","3","0","79 51:56.512","0","0","0","0","2113","0","0","0","N","0","0","0","2","02113","0","","1.0","","1","N","N","","1","","0","0","1","","3","Y","","2","0","0","0","0","0","0","2","0","2","","","","N","","","","","","","","","",""
"2011101311","","2","0","0","0","0","0","0","0","0","1","0","","02","9","2011","5","40.522067","-80.217461","","11","0","0","0","0","0","1","0","0","2","0","0","0","","","1","","0","","40 31:19.440","5","7","80 13:02.859","3","0","0","0","2213","0","0","0","N","0","0","0","2","02213","0","","1.0","","1","N","N","","0","","1","0","0","","0","N","","2","1","0","0","0","0","0","2","0","2","","","","N","","","","","","","","","",""
"2011102129","","2","0","0","0","0","0","0","0","0","4","0","","02","10","2011","1","40.453233","-79.906897","","11","0","0","0","0","0","0","1","0","","0","0","0","","","0","","1","","40 27:11.640","","0","79 54:24.828","0","0","0","0","2301","0","0","0","N","0","0","0","2","02301","0","","1.0","","1","N","N","","0","","0","0","0","","2","","","2","0","0","0","0","0","0","2","0","2","","","","N","","","","","","","","","",""
"2011101921","","2","0","0","0","0","0","0","0","0","4","0","","02","10","2011","7","40.437151","-79.998411","","11","0","0","0","0","0","1","0","0","","0","0","0","","","1","","1","","40 26:13.743","","0","79 59:54.279","3","0","0","0","2301","0","0","0","N","0","0","0","3","02301","0","","1.0","","1","N","N","","0","","1","0","0","","2","","","2","1","0","0","0","0","0","2","0","2","","","","N","","","","","","","","","",""
"2011101924","","1","0","0","0","0","0","0","0","0","4","0","","02","10","2011","7","40.448933","-80.000739","","11","0","0","0","0","0","1","0","0","2","0","0","0","","","0","","1","","40 26:56.157","1","0","80 00:02.660","0","0","0","0","2301","0","0","0","N","0","0","0","5","02301","0","","1.0","","1","N","N","","0","","0","0","1","","2","N","","2","0","0","0","0","0","0","2","0","2","","","","N","","","","","","","","","",""
"2011102813","","0","0","0","0","0","0","0","0","0","1","1","","02","10","2011","3","40.443886","-80.028331","","11","0","0","0","0","0","1","0","0","","0","0","0","","","0","","0","","40 26:37.991","","0","80 01:41.992","0","0","0","0","2301","0","0","0","N","0","0","0","2","02301","0","","1.0","","1","N","N","","2","","0","0","0","","0","","","2","0","0","0","0","0","0","2","0","2","","","","N","","","","","","","","","",""
"2011101925","","0","0","0","0","0","0","0","0","0","1","0","","02","10","2011","7","40.633761","-79.872626","","11","0","0","0","0","0","0","0","0","","0","0","0","","","0","","0","","40 38:01.539","","0","79 52:21.453","0","0","0","0","2220","0","0","0","N","0","0","0","2","02220","0","","1.0","","1","N","N","","0","","0","0","0","","0","","","2","0","0","0","0","0","0","2","2","2","","","","N","","","","","","","","","",""
"2011102801","","1","0","0","0","0","0","0","0","0","4","0","","02","10","2011","2","40.402253","-79.988556","","11","0","0","0","0","0","0","0","1","","0","0","0","","","0","","1","","40 24:08.110","","0","79 59:18.801","0","0","0","0","2301","0","0","0","N","0","0","0","2","02301","0","","1.0","","1","N","N","","0","","0","0","0","","3","","","2","0","0","0","0","0","0","2","1","2","","","","N","","","","","","","","","",""
"2011102814","","2","0","0","0","0","0","0","0","0","4","0","","02","10","2011","7","40.464976","-79.919877","","11","0","0","0","0","0","0","0","0","","0","0","0","","","0","","1","","40 27:53.913","","0","79 55:11.557","0","0","0","0","2301","0","0","0","N","0","0","0","4","02301","0","","1.0","","1","N","N","","0","","0","0","0","","2","","","2","0","0","0","0","0","0","2","0","2","","","","N","","","","","","","","","",""
"2011102657","","2","0","0","0","0","0","0","0","0","4","0","","02","10","2011","2","40.437157","-79.963045","","11","0","0","0","0","0","0","0","0","3","0","0","0","","","2","","1","","40 26:13.765","1","0","79 57:46.962","8","0","0","0","2301","0","0","0","N","0","0","0","3","02301","0","","1.0","","1","N","N","","0","","0","0","1","","2","Y","","3","2","0","0","0","2","0","2","0","3","","","","N","","","","","","","","","",""
"2011102071","","1","0","0","0","0","0","0","0","0","1","0","","02","10","2011","1","40.458687","-79.908061","","11","0","0","0","0","0","1","0","0","1","0","0","0","","","0","","1","","40 27:31.273","2","0","79 54:29.021","0","0","0","0","2301","0","0","0","N","0","0","0","2","02301","0","","1.0","","1","N","N","","1","","0","0","0","","2","N","","2","0","0","0","0","0","0","2","0","2","","","","N","","","","","","","","","",""
"2011101992","","1","0","0","0","0","0","0","0","0","5","1","","02","9","2011","4","40.588618","-80.099257","","11","0","0","0","0","0","0","0","0","","0","0","0","","","0","","0","","40 35:19.023","","0","80 05:57.325","0","0","0","0","2481","0","0","0","N","0","0","0","4","68B03","0","","1.0","","1","N","N","","0","","0","0","0","","0","","","2","0","0","0","0","0","0","2","0","2","","","","N","","","","","","","","","",""
"2011102659","","0","0","0","0","0","0","0","0","0","7","0","","02","10","2011","1","40.342499","-80.118169","","11","0","0","0","0","0","0","0","0","2","0","0","0","","","0","","2","","40 20:32.997","1","0","80 07:05.409","0","0","0","0","2119","0","0","0","N","0","0","0","2","02119","0","","2.0","","1","N","N","","0","","0","0","1","","2","N","","1","0","0","0","0","0","0","2","0","1","","","","N","","","","","","","","","",""
"2011101993","","1","0","0","0","0","0","0","0","0","7","0","","02","10","2011","2","40.443743","-79.854667","","11","0","0","0","0","0","0","0","0","2","0","0","0","","","0","","0","","40 26:37.476","4","0","79 51:16.801","0","0","0","0","2419","0","0","0","N","0","0","0","2","68B03","0","","3.0","","9","N","N","","0","","0","0","1","","0","N","","2","0","1","0","0","0","0","2","0","2","","","","N","","","","","","","","","",""
"2011116474","","1","0","0","0","0","0","0","0","0","7","0","","02","10","2011","2","40.319019","-79.823063","","11","0","0","0","0","0","0","0","0","","0","0","0","","","2","","0","","40 19:08.470","","0","79 49:23.025","3","0","0","0","2469","0","0","0","Y","0","0","0","2","02469","0","","5.0","","1","N","N","","0","","2","0","0","","0","","","1","2","0","0","0","0","0","2","0","1","","","","N","","","","","","","","","",""
"2011101994","","1","0","0","0","0","0","0","0","0","5","0","45","02","10","2011","4","40.351878","-80.117235","","11","0","0","0","0","0","0","0","0","","0","0","0","","","0","","0","","40 21:06.759","","0","80 07:02.046","0","0","0","0","2119","0","0","0","N","0","0","0","2","68B03","0","","1.0","","1","N","N","","0","","0","0","0","","0","","","2","0","0","0","0","0","0","2","0","2","","","N","Y","2","1","N","N","N","N","N","Y","N",""
"2011101995","","0","0","0","0","0","0","0","0","0","1","0","","02","10","2011","4","40.413911","-80.063768","","11","0","0","0","0","0","0","0","0","","0","0","0","","","0","","0","","40 24:50.081","","0","80 03:49.565","0","0","0","0","2435","0","0","0","N","0","0","0","2","68B03","0","","1.0","","1","N","N","","1","","0","0","1","","0","","","2","0","0","0","0","0","0","2","0","2","","","","N","","","","","","","","","",""
"2011101257","","1","0","0","0","0","0","0","0","0","4","0","","02","10","2011","3","40.639302","-79.958216","","11","0","0","0","0","0","0","0","0","","0","0","0","","","1","","0","","40 38:21.487","","0","79 57:29.577","4","0","0","0","2217","0","0","0","N","0","0","0","2","02505","1","","1.0","","9","N","N","","0","","0","0","1","","0","","","2","1","0","0","0","0","0","2","0","2","","","","N","","","","","","","","","",""
"2011102076","","0","0","0","0","0","0","0","0","0","1","0","","02","10","2011","6","40.419398","-80.090294","","11","0","0","0","1","0","0","0","0","2","0","0","0","","","1","","0","","40 25:09.831","4","0","80 05:25.058","4","0","0","0","2301","0","0","0","N","0","0","0","2","68B03","1","","1.0","","1","N","N","","2","","0","0","0","","0","N","","2","1","0","0","0","0","0","2","0","2","","","","N","","","","","","","","","",""
"2011102600","","2","0","0","0","0","0","0","0","0","1","0","","02","10","2011","3","40.511311","-79.961237","","11","0","0","0","0","0","1","0","1","","0","0","0","","","0","","2","","40 30:40.719","","0","79 57:40.454","0","0","0","0","2118","0","0","0","N","0","0","0","3","02118","0","","1.0","","1","N","N","","1","","0","0","0","","0","","","3","0","0","0","0","0","0","2","0","3","","","","N","","","","","","","","","",""
"2011101932","","1","0","0","0","0","0","0","0","0","1","0","","02","10","2011","1","40.515684","-80.166118","","11","0","0","0","0","0","0","0","0","2","0","0","0","","","0","","0","","40 30:56.462","6","0","80 09:58.024","0","0","0","0","2420","0","0","0","N","0","0","0","5","02420","0","","2.0","","1","N","N","","2","","0","0","0","","0","N","","4","0","0","0","0","0","0","2","1","4","","","","N","","","","","","","","","",""
"2011101244","","1","0","0","0","0","0","0","0","0","5","1","","02","10","2011","5","40.427155","-79.976389","","11","0","0","0","0","0","0","0","0","","0","1","0","","","0","","1","","40 25:37.758","","0","79 58:35.000","0","0","0","0","2301","0","0","0","N","0","0","0","2","02301","0","","1.0","","1","N","N","","0","","0","0","0","","3","","","2","0","0","0","0","0","0","2","0","2","","","","N","","","","","","","","","",""
"2011101258","","1","0","0","0","0","0","0","0","0","8","0","","02","10","2011","4","40.453367","-79.979179","","11","0","0","0","0","0","1","0","0","1","0","0","0","","","1","","1","","40 27:12.121","4","0","79 58:45.044","3","0","0","0","2301","1","0","0","N","1","0","0","2","02301","0","","1.0","","1","N","N","","0","","1","0","0","","0","Y","","2","1","0","0","0","0","0","2","0","1","","","","N","","","","","","","","","",""
"2011103499","","2","0","0","0","0","0","0","0","0","1","0","","02","10","2011","4","40.354121","-80.004936","","11","0","0","0","0","0","0","0","0","","0","0","0","","","2","","2","","40 21:14.837","","0","80 00:17.770","4","0","0","0","2476","0","0","0","N","0","0","0","4","02476","2","","1.0","","9","N","N","","0","","0","0","0","","0","","","2","2","2","0","0","0","0","2","0","2","","","","N","","","","","","","","","",""
"2011101259","","2","0","0","0","0","0","0","0","0","2","0","","02","10","2011","7","40.585447","-80.002003","","11","0","0","1","0","0","0","0","0","","0","0","0","","","0","","0","","40 35:07.608","","0","80 00:07.210","0","0","0","0","2108","0","0","0","N","0","0","0","6","02501","0","","1.0","","9","N","N","","0","","0","0","0","","0","","","2","0","0","0","0","0","0","2","0","2","","","","N","","","","","","","","","",""
"2011102602","","1","0","0","0","0","0","0","0","0","8","0","","02","10","2011","2","40.461859","-79.963972","","11","0","0","0","0","0","0","0","0","","0","0","0","","","1","","1","","40 27:42.692","","0","79 57:50.299","4","0","0","0","2301","1","0","0","N","1","0","0","2","02301","1","","1.0","","1","N","N","","0","","0","0","0","","0","","","2","1","0","0","0","0","0","2","0","1","","","","N","","","","","","","","","",""
"2011101934","","0","0","0","0","0","0","0","0","0","7","0","","02","10","2011","6","40.647072","-80.105828","","11","1","0","0","0","0","0","0","0","","0","0","0","","","2","","0","","40 38:49.460","","0","80 06:20.982","4","0","0","0","2212","0","0","0","N","0","0","0","2","02505","2","","5.0","","1","N","N","","0","","0","0","1","","0","","","1","2","0","0","0","0","0","2","0","1","","","","N","","","","","","","","","",""
"2011101261","","2","0","0","0","0","0","0","0","0","1","0","","02","10","2011","4","40.465661","-80.061093","","11","0","0","0","1","0","0","0","0","","0","0","0","","","1","","0","","40 27:56.378","","0","80 03:39.935","4","0","0","0","2444","0","0","0","N","0","0","0","3","02444","1","","1.0","","1","N","N","","0","","0","0","0","","2","","","2","1","0","0","0","0","0","2","0","2","","","","N","","","","","","","","","",""