"CRN","ARRIVAL_TM","AUTOMOBILE_COUNT","BELTED_DEATH_COUNT","BELTED_SUSP_SERIOUS_INJ_COUNT","BICYCLE_COUNT","BICYCLE_DEATH_COUNT","BICYCLE_SUSP_SERIOUS_INJ_COUNT","BUS_COUNT","CHLDPAS_DEATH_COUNT","CHLDPAS_SUSP_SERIOUS_INJ_COUNT","COLLISION_TYPE","COMM_VEH_COUNT","CONS_ZONE_SPD_LIM","COUNTY","CRASH_MONTH","CRASH_YEAR","DAY_OF_WEEK","DEC_LATITUDE","DEC_LONGITUDE","DISPATCH_TM","DISTRICT","DRIVER_COUNT_16YR","DRIVER_COUNT_17YR","DRIVER_COUNT_18YR","DRIVER_COUNT_19YR","DRIVER_COUNT_20YR","DRIVER_COUNT_50_64YR","DRIVER_COUNT_65_74YR","DRIVER_COUNT_75PLUS","EST_HRS_CLOSED","FATAL_COUNT","HEAVY_TRUCK_COUNT","HORSE_BUGGY_COUNT","HOUR_OF_DAY","ILLUMINATION","INJURY_COUNT","INTERSECTION_RELATED","INTERSECT_TYPE","LANE_CLOSED","LATITUDE","LN_CLOSE_DIR","LOCATION_TYPE","LONGITUDE","MAX_SEVERITY_LEVEL","MCYCLE_DEATH_COUNT","MCYCLE_SUSP_SERIOUS_INJ_COUNT","MOTORCYCLE_COUNT","MUNICIPALITY","NONMOTR_COUNT","NONMOTR_DEATH_COUNT","NONMOTR_SUSP_SERIOUS_INJ_COUNT","NTFY_HIWY_MAINT","PED_COUNT","PED_DEATH_COUNT","PED_SUSP_SERIOUS_INJ_COUNT","PERSON_COUNT","POLICE_AGCY","POSSIBLE_INJ_COUNT","RDWY_SURF_TYPE_CD","RELATION_TO_ROAD","ROADWAY_CLEARED","ROAD_CONDITION","SCH_BUS_IND","SCH_ZONE_IND","SECONDARY_CRASH","SMALL_TRUCK_COUNT","SPEC_JURIS_CD","SUSP_MINOR_INJ_COUNT","SUSP_SERIOUS_INJ_COUNT","SUV_COUNT","TCD_FUNC_CD","TCD_TYPE","TFC_DETOUR_IND","TIME_OF_DAY","TOTAL_UNITS","TOT_INJ_COUNT","UNBELTED_OCC_COUNT","UNB_DEATH_COUNT","UNB_SUSP_SERIOUS_INJ_COUNT","UNK_INJ_DEG_COUNT","UNK_INJ_PER_COUNT","URBAN_RURAL","VAN_COUNT","VEHICLE_COUNT","WEATHER1","WEATHER2","WORKERS_PRES","WORK_ZONE_IND","WORK_ZONE_LOC","WORK_ZONE_TYPE","WZ_CLOSE_DETOUR","WZ_FLAGGER","WZ_LAW_OFFCR_IND","WZ_LN_CLOSURE","WZ_MOVING","WZ_OTHER","WZ_SHLDER_MDN","WZ_WORKERS_INJ_KILLED"
"2011102438","","1","0","0","0","0","0","0","0","0","4","0","","02","10","2011","2","40.448652","-80.002304","","11","0","0","0","0","0","1","0","0","2","0","0","0","","","1","","1","","40 26:55.147","3","0","80 00:08.294","8","0","0","0","2301","0","0","0","N","0","0","0","2","02301","0","","1.0","","1","N","N","","0","","0","0","1","","2","Y","","2","1","0","0","0","1","0","2","0","2","","","","N","","","","","","","","","",""
"2011102211","","2","0","0","0","0","0","0","0","0","1","0","","02","10","2011","1","40.408218","-80.080221","","11","0","0","0","0","0","0","0","0","","0","0","0","","","0","","0","","40 24:29.585","","0","80 04:48.796","0","0","0","0","2415","0","0","0","N","0","0","0","2","02415","0","","1.0","","1","N","N","","0","","0","0","0","","0","","","2","0","0","0","0","0","0","2","0","2","","","","N","","","","","","","","","",""
"2011102279","","2","0","0","0","0","0","0","0","0","1","0","","02","10","2011","1","40.425777","-80.019884","","11","0","0","0","0","0","0","0","0","","0","0","0","","","0","","1","","40 25:32.796","","0","80 01:11.584","0","0","0","0","2301","0","0","0","N","0","0","0","3","02301","0","","1.0","","1","N","N","","0","","0","0","0","","2","","","2","0","0","0","0","0","0","2","0","2","","","","N","","","","","","","","","",""
"2011103016","","5","0","0","0","0","0","0","0","0","1","0","","02","10","2011","7","40.426303","-79.893961","","11","0","0","0","0","1","1","0","0","","0","0","0","","","0","","0","","40 25:34.692","","0","79 53:38.258","0","0","0","1","2301","0","0","0","N","0","0","0","9","68B03","0","","1.0","","1","N","N","","0","","0","0","0","","0","","","6","0","0","0","0","0","0","2","0","6","","","","N","","","","","","","","","",""
"2011101519","","2","0","0","0","0","0","0","0","0","4","0","","02","10","2011","5","40.350273","-79.926997","","11","0","0","1","0","0","1","0","0","1","0","0","0","","","2","","1","","40 21:00.984","4","0","79 55:37.188","8","0","0","0","2473","0","0","0","N","0","0","0","2","02473","0","","1.0","","1","N","N","","0","","0","0","0","","1","N","","2","2","0","0","0","2","0","2","0","2","","","","N","","","","","","","","","",""
"2011102292","","1","0","0","0","0","0","0","0","0","6","0","","02","10","2011","1","40.467629","-80.078726","","11","1","0","0","0","0","0","0","0","","0","0","0","","","0","","0","","40 28:03.464","","0","80 04:43.413","0","0","0","0","2444","0","0","0","N","0","0","0","3","02444","0","","1.0","","1","N","N","","0","","0","0","0","","0","","","2","0","0","0","0","0","0","2","1","2","","","","N","","","","","","","","","",""
"2011102151","","0","0","0","0","0","0","0","0","0","4","0","","02","9","2011","3","40.526455","-80.048405","","11","0","0","0","0","0","1","0","0","","0","0","0","","","0","","2","","40 31:35.238","","0","80 02:54.257","0","0","0","0","2116","0","0","0","N","0","0","0","2","02116","0","","1.0","","1","N","N","","1","","0","0","1","","3","","","2","0","0","0","0","0","0","2","0","2","","","","N","","","","","","","","","",""
"2011103017","","1","0","0","0","0","0","0","0","0","4","0","","02","10","2011","1","40.422127","-80.099095","","11","0","0","0","0","0","0","0","0","1","0","0","0","","","2","","0","","40 25:19.658","3","0","80 05:56.743","4","0","0","0","2115","0","0","0","N","0","0","0","3","68B03","2","","1.0","","1","N","N","","1","","0","0","0","","0","N","","2","2","0","0","0","0","0","2","0","2","","","","N","","","","","","","","","",""
"2011102295","","2","0","0","0","0","0","0","0","0","4","0","","02","10","2011","1","40.426088","-79.980835","","11","0","0","0","0","0","0","0","0","","0","0","0","","","0","","2","","40 25:33.916","","0","79 58:51.006","0","0","0","0","2301","0","0","0","","0","0","0","3","02301","0","","1.0","","1","","","","0","","0","0","0","","3","","","2","0","0","0","0","0","0","2","0","2","","","","N","","","","","","","","","",""
"2011102424","","1","0","0","0","0","0","0","0","0","7","0","25","02","10","2011","2","40.456728","-79.999771","","11","0","0","0","0","0","0","0","1","2","0","0","0","","","0","","0","","40 27:24.222","3","0","79 59:59.176","0","0","0","0","2301","0","0","0","N","0","0","0","1","02301","0","","1.0","","1","N","N","","0","","0","0","0","","0","Y","","1","0","0","0","0","0","0","2","0","1","","","Y","Y","4","1","","","N","Y","","","",""
"2011103233","","0","0","0","0","0","0","0","0","0","4","0","","02","10","2011","4","40.427009","-79.753187","","11","0","0","0","0","0","1","0","0","","0","0","0","","","2","","0","","40 25:37.231","","7","79 45:11.472","3","0","0","0","2446","0","0","0","","0","0","0","2","02446","0","","1.0","","9","N","N","","1","","1","0","1","","0","","","2","2","0","0","0","1","0","2","0","2","","","","N","","","","","","","","","",""
"2011103018","","0","0","0","0","0","0","0","0","0","1","0","","02","10","2011","2","40.429515","-79.87841","","11","0","0","0","0","0","1","0","0","","0","0","0","","","0","","0","","40 25:46.255","","0","79 52:42.275","0","0","0","0","2426","0","0","0","N","0","0","0","3","68B03","0","","1.0","","1","N","N","","0","","0","0","2","","0","","","2","0","0","0","0","0","0","2","0","2","","","","N","","","","","","","","","",""
"2011103153","","0","0","0","0","0","0","0","0","0","1","0","","02","10","2011","4","40.387115","-79.99566","","11","0","0","0","0","0","1","0","0","","0","0","0","","","0","","0","","40 23:13.613","","0","79 59:44.377","0","0","0","0","2301","0","0","0","N","0","0","0","4","02301","0","","1.0","","9","N","N","","3","","0","0","0","","0","","","4","0","0","0","0","0","0","2","1","4","","","","N","","","","","","","","","",""
"2011100921","","1","0","0","0","0","0","0","0","0","1","0","","02","10","2011","4","40.486982","-79.916261","","11","0","0","0","1","0","0","0","0","","0","0","0","","","0","","7","","40 29:13.134","","2","79 54:58.539","0","0","0","0","2301","0","0","0","N","0","0","0","2","02301","0","","1.0","","1","N","N","","1","","0","0","0","","0","","","2","0","0","0","0","0","0","2","0","2","","","","N","","","","","","","","","",""
"2011102508","","1","0","0","0","0","0","0","0","0","7","0","","02","10","2011","2","40.414311","-80.097148","","11","0","0","0","0","0","0","0","0","","0","0","0","","","0","","0","","40 24:51.519","","0","80 05:49.732","0","0","0","0","2415","0","0","0","N","0","0","0","1","02415","0","","2.0","","1","N","N","","0","","0","0","0","","0","","","1","0","1","0","0","0","0","2","0","1","","","","N","","","","","","","","","",""
"2011101396","","1","0","0","0","0","0","0","0","0","4","0","","02","10","2011","2","40.6304","-80.057178","","11","0","0","0","1","0","0","0","0","1","0","0","0","","","0","","0","","40 37:49.440","1","0","80 03:25.839","0","0","0","0","2216","0","0","0","N","0","0","0","3","02505","0","","1.0","","9","N","N","","0","","0","0","1","","0","N","","2","0","0","0","0","0","0","2","0","2","","","","N","","","","","","","","","",""
"2011102958","","1","0","0","0","0","0","0","0","0","0","0","","02","10","2011","2","40.591699","-80.10829","","11","0","0","0","0","0","0","0","0","2","0","0","0","","","0","","0","","40 35:30.118","6","0","80 06:29.845","0","0","0","0","2481","0","0","0","N","0","0","0","1","02481","0","","1.0","","1","N","N","","0","","0","0","0","","0","Y","","1","0","0","0","0","0","0","1","0","1","","","","N","","","","","","","","","",""
"2011102283","","1","0","0","0","0","0","0","0","0","7","0","","02","10","2011","1","40.379021","-79.923914","","11","0","0","0","0","0","0","0","0","","0","0","0","","","0","","3","","40 22:44.476","","0","79 55:26.090","0","0","0","0","2301","0","0","0","N","0","0","0","2","02301","0","","2.0","","1","N","N","","0","","0","0","0","","0","","","1","0","0","0","0","0","0","2","0","1","","","","N","","","","","","","","","",""
"2011100922","","1","0","0","0","0","0","0","0","0","4","0","","02","10","2011","3","40.571857","-80.036994","","11","0","0","0","0","0","1","0","0","1","0","0","0","","","2","","0","","40 34:18.686","1","0","80 02:13.179","4","0","0","0","2108","0","0","0","N","0","0","0","3","02108","2","","1.0","","9","N","N","","0","","0","0","1","","0","N","","2","2","0","0","0","0","0","2","0","2","","","","N","","","","","","","","","",""
"2011102426","","2","0","0","0","0","0","0","0","0","4","0","","02","10","2011","1","40.520923","-80.014443","","11","0","0","0","0","0","1","0","1","","0","0","0","","","0","","2","","40 31:15.322","","0","80 00:51.994","0","0","0","0","2116","0","0","0","N","0","0","0","2","02116","0","","1.0","","1","N","N","","0","","0","0","0","","3","","","2","0","0","0","0","0","0","2","0","2","","","","N","","","","","","","","","",""
"2011100923","","1","0","0","0","0","0","0","0","0","6","1","","02","10","2011","3","40.569129","-80.043038","","11","0","0","0","0","0","0","0","0","","0","1","0","","","0","","0","","40 34:08.864","","0","80 02:34.936","0","0","0","0","2108","0","0","0","N","0","0","0","1","02108","0","","1.0","","9","N","N","","0","","0","0","0","","0","","","2","0","0","0","0","0","0","2","0","2","","","","N","","","","","","","","","",""
"2011103236","","0","0","0","0","0","0","0","0","0","7","0","","02","10","2011","3","40.530783","-80.069676","","11","0","0","0","0","0","0","0","0","","0","0","0","","","0","","2","","40 31:50.817","","0","80 04:10.835","0","0","0","0","2215","0","0","0","N","0","0","0","1","02215","0","","2.0","","9","N","N","","0","","0","0","1","","2","","","1","0","0","0","0","0","0","2","0","1","","","","N","","","","","","","","","",""
"2011102285","","0","0","0","0","0","0","0","0","0","7","0","","02","9","2011","1","40.405284","-79.852826","","11","0","0","0","0","0","0","0","0","","0","0","0","","","1","","0","","40 24:19.023","","0","79 51:10.175","8","0","0","0","2449","0","0","0","N","0","0","0","1","02449","0","","5.0","","1","N","N","","1","","0","0","0","","0","","","1","1","1","0","0","1","0","2","0","1","","","","N","","","","","","","","","",""
"2011100924","","2","0","0","0","0","0","0","0","0","4","0","","02","10","2011","3","40.56449","-80.038583","","11","0","1","0","0","0","0","0","0","","0","0","0","","","0","","2","","40 33:52.165","","0","80 02:18.900","0","0","0","0","2108","0","0","0","N","0","0","0","3","02108","0","","1.0","","9","N","N","","0","","0","0","0","","3","","","2","0","0","0","0","0","0","2","0","2","","","","N","","","","","","","","","",""
"2011103171","","1","0","0","0","0","0","0","0","0","4","0","","02","10","2011","3","40.471707","-80.072453","","11","0","0","0","0","0","1","0","1","1","0","0","0","","","1","","0","","40 28:18.145","7","0","80 04:20.830","4","0","0","0","2122","0","0","0","N","0","0","0","3","02122","1","","1.0","","1","N","N","","0","","0","0","0","","0","Y","","2","1","0","0","0","0","0","2","1","2","","","","N","","","","","","","","","",""
"2011103548","","2","0","0","0","0","0","0","0","0","4","0","","02","10","2011","4","40.454076","-79.996814","","11","0","0","0","0","1","0","0","0","1","0","0","0","","","0","","1","","40 27:14.672","1","1","79 59:48.532","0","0","0","0","2301","0","0","0","N","0","0","0","5","02301","0","","1.0","","9","N","N","","0","","0","0","0","","2","N","","2","0","0","0","0","0","0","2","0","2","","","","N","","","","","","","","","",""
"2011102961","","1","0","0","0","0","0","0","0","0","6","0","","02","10","2011","1","40.429945","-80.004175","","11","0","0","0","1","0","0","0","0","2","0","0","0","","","0","","0","","40 25:47.802","2","0","80 00:15.029","9","0","0","0","2301","0","0","0","N","0","0","0","2","02301","0","","1.0","","1","N","N","","0","","0","0","1","","0","N","","2","0","0","0","0","0","1","2","0","2","","","","N","","","","","","","","","",""
"2011101538","","1","0","0","0","0","0","0","0","0","7","0","","02","10","2011","4","40.536356","-80.074108","","11","0","0","0","0","0","0","0","0","1","0","0","0","","","0","","0","","40 32:10.880","5","0","80 04:26.790","0","0","0","0","2215","0","0","0","N","0","0","0","2","02215","0","","5.0","","1","N","N","","0","","0","0","0","","0","N","","1","0","0","0","0","0","0","2","0","1","","","","N","","","","","","","","","",""
"2011103241","","0","0","0","0","0","0","0","0","0","7","0","","02","10","2011","4","40.264948","-79.83275","","11","0","0","0","1","0","0","0","0","3","0","0","0","","","1","","0","","40 15:53.813","5","0","79 49:57.900","8","0","0","0","2105","0","0","0","Y","0","0","0","1","02105","0","","4.0","","9","N","N","","0","","0","0","0","","0","Y","","1","1","1","0","0","1","0","1","1","1","","","","N","","","","","","","","","",""
"2011102157","","0","0","0","0","0","0","0","0","0","5","0","","02","10","2011","6","40.296989","-79.919601","","11","0","0","0","0","0","1","0","0","1","0","0","0","","","1","","1","","40 17:49.162","1","0","79 55:10.562","8","0","0","0","2440","0","0","0","N","0","0","0","3","02440","0","","1.0","","1","N","N","","1","","0","0","0","","2","Y","","2","1","0","0","0","1","0","2","1","2","","","","N","","","","","","","","","",""
"2011102962","","1","0","0","0","0","0","0","0","0","7","0","45","02","10","2011","3","40.647324","-79.937642","","11","0","0","0","0","0","1","0","0","","0","0","0","","","0","","0","","40 38:50.366","","0","79 56:15.512","0","0","0","0","2217","0","0","0","N","0","0","0","1","02505","0","","1.0","","1","N","N","","0","","0","0","0","","0","","","1","0","0","0","0","0","0","2","0","1","","","N","Y","4","1","","","N","Y","","","Y",""
"2011103173","","1","0","0","0","0","0","0","0","0","7","0","","02","10","2011","6","40.523192","-79.908035","","11","0","0","0","0","0","0","0","0","3","0","0","0","","","1","","2","","40 31:23.491","5","0","79 54:28.926","8","0","0","0","2432","0","0","0","N","0","0","0","1","02432","0","","5.0","","3","N","N","","0","","0","0","0","","0","Y","","1","1","0","0","0","1","0","2","0","1","","","","N","","","","","","","","","",""
"2011102515","","1","0","0","0","0","0","0","0","0","0","0","","02","10","2011","1","40.558055","-80.026832","","11","0","0","0","0","0","0","0","0","2","0","0","0","","","0","","0","","40 33:28.998","6","0","80 01:36.594","0","0","0","0","2108","0","0","0","Y","0","0","0","1","02108","0","","1.0","","1","N","N","","0","","0","0","0","","0","Y","","1","0","0","0","0","0","0","2","0","1","","","","N","","","","","","","","","",""
"2011102302","","1","0","0","0","0","0","0","0","0","4","0","","02","10","2011","6","40.345122","-79.840169","","11","0","0","0","0","0","0","0","0","1","0","0","0","","","0","","2","","40 20:42.439","2","0","79 50:24.608","0","0","0","0","2304","0","0","0","N","0","0","0","8","02304","0","","1.0","","1","N","N","","0","","0","0","1","","0","N","","2","0","0","0","0","0","0","2","0","2","","","","N","","","","","","","","","",""
"2011102516","","2","0","0","0","0","0","0","0","0","4","0","","02","9","2011","3","40.53419","-80.22885","","11","0","0","0","0","0","0","1","0","","0","0","0","","","0","","1","","40 32:03.083","","0","80 13:43.861","0","0","0","0","2213","0","0","0","N","0","0","0","3","02213","0","","1.0","","1","N","N","","0","","0","0","0","","3","","","2","0","0","0","0","0","0","2","0","2","","","","N","","","","","","","","","",""
"2011101541","","1","0","0","0","0","0","0","0","0","4","0","30","02","10","2011","2","40.367429","-79.818615","","11","0","0","0","0","0","1","0","0","4","1","0","0","","","0","","2","","40 22:02.745","5","0","79 49:07.013","1","1","0","1","2111","0","0","0","N","0","0","0","2","02111","0","2","1.0","","9","N","N","","0","0","0","0","0","","9","Y","","2","0","1","0","0","0","0","2","0","2","","","N","Y","2","1","","","N","","Y","","",""
"2011101684","","2","0","0","0","0","0","0","0","0","1","0","","02","10","2011","4","40.438225","-80.012433","","11","0","0","0","0","0","0","0","0","2","0","0","0","","","1","","0","","40 26:17.610","3","4","80 00:44.760","4","0","0","0","2301","0","0","0","N","0","0","0","7","68B03","1","","1.0","","1","N","N","","1","","0","0","2","","0","N","","5","1","0","0","0","0","0","2","0","5","","","","N","","","","","","","","","",""
"2011103245","","2","0","0","0","0","0","0","0","0","1","0","","02","10","2011","4","40.501502","-80.061369","","11","0","0","0","0","1","0","0","0","","0","0","0","","","0","","2","","40 30:05.406","","0","80 03:40.929","0","0","0","0","2404","0","0","0","N","0","0","0","1","02404","0","","1.0","","9","N","N","","0","","0","0","0","","0","","","2","0","0","0","0","0","0","2","0","2","","","","N","","","","","","","","","",""
"2011101685","","2","0","0","0","0","0","0","0","0","1","0","","02","10","2011","4","40.434031","-79.992695","","11","0","0","0","0","0","2","1","0","1","0","0","0","","","1","","0","","40 26:02.511","4","0","79 59:33.701","4","0","0","0","2301","0","0","0","N","0","0","0","3","68B03","1","","1.0","","1","N","N","","0","","0","0","1","","0","N","","3","1","0","0","0","0","0","2","0","3","","","","N","","","","","","","","","",""
"2011102518","","0","0","0","0","0","0","0","0","0","1","0","","02","10","2011","4","40.536164","-80.183545","","11","0","0","0","0","0","2","0","0","","0","0","0","","","1","","0","","40 32:10.192","","0","80 11:00.761","8","0","0","0","2458","0","0","0","N","0","0","0","5","02458","0","","1.0","","1","N","N","","1","","0","0","2","","0","","","3","1","1","0","0","1","0","2","0","3","","","","N","","","","","","","","","",""
"2011102306","","2","0","0","0","0","0","0","0","0","1","0","","02","10","2011","1","40.388656","-80.007264","","11","0","0","0","0","0","0","0","0","1","0","0","0","","","0","","0","","40 23:19.161","1","0","80 00:26.150","0","0","0","0","2301","0","0","0","N","0","0","0","2","02301","0","","2.0","","1","N","N","","0","","0","0","1","","0","N","","4","0","0","0","0","0","0","2","1","4","","","","N","","","","","","","","","",""
"2011103164","","0","0","0","0","0","0","0","0","0","7","1","","02","10","2011","4","40.470207","-80.065327","","11","0","0","0","0","0","0","0","0","2","0","0","0","","","0","","0","","40 28:12.746","7","0","80 03:55.176","0","0","0","0","2444","0","0","0","N","0","0","0","3","02444","0","","5.0","","9","N","N","","0","","0","0","0","","0","Y","","1","0","1","0","0","0","0","2","1","1","","","","N","","","","","","","","","",""
"2011103178","","1","0","0","0","0","0","0","0","0","4","0","","02","10","2011","4","40.457548","-79.976446","","11","0","0","0","0","0","2","0","0","","0","0","0","","","0","","1","","40 27:27.172","","0","79 58:35.205","0","0","0","0","2301","0","0","0","N","0","0","0","2","02301","0","","1.0","","9","N","N","","1","","0","0","0","","3","","","2","0","0","0","0","0","0","2","0","2","","","","N","","","","","","","","","",""
"2011103247","","1","0","0","0","0","0","0","0","0","4","0","","02","10","2011","4","40.496072","-80.007819","","11","0","0","0","0","0","0","0","0","","0","0","0","","","0","","1","","40 29:45.859","","0","80 00:28.148","0","0","0","0","2301","0","0","0","N","0","0","0","2","02301","0","","1.0","","9","N","N","","0","","0","0","1","","3","","","2","0","0","0","0","0","0","2","0","2","","","","N","","","","","","","","","",""
"2011101608","","2","0","0","0","0","0","0","0","0","1","0","","02","10","2011","6","40.372894","-79.827918","","11","0","0","0","0","0","1","0","0","1","0","0","0","","","1","","2","","40 22:22.419","3","0","79 49:40.506","8","0","0","0","2111","0","0","0","N","0","0","0","3","02111","0","","1.0","","1","N","N","","0","","0","0","1","","0","N","","3","1","1","0","0","1","0","2","0","3","","","","N","","","","","","","","","",""
"2011101609","","2","0","0","0","0","0","0","0","0","4","0","","02","10","2011","6","40.434025","-79.96522","","11","0","0","0","0","0","1","0","0","","0","0","0","","","0","","2","","40 26:02.490","","0","79 57:54.792","0","0","0","0","2301","0","0","0","N","0","0","0","2","02301","0","","1.0","","1","N","N","","0","","0","0","0","","2","","","2","0","2","0","0","0","0","2","0","2","","","","N","","","","","","","","","",""
"2011102969","","2","0","0","0","0","0","0","0","0","5","0","","02","10","2011","4","40.473516","-79.818254","","11","0","0","0","0","0","1","0","0","","0","0","0","","","0","","0","","40 28:24.657","","0","79 49:05.714","0","0","0","0","2113","0","0","0","N","0","0","0","1","02113","0","","1.0","","1","N","N","","0","","0","0","0","","0","","","2","0","0","0","0","0","0","2","0","2","","","","N","","","","","","","","","",""
"2011103167","","1","0","0","0","0","0","0","0","0","4","0","","02","10","2011","1","40.454076","-79.996814","","11","0","0","0","0","0","2","0","0","1","0","0","0","","","0","","1","","40 27:14.672","1","0","79 59:48.532","0","0","0","0","2301","0","0","0","N","0","0","0","3","02301","0","","1.0","","1","N","N","","1","","0","0","0","","0","N","","2","0","0","0","0","0","0","2","0","2","","","","N","","","","","","","","","",""
"2011103182","","1","0","0","0","0","0","0","0","0","4","0","","02","10","2011","3","40.460355","-79.842619","","11","0","0","0","0","1","1","0","0","","0","0","0","","","1","","0","","40 27:37.279","","7","79 50:33.427","4","0","0","0","2113","0","0","0","N","0","0","0","3","02113","1","","1.0","","1","N","N","","0","","0","0","1","","0","","","2","1","0","0","0","0","0","2","0","2","","","","N","","","","","","","","","",""
"2011101409","","1","0","0","0","0","0","0","0","0","1","0","","02","10","2011","5","40.414215","-80.009632","","11","0","0","1","0","0","1","0","0","","0","0","0","","","1","","1","","40 24:51.175","","4","80 00:34.674","4","0","0","0","2301","0","0","0","N","0","0","0","7","02301","1","","1.0","","1","N","N","","1","","0","0","1","","2","","","3","1","0","0","0","0","0","2","0","3","","","","N","","","","","","","","","",""
"2011103168","","0","0","0","0","0","0","0","0","0","7","0","","02","10","2011","4","40.405707","-79.885998","","11","0","0","0","0","0","1","0","0","1","0","0","0","","","1","","3","","40 24:20.546","5","2","79 53:09.594","8","0","0","0","2475","0","0","0","N","0","0","0","1","02475","0","","5.0","","9","N","N","","0","","0","0","1","","3","N","","1","1","0","0","0","1","0","2","0","1","","","","N","","","","","","","","","",""
"2011103183","","3","0","0","0","0","0","0","0","0","1","0","","02","10","2011","4","40.429202","-79.999297","","11","0","0","0","0","0","1","0","0","","0","0","0","","","0","","2","","40 25:45.127","","3","79 59:57.470","0","0","0","0","2301","0","0","0","N","0","0","0","3","02301","0","","1.0","","9","N","N","","0","","0","0","0","","0","","","3","0","0","0","0","0","0","2","0","3","","","","N","","","","","","","","","",""
"2011101410","","1","0","0","0","0","0","0","0","0","1","0","","02","10","2011","5","40.42956","-79.925071","","11","0","0","0","0","0","0","0","0","1","0","0","0","","","0","","0","","40 25:46.416","4","0","79 55:30.255","0","0","0","0","2301","0","0","0","N","0","0","0","1","02301","0","","6.0","","1","N","N","","0","","0","0","1","","0","N","","2","0","0","0","0","0","0","2","0","2","","","","N","","","","","","","","","",""
"2011102166","","0","0","0","0","0","0","0","0","0","7","0","","02","10","2011","1","40.550272","-80.185816","","11","1","0","0","0","0","0","0","0","","0","0","0","","","0","","0","","40 33:00.979","","0","80 11:08.937","0","0","0","0","2427","0","0","0","N","0","0","0","2","02427","0","","5.0","","1","N","N","","0","","0","0","1","","0","","","1","0","0","0","0","0","0","2","0","1","","","","N","","","","","","","","","",""
"2011102971","","3","0","0","0","0","0","0","0","0","4","0","","02","10","2011","3","40.378004","-79.971683","","11","0","0","0","0","0","0","0","0","2","0","0","0","","","2","","0","","40 22:40.814","6","0","79 58:18.058","3","0","0","0","2413","0","0","0","N","0","0","0","2","02413","0","","6.0","","1","N","N","","0","","1","0","0","","0","Y","","3","2","1","0","0","1","0","2","0","3","","","","N","","","","","","","","","",""
"2011101548","","1","0","0","0","0","0","0","0","0","4","0","","02","10","2011","7","40.494042","-79.939179","","11","0","0","0","0","0","0","0","0","1","0","0","0","","","1","","2","","40 29:38.550","3","1","79 56:21.043","4","0","0","0","2430","0","0","0","N","0","0","0","2","02430","1","","1.0","","1","N","N","","0","","0","0","1","","3","Y","","2","1","0","0","0","0","0","2","0","2","","","","N","","","","","","","","","",""
"2011101549","","2","0","0","0","0","0","0","0","0","4","0","","02","10","2011","6","40.445716","-79.998453","","11","0","0","0","0","0","0","0","0","","0","0","0","","","0","","3","","40 26:44.577","","0","79 59:54.430","0","0","0","0","2301","0","0","0","N","0","0","0","3","02301","0","","1.0","","1","N","N","","0","","0","0","0","","0","","","2","0","0","0","0","0","0","2","0","2","","","","N","","","","","","","","","",""
"2011103187","","0","0","0","0","0","0","0","0","0","1","0","","02","10","2011","4","40.463586","-79.952975","","11","0","0","0","0","0","1","0","0","","0","0","0","","","1","","1","","40 27:48.909","","3","79 57:10.710","4","0","0","0","2301","0","0","0","N","0","0","0","2","02301","1","","1.0","","9","N","N","","1","","0","0","1","","2","","","2","1","0","0","0","0","0","2","0","2","","","","N","","","","","","","","","",""
"2011102461","","1","0","0","0","0","0","0","0","0","5","1","","02","10","2011","6","40.449725","-79.986084","","11","0","0","0","0","0","0","0","0","2","0","1","0","","","0","","1","","40 26:59.011","7","0","79 59:09.902","0","0","0","0","2301","0","0","0","N","0","0","0","1","02301","0","","1.0","","1","N","N","","0","","0","0","0","","3","Y","","2","0","0","0","0","0","0","2","0","2","","","","N","","","","","","","","","",""
"2011101759","","0","0","0","0","0","0","0","0","0","4","0","","02","10","2011","6","40.449706","-80.025099","","11","0","0","0","0","0","0","0","0","","0","0","0","","","4","","5","","40 26:58.940","","3","80 01:30.356","4","0","0","0","2301","0","0","0","N","0","0","0","4","02301","4","","1.0","","1","N","N","","0","","0","0","2","","2","","","2","4","0","0","0","0","0","2","0","2","","","","N","","","","","","","","","",""
"2011103259","","1","0","0","0","0","0","0","0","0","4","0","","02","10","2011","1","40.336596","-80.106947","","11","0","1","0","0","0","1","0","0","2","0","0","0","","","3","","0","","40 20:11.745","7","7","80 06:25.009","3","0","0","0","2123","0","0","0","N","0","0","0","3","02123","1","","1.0","","1","N","N","","0","","2","0","1","","0","Y","","2","3","0","0","0","0","0","2","0","2","","","","N","","","","","","","","","",""
"2011107854","","1","0","0","0","0","0","1","0","0","4","1","","02","10","2011","2","40.440933","-80.207386","","11","0","0","0","1","0","1","0","0","1","0","0","0","","","1","","2","","40 26:27.359","6","0","80 12:26.591","8","0","0","0","2214","0","0","0","N","0","0","0","3","02214","0","","1.0","","9","Y","N","","0","","0","0","0","","3","Y","","2","1","1","0","0","1","0","2","0","2","","","","N","","","","","","","","","",""
"2011107239","","0","0","0","0","0","0","0","0","0","8","0","","02","10","2011","7","40.467027","-80.024868","","11","0","0","0","0","0","1","0","0","","0","0","0","","","1","","10","","40 28:01.298","","7","80 01:29.526","8","0","0","0","2301","1","0","0","N","1","0","0","2","02301","0","","4.0","","1","N","N","","1","","0","0","0","","0","","","2","1","0","0","0","1","0","2","0","1","","","","N","","","","","","","","","",""