"CRN","ARRIVAL_TM","AUTOMOBILE_COUNT","BELTED_DEATH_COUNT","BELTED_SUSP_SERIOUS_INJ_COUNT","BICYCLE_COUNT","BICYCLE_DEATH_COUNT","BICYCLE_SUSP_SERIOUS_INJ_COUNT","BUS_COUNT","CHLDPAS_DEATH_COUNT","CHLDPAS_SUSP_SERIOUS_INJ_COUNT","COLLISION_TYPE","COMM_VEH_COUNT","CONS_ZONE_SPD_LIM","COUNTY","CRASH_MONTH","CRASH_YEAR","DAY_OF_WEEK","DEC_LATITUDE","DEC_LONGITUDE","DISPATCH_TM","DISTRICT","DRIVER_COUNT_16YR","DRIVER_COUNT_17YR","DRIVER_COUNT_18YR","DRIVER_COUNT_19YR","DRIVER_COUNT_20YR","DRIVER_COUNT_50_64YR","DRIVER_COUNT_65_74YR","DRIVER_COUNT_75PLUS","EST_HRS_CLOSED","FATAL_COUNT","HEAVY_TRUCK_COUNT","HORSE_BUGGY_COUNT","HOUR_OF_DAY","ILLUMINATION","INJURY_COUNT","INTERSECTION_RELATED","INTERSECT_TYPE","LANE_CLOSED","LATITUDE","LN_CLOSE_DIR","LOCATION_TYPE","LONGITUDE","MAX_SEVERITY_LEVEL","MCYCLE_DEATH_COUNT","MCYCLE_SUSP_SERIOUS_INJ_COUNT","MOTORCYCLE_COUNT","MUNICIPALITY","NONMOTR_COUNT","NONMOTR_DEATH_COUNT","NONMOTR_SUSP_SERIOUS_INJ_COUNT","NTFY_HIWY_MAINT","PED_COUNT","PED_DEATH_COUNT","PED_SUSP_SERIOUS_INJ_COUNT","PERSON_COUNT","POLICE_AGCY","POSSIBLE_INJ_COUNT","RDWY_SURF_TYPE_CD","RELATION_TO_ROAD","ROADWAY_CLEARED","ROAD_CONDITION","SCH_BUS_IND","SCH_ZONE_IND","SECONDARY_CRASH","SMALL_TRUCK_COUNT","SPEC_JURIS_CD","SUSP_MINOR_INJ_COUNT","SUSP_SERIOUS_INJ_COUNT","SUV_COUNT","TCD_FUNC_CD","TCD_TYPE","TFC_DETOUR_IND","TIME_OF_DAY","TOTAL_UNITS","TOT_INJ_COUNT","UNBELTED_OCC_COUNT","UNB_DEATH_COUNT","UNB_SUSP_SERIOUS_INJ_COUNT","UNK_INJ_DEG_COUNT","UNK_INJ_PER_COUNT","URBAN_RURAL","VAN_COUNT","VEHICLE_COUNT","WEATHER1","WEATHER2","WORKERS_PRES","WORK_ZONE_IND","WORK_ZONE_LOC","WORK_ZONE_TYPE","WZ_CLOSE_DETOUR","WZ_FLAGGER","WZ_LAW_OFFCR_IND","WZ_LN_CLOSURE","WZ_MOVING","WZ_OTHER","WZ_SHLDER_MDN","WZ_WORKERS_INJ_KILLED"
"2011102482","","1","0","0","0","0","0","0","0","0","1","0","","02","10","2011","1","40.332969","-80.000577","","11","0","0","0","1","0","0","0","0","","0","0","0","","","0","","0","","40 19:58.687","","0","80 00:02.077","0","0","0","0","2219","0","0","0","N","0","0","0","4","02219","0","","1.0","","1","N","N","","0","","0","0","0","","0","","","2","0","0","0","0","0","0","2","1","2","","","","N","","","","","","","","","",""
"2011107107","","0","0","0","0","0","0","0","0","0","6","0","","02","10","2011","6","40.473504","-79.839665","","11","0","0","0","0","0","1","0","0","1","0","0","0","","","1","","0","","40 28:24.614","2","0","79 50:22.795","8","0","0","0","2113","0","0","0","N","0","0","0","2","02113","0","","1.0","","9","N","N","","0","","0","0","2","","0","N","","2","1","0","0","0","1","0","2","0","2","","","","N","","","","","","","","","",""
"2011108660","","1","0","0","0","0","0","0","0","0","7","0","","02","10","2011","4","40.439658","-79.993344","","11","0","0","0","0","0","0","0","0","","0","0","0","","","0","","7","","40 26:22.770","","2","79 59:36.038","0","0","0","0","2301","0","0","0","N","0","0","0","1","02301","0","","4.0","","9","N","N","","0","","0","0","0","","0","","","1","0","0","0","0","0","0","2","0","1","","","","N","","","","","","","","","",""
"2011102545","","5","0","0","0","0","0","0","0","0","5","0","","02","9","2011","4","40.429408","-80.028503","","11","0","0","0","0","0","1","0","0","","0","0","0","","","1","","0","","40 25:45.869","","0","80 01:42.609","3","0","0","0","2301","0","0","0","N","0","0","0","8","68B03","0","","1.0","","1","N","N","","1","","1","0","1","","0","","","7","1","0","0","0","0","0","2","0","7","","","","N","","","","","","","","","",""
"2011107108","","0","0","0","0","0","0","0","0","0","6","0","","02","10","2011","7","40.404315","-79.983421","","11","0","0","0","0","0","0","0","0","","0","0","0","","","0","","0","","40 24:15.534","","0","79 59:00.315","0","0","0","0","2301","0","0","0","","0","0","0","1","02301","0","","1.0","","1","","","","3","","0","0","0","","0","","","3","0","0","0","0","0","0","2","0","3","","","","N","","","","","","","","","",""
"2011101779","","1","0","0","0","0","0","0","0","0","7","0","","02","10","2011","6","40.454983","-80.220039","","11","0","0","0","1","0","0","0","0","","0","0","0","","","0","","0","","40 27:17.940","","0","80 13:12.140","0","0","0","0","2214","0","0","0","N","0","0","0","1","02214","0","","5.0","","1","N","N","","0","","0","0","0","","0","","","1","0","1","0","0","0","0","2","0","1","","","","N","","","","","","","","","",""
"2011102546","","1","0","0","0","0","0","0","0","0","1","0","","02","9","2011","3","40.418847","-80.053402","","11","0","0","0","0","0","1","0","0","","0","0","0","","","0","","0","","40 25:07.850","","0","80 03:12.247","0","0","0","0","2435","0","0","0","N","0","0","0","3","68B03","0","","1.0","","9","N","N","","0","","0","0","2","","0","","","3","0","0","0","0","0","0","2","0","3","","","","N","","","","","","","","","",""
"2011107243","","1","0","0","0","0","0","0","0","0","1","0","","02","10","2011","7","40.428778","-79.999501","","11","0","0","0","0","0","1","0","0","1","0","0","0","","","1","","0","","40 25:43.600","1","4","79 59:58.202","8","0","0","0","2301","0","0","0","N","0","0","0","5","02301","0","","1.0","","1","N","N","","0","","0","0","2","","0","N","","3","1","0","0","0","1","0","2","0","3","","","","N","","","","","","","","","",""
"2011102547","","2","0","0","0","0","0","0","0","0","1","0","","02","10","2011","7","40.328221","-80.140464","","11","0","0","0","0","0","0","0","0","1","0","0","0","","","1","","0","","40 19:41.596","1","0","80 08:25.670","4","0","0","0","2119","0","0","0","N","0","0","0","2","68B03","1","","1.0","","1","N","N","","0","","0","0","0","","0","N","","2","1","0","0","0","0","0","2","0","2","","","","N","","","","","","","","","",""
"2011107110","","0","0","0","0","0","0","0","0","0","0","0","","02","10","2011","6","40.555074","-79.908141","","11","0","0","0","0","0","0","0","0","","0","0","0","","","0","","0","","40 33:18.267","","0","79 54:29.309","0","0","0","1","2209","0","0","0","N","0","0","0","1","02209","0","","1.0","","1","N","N","","0","","0","0","0","","0","","","1","0","0","0","0","0","0","2","0","1","","","","N","","","","","","","","","",""
"2011107244","","1","0","0","0","0","0","0","0","0","4","1","","02","10","2011","7","40.436177","-79.972866","","11","0","0","0","0","0","0","0","0","","0","1","0","","","0","","2","","40 26:10.237","","0","79 58:22.316","0","0","0","0","2301","0","0","0","N","0","0","0","2","02503","0","","1.0","","1","N","N","","0","","0","0","0","","2","","","2","0","1","0","0","0","0","2","0","2","","","","N","","","","","","","","","",""
"2011109617","","1","0","0","0","0","0","0","0","0","2","0","","02","10","2011","5","40.546961","-80.028636","","11","0","0","0","0","0","1","0","0","1","0","0","0","","","2","","0","","40 32:49.060","3","0","80 01:43.090","4","0","0","0","2116","0","0","0","N","0","0","0","3","02116","2","","1.0","","9","N","N","","2","","0","0","0","","0","Y","","3","2","0","0","0","0","0","2","0","3","","","","N","","","","","","","","","",""
"2011102548","","1","0","0","0","0","0","0","0","0","7","0","","02","10","2011","1","40.446021","-80.164998","","11","0","0","0","0","0","0","0","0","1","0","0","0","","","1","","0","","40 26:45.675","4","0","80 09:53.991","4","0","0","0","2115","0","0","0","N","0","0","0","1","68B03","1","","2.0","","1","N","N","","0","","0","0","0","","0","N","","2","1","0","0","0","0","0","2","0","1","","","","N","","","","","","","","","",""
"2011107111","","2","0","0","0","0","0","1","0","0","1","1","","02","10","2011","6","40.588761","-79.875581","","11","0","0","0","1","0","1","0","1","","0","0","0","","","0","","0","","40 35:19.538","","0","79 52:32.091","0","0","0","0","2209","0","0","0","N","0","0","0","20","02209","0","","1.0","","9","Y","N","","0","","0","0","0","","0","","","3","0","0","0","0","0","0","2","0","3","","","","N","","","","","","","","","",""
"2011108680","","1","0","0","0","0","0","0","0","0","1","0","","02","10","2011","2","40.350637","-79.924567","","11","0","0","0","0","0","1","0","0","1","0","0","0","","","1","","2","","40 21:02.294","4","0","79 55:28.441","4","0","0","0","2473","0","0","0","N","0","0","0","3","02473","1","","1.0","","1","N","N","","0","","0","0","1","","0","N","","2","1","0","0","0","0","0","2","0","2","","","","N","","","","","","","","","",""
"2011107257","","1","0","0","0","0","0","0","0","0","1","0","","02","10","2011","7","40.354561","-79.836047","","11","0","0","0","0","0","1","0","0","","0","0","0","","","1","","0","","40 21:16.419","","0","79 50:09.769","8","0","0","0","2304","0","0","0","N","0","0","0","7","02304","0","","1.0","","1","N","N","","0","","0","0","0","","0","","","2","1","0","0","0","1","0","2","1","2","","","","N","","","","","","","","","",""
"2011108666","","1","0","0","0","0","0","0","0","0","7","0","","02","10","2011","4","40.465018","-79.920004","","11","0","0","0","0","0","1","0","0","","0","0","0","","","0","","1","","40 27:54.064","","0","79 55:12.014","0","0","0","0","2301","0","0","0","N","0","0","0","1","02301","0","","3.0","","9","N","N","","0","","0","0","0","","2","","","1","0","0","0","0","0","0","2","0","1","","","","N","","","","","","","","","",""
"2011107258","","1","0","0","0","0","0","0","0","0","1","0","","02","10","2011","2","40.530126","-80.018093","","11","0","0","0","1","0","0","0","0","1","0","0","0","","","0","","2","","40 31:48.454","3","0","80 01:05.136","0","0","0","0","2116","0","0","0","N","0","0","0","2","02116","0","","1.0","","1","N","N","","1","","0","0","0","","4","N","","2","0","0","0","0","0","0","2","0","2","","","","N","","","","","","","","","",""
"2011108683","","2","0","0","0","0","0","0","0","0","4","0","","02","10","2011","4","40.438023","-79.913084","","11","0","0","0","0","0","0","0","1","","0","0","0","","","0","","1","","40 26:16.882","","0","79 54:47.102","0","0","0","0","2301","0","0","0","N","0","0","0","3","02301","0","","1.0","","9","N","N","","0","","0","0","0","","2","","","2","0","0","0","0","0","0","2","0","2","","","","N","","","","","","","","","",""
"2011109621","","1","0","0","0","0","0","0","0","0","7","0","","02","10","2011","5","40.529152","-79.972424","","11","0","0","0","0","0","1","0","0","","0","0","0","","","0","","0","","40 31:44.947","","0","79 58:20.726","0","0","0","0","2118","0","0","0","N","0","0","0","1","02118","0","","2.0","","9","N","N","","0","","0","0","0","","0","","","1","0","0","0","0","0","0","2","0","1","","","","N","","","","","","","","","",""
"2011109622","","2","0","0","0","0","0","0","0","0","4","0","","02","10","2011","5","40.437138","-79.982734","","11","0","0","0","0","0","0","0","0","","0","0","0","","","0","","1","","40 26:13.696","","0","79 58:57.842","0","0","0","0","2301","0","0","0","N","0","0","0","2","02301","0","","1.0","","1","N","N","","0","","0","0","1","","0","","","3","0","0","0","0","0","0","2","0","3","","","","N","","","","","","","","","",""
"2011107116","","0","0","0","0","0","0","0","0","0","7","0","","02","10","2011","7","40.41235","-79.977097","","11","0","0","0","0","0","0","0","0","","0","0","0","","","0","","0","","40 24:44.460","","0","79 58:37.550","0","0","0","0","2301","0","0","0","N","0","0","0","1","02301","0","","2.0","","1","N","N","","0","","0","0","1","","0","","","1","0","0","0","0","0","0","2","0","1","","","","N","","","","","","","","","",""
"2011108687","","0","0","0","0","0","0","0","0","0","0","0","","02","10","2011","2","40.424458","-79.988581","","11","0","0","0","0","0","1","0","0","","0","0","0","","","1","","0","","40 25:28.047","","0","79 59:18.892","4","0","0","0","2301","0","0","0","N","0","0","0","2","02301","1","","5.0","","9","N","N","","0","","0","0","0","","0","","","1","1","0","0","0","0","0","2","1","1","","","","N","","","","","","","","","",""
"2011108081","","1","0","0","0","0","0","0","0","0","4","0","","02","10","2011","2","40.432193","-80.003977","","11","0","1","0","0","0","0","0","0","1","0","0","0","","","1","","2","","40 25:55.894","1","0","80 00:14.317","4","0","0","0","2301","0","0","0","N","0","0","0","5","02301","1","","1.0","","1","N","N","","0","","0","0","1","","2","N","","2","1","4","0","0","0","0","2","0","2","","","","N","","","","","","","","","",""
"2011101044","","1","0","0","0","0","0","0","0","0","8","0","","02","10","2011","4","40.460881","-79.915672","","11","0","0","0","0","0","0","1","0","1","0","0","0","","","1","","1","","40 27:39.172","1","0","79 54:56.419","8","0","0","0","2301","1","0","0","N","1","0","0","2","02301","0","","1.0","","1","N","N","","0","","0","0","0","","2","Y","","2","1","0","0","0","1","0","2","0","1","","","","N","","","","","","","","","",""
"2011109377","","0","0","0","0","0","0","0","0","0","99","0","","02","10","2011","5","40.461958","-80.201319","","11","0","0","0","0","0","0","0","0","","0","0","0","","","0","","0","","40 27:43.050","","0","80 12:04.750","0","0","0","0","2203","0","0","0","N","0","0","0","1","02203","0","","1.0","","9","N","N","","0","","0","0","1","","0","","","1","0","0","0","0","0","0","2","0","1","","","","N","","","","","","","","","",""
"2011109626","","2","0","0","0","0","0","0","0","0","4","0","","02","10","2011","5","40.449262","-80.004556","","11","0","0","0","0","0","1","0","0","1","0","0","0","","","2","","1","","40 26:57.344","7","0","80 00:16.401","4","0","0","0","2301","0","0","0","N","0","0","0","7","02301","1","","1.0","","9","N","N","","0","","0","0","0","","2","N","","2","2","0","0","0","1","1","2","0","2","","","","N","","","","","","","","","",""
"2011109444","","2","0","0","0","0","0","0","0","0","1","0","","02","10","2011","5","40.482147","-79.808767","","11","0","0","1","0","0","0","0","1","","0","0","0","","","0","","0","","40 28:55.728","","7","79 48:31.562","0","0","0","0","2113","0","0","0","N","0","0","0","4","02113","0","","1.0","","9","N","N","","0","","0","0","1","","0","","","3","0","0","0","0","0","0","2","0","3","","","","N","","","","","","","","","",""
"2011108085","","1","0","0","0","0","0","0","0","0","4","0","","02","10","2011","1","40.382924","-79.877954","","11","0","0","0","0","0","2","0","0","1","0","0","0","","","2","","1","","40 22:58.526","4","0","79 52:40.636","8","0","0","0","2473","0","0","0","N","0","0","0","5","02473","0","","1.0","","1","N","N","","0","","0","0","0","","2","Y","","3","2","0","0","0","2","0","2","2","3","","","","N","","","","","","","","","",""
"2011109445","","2","0","0","0","0","0","0","0","0","1","0","99","02","10","2011","5","40.456395","-80.029118","","11","0","0","0","0","0","0","1","0","2","0","0","0","","","1","","1","","40 27:23.021","1","0","80 01:44.826","8","0","0","0","2301","0","0","0","N","0","0","0","2","02301","0","","1.0","","9","N","N","","0","","0","0","0","","0","N","","2","1","0","0","0","1","0","2","0","2","","","N","Y","1","1","","","N","","","Y","",""
"2011107961","","1","0","0","0","0","0","0","0","0","0","0","","02","10","2011","7","40.430603","-80.263628","","11","0","0","0","0","0","1","0","1","2","0","0","0","","","3","","0","","40 25:50.169","6","0","80 15:49.059","4","0","0","0","2214","0","0","0","N","0","0","0","8","68B03","1","","1.0","","1","N","N","","0","","0","0","1","","0","N","","3","3","0","0","0","2","0","2","1","3","","","","N","","","","","","","","","",""
"2011108088","","1","0","0","0","0","0","0","0","0","0","0","","02","10","2011","2","40.462659","-79.849956","","11","0","0","0","0","0","0","0","0","","0","0","0","","","0","","0","","40 27:45.573","","0","79 50:59.843","0","0","0","0","2113","0","0","0","N","0","0","0","1","02113","0","","1.0","","1","N","N","","0","","0","0","0","","0","","","1","0","0","0","0","0","0","2","0","1","","","","N","","","","","","","","","",""
"2011109370","","1","0","0","0","0","0","0","0","0","7","0","","02","10","2011","5","40.411639","-80.011221","","11","0","0","0","0","0","0","0","0","2","0","0","0","","","1","","0","","40 24:41.902","1","0","80 00:40.394","4","0","0","0","2301","0","0","0","N","0","0","0","1","02301","1","","5.0","","9","N","N","","0","","0","0","0","","0","N","","1","1","0","0","0","0","0","2","0","1","","","","N","","","","","","","","","",""
"2011107887","","1","0","0","0","0","0","0","0","0","4","0","","02","10","2011","2","40.617365","-79.833768","","11","0","0","0","0","0","1","0","0","","0","0","0","","","0","","2","","40 37:02.513","","0","79 50:01.565","0","0","0","0","2220","0","0","0","N","0","0","0","2","02220","0","","1.0","","9","N","N","","1","","0","0","0","","3","","","2","0","0","0","0","0","0","2","0","2","","","","N","","","","","","","","","",""
"2011107888","","3","0","0","0","0","0","0","0","0","4","0","","02","10","2011","2","40.552116","-80.023354","","11","0","0","0","0","0","0","0","0","1","0","0","0","","","2","","1","","40 33:07.617","4","0","80 01:24.074","4","0","0","0","2116","0","0","0","N","0","0","0","6","02116","2","","1.0","","1","N","N","","0","","0","0","0","","2","N","","3","2","1","0","0","0","0","2","0","3","","","","N","","","","","","","","","",""
"2011109448","","1","0","0","0","0","0","0","0","0","7","0","","02","10","2011","5","40.491756","-80.035783","","11","0","0","0","0","0","0","0","0","","0","0","0","","","0","","0","","40 29:30.320","","0","80 02:08.820","0","0","0","0","2116","0","0","0","N","0","0","0","1","02116","0","","4.0","","9","N","N","","0","","0","0","0","","0","","","1","0","1","0","0","0","0","2","0","1","","","","N","","","","","","","","","",""
"2011108091","","2","0","0","0","0","0","0","0","0","7","0","","02","10","2011","1","40.60757","-79.842323","","11","0","0","0","0","0","0","0","0","1","0","0","0","","","0","","2","","40 36:27.252","3","0","79 50:32.362","0","0","0","0","2220","0","0","0","N","0","0","0","1","02220","0","","4.0","","9","N","N","","0","","0","0","0","","0","Y","","2","0","0","0","0","0","0","2","0","2","","","","N","","","","","","","","","",""
"2011101797","","2","0","0","0","0","0","0","0","0","4","0","","02","10","2011","7","40.429179","-79.921213","","11","0","0","0","0","0","0","0","0","","0","0","0","","","0","","1","","40 25:45.044","","0","79 55:16.366","0","0","0","0","2301","0","0","0","N","0","0","0","3","02301","0","","1.0","","1","N","N","","0","","0","0","0","","1","","","2","0","0","0","0","0","0","2","0","2","","","","N","","","","","","","","","",""
"2011107274","","1","0","0","0","0","0","0","0","0","4","0","","02","10","2011","2","40.432291","-79.865057","","11","0","0","0","0","0","1","0","0","","0","0","0","","","1","","2","","40 25:56.248","","7","79 51:54.205","4","0","0","0","2431","0","0","0","N","0","0","0","2","02431","1","","1.0","","1","N","N","","0","","0","0","1","","2","","","2","1","0","0","0","0","0","2","0","2","","","","N","","","","","","","","","",""
"2011109634","","2","0","0","0","0","0","0","0","0","1","0","","02","10","2011","5","40.453613","-79.915327","","11","0","0","0","0","0","1","0","0","","0","0","0","","","1","","1","","40 27:13.007","","0","79 54:55.178","8","0","0","0","2301","0","0","0","N","0","0","0","2","02301","0","","1.0","","1","N","N","","0","","0","0","0","","2","","","2","1","0","0","0","1","0","2","0","2","","","","N","","","","","","","","","",""
"2011108092","","0","0","0","0","0","0","0","0","0","1","0","","02","10","2011","2","40.484647","-79.929108","","11","0","0","0","0","0","1","0","0","","0","0","0","","","0","","0","","40 29:04.729","","0","79 55:44.788","0","0","0","0","2301","0","0","0","N","0","0","0","3","02301","0","","1.0","","1","N","N","","0","","0","0","2","","0","","","2","0","0","0","0","0","0","2","0","2","","","","N","","","","","","","","","",""
"2011101052","","0","0","0","0","0","0","1","0","0","1","1","","02","10","2011","4","40.577162","-79.979554","","11","0","1","0","0","0","0","0","0","2","0","0","0","","","0","","2","","40 34:37.783","4","0","79 58:46.394","0","0","0","0","2207","0","0","0","N","0","0","0","23","02207","0","","1.0","","1","Y","N","","1","","0","0","0","","0","N","","2","0","0","0","0","0","0","1","0","2","","","","N","","","","","","","","","",""
"2011108697","","2","0","0","0","0","0","0","0","0","4","0","","02","10","2011","4","40.389026","-80.042336","","11","0","0","0","0","1","0","1","0","2","0","0","0","","","0","","2","","40 23:20.493","1","0","80 02:32.411","0","0","0","0","2109","0","0","0","N","0","0","0","3","02109","0","","1.0","","9","N","N","","1","","0","0","0","","2","N","","3","0","1","0","0","0","0","2","0","3","","","","N","","","","","","","","","",""
"2011108093","","1","0","0","0","0","0","0","0","0","7","0","","02","10","2011","7","40.399064","-79.904238","","11","0","0","0","0","0","0","0","0","3","0","0","0","","","1","","2","","40 23:56.630","1","0","79 54:15.256","8","0","0","0","2448","0","0","0","N","0","0","0","1","02448","0","","5.0","","1","N","N","","0","","0","0","0","","0","N","","1","1","1","0","0","1","0","2","0","1","","","","N","","","","","","","","","",""
"2011101053","","0","0","0","0","0","0","0","0","0","6","0","","02","10","2011","4","40.579491","-79.793924","","11","0","0","0","0","0","1","0","0","","0","0","0","","","1","","0","","40 34:46.166","","0","79 47:38.127","4","0","0","1","2206","0","0","0","N","0","0","0","2","02206","1","","1.0","","1","N","N","","0","","0","0","1","","0","","","2","1","0","0","0","0","0","2","0","2","","","","N","","","","","","","","","",""
"2011101800","","1","0","0","0","0","0","0","0","0","7","0","","02","10","2011","7","40.419643","-79.927184","","11","0","0","0","0","0","0","0","0","","0","0","0","","","0","","1","","40 25:10.714","","0","79 55:37.862","0","0","0","0","2301","0","0","0","N","0","0","0","1","02301","0","","5.0","","1","N","N","","0","","0","0","0","","2","","","1","0","0","0","0","0","0","2","0","1","","","","N","","","","","","","","","",""
"2011107075","","2","0","0","0","0","0","0","0","0","4","0","","02","10","2011","6","40.430529","-79.79243","","11","0","1","0","0","0","0","0","0","1","0","0","0","","","1","","2","","40 25:49.904","2","0","79 47:32.748","4","0","0","0","2446","0","0","0","N","0","0","0","3","02446","1","","1.0","","9","N","N","","0","","0","0","0","","2","N","","2","1","0","0","0","0","0","2","0","2","","","","N","","","","","","","","","",""
"2011108633","","1","0","0","0","0","0","0","0","0","7","0","","02","10","2011","2","40.514124","-79.905555","","11","1","0","0","0","0","0","0","0","1","0","0","0","","","0","","0","","40 30:50.848","6","0","79 54:19.998","0","0","0","0","2432","0","0","0","N","0","0","0","2","02432","0","","5.0","","9","N","N","","0","","0","0","0","","0","N","","1","0","0","0","0","0","0","2","0","1","","","","N","","","","","","","","","",""
"2011109387","","1","0","0","0","0","0","0","0","0","6","0","","02","10","2011","4","40.462341","-79.943223","","11","0","0","0","0","0","2","0","0","","0","0","0","","","0","","1","","40 27:44.427","","0","79 56:35.602","0","0","0","0","2301","0","0","0","N","0","0","0","2","02301","0","","1.0","","1","N","N","","0","","0","0","1","","3","","","2","0","0","0","0","0","0","2","0","2","","","","N","","","","","","","","","",""
"2011107891","","2","0","0","0","0","0","0","0","0","4","0","","02","10","2011","2","40.463471","-79.930682","","11","0","0","0","0","0","1","0","0","2","0","0","0","","","0","","1","","40 27:48.495","2","0","79 55:50.455","0","0","0","0","2301","0","0","0","N","0","0","0","2","02301","0","","1.0","","9","N","N","","0","","0","0","0","","2","N","","2","0","0","0","0","0","0","2","0","2","","","","N","","","","","","","","","",""
"2011108095","","1","0","0","0","0","0","0","0","0","7","0","","02","10","2011","2","40.543428","-79.729142","","11","0","0","0","0","0","0","0","0","","0","0","0","","","0","","0","","40 32:36.340","","0","79 43:44.910","0","0","0","0","2466","0","0","0","N","0","0","0","1","02466","0","","5.0","","9","N","N","","0","","0","0","0","","0","","","1","0","0","0","0","0","0","1","0","1","","","","N","","","","","","","","","",""
"2011101054","","1","0","0","0","0","0","0","0","0","4","0","","02","9","2011","6","40.525967","-80.036956","","11","0","0","0","0","1","0","0","0","1","0","0","0","","","1","","0","","40 31:33.480","4","0","80 02:13.043","4","0","0","0","2474","0","0","0","N","0","0","0","2","02474","1","","1.0","","9","N","N","","0","","0","0","1","","0","Y","","2","1","2","0","0","0","0","2","0","2","","","","N","","","","","","","","","",""
"2011109452","","3","0","0","0","0","0","0","0","0","2","0","","02","10","2011","5","40.562991","-80.011169","","11","0","0","0","0","0","1","0","0","2","0","0","0","","","4","","0","","40 33:46.769","6","0","80 00:40.210","3","0","0","0","2108","0","0","0","N","0","0","0","4","02108","2","","1.0","","1","N","N","","0","","2","0","0","","0","Y","","3","4","0","0","0","0","0","2","0","3","","","","N","","","","","","","","","",""
"2011107956","","1","0","0","0","0","0","0","0","0","1","0","","02","10","2011","7","40.430672","-79.873419","","11","0","0","0","0","0","4","0","0","","0","0","0","","","0","","0","","40 25:50.420","","0","79 52:24.308","0","0","0","0","2411","0","0","0","N","0","0","0","8","68B03","0","","1.0","","1","N","N","","0","","0","0","4","","0","","","5","0","0","0","0","0","0","2","0","5","","","","N","","","","","","","","","",""
"2011107213","","1","0","0","0","0","0","0","0","0","1","0","","02","10","2011","5","40.45083","-79.908641","","11","0","0","0","0","0","2","0","0","","0","0","0","","","0","","0","","40 27:02.989","","0","79 54:31.109","0","0","0","0","2301","0","0","0","N","0","0","0","2","02301","0","","1.0","","9","N","N","","1","","0","0","0","","2","","","2","0","0","0","0","0","0","2","0","2","","","","N","","","","","","","","","",""
"2011107893","","2","0","0","0","0","0","0","0","0","1","0","","02","10","2011","2","40.477401","-79.747478","","11","0","0","0","0","0","0","0","0","","0","0","0","","","0","","0","","40 28:38.645","","7","79 44:50.919","0","0","0","0","2466","0","0","0","N","0","0","0","4","02466","0","","1.0","","9","N","N","","0","","0","0","0","","0","","","2","0","0","0","0","0","0","2","0","2","","","","N","","","","","","","","","",""
"2011108700","","1","0","0","0","0","0","0","0","0","1","0","","02","10","2011","4","40.450358","-79.986803","","11","0","0","0","0","0","1","0","0","","0","0","0","","","0","","2","","40 27:01.288","","0","79 59:12.490","0","0","0","0","2301","0","0","0","N","0","0","0","2","02301","0","","1.0","","1","N","N","","1","","0","0","0","","0","","","2","0","0","0","0","0","0","2","0","2","","","","N","","","","","","","","","",""
"2011109453","","2","0","0","0","0","0","0","0","0","6","0","","02","10","2011","2","40.581446","-80.055643","","11","0","0","0","0","0","0","0","1","","0","0","0","","","1","","0","","40 34:53.205","","7","80 03:20.313","8","0","0","0","2108","0","0","0","N","0","0","0","2","02108","0","","4.0","","9","N","N","","0","","0","0","0","","0","","","2","1","0","0","0","1","0","2","0","2","","","","N","","","","","","","","","",""
"2011107957","","0","0","0","0","0","0","0","0","0","1","0","","02","10","2011","3","40.430508","-80.026751","","11","0","0","0","0","0","0","0","0","","0","0","0","","","0","","0","","40 25:49.828","","0","80 01:36.303","0","0","0","0","2301","0","0","0","N","0","0","0","2","68B03","0","","1.0","","1","N","N","","1","","0","0","1","","0","","","2","0","0","0","0","0","0","2","0","2","","","","N","","","","","","","","","",""
"2011102506","","1","0","0","0","0","0","0","0","0","1","0","","02","10","2011","2","40.395755","-80.023949","","11","0","0","0","0","0","1","0","0","","0","0","0","","","0","","0","","40 23:44.719","","0","80 01:26.217","0","0","0","0","2301","0","0","0","N","0","0","0","2","02301","0","","1.0","","1","N","N","","0","","0","0","1","","0","","","2","0","0","0","0","0","0","2","0","2","","","","N","","","","","","","","","",""
"2011101056","","1","0","0","0","0","0","0","0","0","4","0","45","02","10","2011","3","40.436984","-80.2077","","11","0","0","1","0","0","0","0","0","3","0","0","0","","","1","","0","","40 26:13.143","4","0","80 12:27.719","8","0","0","0","2214","0","0","0","N","0","0","0","2","02214","0","","1.0","","1","N","N","","0","","0","0","1","","0","N","","2","1","0","0","0","1","0","2","0","2","","","N","Y","3","1","","","N","Y","","","",""
"2011107830","","0","0","0","0","0","0","0","0","0","1","0","","02","10","2011","1","40.353545","-80.063688","","11","0","0","0","0","0","0","0","1","2","0","0","0","","","1","","2","","40 21:12.763","6","0","80 03:49.275","3","0","0","1","2123","0","0","0","N","0","0","0","2","02123","0","","1.0","","1","N","N","","0","","1","0","1","","0","Y","","2","1","0","0","0","0","0","2","0","2","","","","N","","","","","","","","","",""
"2011109454","","0","0","0","0","0","0","0","0","0","4","0","","02","10","2011","2","40.558141","-80.023489","","11","0","0","0","0","0","0","0","0","2","0","0","0","","","0","","1","","40 33:29.308","5","0","80 01:24.560","0","0","0","0","2108","0","0","0","N","0","0","0","3","02108","0","","1.0","","9","N","N","","0","","0","0","2","","2","N","","2","0","0","0","0","0","0","2","0","2","","","","N","","","","","","","","","",""