"CRN","ARRIVAL_TM","AUTOMOBILE_COUNT","BELTED_DEATH_COUNT","BELTED_SUSP_SERIOUS_INJ_COUNT","BICYCLE_COUNT","BICYCLE_DEATH_COUNT","BICYCLE_SUSP_SERIOUS_INJ_COUNT","BUS_COUNT","CHLDPAS_DEATH_COUNT","CHLDPAS_SUSP_SERIOUS_INJ_COUNT","COLLISION_TYPE","COMM_VEH_COUNT","CONS_ZONE_SPD_LIM","COUNTY","CRASH_MONTH","CRASH_YEAR","DAY_OF_WEEK","DEC_LATITUDE","DEC_LONGITUDE","DISPATCH_TM","DISTRICT","DRIVER_COUNT_16YR","DRIVER_COUNT_17YR","DRIVER_COUNT_18YR","DRIVER_COUNT_19YR","DRIVER_COUNT_20YR","DRIVER_COUNT_50_64YR","DRIVER_COUNT_65_74YR","DRIVER_COUNT_75PLUS","EST_HRS_CLOSED","FATAL_COUNT","HEAVY_TRUCK_COUNT","HORSE_BUGGY_COUNT","HOUR_OF_DAY","ILLUMINATION","INJURY_COUNT","INTERSECTION_RELATED","INTERSECT_TYPE","LANE_CLOSED","LATITUDE","LN_CLOSE_DIR","LOCATION_TYPE","LONGITUDE","MAX_SEVERITY_LEVEL","MCYCLE_DEATH_COUNT","MCYCLE_SUSP_SERIOUS_INJ_COUNT","MOTORCYCLE_COUNT","MUNICIPALITY","NONMOTR_COUNT","NONMOTR_DEATH_COUNT","NONMOTR_SUSP_SERIOUS_INJ_COUNT","NTFY_HIWY_MAINT","PED_COUNT","PED_DEATH_COUNT","PED_SUSP_SERIOUS_INJ_COUNT","PERSON_COUNT","POLICE_AGCY","POSSIBLE_INJ_COUNT","RDWY_SURF_TYPE_CD","RELATION_TO_ROAD","ROADWAY_CLEARED","ROAD_CONDITION","SCH_BUS_IND","SCH_ZONE_IND","SECONDARY_CRASH","SMALL_TRUCK_COUNT","SPEC_JURIS_CD","SUSP_MINOR_INJ_COUNT","SUSP_SERIOUS_INJ_COUNT","SUV_COUNT","TCD_FUNC_CD","TCD_TYPE","TFC_DETOUR_IND","TIME_OF_DAY","TOTAL_UNITS","TOT_INJ_COUNT","UNBELTED_OCC_COUNT","UNB_DEATH_COUNT","UNB_SUSP_SERIOUS_INJ_COUNT","UNK_INJ_DEG_COUNT","UNK_INJ_PER_COUNT","URBAN_RURAL","VAN_COUNT","VEHICLE_COUNT","WEATHER1","WEATHER2","WORKERS_PRES","WORK_ZONE_IND","WORK_ZONE_LOC","WORK_ZONE_TYPE","WZ_CLOSE_DETOUR","WZ_FLAGGER","WZ_LAW_OFFCR_IND","WZ_LN_CLOSURE","WZ_MOVING","WZ_OTHER","WZ_SHLDER_MDN","WZ_WORKERS_INJ_KILLED"
"2011109014","","1","0","0","0","0","0","0","0","0","7","0","","02","10","2011","3","40.537331","-80.124104","","11","0","0","0","0","0","0","0","0","1","0","0","0","","","1","","0","","40 32:14.391","2","0","80 07:26.774","4","0","0","0","2460","0","0","0","N","0","0","0","1","68B03","1","","4.0","","1","N","N","","0","","0","0","0","","0","N","","1","1","0","0","0","0","0","1","0","1","","","","N","","","","","","","","","",""
"2011108273","","1","0","0","0","0","0","0","0","0","7","0","","02","10","2011","2","40.353006","-79.961876","","11","0","0","0","0","0","0","0","0","","0","0","0","","","0","","0","","40 21:10.823","","0","79 57:42.754","0","0","0","0","2403","0","0","0","N","0","0","0","3","02403","0","","4.0","","1","N","N","","0","","0","0","0","","0","","","1","0","1","0","0","0","0","2","0","1","","","","N","","","","","","","","","",""
"2011108358","","1","0","0","0","0","0","0","0","0","7","0","","02","10","2011","2","40.466942","-79.945927","","11","0","0","0","0","0","0","0","0","2","0","0","0","","","0","","0","","40 28:00.991","1","0","79 56:45.337","9","0","0","0","2301","0","0","0","N","0","0","0","1","02301","0","","5.0","","9","N","N","","0","","0","0","0","","0","N","","1","0","1","0","0","0","1","2","0","1","","","","N","","","","","","","","","",""
"2011109155","","1","0","0","0","0","0","0","0","0","1","0","","02","10","2011","1","40.541064","-79.944413","","11","0","0","0","0","0","1","0","0","","0","0","0","","","0","","0","","40 32:27.830","","0","79 56:39.886","0","0","0","0","2118","0","0","0","N","0","0","0","1","02118","0","","1.0","","1","N","N","","1","","0","0","0","","0","","","2","0","0","0","0","0","0","2","0","2","","","","N","","","","","","","","","",""
"2011108955","","0","0","0","0","0","0","0","0","0","99","0","","02","10","2011","1","40.508611","-80.249803","","11","0","0","0","0","0","0","0","0","","0","0","0","","","0","","0","","40 30:31.001","","0","80 14:59.291","0","0","0","0","2213","0","0","0","N","0","0","0","1","02213","0","","1.0","","1","N","N","","1","","0","0","0","","0","","","1","0","0","0","0","0","0","2","0","1","","","","N","","","","","","","","","",""
"2011109015","","1","0","0","0","0","0","0","0","0","1","1","","02","10","2011","3","40.44441","-80.009202","","11","0","0","0","1","0","2","0","0","1","0","1","0","","","3","","0","","40 26:39.877","1","3","80 00:33.128","8","0","0","0","2301","0","0","0","N","0","0","0","5","68B03","0","","1.0","","1","N","N","","0","","0","0","1","","0","N","","3","3","0","0","0","3","0","2","0","3","","","","N","","","","","","","","","",""
"2011106847","","2","0","0","0","0","0","0","0","0","5","0","","02","10","2011","5","40.455834","-79.992062","","11","0","0","0","0","0","1","0","0","1","0","0","0","","","0","","6","","40 27:21.004","1","2","79 59:31.422","0","0","0","0","2301","0","0","0","N","0","0","0","4","02301","0","","7.0","","9","N","N","","0","","0","0","0","","0","N","","2","0","0","0","0","0","0","2","0","2","","","","N","","","","","","","","","",""
"2011108956","","1","0","0","0","0","0","0","0","0","4","0","","02","10","2011","4","40.344437","-80.049726","","11","0","0","0","0","0","1","0","0","","0","0","0","","","0","","0","","40 20:39.973","","7","80 02:59.013","0","0","0","0","2407","0","0","0","N","0","0","0","5","02407","0","","1.0","","1","N","N","","1","","0","0","0","","0","","","2","0","0","0","0","0","0","2","0","2","","","","N","","","","","","","","","",""
"2011108275","","2","0","0","0","0","0","0","0","0","1","0","","02","10","2011","2","40.536051","-79.718131","","11","0","0","0","0","0","0","1","0","","0","0","0","","","1","","0","","40 32:09.784","","0","79 43:05.273","8","0","0","0","2466","0","0","0","N","0","0","0","3","02466","0","","1.0","","1","N","N","","0","","0","0","0","","0","","","2","1","0","0","0","1","0","1","0","2","","","","N","","","","","","","","","",""
"2011108276","","2","0","0","0","0","0","0","0","0","4","0","","02","10","2011","6","40.415452","-79.847938","","11","0","0","0","0","0","1","0","0","2","0","0","0","","","0","","0","","40 24:55.627","1","0","79 50:52.576","0","0","0","0","2431","0","0","0","N","0","0","0","3","02431","0","","1.0","","1","N","N","","0","","0","0","0","","0","N","","2","0","0","0","0","0","0","2","0","2","","","","N","","","","","","","","","",""
"2011108958","","1","0","0","0","0","0","0","0","0","0","0","","02","10","2011","4","40.437083","-80.039782","","11","0","0","0","0","0","0","0","0","3","0","0","0","","","1","","0","","40 26:13.497","2","0","80 02:23.216","4","0","0","0","2301","0","0","0","N","0","0","0","1","02301","1","","5.0","","1","N","N","","0","","0","0","0","","0","N","","1","1","0","0","0","0","0","2","0","1","","","","N","","","","","","","","","",""
"2011106851","","2","0","0","0","0","0","0","0","0","4","0","","02","10","2011","5","40.34837","-79.944808","","11","0","0","0","0","0","0","1","0","2","0","0","0","","","0","","1","","40 20:54.133","4","0","79 56:41.310","0","0","0","0","2473","0","0","0","N","0","0","0","2","02473","0","","1.0","","1","N","N","","0","","0","0","0","","2","N","","2","0","0","0","0","0","0","2","0","2","","","","N","","","","","","","","","",""
"2011106915","","1","0","0","0","0","0","0","0","0","4","0","","02","10","2011","5","40.600113","-80.077982","","11","0","0","0","0","0","2","0","0","2","0","0","0","","","0","","2","","40 36:00.406","4","0","80 04:40.735","0","0","0","0","2481","0","0","0","N","0","0","0","5","02481","0","","1.0","","9","N","N","","0","","0","0","2","","3","N","","3","0","0","0","0","0","0","2","0","3","","","","N","","","","","","","","","",""
"2011107386","","1","0","0","0","0","0","0","0","0","1","0","","02","10","2011","4","40.356687","-80.119731","","11","0","0","0","0","0","1","0","0","1","0","0","0","","","0","","0","","40 21:24.073","3","0","80 07:11.033","0","0","0","0","2119","0","0","0","N","0","0","0","2","02119","0","","1.0","","1","N","N","","0","","0","0","1","","2","N","","2","0","0","0","0","0","0","2","0","2","","","","N","","","","","","","","","",""
"2011107608","","0","0","0","0","0","0","0","0","0","7","0","","02","10","2011","1","40.428779","-79.973466","","11","0","0","0","0","0","0","0","0","1","0","0","0","","","0","","0","","40 25:43.603","5","3","79 58:24.476","9","0","0","0","2301","0","0","0","N","0","0","0","1","02301","0","","1.0","","1","N","N","","0","","0","0","1","","0","N","","1","0","0","0","0","0","1","2","0","1","","","","N","","","","","","","","","",""
"2011109161","","2","0","0","0","0","0","0","0","0","1","0","","02","10","2011","5","40.420338","-80.01095","","11","0","0","0","0","1","0","0","0","1","0","0","0","","","0","","0","","40 25:13.216","2","0","80 00:39.420","0","0","0","0","2301","0","0","0","N","0","0","0","1","02301","0","","1.0","","9","N","N","","0","","0","0","0","","0","N","","2","0","0","0","0","0","0","2","0","2","","","","N","","","","","","","","","",""
"2011108291","","3","0","0","0","0","0","0","0","0","2","0","","02","10","2011","2","40.378682","-79.852706","","11","0","0","0","0","0","1","0","0","","0","0","0","","","2","","0","","40 22:43.255","","99","79 51:09.741","3","0","0","0","2303","0","0","0","N","0","0","0","4","02303","0","","1.0","","9","N","N","","1","","2","0","0","","0","","","4","2","0","0","0","0","0","2","0","4","","","","N","","","","","","","","","",""
"2011106853","","1","0","0","0","0","0","0","0","0","4","0","","02","10","2011","5","40.463586","-79.952975","","11","0","0","0","0","0","1","0","0","","0","0","0","","","0","","1","","40 27:48.909","","3","79 57:10.710","0","0","0","1","2301","0","0","0","N","0","0","0","4","02301","0","","1.0","","9","N","N","","0","","0","0","0","","2","","","2","0","0","0","0","0","0","2","0","2","","","","N","","","","","","","","","",""
"2011108369","","1","0","0","0","0","0","0","0","0","4","0","","02","10","2011","2","40.620704","-80.05466","","11","0","0","0","0","0","0","0","0","1","0","0","0","","","0","","1","","40 37:14.534","2","0","80 03:16.775","0","0","0","0","2216","0","0","0","N","0","0","0","4","02505","0","","1.0","","1","N","N","","0","","0","0","1","","2","N","","2","0","0","0","0","0","0","1","0","2","","","","N","","","","","","","","","",""
"2011108292","","1","0","0","0","0","0","0","0","0","4","0","","02","10","2011","3","40.439532","-79.927746","","11","0","0","0","0","0","1","0","0","1","0","0","0","","","1","","1","","40 26:22.315","1","0","79 55:39.885","8","0","0","0","2301","0","0","0","N","0","0","0","2","02301","0","","1.0","","1","N","N","","0","","0","0","1","","3","Y","","2","1","0","0","0","1","0","2","0","2","","","","N","","","","","","","","","",""
"2011106918","","2","0","0","0","0","0","0","0","0","4","0","","02","10","2011","5","40.396931","-79.819651","","11","0","0","0","0","0","0","0","0","","0","0","0","","","3","","1","","40 23:48.951","","0","79 49:10.742","3","0","0","0","2111","0","0","0","N","0","0","0","3","02111","2","","1.0","","9","N","N","","0","","1","0","0","","3","","","2","3","0","0","0","0","0","2","0","2","","","","N","","","","","","","","","",""
"2011106931","","1","0","0","0","0","0","0","0","0","4","0","","02","10","2011","5","40.454014","-79.952635","","11","0","0","0","0","0","0","0","1","","0","0","0","","","0","","1","","40 27:14.452","","0","79 57:09.486","0","0","0","0","2301","0","0","0","N","0","0","0","2","02301","0","","1.0","","9","N","N","","1","","0","0","0","","3","","","2","0","0","0","0","0","0","2","0","2","","","","N","","","","","","","","","",""
"2011107467","","1","0","0","0","0","0","0","0","0","1","0","","02","10","2011","7","40.539554","-79.962682","","11","0","0","0","0","0","1","0","0","","0","0","0","","","2","","0","","40 32:22.393","","7","79 57:45.654","4","0","0","0","2118","0","0","0","N","0","0","0","5","02118","2","","1.0","","1","N","N","","0","","0","0","2","","0","","","3","2","0","0","0","0","0","2","0","3","","","","N","","","","","","","","","",""
"2011107536","","2","0","0","0","0","0","0","0","0","4","0","","02","10","2011","7","40.5935","-79.947826","","11","0","0","0","0","0","0","0","0","","0","0","0","","","0","","0","","40 35:36.599","","7","79 56:52.175","0","0","0","0","2207","0","0","0","N","0","0","0","3","02207","0","","1.0","","1","N","N","","0","","0","0","0","","0","","","2","0","0","0","0","0","0","2","0","2","","","","N","","","","","","","","","",""
"2011108281","","0","0","0","0","0","0","0","0","0","4","0","","02","10","2011","3","40.321117","-79.942255","","11","0","0","0","0","0","1","0","0","","0","0","0","","","0","","1","","40 19:16.022","","0","79 56:32.119","9","0","0","0","2454","0","0","0","N","0","0","0","3","02454","0","","1.0","","1","N","N","","0","","0","0","1","","2","","","2","0","0","0","0","0","1","2","1","2","","","","N","","","","","","","","","",""
"2011106932","","4","0","0","0","0","0","0","0","0","1","0","","02","10","2011","6","40.331241","-79.945578","","11","0","0","0","0","0","1","0","0","2","0","0","0","","","1","","0","","40 19:52.469","1","0","79 56:44.079","8","0","0","0","2454","0","0","0","N","0","0","0","5","02454","0","","1.0","","9","N","N","","0","","0","0","0","","0","N","","4","1","0","0","0","1","1","2","0","4","","","","N","","","","","","","","","",""
"2011107537","","0","0","0","0","0","0","0","0","0","0","0","","02","10","2011","1","40.527129","-79.816606","","11","0","0","0","0","0","1","0","0","","0","0","0","","","0","","2","","40 31:37.663","","0","79 48:59.780","0","0","0","0","2466","0","0","0","N","0","0","0","6","02466","0","","1.0","","1","N","N","","0","","0","0","1","","2","","","1","0","0","0","0","0","0","2","0","1","","","","N","","","","","","","","","",""
"2011107391","","1","0","0","0","0","0","0","0","0","7","0","","02","10","2011","1","40.390642","-80.049627","","11","0","0","0","0","0","0","0","0","1","0","0","0","","","0","","0","","40 23:26.311","4","0","80 02:58.657","0","0","0","0","2109","0","0","0","N","0","0","0","2","02109","0","","5.0","","1","N","N","","0","","0","0","0","","0","N","","1","0","0","0","0","0","0","2","0","1","","","","N","","","","","","","","","",""
"2011107469","","1","0","0","0","0","0","0","0","0","1","0","","02","10","2011","1","40.37871","-79.910681","","11","0","0","0","0","0","2","0","0","2","0","0","0","","","1","","2","","40 22:43.356","5","0","79 54:38.451","8","0","0","0","2301","0","0","0","N","0","0","0","2","02301","0","","1.0","","1","N","N","","0","","0","0","0","","0","Y","","2","1","0","0","0","1","0","2","1","2","","","","N","","","","","","","","","",""
"2011107538","","0","0","0","0","0","0","0","0","0","1","0","","02","10","2011","6","40.374633","-79.795869","","11","0","0","0","0","0","1","0","0","1","0","0","0","","","0","","0","","40 22:28.677","4","0","79 47:45.129","0","0","0","0","2111","0","0","0","N","0","0","0","2","02111","0","","1.0","","1","N","N","","1","","0","0","1","","0","N","","2","0","0","0","0","0","0","2","0","2","","","","N","","","","","","","","","",""
"2011108374","","1","0","0","0","0","0","0","0","0","1","1","","02","10","2011","3","40.275839","-79.891791","","11","0","0","0","0","0","2","0","0","2","0","1","0","","","1","","6","","40 16:33.020","2","2","79 53:30.448","3","0","0","0","2471","0","0","0","N","0","0","0","2","02428","0","","7.0","","1","N","N","","0","","1","0","0","","4","N","","2","1","0","0","0","0","0","2","0","2","","","","N","","","","","","","","","",""
"2011108450","","5","0","0","0","0","0","0","0","0","1","0","45","02","10","2011","3","40.649725","-80.094919","","11","0","0","0","0","0","2","0","0","1","0","0","0","","","1","","0","","40 38:59.009","2","3","80 05:41.707","4","0","0","0","2212","0","0","0","N","0","0","0","7","68B03","1","","1.0","","1","N","N","","0","","0","0","1","","8","N","","6","1","0","0","0","0","0","2","0","6","","","Y","Y","4","1","N","N","Y","Y","N","N","Y",""
"2011107616","","1","0","0","0","0","0","0","0","0","7","0","","02","10","2011","1","40.326829","-80.076883","","11","0","0","0","0","0","0","0","0","","0","0","0","","","0","","2","","40 19:36.583","","0","80 04:36.780","0","0","0","0","2123","0","0","0","Y","0","0","0","1","02123","0","","5.0","","1","N","N","","0","","0","0","0","","0","","","1","0","0","0","0","0","0","2","0","1","","","","N","","","","","","","","","",""
"2011107471","","1","0","0","0","0","0","0","0","0","4","0","","02","10","2011","2","40.393109","-79.805088","","11","0","0","0","0","0","1","1","0","2","0","0","0","","","1","","2","","40 23:35.192","5","3","79 48:18.316","8","0","0","0","2479","0","0","0","N","0","0","0","2","02111","0","","1.0","","1","N","N","","0","","0","0","1","","2","N","","2","1","0","0","0","1","0","2","0","2","","","","N","","","","","","","","","",""
"2011108298","","0","0","0","0","0","0","0","0","0","7","0","","02","10","2011","3","40.465617","-79.879361","","11","0","0","0","0","0","0","0","0","","0","0","0","","","0","","0","","40 27:56.220","","0","79 52:45.700","9","0","0","0","2113","0","0","0","N","0","0","0","1","02113","0","","5.0","","9","N","N","","1","","0","0","0","","0","","","1","0","0","0","0","0","1","2","0","1","","","","N","","","","","","","","","",""
"2011106859","","1","0","0","0","0","0","0","0","0","4","0","","02","10","2011","5","40.6019","-80.071985","","11","0","0","0","0","0","0","0","0","","0","0","0","","","0","","1","","40 36:06.840","","0","80 04:19.145","0","0","0","0","2481","0","0","0","N","0","0","0","3","02481","0","","1.0","","9","N","N","","0","","0","0","1","","3","","","2","0","0","0","0","0","0","2","0","2","","","","N","","","","","","","","","",""
"2011107617","","1","0","0","0","0","0","0","0","0","7","0","","02","10","2011","1","40.322019","-79.891933","","11","0","0","0","0","0","0","0","0","2","0","0","0","","","0","","0","","40 19:19.268","1","0","79 53:30.958","0","0","0","0","2433","0","0","0","N","0","0","0","1","02433","0","","5.0","","1","N","N","","0","","0","0","0","","0","Y","","1","0","0","0","0","0","0","2","0","1","","","","N","","","","","","","","","",""
"2011106722","","1","0","0","0","0","0","0","0","0","7","0","","02","10","2011","4","40.4292","-79.88746","","11","0","0","0","0","0","0","0","0","","0","0","0","","","0","","0","","40 25:45.119","","0","79 53:14.855","0","0","0","0","2426","0","0","0","N","0","0","0","1","68B03","0","","3.0","","9","N","N","","0","","0","0","0","","0","","","1","0","0","0","0","0","0","2","0","1","","","","N","","","","","","","","","",""
"2011106924","","0","0","0","0","0","0","0","0","0","1","1","","02","10","2011","6","40.433991","-79.753167","","11","0","0","0","0","0","0","0","0","","0","1","0","","","2","","1","","40 26:02.366","","0","79 45:11.401","3","0","0","0","2446","0","0","0","N","0","0","0","3","02446","0","","1.0","","9","N","N","","0","","2","0","2","","2","","","3","2","0","0","0","0","0","2","0","3","","","","N","","","","","","","","","",""
"2011106723","","0","0","0","0","0","0","0","0","0","0","0","","02","10","2011","2","40.429705","-79.885427","","11","0","0","0","0","0","0","0","0","","0","0","0","","","1","","0","","40 25:46.939","","0","79 53:07.536","4","0","0","0","2426","0","0","0","N","0","0","0","1","68B03","1","","1.0","","1","N","N","","0","","0","0","1","","0","","","1","1","0","0","0","0","0","2","0","1","","","","N","","","","","","","","","",""
"2011108380","","2","0","0","0","0","0","0","0","0","4","0","","02","10","2011","3","40.456456","-79.896616","","11","0","0","0","0","0","0","0","0","","0","0","0","","","3","","1","","40 27:23.241","","0","79 53:47.817","8","0","0","0","2301","0","0","0","N","0","0","0","7","02301","0","","1.0","","1","N","N","","0","","0","0","0","","2","","","2","3","0","0","0","3","0","2","0","2","","","","N","","","","","","","","","",""
"2011108392","","0","0","0","0","0","0","0","0","0","5","0","","02","10","2011","3","40.457069","-80.029356","","11","0","0","0","0","0","1","0","0","","0","0","0","","","0","","2","","40 27:25.447","","0","80 01:45.683","9","0","0","0","2301","0","0","0","N","0","0","0","3","02301","0","","1.0","","1","N","N","","0","","0","0","2","","0","","","2","0","0","0","0","0","1","2","0","2","","","","N","","","","","","","","","",""
"2011106942","","0","0","0","0","0","0","0","0","0","1","0","","02","10","2011","6","40.403274","-79.831866","","11","0","0","0","0","0","2","0","0","1","0","0","0","","","1","","2","","40 24:11.788","4","0","79 49:54.716","8","0","0","0","2467","0","0","0","N","0","0","0","3","02467","0","","1.0","","9","N","N","","1","","0","0","1","","5","N","","2","1","0","0","0","1","0","2","0","2","","","","N","","","","","","","","","",""
"2011107556","","1","0","0","0","0","0","0","0","0","7","0","","02","10","2011","5","40.40994","-79.724326","","11","0","0","0","0","0","0","0","0","1","0","0","0","","","0","","0","","40 24:35.784","3","0","79 43:27.574","0","0","0","0","2446","0","0","0","N","0","0","0","1","68T09","0","","2.0","","9","N","N","","0","","0","0","0","","0","N","","1","0","0","0","0","0","0","2","0","1","","","","N","","","","","","","","","",""
"2011107622","","1","0","0","0","0","0","0","0","0","4","0","","02","10","2011","7","40.45548","-80.001295","","11","0","0","0","0","0","0","0","0","2","0","0","0","","","0","","2","","40 27:19.728","5","0","80 00:04.662","0","0","0","0","2301","0","0","0","N","0","0","0","0","02301","0","","4.0","","1","N","N","","0","","0","0","2","","0","Y","","3","0","0","0","0","0","0","2","0","3","","","","N","","","","","","","","","",""
"2011109173","","1","0","0","0","0","0","0","0","0","1","0","","02","10","2011","5","40.422455","-79.939812","","11","0","0","0","0","0","0","0","0","","0","0","0","","","0","","0","","40 25:20.838","","0","79 56:23.323","0","0","0","0","2301","0","0","0","N","0","0","0","1","02301","0","","4.0","","1","N","N","","0","","0","0","1","","0","","","2","0","1","0","0","0","0","2","0","2","","","","N","","","","","","","","","",""
"2011108393","","1","0","0","0","0","0","0","0","0","4","0","","02","10","2011","2","40.385871","-79.967129","","11","0","0","0","0","0","0","0","1","","0","0","0","","","1","","1","","40 23:09.136","","0","79 58:01.665","4","0","0","0","2403","0","0","0","N","0","0","0","4","02403","1","","1.0","","1","N","N","","0","","0","0","1","","3","","","2","1","0","0","0","0","0","2","0","2","","","","N","","","","","","","","","",""
"2011107477","","1","0","0","0","0","0","0","0","0","7","0","","02","10","2011","6","40.534131","-80.022473","","11","0","0","0","0","0","1","0","0","","0","0","0","","","1","","2","","40 32:02.871","","0","80 01:20.902","8","0","0","0","2116","0","0","0","N","0","0","0","1","02116","0","","4.0","","1","N","N","","0","","0","0","0","","3","","","1","1","1","0","0","1","0","2","0","1","","","","N","","","","","","","","","",""
"2011107478","","2","0","0","0","0","0","0","0","0","4","0","","02","10","2011","1","40.452219","-79.950882","","11","0","0","0","0","0","1","0","0","1","0","0","0","","","2","","1","","40 27:07.988","4","0","79 57:03.175","8","0","0","0","2301","0","0","0","N","0","0","0","2","02301","0","","1.0","","1","N","N","","0","","0","0","0","","2","N","","2","2","1","0","0","2","0","2","0","2","","","","N","","","","","","","","","",""
"2011109106","","1","0","0","0","0","0","0","0","0","4","0","","02","10","2011","4","40.457522","-79.93649","","11","0","0","0","0","0","1","0","0","","0","0","0","","","1","","0","","40 27:27.080","","7","79 56:11.365","4","0","0","0","2301","0","0","0","N","0","0","0","4","02301","1","","1.0","","9","N","N","","0","","0","0","1","","0","","","2","1","0","0","0","0","0","2","0","2","","","","N","","","","","","","","","",""
"2011108383","","1","0","0","0","0","0","0","0","0","7","0","","02","10","2011","6","40.461049","-79.866368","","11","0","0","0","0","0","0","0","0","1","0","0","0","","","1","","0","","40 27:39.777","4","0","79 51:58.924","4","0","0","0","2113","0","0","0","N","0","0","0","1","02113","1","","5.0","","1","N","N","","0","","0","0","0","","0","N","","1","1","1","0","0","0","0","2","0","1","","","","N","","","","","","","","","",""
"2011106930","","0","0","0","0","0","0","0","0","0","7","0","","02","10","2011","6","40.661026","-80.000326","","11","0","0","0","0","0","1","0","0","","0","0","0","","","0","","0","","40 39:39.692","","0","80 00:01.174","0","0","0","0","2217","0","0","0","N","0","0","0","1","02505","0","","5.0","","9","N","N","","0","","0","0","0","","0","","","1","0","0","0","0","0","0","1","1","1","","","","N","","","","","","","","","",""
"2011108395","","2","0","0","0","0","0","0","0","0","4","0","","02","10","2011","1","40.562904","-80.041248","","11","0","0","0","0","0","0","1","1","1","0","0","0","","","1","","2","","40 33:46.454","1","0","80 02:28.492","4","0","0","0","2108","0","0","0","N","0","0","0","2","02108","1","","1.0","","1","N","N","","0","","0","0","0","","3","Y","","2","1","0","0","0","0","0","2","0","2","","","","N","","","","","","","","","",""
"2011109566","","1","0","0","0","0","0","0","0","0","4","0","","02","10","2011","5","40.429483","-79.984172","","11","0","0","0","0","0","1","0","0","1","0","0","0","","","0","","1","","40 25:46.138","3","0","79 59:03.019","0","0","0","0","2301","0","0","0","N","0","0","0","3","02301","0","","1.0","","9","N","N","","1","","0","0","1","","3","Y","","3","0","0","0","0","0","0","2","0","3","","","","N","","","","","","","","","",""
"2011107495","","2","0","0","0","0","0","0","0","0","4","0","","02","10","2011","1","40.450073","-79.900703","","11","0","0","0","0","0","0","0","0","","0","0","0","","","0","","1","","40 27:00.262","","0","79 54:02.530","0","0","0","0","2301","0","0","0","N","0","0","0","2","02301","0","","1.0","","1","N","N","","0","","0","0","0","","3","","","2","0","0","0","0","0","0","2","0","2","","","","N","","","","","","","","","",""
"2011108305","","2","0","0","0","0","0","0","0","0","2","0","","02","10","2011","6","40.428655","-79.97909","","11","0","0","0","0","0","0","0","0","","0","0","0","","","0","","1","","40 25:43.159","","0","79 58:44.725","0","0","0","0","2301","0","0","0","N","0","0","0","3","02301","0","","1.0","","1","N","N","","0","","0","0","0","","3","","","2","0","0","0","0","0","0","2","0","2","","","","N","","","","","","","","","",""
"2011107625","","0","0","0","0","0","0","0","0","0","7","0","","02","10","2011","7","40.453233","-79.906897","","11","0","0","0","0","0","0","0","0","","0","0","0","","","0","","1","","40 27:11.640","","0","79 54:24.828","0","0","0","0","2301","0","0","0","N","0","0","0","1","02301","0","","4.0","","1","N","N","","0","","0","0","1","","2","","","1","0","1","0","0","0","0","2","0","1","","","","N","","","","","","","","","",""
"2011107639","","0","0","0","0","0","0","0","0","0","8","0","","02","10","2011","4","40.427754","-79.96951","","11","0","0","0","0","0","0","0","0","3","1","0","0","","","0","","0","","40 25:39.915","6","0","79 58:10.235","1","0","0","0","2301","1","1","0","N","1","1","0","2","02301","0","2","1.0","","1","N","N","","0","0","0","0","1","","0","Y","","2","0","0","0","0","0","0","2","0","1","","","","N","","","","","","","","","",""
"2011108396","","0","0","0","0","0","0","0","0","0","4","0","","02","10","2011","6","40.582227","-80.062891","","11","0","0","0","0","0","0","0","0","","0","0","0","","","0","","1","","40 34:56.017","","0","80 03:46.409","0","0","0","0","2108","0","0","0","N","0","0","0","2","02108","0","","1.0","","9","N","N","","0","","0","0","2","","3","","","2","0","0","0","0","0","0","2","0","2","","","","N","","","","","","","","","",""
"2011109108","","1","0","0","0","0","0","0","0","0","8","0","","02","10","2011","4","40.410097","-79.990478","","11","0","0","0","0","0","0","0","0","1","0","0","0","","","1","","0","","40 24:36.350","2","0","79 59:25.720","8","0","0","0","2301","1","0","0","N","1","0","0","3","02301","0","","1.0","","9","N","N","","0","","0","0","0","","0","N","","2","1","0","0","0","1","0","2","0","1","","","","N","","","","","","","","","",""
"2011107626","","3","0","0","0","0","0","0","0","0","7","0","","02","10","2011","1","40.477328","-79.95404","","11","0","0","0","0","1","0","0","0","3","0","0","0","","","2","","2","","40 28:38.380","7","0","79 57:14.544","2","0","0","0","2301","0","0","0","N","0","0","0","2","02301","1","","5.0","","1","N","N","","0","","0","1","0","","0","Y","","3","2","1","0","1","0","0","2","0","3","","","","N","","","","","","","","","",""
"2011108397","","2","0","0","0","0","0","0","0","0","1","0","","02","10","2011","3","40.347501","-80.026953","","11","0","0","0","0","0","0","0","1","","0","0","0","","","1","","0","","40 20:51.003","","0","80 01:37.029","4","0","0","0","2407","0","0","0","N","0","0","0","3","02407","1","","1.0","","1","N","N","","0","","0","0","0","","0","","","2","1","0","0","0","0","1","2","0","2","","","","N","","","","","","","","","",""
"2011108307","","1","0","0","0","0","0","0","0","0","1","0","","02","10","2011","3","40.489143","-79.933365","","11","0","0","0","0","0","0","0","0","1","0","0","0","","","0","","2","","40 29:20.915","3","0","79 56:00.113","0","0","0","0","2301","0","0","0","N","0","0","0","4","02301","0","","1.0","","1","N","N","","0","","0","0","1","","2","N","","2","0","0","0","0","0","0","2","0","2","","","","N","","","","","","","","","",""