"CRN","ARRIVAL_TM","AUTOMOBILE_COUNT","BELTED_DEATH_COUNT","BELTED_SUSP_SERIOUS_INJ_COUNT","BICYCLE_COUNT","BICYCLE_DEATH_COUNT","BICYCLE_SUSP_SERIOUS_INJ_COUNT","BUS_COUNT","CHLDPAS_DEATH_COUNT","CHLDPAS_SUSP_SERIOUS_INJ_COUNT","COLLISION_TYPE","COMM_VEH_COUNT","CONS_ZONE_SPD_LIM","COUNTY","CRASH_MONTH","CRASH_YEAR","DAY_OF_WEEK","DEC_LATITUDE","DEC_LONGITUDE","DISPATCH_TM","DISTRICT","DRIVER_COUNT_16YR","DRIVER_COUNT_17YR","DRIVER_COUNT_18YR","DRIVER_COUNT_19YR","DRIVER_COUNT_20YR","DRIVER_COUNT_50_64YR","DRIVER_COUNT_65_74YR","DRIVER_COUNT_75PLUS","EST_HRS_CLOSED","FATAL_COUNT","HEAVY_TRUCK_COUNT","HORSE_BUGGY_COUNT","HOUR_OF_DAY","ILLUMINATION","INJURY_COUNT","INTERSECTION_RELATED","INTERSECT_TYPE","LANE_CLOSED","LATITUDE","LN_CLOSE_DIR","LOCATION_TYPE","LONGITUDE","MAX_SEVERITY_LEVEL","MCYCLE_DEATH_COUNT","MCYCLE_SUSP_SERIOUS_INJ_COUNT","MOTORCYCLE_COUNT","MUNICIPALITY","NONMOTR_COUNT","NONMOTR_DEATH_COUNT","NONMOTR_SUSP_SERIOUS_INJ_COUNT","NTFY_HIWY_MAINT","PED_COUNT","PED_DEATH_COUNT","PED_SUSP_SERIOUS_INJ_COUNT","PERSON_COUNT","POLICE_AGCY","POSSIBLE_INJ_COUNT","RDWY_SURF_TYPE_CD","RELATION_TO_ROAD","ROADWAY_CLEARED","ROAD_CONDITION","SCH_BUS_IND","SCH_ZONE_IND","SECONDARY_CRASH","SMALL_TRUCK_COUNT","SPEC_JURIS_CD","SUSP_MINOR_INJ_COUNT","SUSP_SERIOUS_INJ_COUNT","SUV_COUNT","TCD_FUNC_CD","TCD_TYPE","TFC_DETOUR_IND","TIME_OF_DAY","TOTAL_UNITS","TOT_INJ_COUNT","UNBELTED_OCC_COUNT","UNB_DEATH_COUNT","UNB_SUSP_SERIOUS_INJ_COUNT","UNK_INJ_DEG_COUNT","UNK_INJ_PER_COUNT","URBAN_RURAL","VAN_COUNT","VEHICLE_COUNT","WEATHER1","WEATHER2","WORKERS_PRES","WORK_ZONE_IND","WORK_ZONE_LOC","WORK_ZONE_TYPE","WZ_CLOSE_DETOUR","WZ_FLAGGER","WZ_LAW_OFFCR_IND","WZ_LN_CLOSURE","WZ_MOVING","WZ_OTHER","WZ_SHLDER_MDN","WZ_WORKERS_INJ_KILLED"
"2011107005","","1","0","0","0","0","0","0","0","0","1","0","","02","10","2011","3","40.439808","-80.152447","","11","0","0","0","0","1","0","0","0","","0","0","0","","","0","","2","","40 26:23.308","","7","80 09:08.810","0","0","0","0","2115","0","0","0","N","0","0","0","2","02115","0","","1.0","","1","N","N","","1","","0","0","0","3","2","","","2","0","0","0","0","0","0","2","0","2","","","","N","","","","","","","","","",""
"2011106392","","1","0","0","0","0","0","0","0","0","1","0","","02","10","2011","4","40.417705","-79.848759","","11","0","0","0","0","0","1","1","0","","0","0","0","","","0","","5","","40 25:03.738","","0","79 50:55.534","0","0","0","0","2431","0","0","0","N","0","0","0","2","02431","0","","1.0","","9","N","N","","0","","0","0","1","3","2","","","2","0","1","0","0","0","0","2","0","2","","","","N","","","","","","","","","",""
"2011105038","","0","0","0","0","0","0","0","0","0","4","0","","02","10","2011","6","40.486405","-79.927272","","11","0","0","0","0","0","0","0","0","","0","0","0","","","0","","1","","40 29:11.058","","0","79 55:38.179","0","0","0","0","2301","0","0","0","N","0","0","0","1","02301","0","","1.0","","1","N","N","","0","","0","0","1","3","1","","","2","0","0","0","0","0","0","2","0","1","","","","N","","","","","","","","","",""
"2011107006","","1","0","0","0","0","0","0","0","0","4","0","","02","10","2011","4","40.448948","-80.162828","","11","0","0","0","0","1","0","1","0","","0","0","0","","","0","","1","","40 26:56.213","","0","80 09:46.179","0","0","0","0","2115","0","0","0","N","0","0","0","2","02115","0","","1.0","","9","N","N","","1","","0","0","0","0","0","","","2","0","0","0","0","0","0","2","0","2","","","","N","","","","","","","","","",""
"2011104912","","1","0","0","0","0","0","0","0","0","7","0","","02","10","2011","1","40.435958","-79.974451","","11","0","0","0","0","0","0","0","0","","0","0","0","","","0","","0","","40 26:09.449","","0","79 58:28.024","0","0","0","0","2301","0","0","0","N","0","0","0","1","68B03","0","","2.0","","1","N","N","","0","","0","0","0","0","0","","","1","0","1","0","0","0","0","2","0","1","","","","N","","","","","","","","","",""
"2011104975","","0","0","0","0","0","0","0","0","0","7","0","","02","10","2011","6","40.446406","-79.881171","","11","0","0","0","0","0","0","0","0","3","0","0","0","","","1","","0","","40 26:47.062","6","0","79 52:52.216","8","0","0","0","2118","0","0","0","N","0","0","0","1","02118","0","","2.0","","1","N","N","","0","","0","0","1","0","0","Y","","1","1","1","0","0","1","0","2","0","1","","","","N","","","","","","","","","",""
"2011104136","","2","0","0","0","0","0","0","0","0","1","0","","02","10","2011","6","40.484955","-79.81761","","11","0","0","0","1","0","0","0","0","","0","0","0","","","1","","0","","40 29:05.839","","0","79 49:03.397","4","0","0","0","2113","0","0","0","N","0","0","0","2","02113","1","","1.0","","9","N","N","","0","","0","0","0","3","2","","","2","1","0","0","0","0","0","2","0","2","","","","N","","","","","","","","","",""
"2011104913","","1","0","0","0","0","0","0","0","0","5","0","","02","10","2011","4","40.442727","-79.786117","","11","0","0","0","0","0","1","0","0","3","0","0","0","","","1","","0","","40 26:33.816","4","0","79 47:10.022","4","0","0","0","2446","0","0","0","N","0","0","0","2","68B03","1","","1.0","","8","N","N","","0","","0","0","0","0","0","Y","","2","1","0","0","0","0","1","2","0","2","","","","N","","","","","","","","","",""
"2011107069","","1","0","0","0","0","0","0","0","0","7","0","","02","10","2011","6","40.635962","-80.011742","","11","0","0","0","0","0","1","0","0","","0","0","0","","","1","","1","","40 38:09.463","","0","80 00:42.271","4","0","0","0","2216","0","0","0","N","0","0","0","1","02505","1","","5.0","","9","N","N","","0","","0","0","0","3","3","","","1","1","0","0","0","0","0","2","0","1","","","","N","","","","","","","","","",""
"2011104837","","2","0","0","0","0","0","0","0","0","5","0","","02","10","2011","1","40.454909","-79.978412","","11","0","0","0","0","0","0","0","0","2","0","0","0","","","0","","1","","40 27:17.672","6","0","79 58:42.283","0","0","0","0","2301","0","0","0","N","0","0","0","1","02301","0","","2.0","","1","N","N","","0","","0","0","1","0","0","N","","3","0","0","0","0","0","0","2","0","3","","","","N","","","","","","","","","",""
"2011109316","","2","0","0","0","0","0","0","0","0","1","0","35","02","10","2011","6","40.507167","-80.006503","","11","0","0","0","0","0","0","0","1","","0","0","0","","","1","","0","","40 30:25.801","","0","80 00:23.412","8","0","0","0","2116","0","0","0","N","0","0","0","2","02116","0","","1.0","","1","N","N","","0","","0","0","0","0","0","","","2","1","0","0","0","1","0","2","0","2","","","Y","Y","5","1","","","N","Y","","","",""
"2011104916","","1","0","0","0","0","0","0","0","0","99","0","","02","10","2011","7","40.540996","-79.840412","","11","0","0","0","0","0","0","0","0","","0","0","0","","","0","","0","","40 32:27.586","","0","79 50:25.482","0","0","0","0","2208","0","0","0","N","0","0","0","1","68D02","0","","1.0","","1","N","N","","0","","0","0","0","0","0","","","1","0","0","0","0","0","0","2","0","1","","","","N","","","","","","","","","",""
"2011105056","","2","0","0","0","0","0","0","0","0","4","0","","02","10","2011","2","40.435631","-79.982904","","11","0","0","0","0","0","1","0","0","1","0","0","0","","","0","","2","","40 26:08.273","4","0","79 58:58.454","0","0","0","0","2301","0","0","0","N","0","0","0","3","02301","0","","1.0","","1","N","N","","0","","0","0","0","3","3","N","","2","0","0","0","0","0","0","2","0","2","","","","N","","","","","","","","","",""
"2011108523","","0","0","0","0","0","0","0","0","0","7","0","","02","10","2011","2","40.418049","-79.966892","","11","0","0","0","0","0","0","0","0","","0","0","0","","","0","","2","","40 25:04.976","","0","79 58:00.811","0","0","0","0","2301","0","0","0","N","0","0","0","1","02301","0","","5.0","","1","N","N","","0","","0","0","1","0","0","","","2","0","0","0","0","0","0","2","0","1","","","","N","","","","","","","","","",""
"2011109317","","1","0","0","0","0","0","0","0","0","8","0","","02","10","2011","4","40.392951","-79.997312","","11","0","0","0","0","0","0","1","0","","0","0","0","","","1","","2","","40 23:34.624","","0","79 59:50.324","8","0","0","0","2301","1","0","0","N","1","0","0","3","02301","0","","1.0","","1","N","N","","0","","0","0","0","3","2","","","2","1","0","0","0","1","0","2","0","1","","","","N","","","","","","","","","",""
"2011104140","","1","0","0","0","0","0","0","0","0","1","0","","02","10","2011","5","40.467341","-79.767374","","11","0","0","0","0","0","1","0","0","","0","0","0","","","2","","0","","40 28:02.426","","3","79 46:02.545","4","0","0","0","2466","0","0","0","N","0","0","0","3","02466","2","","1.0","","3","N","N","","0","","0","0","1","0","0","","","2","2","0","0","0","0","0","2","0","2","","","","N","","","","","","","","","",""
"2011104154","","1","0","0","0","0","0","0","0","0","7","0","","02","10","2011","5","40.408463","-79.895204","","11","0","0","0","0","0","0","0","0","","0","0","0","","","1","","0","","40 24:30.468","","0","79 53:42.734","8","0","0","0","2448","0","0","0","N","0","0","0","2","02448","0","","5.0","","1","N","N","","0","","0","0","0","0","0","","","1","1","0","0","0","1","0","2","0","1","","","","N","","","","","","","","","",""
"2011104980","","2","0","0","0","0","0","0","0","0","1","0","","02","10","2011","7","40.425979","-79.926677","","11","0","0","0","0","0","0","0","0","1","0","0","0","","","0","","0","","40 25:33.523","2","0","79 55:36.036","0","0","0","0","2301","0","0","0","N","0","0","0","3","02301","0","","2.0","","1","N","N","","0","","0","0","0","0","0","N","","2","0","0","0","0","0","0","2","0","2","","","","N","","","","","","","","","",""
"2011108525","","1","0","0","0","0","0","0","0","0","4","0","","02","10","2011","3","40.478831","-80.043122","","11","0","0","0","0","0","2","0","0","","0","0","0","","","0","","1","","40 28:43.792","","0","80 02:35.239","0","0","0","0","2301","0","0","0","N","0","0","0","2","02301","0","","1.0","","1","N","N","","1","","0","0","0","2","1","","","2","0","0","0","0","0","0","2","0","2","","","","N","","","","","","","","","",""
"2011104841","","2","0","0","0","0","0","0","0","0","6","0","","02","10","2011","7","40.504852","-79.843098","","11","0","0","0","0","0","0","0","0","","0","0","0","","","0","","1","","40 30:17.466","","0","79 50:35.151","0","0","0","0","2468","0","0","0","N","0","0","0","3","02468","0","","1.0","","1","N","N","","0","","0","0","0","3","2","","","2","0","0","0","0","0","0","2","0","2","","","","N","","","","","","","","","",""
"2011104982","","0","0","0","0","0","0","0","0","0","5","0","","02","10","2011","1","40.543528","-80.010858","","11","0","0","0","0","1","0","0","0","1","0","0","0","","","0","","0","","40 32:36.700","3","0","80 00:39.090","9","0","0","1","2116","0","0","0","N","0","0","0","5","02116","0","","1.0","","9","N","N","","0","","0","0","1","0","0","N","","2","0","0","0","0","0","4","2","0","2","","","","N","","","","","","","","","",""
"2011109321","","2","0","0","0","0","0","0","0","0","2","0","","02","10","2011","5","40.45863","-79.957447","","11","0","0","0","0","0","0","0","0","","0","0","0","","","0","","1","","40 27:31.068","","0","79 57:26.810","0","0","0","0","2301","0","0","0","N","0","0","0","3","02301","0","","1.0","","9","N","N","","0","","0","0","0","3","2","","","3","0","0","0","0","0","0","2","1","3","","","","N","","","","","","","","","",""
"2011104157","","2","0","0","0","0","0","0","0","0","4","0","","02","10","2011","6","40.411136","-80.006048","","11","0","0","0","0","0","0","0","0","2","0","0","0","","","1","","0","","40 24:40.091","1","0","80 00:21.773","8","0","0","0","2301","0","0","0","N","0","0","0","4","02301","0","","1.0","","9","N","N","","0","","0","0","0","0","0","N","","3","1","0","0","0","1","0","2","1","3","","","","N","","","","","","","","","",""
"2011106538","","3","0","0","0","0","0","0","0","0","1","0","","02","10","2011","5","40.353289","-79.978284","","11","0","0","0","0","0","0","0","0","1","0","0","0","","","0","","0","","40 21:11.841","2","0","79 58:41.821","0","0","0","0","2476","0","0","0","N","0","0","0","4","02476","0","","1.0","","9","N","N","","0","","0","0","0","3","2","N","","4","0","0","0","0","0","0","2","1","4","","","","N","","","","","","","","","",""
"2011108540","","2","0","0","0","0","0","0","0","0","6","0","","02","10","2011","4","40.32941","-79.841398","","11","0","0","0","0","0","0","0","0","1","0","0","0","","","1","","0","","40 19:45.875","5","0","79 50:29.034","3","0","0","0","2304","0","0","0","N","0","0","0","1","02304","0","","1.0","","1","N","N","","0","","1","0","0","0","0","Y","","3","1","0","0","0","0","0","2","1","3","","","","N","","","","","","","","","",""
"2011108528","","2","0","0","0","0","0","0","0","0","1","0","","02","10","2011","3","40.472798","-79.820019","","11","0","0","0","0","0","1","0","0","","0","0","0","","","1","","0","","40 28:22.072","","0","79 49:12.069","8","0","0","0","2113","0","0","0","N","0","0","0","2","02113","0","","1.0","","1","N","N","","0","","0","0","0","0","0","","","2","1","0","0","0","1","0","2","0","2","","","","N","","","","","","","","","",""
"2011104844","","1","0","0","0","0","0","0","0","0","4","0","","02","10","2011","1","40.450596","-80.174227","","11","0","0","0","0","0","1","0","0","2","0","0","0","","","1","","1","","40 27:02.145","3","2","80 10:27.217","4","0","0","0","2214","0","0","0","N","0","0","0","4","02214","1","","1.0","","1","N","N","","0","","0","0","1","3","2","N","","2","1","0","0","0","0","0","2","0","2","","","","N","","","","","","","","","",""
"2011104160","","2","0","0","0","0","0","0","0","0","4","0","","02","10","2011","2","40.616496","-79.946178","","11","0","0","0","0","0","0","0","1","","0","0","0","","","0","","0","","40 36:59.387","","7","79 56:46.240","0","0","0","0","2217","0","0","0","N","0","0","0","3","02505","0","","1.0","","1","N","N","","0","","0","0","0","0","0","","","2","0","0","0","0","0","0","2","0","2","","","","N","","","","","","","","","",""
"2011106541","","1","0","0","0","0","0","0","0","0","7","0","","02","10","2011","5","40.495781","-79.78187","","11","0","0","0","0","0","0","0","0","1","0","0","0","","","0","","0","","40 29:44.811","2","0","79 46:54.732","0","0","0","0","2466","0","0","0","N","0","0","0","1","02466","0","","2.0","","9","N","N","","0","","0","0","0","0","0","N","","1","0","1","0","0","0","0","2","0","1","","","","N","","","","","","","","","",""
"2011104161","","2","0","0","0","0","0","0","0","0","1","0","","02","10","2011","6","40.420231","-79.755882","","11","0","0","0","0","0","2","0","0","1","0","0","0","","","1","","0","","40 25:12.833","2","7","79 45:21.175","8","0","0","0","2446","0","0","0","N","0","0","0","3","02446","0","","1.0","","9","N","N","","0","","0","0","1","0","0","N","","3","1","0","0","0","1","0","2","0","3","","","","N","","","","","","","","","",""
"2011106542","","1","0","0","0","0","0","0","0","0","1","0","","02","10","2011","4","40.394147","-79.997291","","11","0","0","0","0","0","2","0","0","","0","0","0","","","1","","0","","40 23:38.930","","7","79 59:50.247","8","0","0","0","2301","0","0","0","N","0","0","0","4","02301","0","","1.0","","9","N","N","","0","","0","0","2","0","0","","","3","1","0","0","0","1","0","2","0","3","","","","N","","","","","","","","","",""
"2011105803","","0","0","0","0","0","0","0","0","0","7","0","","02","10","2011","3","40.493438","-79.809012","","11","0","0","0","0","0","1","0","0","2","0","0","0","","","1","","0","","40 29:36.376","6","0","79 48:32.443","2","0","0","0","2113","0","0","0","N","0","0","0","1","02113","0","","5.0","","1","N","N","","0","","0","1","1","0","0","Y","","1","1","1","0","1","0","0","2","0","1","","","","N","","","","","","","","","",""
"2011106409","","2","0","0","0","0","0","0","0","0","2","0","","02","10","2011","4","40.282315","-80.002015","","11","0","0","0","0","0","0","0","0","2","0","0","0","","","2","","2","","40 16:56.335","5","0","80 00:07.254","3","0","0","0","2219","0","0","0","N","0","0","0","3","02219","1","","1.0","","9","N","N","","0","","1","0","0","3","3","N","","2","2","2","0","0","0","0","2","0","2","","","","N","","","","","","","","","",""
"2011106610","","2","0","0","0","0","0","0","0","0","4","0","","02","10","2011","5","40.5034","-80.025118","","11","0","0","0","0","0","0","0","1","","0","0","0","","","0","","1","","40 30:12.241","","0","80 01:30.426","0","0","0","0","2116","0","0","0","N","0","0","0","2","02116","0","","1.0","","9","N","N","","0","","0","0","0","3","2","","","2","0","0","0","0","0","0","2","0","2","","","","N","","","","","","","","","",""
"2011107033","","0","0","0","0","0","0","0","0","0","99","0","","02","10","2011","3","40.584163","-80.099062","","11","0","0","0","0","0","1","0","0","","0","0","0","","","0","","0","","40 35:02.986","","0","80 05:56.622","0","0","0","0","2481","0","0","0","N","0","0","0","1","68B03","0","","1.0","","1","N","N","","0","","0","0","1","0","0","","","1","0","0","0","0","0","0","2","0","1","","","","N","","","","","","","","","",""
"2011106410","","2","0","0","0","0","0","0","0","0","4","0","","02","10","2011","5","40.429174","-79.999231","","11","0","0","0","0","0","1","0","0","1","0","0","0","","","0","","1","","40 25:45.028","2","3","79 59:57.233","0","0","0","0","2301","0","0","0","N","0","0","0","4","02301","0","","1.0","","9","N","N","","0","","0","0","0","3","2","N","","2","0","0","0","0","0","0","2","0","2","","","","N","","","","","","","","","",""
"2011104151","","1","0","0","0","0","0","0","0","0","7","0","","02","10","2011","6","40.450671","-79.869494","","11","0","0","0","0","0","0","0","0","","0","0","0","","","0","","1","","40 27:02.415","","0","79 52:10.178","0","0","0","0","2301","0","0","0","N","0","0","0","1","02301","0","","5.0","","9","N","N","","0","","0","0","0","0","0","","","1","0","1","0","0","0","0","2","0","1","","","","N","","","","","","","","","",""
"2011104990","","3","0","0","0","0","0","0","0","0","7","0","","02","10","2011","1","40.560671","-79.969878","","11","0","0","0","0","0","0","0","1","","0","0","0","","","1","","0","","40 33:38.417","","7","79 58:11.562","8","0","0","0","2207","0","0","0","N","0","0","0","1","02207","0","","5.0","","9","N","N","","0","","0","0","0","0","0","","","3","1","0","0","0","1","0","2","0","3","","","","N","","","","","","","","","",""
"2011105068","","1","0","0","0","0","0","0","0","0","1","0","","02","10","2011","5","40.452064","-80.172937","","11","0","0","0","0","0","0","0","0","1","0","0","0","","","0","","0","","40 27:07.431","3","0","80 10:22.573","0","0","0","0","2214","0","0","0","N","0","0","0","3","68B03","0","","1.0","","9","N","N","","0","","0","0","0","0","0","N","","2","0","0","0","0","0","0","2","1","2","","","","N","","","","","","","","","",""
"2011104851","","1","0","0","0","0","0","0","0","0","6","0","","02","10","2011","7","40.527515","-79.975244","","11","0","0","0","0","0","1","0","0","","0","0","0","","","0","","0","","40 31:39.054","","0","79 58:30.878","0","0","0","0","2118","0","0","0","N","0","0","0","3","02118","0","","1.0","","1","N","N","","0","","0","0","1","0","0","","","2","0","0","0","0","0","0","2","0","2","","","","N","","","","","","","","","",""
"2011105069","","2","0","0","0","0","0","0","0","0","1","0","","02","10","2011","6","40.439246","-79.861502","","11","0","0","0","0","0","0","0","0","","0","0","0","","","2","","0","","40 26:21.286","","0","79 51:41.406","4","0","0","0","2478","0","0","0","N","0","0","0","3","68B03","2","","1.0","","8","N","N","","0","","0","0","0","0","0","","","2","2","1","0","0","0","0","2","0","2","","","","N","","","","","","","","","",""
"2011106348","","2","0","0","0","0","0","0","0","0","1","0","","02","10","2011","4","40.450206","-79.928424","","11","0","0","0","0","0","0","0","0","1","0","0","0","","","0","","2","","40 27:00.741","3","0","79 55:42.326","0","0","0","0","2301","0","0","0","N","0","0","0","6","02301","0","","1.0","","1","N","N","","0","","0","0","0","0","0","N","","2","0","0","0","0","0","0","2","0","2","","","","N","","","","","","","","","",""
"2011104312","","1","0","0","0","0","0","0","0","0","1","0","","02","9","2011","5","40.446969","-80.167882","","11","0","0","0","0","0","1","0","0","2","0","0","0","","","1","","0","","40 26:49.087","4","0","80 10:04.376","8","0","0","0","2115","0","0","0","N","0","0","0","2","68B03","0","","1.0","","1","N","N","","0","","0","0","0","3","2","N","","2","1","1","0","0","1","0","2","1","2","","","","N","","","","","","","","","",""
"2011105070","","0","0","0","0","0","0","0","0","0","7","0","35","02","10","2011","1","40.442336","-79.762999","","11","0","0","0","0","0","0","0","0","","0","0","0","","","1","","0","","40 26:32.410","","0","79 45:46.795","4","0","0","0","2446","0","0","0","N","0","0","0","1","68B03","1","","5.0","","1","N","N","","1","","0","0","0","0","0","","","1","1","1","0","0","0","0","2","0","1","","","N","Y","4","2","N","N","N","Y","N","N","N",""
"2011106350","","1","0","0","0","0","0","0","0","0","7","0","","02","10","2011","7","40.406296","-80.028014","","11","0","0","0","0","0","0","0","0","","0","0","0","","","1","","0","","40 24:22.667","","0","80 01:40.852","8","0","0","0","2301","0","0","0","N","0","0","0","1","02301","0","","5.0","","1","N","N","","0","","0","0","0","0","0","","","1","1","0","0","0","1","0","2","0","1","","","","N","","","","","","","","","",""
"2011104253","","0","0","0","0","0","0","0","0","0","7","0","","02","10","2011","5","40.51967","-80.169988","","11","0","0","0","0","0","0","0","0","3","0","0","0","","","0","","0","","40 31:10.813","1","3","80 10:11.956","0","0","0","0","2433","0","0","0","N","0","0","0","1","02433","0","","3.0","","9","N","N","","0","","0","0","1","0","0","Y","","1","0","0","0","0","0","0","2","0","1","","","","N","","","","","","","","","",""
"2011105010","","1","0","0","0","0","0","0","0","0","8","0","","02","10","2011","1","40.455212","-79.978036","","11","0","0","0","0","0","0","0","0","","0","0","0","","","1","","0","","40 27:18.763","","0","79 58:40.929","3","0","0","0","2301","1","0","0","N","1","0","0","2","02301","0","","1.0","","1","N","N","","0","","1","0","0","0","0","","","2","1","0","0","0","0","0","2","0","1","","","","N","","","","","","","","","",""
"2011104314","","1","0","0","0","0","0","0","0","0","7","0","","02","9","2011","2","40.41817","-80.088143","","11","0","0","0","1","0","0","0","0","2","0","0","0","","","0","","0","","40 25:05.411","4","0","80 05:17.316","0","0","0","0","2415","0","0","0","N","0","0","0","1","68B03","0","","5.0","","1","N","N","","0","","0","0","0","0","0","N","","1","0","0","0","0","0","0","2","0","1","","","","N","","","","","","","","","",""
"2011104171","","0","0","0","0","0","0","0","0","0","7","0","","02","10","2011","5","40.562594","-80.151503","","11","0","0","0","0","1","0","0","0","","0","0","0","","","1","","0","","40 33:45.340","","0","80 09:05.410","4","0","0","0","2459","0","0","0","N","0","0","0","1","02459","1","","5.0","","9","N","N","","1","","0","0","0","0","0","","","1","1","1","0","0","0","0","1","0","1","","","","N","","","","","","","","","",""
"2011104998","","1","0","0","0","0","0","0","0","0","5","0","","02","10","2011","1","40.46764","-79.979946","","11","0","0","0","0","0","0","0","0","1","0","0","0","","","0","","2","","40 28:03.504","3","0","79 58:47.805","0","0","0","0","2301","0","0","0","N","0","0","0","1","02301","0","","1.0","","9","N","N","","0","","0","0","2","0","0","Y","","3","0","0","0","0","0","0","2","0","3","","","","N","","","","","","","","","",""
"2011105800","","0","0","0","0","0","0","0","0","0","8","0","","02","10","2011","3","40.347181","-79.832211","","11","0","0","0","0","0","0","1","0","","0","0","0","","","1","","0","","40 20:49.853","","0","79 49:55.961","3","0","0","0","2304","1","0","0","N","1","0","0","2","02304","0","","1.0","","1","N","Y","","1","","1","0","0","3","2","","","2","1","0","0","0","0","0","2","0","1","","","","N","","","","","","","","","",""
"2011104315","","1","0","0","0","0","0","0","0","0","7","0","","02","9","2011","3","40.426131","-79.894612","","11","0","0","0","0","0","0","0","0","","0","0","0","","","0","","0","","40 25:34.073","","0","79 53:40.604","0","0","0","0","2301","0","0","0","Y","0","0","0","1","68B03","0","","3.0","","1","N","N","","0","","0","0","0","0","0","","","1","0","0","0","0","0","0","2","0","1","","","","N","","","","","","","","","",""
"2011104172","","0","0","0","0","0","0","0","0","0","1","1","15","02","10","2011","5","40.472623","-80.038263","","11","0","0","0","0","0","0","0","1","1","0","1","0","","","6","","0","","40 28:21.441","2","0","80 02:17.747","8","0","0","0","2301","0","0","0","N","0","0","0","7","02301","0","","1.0","","9","N","N","","0","","0","0","0","0","0","N","","2","6","1","0","0","6","0","2","1","2","","","N","Y","3","1","","","N","Y","","","",""
"2011105012","","0","0","0","0","0","0","0","0","0","0","0","","02","10","2011","6","40.382943","-79.877371","","11","0","0","0","0","0","1","0","0","","0","0","0","","","0","","0","","40 22:58.595","","0","79 52:38.537","0","0","0","0","2473","0","0","0","N","0","0","0","1","02473","0","","1.0","","9","N","N","","1","","0","0","0","0","0","","","1","0","1","0","0","0","0","2","0","1","","","","N","","","","","","","","","",""
"2011104316","","1","0","0","0","0","0","0","0","0","5","0","","02","10","2011","2","40.50694","-80.034514","","11","0","0","0","0","0","0","1","0","2","0","0","0","","","2","","0","","40 30:24.985","1","0","80 02:04.251","4","0","0","0","2116","0","0","0","Y","0","0","0","3","68B03","2","","1.0","","1","Y","Y","","0","","0","0","1","0","0","N","","2","2","0","0","0","0","0","2","0","2","","","","N","","","","","","","","","",""
"2011109282","","0","0","0","0","0","0","0","0","0","8","0","","02","10","2011","5","40.435126","-79.956406","","11","0","0","0","0","0","0","0","0","","0","0","0","","","1","","1","","40 26:06.452","","0","79 57:23.060","4","0","0","0","2301","1","0","0","N","1","0","0","2","02301","1","","1.0","","9","N","N","","0","","0","0","1","3","2","","","2","1","0","0","0","0","0","2","0","1","","","","N","","","","","","","","","",""
"2011108555","","1","0","0","0","0","0","0","0","0","7","0","","02","10","2011","6","40.442816","-79.811503","","11","0","0","0","0","0","0","0","0","3","1","0","0","","","0","","0","","40 26:34.139","3","0","79 48:41.410","1","0","0","0","2113","0","0","0","N","0","0","0","1","68B03","0","2","4.0","","1","N","N","","0","0","0","0","0","0","0","N","","1","0","1","1","0","0","0","2","0","1","","","","N","","","","","","","","","",""
"2011104173","","0","0","0","0","0","0","0","0","0","1","0","","02","10","2011","6","40.463586","-79.952975","","11","0","0","0","0","0","0","1","0","","0","0","0","","","1","","1","","40 27:48.909","","0","79 57:10.710","4","0","0","0","2301","0","0","0","N","0","0","0","5","02301","1","","1.0","","9","N","N","","1","","0","0","1","3","2","","","2","1","0","0","0","0","0","2","0","2","","","","N","","","","","","","","","",""
"2011106621","","1","0","0","0","0","0","0","0","0","8","0","","02","10","2011","5","40.487967","-80.056475","","11","0","0","0","0","0","1","0","0","2","0","0","0","","","1","","2","","40 29:16.681","1","0","80 03:23.311","2","0","0","0","2404","1","0","1","N","1","0","1","2","02404","0","","1.0","","9","N","N","","0","","0","1","0","0","0","N","","2","1","0","0","0","0","0","2","0","1","","","","N","","","","","","","","","",""
"2011104317","","1","0","0","0","0","0","0","0","0","1","0","","02","10","2011","3","40.440931","-80.009264","","11","0","0","0","0","0","0","0","0","2","0","0","0","","","1","","6","","40 26:27.350","4","2","80 00:33.351","8","0","0","0","2301","0","0","0","N","0","0","0","2","68B03","0","","1.0","","1","N","N","","0","","0","0","0","3","4","N","","2","1","0","0","0","1","0","2","1","2","","","","N","","","","","","","","","",""
"2011105816","","2","0","0","0","0","0","0","0","0","4","0","","02","10","2011","3","40.413472","-80.042753","","11","0","1","0","0","0","0","0","0","","0","0","0","","","0","","1","","40 24:48.499","","0","80 02:33.910","0","0","0","0","2301","0","0","0","N","0","0","0","2","02301","0","","1.0","","1","N","N","","0","","0","0","0","3","3","","","2","0","0","0","0","0","0","2","0","2","","","","N","","","","","","","","","",""
"2011104318","","2","0","0","0","0","0","0","0","0","1","0","","02","10","2011","4","40.414439","-80.062456","","11","0","0","0","0","0","1","0","0","1","0","0","0","","","0","","0","","40 24:51.980","3","0","80 03:44.840","0","0","0","0","2435","0","0","0","N","0","0","0","3","68B03","0","","1.0","","9","N","N","","0","","0","0","1","0","0","N","","3","0","0","0","0","0","0","2","0","3","","","","N","","","","","","","","","",""
"2011105002","","0","0","0","0","0","0","0","0","0","6","0","","02","10","2011","7","40.538634","-79.830148","","11","0","0","0","0","0","0","0","0","1","0","0","0","","","0","","2","","40 32:19.084","3","0","79 49:48.534","0","0","0","0","2208","0","0","0","N","0","0","0","3","02208","0","","1.0","","1","N","N","","2","","0","0","0","3","2","N","","2","0","2","0","0","0","0","2","0","2","","","","N","","","","","","","","","",""