"CRN","ARRIVAL_TM","AUTOMOBILE_COUNT","BELTED_DEATH_COUNT","BELTED_SUSP_SERIOUS_INJ_COUNT","BICYCLE_COUNT","BICYCLE_DEATH_COUNT","BICYCLE_SUSP_SERIOUS_INJ_COUNT","BUS_COUNT","CHLDPAS_DEATH_COUNT","CHLDPAS_SUSP_SERIOUS_INJ_COUNT","COLLISION_TYPE","COMM_VEH_COUNT","CONS_ZONE_SPD_LIM","COUNTY","CRASH_MONTH","CRASH_YEAR","DAY_OF_WEEK","DEC_LATITUDE","DEC_LONGITUDE","DISPATCH_TM","DISTRICT","DRIVER_COUNT_16YR","DRIVER_COUNT_17YR","DRIVER_COUNT_18YR","DRIVER_COUNT_19YR","DRIVER_COUNT_20YR","DRIVER_COUNT_50_64YR","DRIVER_COUNT_65_74YR","DRIVER_COUNT_75PLUS","EST_HRS_CLOSED","FATAL_COUNT","HEAVY_TRUCK_COUNT","HORSE_BUGGY_COUNT","HOUR_OF_DAY","ILLUMINATION","INJURY_COUNT","INTERSECTION_RELATED","INTERSECT_TYPE","LANE_CLOSED","LATITUDE","LN_CLOSE_DIR","LOCATION_TYPE","LONGITUDE","MAX_SEVERITY_LEVEL","MCYCLE_DEATH_COUNT","MCYCLE_SUSP_SERIOUS_INJ_COUNT","MOTORCYCLE_COUNT","MUNICIPALITY","NONMOTR_COUNT","NONMOTR_DEATH_COUNT","NONMOTR_SUSP_SERIOUS_INJ_COUNT","NTFY_HIWY_MAINT","PED_COUNT","PED_DEATH_COUNT","PED_SUSP_SERIOUS_INJ_COUNT","PERSON_COUNT","POLICE_AGCY","POSSIBLE_INJ_COUNT","RDWY_SURF_TYPE_CD","RELATION_TO_ROAD","ROADWAY_CLEARED","ROAD_CONDITION","SCH_BUS_IND","SCH_ZONE_IND","SECONDARY_CRASH","SMALL_TRUCK_COUNT","SPEC_JURIS_CD","SUSP_MINOR_INJ_COUNT","SUSP_SERIOUS_INJ_COUNT","SUV_COUNT","TCD_FUNC_CD","TCD_TYPE","TFC_DETOUR_IND","TIME_OF_DAY","TOTAL_UNITS","TOT_INJ_COUNT","UNBELTED_OCC_COUNT","UNB_DEATH_COUNT","UNB_SUSP_SERIOUS_INJ_COUNT","UNK_INJ_DEG_COUNT","UNK_INJ_PER_COUNT","URBAN_RURAL","VAN_COUNT","VEHICLE_COUNT","WEATHER1","WEATHER2","WORKERS_PRES","WORK_ZONE_IND","WORK_ZONE_LOC","WORK_ZONE_TYPE","WZ_CLOSE_DETOUR","WZ_FLAGGER","WZ_LAW_OFFCR_IND","WZ_LN_CLOSURE","WZ_MOVING","WZ_OTHER","WZ_SHLDER_MDN","WZ_WORKERS_INJ_KILLED"
"2011106356","","1","0","0","0","0","0","0","0","0","4","0","","02","10","2011","2","40.526392","-79.963333","","11","0","0","0","0","0","1","0","0","","0","0","0","","","1","","0","","40 31:35.010","","7","79 57:48.000","4","0","0","1","2118","0","0","0","N","0","0","0","2","02118","1","","1.0","","1","N","N","","0","","0","0","0","0","0","","","2","1","0","0","0","0","0","2","0","2","","","","N","","","","","","","","","",""
"2011104874","","0","0","0","0","0","0","0","0","0","4","0","","02","10","2011","7","40.351403","-79.821277","","11","0","0","0","0","0","1","0","0","1","0","0","0","","","0","","1","","40 21:05.052","5","0","79 49:16.596","0","0","0","0","2477","0","0","0","N","0","0","0","3","02477","0","","1.0","","1","N","N","","0","","0","0","2","3","3","Y","","2","0","0","0","0","0","0","2","0","2","","","","N","","","","","","","","","",""
"2011105003","","2","0","0","0","0","0","0","0","0","2","0","","02","10","2011","1","40.475817","-80.039761","","11","0","0","0","0","0","0","0","0","","0","0","0","","","0","","0","","40 28:32.941","","0","80 02:23.140","0","0","0","0","2301","0","0","0","N","0","0","0","1","02301","0","","2.0","","9","N","N","","1","","0","0","0","0","0","","","3","0","0","0","0","0","0","2","0","3","","","","N","","","","","","","","","",""
"2011106624","","1","0","0","0","0","0","0","0","0","6","0","","02","10","2011","5","40.312453","-79.95141","","11","0","1","0","0","0","0","0","0","","0","0","0","","","0","","0","","40 18:44.830","","7","79 57:05.076","0","0","0","0","2440","0","0","0","N","0","0","0","4","02440","0","","1.0","","9","N","Y","","0","","0","0","0","3","1","","","2","0","1","0","0","0","0","2","1","2","","","","N","","","","","","","","","",""
"2011107045","","1","0","0","0","0","0","0","0","0","7","0","","02","10","2011","6","40.460625","-80.193961","","11","0","1","0","0","0","0","0","0","1","0","0","0","","","0","","0","","40 27:38.250","4","0","80 11:38.260","0","0","0","0","2203","0","0","0","N","0","0","0","3","02203","0","","4.0","","9","N","N","","0","","0","0","0","0","0","N","","1","0","0","0","0","0","0","2","0","1","","","","N","","","","","","","","","",""
"2011107798","","3","0","0","0","0","0","0","0","0","1","0","","02","10","2011","2","40.501317","-79.759434","","11","0","1","2","0","0","0","0","0","","0","0","0","","","1","","0","","40 30:04.741","","0","79 45:33.963","4","0","0","0","2466","0","0","0","N","0","0","0","7","02466","1","","1.0","","1","N","N","","0","","0","0","0","0","0","","","3","1","0","0","0","0","0","2","0","3","","","","N","","","","","","","","","",""
"2011104248","","2","0","0","0","0","0","0","0","0","4","0","","02","10","2011","6","40.447137","-79.895168","","11","0","1","0","0","0","1","0","0","1","0","0","0","","","1","","1","","40 26:49.694","4","0","79 53:42.603","3","0","0","0","2301","0","0","0","N","0","0","0","2","02301","0","","1.0","","1","N","N","","0","","1","0","0","3","2","Y","","2","1","0","0","0","0","1","2","0","2","","","","N","","","","","","","","","",""
"2011104880","","3","0","0","0","0","0","0","0","0","1","0","","02","10","2011","4","40.327151","-79.911164","","11","0","0","0","0","0","1","0","0","1","0","0","0","","","0","","2","","40 19:37.745","1","0","79 54:40.189","0","0","0","0","2473","0","0","0","N","0","0","0","6","02473","0","","1.0","","9","N","N","","0","","0","0","0","0","0","Y","","3","0","1","0","0","0","0","2","0","3","","","","N","","","","","","","","","",""
"2011105749","","2","0","0","0","0","0","0","0","0","1","1","","02","10","2011","2","40.518471","-79.802063","","11","0","0","0","0","0","1","1","0","2","0","1","0","","","3","","0","","40 31:06.496","3","0","79 48:07.428","8","0","0","0","2466","0","0","0","N","0","0","0","4","68T02","0","","1.0","","1","N","N","","0","","0","0","0","0","0","N","","3","3","0","0","0","3","0","2","0","3","","","","N","","","","","","","","","",""
"2011105020","","1","0","0","0","0","0","0","0","0","7","0","","02","10","2011","1","40.452566","-79.996108","","11","0","0","0","0","0","0","0","0","","0","0","0","","","1","","7","","40 27:09.239","","2","79 59:45.989","4","0","0","0","2301","0","0","0","N","0","0","0","1","02301","1","","7.0","","9","N","N","","0","","0","0","0","0","0","","","1","1","0","0","0","0","0","2","0","1","","","","N","","","","","","","","","",""
"2011109291","","0","0","0","0","0","0","0","0","0","4","1","","02","10","2011","5","40.516304","-80.161215","","11","0","0","0","0","0","1","0","0","","0","1","0","","","1","","10","","40 30:58.695","","0","80 09:40.375","8","0","0","0","2420","0","0","0","N","0","0","0","2","02420","0","","1.0","","9","N","N","","0","","0","0","1","3","2","","","2","1","0","0","0","1","0","2","0","2","","","","N","","","","","","","","","",""
"2011107802","","0","0","0","0","0","0","0","0","0","6","0","","02","10","2011","1","40.514168","-79.879115","","11","0","1","0","1","0","0","0","0","","0","0","0","","","0","","1","","40 30:51.004","","0","79 52:44.814","0","0","0","0","2432","0","0","0","N","0","0","0","2","02432","0","","1.0","","1","N","N","","0","","0","0","2","3","2","","","2","0","0","0","0","0","0","2","0","2","","","","N","","","","","","","","","",""
"2011104181","","0","0","0","0","0","0","0","0","0","7","0","","02","10","2011","4","40.353394","-79.956181","","11","0","0","0","0","0","0","0","0","1","0","0","0","","","1","","0","","40 21:12.220","5","0","79 57:22.252","8","0","0","0","2473","0","0","0","N","0","0","0","1","02473","0","","2.0","","9","N","N","","0","","0","0","1","0","0","N","","1","1","1","0","0","1","0","2","0","1","","","","N","","","","","","","","","",""
"2011104252","","2","0","0","0","0","0","0","0","0","4","0","","02","10","2011","6","40.327209","-79.944529","","11","0","0","0","0","0","1","0","0","1","0","0","0","","","0","","0","","40 19:37.953","2","0","79 56:40.303","0","0","0","0","2454","0","0","0","N","0","0","0","2","02454","0","","1.0","","1","N","N","","0","","0","0","0","0","0","N","","2","0","0","0","0","0","0","2","0","2","","","","N","","","","","","","","","",""
"2011104265","","0","0","0","0","0","0","0","0","0","4","0","","02","10","2011","6","40.547396","-80.028725","","11","0","0","0","0","0","2","0","0","1","0","0","0","","","1","","0","","40 32:50.625","2","7","80 01:43.410","3","0","0","1","2116","0","0","0","N","0","0","0","2","02116","0","","1.0","","1","N","N","","0","","1","0","1","0","0","Y","","2","1","0","0","0","0","0","2","0","2","","","","N","","","","","","","","","",""
"2011106630","","0","0","0","0","0","0","0","0","0","7","0","","02","10","2011","5","40.343919","-79.841064","","11","0","0","0","0","0","0","0","0","","0","0","0","","","5","","0","","40 20:38.108","","0","79 50:27.830","3","0","0","0","2304","0","0","0","N","0","0","0","6","02304","4","","5.0","","1","N","N","","0","","1","0","1","0","0","","","1","5","1","0","0","0","0","2","0","1","","","","N","","","","","","","","","",""
"2011107050","","0","0","0","0","0","0","0","0","0","8","0","","02","10","2011","6","40.44435","-79.978923","","11","0","0","0","0","0","0","0","0","","0","0","0","","","1","","2","","40 26:39.660","","0","79 58:44.122","3","0","0","0","2301","1","0","0","N","1","0","0","2","02301","0","","1.0","","9","N","N","","0","","1","0","1","0","0","","","2","1","0","0","0","0","0","2","0","1","","","","N","","","","","","","","","",""
"2011104818","","2","0","0","0","0","0","0","0","0","4","0","","02","10","2011","6","40.336228","-79.980578","","11","0","0","0","0","0","0","0","1","2","0","0","0","","","0","","2","","40 20:10.419","4","0","79 58:50.082","0","0","0","0","2403","0","0","0","N","0","0","0","4","02403","0","","1.0","","1","N","N","","0","","0","0","0","3","3","N","","2","0","1","0","0","0","0","2","0","2","","","","N","","","","","","","","","",""
"2011104959","","1","0","0","0","0","0","0","0","0","99","0","","02","10","2011","6","40.443029","-79.753232","","11","0","0","0","0","0","0","0","0","","0","0","0","","","0","","0","","40 26:34.903","","0","79 45:11.636","0","0","0","0","2446","0","0","0","N","0","0","0","2","68T02","0","","1.0","","1","N","N","","0","","0","0","0","0","0","","","1","0","0","0","0","0","0","2","0","1","","","","N","","","","","","","","","",""
"2011106363","","0","0","0","0","0","0","0","0","0","99","0","","02","10","2011","4","40.406097","-80.234408","","11","0","0","0","0","0","1","0","0","","0","0","0","","","1","","3","","40 24:21.950","","0","80 14:03.870","3","0","0","1","2214","0","0","0","N","0","0","0","1","02214","0","","1.0","","1","N","N","","0","","1","0","0","3","3","","","1","1","0","0","0","0","0","1","0","1","","","","N","","","","","","","","","",""
"2011105023","","1","0","0","0","0","0","0","0","0","7","0","","02","10","2011","7","40.456574","-79.939691","","11","0","0","0","0","0","0","0","0","","0","0","0","","","0","","1","","40 27:23.665","","0","79 56:22.888","0","0","0","0","2301","0","0","0","N","0","0","0","1","02301","0","","1.0","","9","N","N","","0","","0","0","0","0","0","","","1","0","0","0","0","0","0","2","0","1","","","","N","","","","","","","","","",""
"2011106632","","2","0","0","0","0","0","0","0","0","4","0","","02","10","2011","5","40.43975","-79.896481","","11","0","0","1","0","0","0","0","0","","0","0","0","","","0","","1","","40 26:23.100","","0","79 53:47.331","0","0","0","0","2301","0","0","0","","0","0","0","2","02301","0","","1.0","","9","","","","0","","0","0","0","3","3","","","2","0","0","0","0","0","0","2","0","2","","","","N","","","","","","","","","",""
"2011105161","","2","0","0","0","0","0","0","0","0","1","0","","02","10","2011","4","40.505605","-80.008213","","11","0","0","0","0","1","1","0","0","","0","0","0","","","0","","0","","40 30:20.178","","0","80 00:29.567","9","0","0","0","2116","0","0","0","N","0","0","0","2","02116","0","","1.0","","1","N","N","","0","","0","0","0","0","0","","","2","0","0","0","0","0","2","2","0","2","","","","N","","","","","","","","","",""
"2011105162","","2","0","0","0","0","0","0","0","0","1","0","","02","10","2011","5","40.4807","-80.068512","","11","0","0","0","0","0","0","0","0","","0","0","0","","","0","","2","","40 28:50.520","","0","80 04:06.642","0","0","0","0","2122","0","0","0","N","0","0","0","2","02122","0","","1.0","","9","N","N","","0","","0","0","0","0","0","","","2","0","0","0","0","0","0","2","0","2","","","","N","","","","","","","","","",""
"2011105967","","1","0","0","0","0","0","0","0","0","4","0","","02","10","2011","7","40.439416","-79.996924","","11","0","0","0","0","0","0","0","0","","0","0","0","","","2","","2","","40 26:21.897","","0","79 59:48.926","4","0","0","0","2301","0","0","0","N","0","0","0","3","02301","2","","1.0","","1","N","N","","0","","0","0","0","3","2","","","2","2","0","0","0","0","0","2","1","2","","","","N","","","","","","","","","",""
"2011105379","","2","0","0","0","0","0","0","0","0","1","0","","02","10","2011","2","40.414225","-80.009627","","11","0","0","0","0","0","1","0","0","2","0","0","0","","","1","","1","","40 24:51.211","3","2","80 00:34.658","8","0","0","0","2301","0","0","0","","0","0","0","2","02301","0","","1.0","","1","N","N","","0","","0","0","0","3","2","N","","2","1","0","0","0","1","1","2","0","2","","","","N","","","","","","","","","",""
"2011104631","","0","0","0","0","0","0","0","0","0","7","0","","02","10","2011","7","40.46734","-79.810424","","11","0","0","0","0","0","0","0","0","","0","0","0","","","0","","0","","40 28:02.424","","0","79 48:37.526","0","0","0","0","2113","0","0","0","N","0","0","0","1","02113","0","","5.0","","1","N","N","","0","","0","0","2","0","0","","","2","0","0","0","0","0","0","2","0","2","","","","N","","","","","","","","","",""
"2011105163","","1","0","0","0","0","0","0","0","0","7","0","","02","10","2011","1","40.264354","-79.852451","","11","0","0","0","0","0","0","0","0","1","0","0","0","","","0","","0","","40 15:51.673","1","0","79 51:08.825","0","0","0","0","2105","0","0","0","N","0","0","0","1","02105","0","","2.0","","1","N","N","","0","","0","0","0","0","0","N","","1","0","0","0","0","0","0","2","0","1","","","","N","","","","","","","","","",""
"2011105380","","2","0","0","0","0","0","0","0","0","4","0","","02","10","2011","2","40.482504","-79.809267","","11","0","0","0","0","0","0","0","0","","0","0","0","","","0","","0","","40 28:57.013","","0","79 48:33.360","9","0","0","0","2113","0","0","0","N","0","0","0","1","02113","0","","4.0","","1","N","N","","0","","0","0","0","0","0","","","2","0","0","0","0","0","1","2","0","2","","","","N","","","","","","","","","",""
"2011104633","","0","0","0","0","0","0","0","0","0","7","0","","02","10","2011","7","40.386683","-80.013533","","11","0","0","0","0","0","0","0","0","1","0","0","0","","","0","","2","","40 23:12.058","2","0","80 00:48.718","0","0","0","0","2301","0","0","0","N","0","0","0","1","02301","0","","4.0","","1","N","N","","0","","0","0","1","0","0","N","","1","0","0","0","0","0","0","2","0","1","","","","N","","","","","","","","","",""
"2011104634","","2","0","0","0","0","0","0","0","0","4","0","","02","10","2011","7","40.38851","-80.007083","","11","0","0","0","0","0","0","0","0","","0","0","0","","","1","","2","","40 23:18.636","","0","80 00:25.498","8","0","0","0","2301","0","0","0","N","0","0","0","1","02301","0","","5.0","","1","N","N","","0","","0","0","0","3","3","","","2","1","1","0","0","1","0","2","0","2","","","","N","","","","","","","","","",""
"2011105970","","0","0","0","0","0","0","0","0","0","7","0","","02","10","2011","6","40.232488","-79.964023","","11","0","0","0","0","0","0","0","0","","0","0","0","","","0","","0","","40 13:56.958","","0","79 57:50.482","0","0","0","0","2204","0","0","0","N","0","0","0","1","02204","0","","5.0","","1","N","N","","1","","0","0","0","0","0","","","1","0","1","0","0","0","0","1","0","1","","","","N","","","","","","","","","",""
"2011103711","","1","0","0","0","0","0","0","0","0","4","0","","02","10","2011","4","40.313191","-79.938614","","11","0","0","0","0","0","1","0","1","2","0","0","0","","","0","","1","","40 18:47.487","4","0","79 56:19.009","0","0","0","0","2440","0","0","0","N","0","0","0","5","02440","0","","1.0","","9","N","N","","0","","0","0","2","1","2","N","","3","0","0","0","0","0","0","2","0","3","","","","N","","","","","","","","","",""
"2011103796","","2","0","0","0","0","0","0","0","0","4","0","","02","10","2011","5","40.454221","-79.886823","","11","0","0","0","0","0","2","0","0","","0","0","0","","","0","","1","","40 27:15.196","","0","79 53:12.561","9","0","0","0","2301","0","0","0","N","0","0","0","2","02301","0","","1.0","","1","N","N","","0","","0","0","0","3","1","","","2","0","0","0","0","0","1","2","0","2","","","","N","","","","","","","","","",""
"2011104635","","2","0","0","0","0","0","0","0","0","1","0","","02","10","2011","7","40.550354","-80.084915","","11","0","0","0","0","0","0","1","0","1","0","0","0","","","2","","0","","40 33:01.274","1","0","80 05:05.694","8","0","0","0","2481","0","0","0","N","0","0","0","3","02481","0","","1.0","","1","N","N","","0","","0","0","0","0","0","N","","2","2","0","0","0","2","0","2","0","2","","","","N","","","","","","","","","",""
"2011104622","","1","0","0","0","0","0","0","0","0","4","0","","02","10","2011","7","40.450375","-80.025099","","11","0","0","0","0","0","1","0","0","1","0","0","0","","","1","","2","","40 27:01.351","4","2","80 01:30.358","4","0","0","0","2301","0","0","0","N","0","0","0","3","02301","1","","1.0","","1","N","N","","0","","0","0","1","0","0","N","","2","1","0","0","0","0","1","2","0","2","","","","N","","","","","","","","","",""
"2011106573","","0","0","0","0","0","0","0","0","0","7","0","","02","10","2011","4","40.315225","-80.107656","","11","0","0","0","0","0","0","0","0","2","0","0","0","","","0","","0","","40 18:54.810","4","0","80 06:27.562","0","0","0","0","2123","0","0","0","Y","0","0","0","1","02123","0","","2.0","","1","N","N","","0","","0","0","1","0","0","N","","1","0","0","0","0","0","0","2","0","1","","","","N","","","","","","","","","",""
"2011104414","","2","0","0","0","0","0","0","0","0","4","0","","02","10","2011","6","40.365026","-79.92783","","11","0","0","0","0","0","0","0","0","","0","0","0","","","0","","0","","40 21:54.093","","0","79 55:40.188","0","0","0","0","2473","0","0","0","N","0","0","0","1","02473","0","","2.0","","9","N","N","","0","","0","0","0","0","0","","","2","0","0","0","0","0","0","2","0","2","","","","N","","","","","","","","","",""
"2011103728","","2","0","0","0","0","0","0","0","0","5","0","","02","10","2011","3","40.434643","-79.792512","","11","0","0","0","0","0","2","0","0","","0","0","0","","","1","","0","","40 26:04.716","","0","79 47:33.044","8","0","0","0","2446","0","0","0","N","0","0","0","3","02446","0","","1.0","","1","N","N","","0","","0","0","0","0","0","","","2","1","0","0","0","1","0","2","0","2","","","","N","","","","","","","","","",""
"2011104415","","0","0","0","0","0","0","0","0","0","7","0","90","02","10","2011","6","40.404336","-79.975872","","11","0","0","0","0","0","1","0","0","3","0","0","0","","","0","","2","","40 24:15.609","3","0","79 58:33.139","0","0","0","0","2301","0","0","0","N","0","0","0","2","02301","0","","2.0","","1","N","N","","0","","0","0","2","3","2","Y","","2","0","0","0","0","0","0","2","0","2","","","N","Y","3","1","Y","","N","Y","","","",""
"2011105973","","1","0","0","0","0","0","0","0","0","2","0","","02","10","2011","4","40.466845","-79.934058","","11","0","0","0","0","0","0","0","0","","0","0","0","","","1","","1","","40 28:00.642","","0","79 56:02.608","8","0","0","1","2301","0","0","0","N","0","0","0","1","02301","0","","1.0","","1","N","N","","0","","0","0","0","0","0","","","2","1","0","0","0","1","0","2","0","2","","","","N","","","","","","","","","",""
"2011104638","","1","0","0","0","0","0","0","0","0","1","0","","02","10","2011","6","40.676629","-80.117472","","11","0","0","0","0","0","0","0","0","","0","0","0","","","1","","0","","40 40:35.864","","0","80 07:02.899","4","0","0","0","2212","0","0","0","N","0","0","0","2","02505","1","","1.0","","9","N","N","","0","","0","0","0","0","0","","","2","1","0","0","0","0","0","2","1","2","","","","N","","","","","","","","","",""
"2011105399","","2","0","0","0","0","0","0","0","0","1","0","","02","10","2011","2","40.475483","-79.939822","","11","0","0","0","0","1","1","0","0","","0","0","0","","","1","","0","","40 28:31.738","","0","79 56:23.359","8","0","0","0","2301","0","0","0","N","0","0","0","2","02301","0","","1.0","","1","N","N","","0","","0","0","0","0","0","","","2","1","0","0","0","1","0","2","0","2","","","","N","","","","","","","","","",""
"2011105239","","2","0","0","0","0","0","0","0","0","1","0","","02","10","2011","2","40.485356","-79.856525","","11","0","0","0","0","0","2","0","0","1","0","0","0","","","1","","0","","40 29:07.280","2","0","79 51:23.489","8","0","0","0","2113","0","0","0","N","0","0","0","3","02113","0","","1.0","","1","N","N","","0","","0","0","0","0","0","N","","2","1","0","0","0","1","0","2","0","2","","","","N","","","","","","","","","",""
"2011106054","","1","0","0","0","0","0","1","0","0","1","1","","02","10","2011","4","40.451877","-79.952051","","11","0","0","0","0","0","0","1","0","1","0","0","0","","","0","","1","","40 27:06.757","3","0","79 57:07.383","0","0","0","0","2301","0","0","0","N","0","0","0","2","02506","0","","1.0","","1","Y","N","","0","","0","0","0","3","2","N","","2","0","0","0","0","0","0","2","0","2","","","","N","","","","","","","","","",""
"2011104639","","1","0","0","0","0","0","0","0","0","4","0","","02","10","2011","7","40.460589","-79.842558","","11","0","0","0","0","1","0","0","0","","0","0","0","","","0","","0","","40 27:38.120","","0","79 50:33.210","0","0","0","0","2113","0","0","0","N","0","0","0","3","02113","0","","1.0","","1","N","N","","0","","0","0","0","0","0","","","2","0","0","0","0","0","0","2","1","2","","","","N","","","","","","","","","",""
"2011104627","","2","0","0","0","0","0","0","0","0","1","0","","02","10","2011","6","40.648764","-79.937238","","11","0","0","1","0","0","1","0","0","1","0","0","0","","","0","","0","","40 38:55.552","2","0","79 56:14.055","0","0","0","0","2217","0","0","0","N","0","0","0","3","02505","0","","1.0","","1","N","N","","0","","0","0","0","0","0","N","","2","0","1","0","0","0","0","2","0","2","","","","N","","","","","","","","","",""
"2011105336","","2","0","0","0","0","0","0","0","0","7","0","","02","10","2011","2","40.451692","-79.826532","","11","0","0","0","0","0","0","0","0","","0","0","0","","","0","","0","","40 27:06.092","","0","79 49:35.516","0","0","0","0","2113","0","0","0","N","0","0","0","2","02113","0","","1.0","","1","N","N","","0","","0","0","0","0","0","","","2","0","0","0","0","0","0","2","0","2","","","","N","","","","","","","","","",""
"2011104420","","0","0","0","0","0","0","0","0","0","1","0","","02","10","2011","6","40.317118","-79.88957","","11","0","0","0","0","0","1","0","0","2","0","0","0","","","1","","2","","40 19:01.626","5","0","79 53:22.453","8","0","0","0","2433","0","0","0","N","0","0","0","3","02433","0","","1.0","","1","N","N","","2","","0","0","0","3","3","Y","","2","1","0","0","0","1","0","2","0","2","","","","N","","","","","","","","","",""
"2011105190","","0","0","0","0","0","0","0","0","0","7","0","","02","10","2011","3","40.524008","-79.942698","","11","0","0","0","0","1","0","0","0","1","0","0","0","","","0","","0","","40 31:26.428","2","0","79 56:33.712","0","0","0","0","2118","0","0","0","N","0","0","0","1","02118","0","","5.0","","1","N","N","","0","","0","0","1","0","0","N","","1","0","0","0","0","0","0","2","0","1","","","","N","","","","","","","","","",""
"2011105994","","2","0","0","0","0","0","0","0","0","1","0","","02","10","2011","4","40.420329","-79.927427","","11","0","0","0","0","0","2","0","0","","0","0","0","","","1","","0","","40 25:13.184","","0","79 55:38.737","8","0","0","0","2301","0","0","0","N","0","0","0","3","02301","0","","1.0","","1","N","N","","1","","0","0","0","0","0","","","3","1","0","0","0","1","0","2","0","3","","","","N","","","","","","","","","",""
"2011105406","","1","0","0","0","0","0","0","0","0","0","0","","02","10","2011","3","40.470333","-79.90867","","11","0","0","0","0","0","0","0","0","1","0","0","0","","","0","","1","","40 28:13.197","2","0","79 54:31.211","0","0","0","0","2301","0","0","0","N","0","0","0","1","02301","0","","1.0","","1","N","N","","0","","0","0","0","3","2","N","","1","0","0","0","0","0","0","2","0","1","","","","N","","","","","","","","","",""
"2011103807","","1","0","0","0","0","0","0","0","0","7","0","","02","10","2011","7","40.354404","-79.900958","","11","0","0","0","0","0","0","0","0","1","0","0","0","","","0","","0","","40 21:15.854","6","7","79 54:03.448","0","0","0","0","2473","0","0","0","N","0","0","0","1","02473","0","","4.0","","1","N","N","","0","","0","0","0","0","0","Y","","1","0","1","0","0","0","0","2","0","1","","","","N","","","","","","","","","",""
"2011105407","","2","0","0","0","0","0","0","0","0","4","0","","02","10","2011","2","40.441826","-79.919885","","11","0","0","0","0","0","1","0","0","","0","0","0","","","0","","1","","40 26:30.573","","0","79 55:11.586","9","0","0","0","2301","0","0","0","N","0","0","0","2","02301","0","","1.0","","1","N","N","","0","","0","0","0","3","2","","","2","0","0","0","0","0","1","2","0","2","","","","N","","","","","","","","","",""
"2011106583","","1","0","0","0","0","0","0","0","0","7","0","","02","10","2011","2","40.621211","-79.96847","","11","0","0","0","0","0","0","0","0","1","0","0","0","","","1","","0","","40 37:16.361","2","0","79 58:06.491","8","0","0","0","2217","0","0","0","N","0","0","0","2","02505","0","","5.0","","1","N","N","","0","","0","0","0","0","0","N","","1","1","0","0","0","1","0","2","0","1","","","","N","","","","","","","","","",""
"2011105262","","1","0","0","0","0","0","0","0","0","7","0","","02","10","2011","1","40.515389","-80.07156","","11","0","0","0","0","0","0","0","0","","0","0","0","","","0","","0","","40 30:55.402","","0","80 04:17.616","0","0","0","0","2211","0","0","0","N","0","0","0","1","02215","0","","2.0","","9","N","N","","0","","0","0","0","0","0","","","1","0","0","0","0","0","0","2","0","1","","","","N","","","","","","","","","",""
"2011106584","","0","0","0","0","0","0","0","0","0","8","0","","02","10","2011","5","40.384931","-79.862769","","11","0","0","0","0","0","0","0","0","","0","0","0","","","1","","1","","40 23:05.750","","0","79 51:45.969","3","0","0","0","2303","1","0","0","N","1","0","0","2","02303","0","","1.0","","9","N","N","","0","","1","0","0","3","2","","","2","1","0","0","0","0","0","2","1","1","","","","N","","","","","","","","","",""
"2011103727","","2","0","0","0","0","0","0","0","0","1","0","","02","10","2011","3","40.438944","-80.072874","","11","0","0","1","0","0","0","0","0","","0","0","0","","","0","","2","","40 26:20.200","","0","80 04:22.348","0","0","0","0","2421","0","0","0","N","0","0","0","3","02421","0","","1.0","","1","N","N","","0","","0","0","0","3","2","","","2","0","0","0","0","0","0","2","0","2","","","","N","","","","","","","","","",""
"2011105264","","0","0","0","0","0","0","0","0","0","0","0","","02","10","2011","2","40.432653","-79.731076","","11","0","0","0","0","0","0","0","0","","0","0","0","","","1","","0","","40 25:57.551","","0","79 43:51.874","4","0","0","1","2446","0","0","0","N","0","0","0","1","02446","1","","1.0","","1","N","N","","0","","0","0","0","0","0","","","1","1","0","0","0","0","0","2","0","1","","","","N","","","","","","","","","",""
"2011104565","","2","0","0","0","0","0","0","0","0","4","0","","02","10","2011","6","40.491481","-79.86589","","11","0","0","0","0","0","0","0","1","","0","0","0","","","0","","1","","40 29:29.330","","0","79 51:57.203","0","0","0","0","2112","0","0","0","N","0","0","0","2","02112","0","","1.0","","1","N","N","","0","","0","0","0","3","2","","","2","0","0","0","0","0","0","2","0","2","","","","N","","","","","","","","","",""
"2011105182","","1","0","0","0","0","0","0","0","0","7","0","","02","10","2011","2","40.435359","-80.012936","","11","0","0","0","0","0","0","0","0","1","0","0","0","","","0","","1","","40 26:07.292","2","0","80 00:46.569","0","0","0","0","2301","0","0","0","N","0","0","0","1","02301","0","","5.0","","1","N","N","","0","","0","0","0","3","2","N","","1","0","0","0","0","0","0","2","0","1","","","","N","","","","","","","","","",""
"2011105985","","1","0","0","0","0","0","0","0","0","8","0","","02","10","2011","4","40.342699","-79.96442","","11","0","0","0","0","0","0","0","0","2","1","0","0","","","0","","0","","40 20:33.717","3","0","79 57:51.911","1","0","0","0","2454","1","1","0","N","1","1","0","2","02454","0","2","1.0","","1","N","N","","0","0","0","0","0","0","0","Y","","2","0","0","0","0","0","0","2","0","1","","","","N","","","","","","","","","",""
"2011104439","","1","0","0","0","0","0","0","0","0","7","0","","02","10","2011","7","40.519786","-79.943196","","11","0","0","0","0","0","0","0","0","3","0","0","0","","","2","","0","","40 31:11.230","5","0","79 56:35.504","8","0","0","0","2118","0","0","0","N","0","0","0","2","02118","0","","5.0","","1","N","N","","0","","0","0","0","0","0","Y","","1","2","0","0","0","2","0","2","0","1","","","","N","","","","","","","","","",""