"CRN","ARRIVAL_TM","AUTOMOBILE_COUNT","BELTED_DEATH_COUNT","BELTED_SUSP_SERIOUS_INJ_COUNT","BICYCLE_COUNT","BICYCLE_DEATH_COUNT","BICYCLE_SUSP_SERIOUS_INJ_COUNT","BUS_COUNT","CHLDPAS_DEATH_COUNT","CHLDPAS_SUSP_SERIOUS_INJ_COUNT","COLLISION_TYPE","COMM_VEH_COUNT","CONS_ZONE_SPD_LIM","COUNTY","CRASH_MONTH","CRASH_YEAR","DAY_OF_WEEK","DEC_LATITUDE","DEC_LONGITUDE","DISPATCH_TM","DISTRICT","DRIVER_COUNT_16YR","DRIVER_COUNT_17YR","DRIVER_COUNT_18YR","DRIVER_COUNT_19YR","DRIVER_COUNT_20YR","DRIVER_COUNT_50_64YR","DRIVER_COUNT_65_74YR","DRIVER_COUNT_75PLUS","EST_HRS_CLOSED","FATAL_COUNT","HEAVY_TRUCK_COUNT","HORSE_BUGGY_COUNT","HOUR_OF_DAY","ILLUMINATION","INJURY_COUNT","INTERSECTION_RELATED","INTERSECT_TYPE","LANE_CLOSED","LATITUDE","LN_CLOSE_DIR","LOCATION_TYPE","LONGITUDE","MAX_SEVERITY_LEVEL","MCYCLE_DEATH_COUNT","MCYCLE_SUSP_SERIOUS_INJ_COUNT","MOTORCYCLE_COUNT","MUNICIPALITY","NONMOTR_COUNT","NONMOTR_DEATH_COUNT","NONMOTR_SUSP_SERIOUS_INJ_COUNT","NTFY_HIWY_MAINT","PED_COUNT","PED_DEATH_COUNT","PED_SUSP_SERIOUS_INJ_COUNT","PERSON_COUNT","POLICE_AGCY","POSSIBLE_INJ_COUNT","RDWY_SURF_TYPE_CD","RELATION_TO_ROAD","ROADWAY_CLEARED","ROAD_CONDITION","SCH_BUS_IND","SCH_ZONE_IND","SECONDARY_CRASH","SMALL_TRUCK_COUNT","SPEC_JURIS_CD","SUSP_MINOR_INJ_COUNT","SUSP_SERIOUS_INJ_COUNT","SUV_COUNT","TCD_FUNC_CD","TCD_TYPE","TFC_DETOUR_IND","TIME_OF_DAY","TOTAL_UNITS","TOT_INJ_COUNT","UNBELTED_OCC_COUNT","UNB_DEATH_COUNT","UNB_SUSP_SERIOUS_INJ_COUNT","UNK_INJ_DEG_COUNT","UNK_INJ_PER_COUNT","URBAN_RURAL","VAN_COUNT","VEHICLE_COUNT","WEATHER1","WEATHER2","WORKERS_PRES","WORK_ZONE_IND","WORK_ZONE_LOC","WORK_ZONE_TYPE","WZ_CLOSE_DETOUR","WZ_FLAGGER","WZ_LAW_OFFCR_IND","WZ_LN_CLOSURE","WZ_MOVING","WZ_OTHER","WZ_SHLDER_MDN","WZ_WORKERS_INJ_KILLED"
"2011104566","","0","0","0","0","0","0","0","0","0","7","0","","02","10","2011","7","40.410224","-79.986411","","11","0","0","0","0","0","0","0","0","","0","0","0","","","1","","0","","40 24:36.805","","0","79 59:11.081","8","0","0","0","2447","0","0","0","N","0","0","0","2","02447","0","","2.0","","1","N","N","","1","","0","0","0","0","0","","","1","1","2","0","0","1","0","2","0","1","","","","N","","","","","","","","","",""
"2011103828","","0","0","0","0","0","0","0","0","0","1","0","","02","10","2011","2","40.395496","-79.804732","","11","0","1","0","0","0","1","0","0","2","0","0","0","","","1","","1","","40 23:43.785","2","0","79 48:17.035","4","0","0","1","2479","0","0","0","N","0","0","0","2","02111","1","","1.0","","1","N","N","","0","","0","0","1","3","2","N","","2","1","0","0","0","0","0","2","0","2","","","","N","","","","","","","","","",""
"2011105333","","0","0","0","0","0","0","0","0","0","1","0","","02","10","2011","2","40.456549","-79.997605","","11","0","0","0","0","0","1","0","0","1","0","0","0","","","0","","1","","40 27:23.575","1","0","79 59:51.378","0","0","0","0","2301","0","0","0","N","0","0","0","2","02301","0","","1.0","","1","N","N","","0","","0","0","2","3","2","N","","2","0","0","0","0","0","0","2","0","2","","","","N","","","","","","","","","",""
"2011104582","","2","0","0","0","0","0","0","0","0","4","0","","02","10","2011","4","40.506733","-80.006887","","11","0","0","0","0","0","1","0","1","","0","0","0","","","0","","1","","40 30:24.237","","0","80 00:24.793","0","0","0","0","2116","0","0","0","Y","0","0","0","2","02116","0","","1.0","","9","N","N","","0","","0","0","0","3","2","","","2","0","0","0","0","0","0","2","0","2","","","","N","","","","","","","","","",""
"2011104652","","0","0","0","0","0","0","0","0","0","4","0","","02","10","2011","3","40.493905","-79.917182","","11","0","0","0","0","0","1","0","0","","0","0","0","","","1","","0","","40 29:38.057","","0","79 55:01.854","4","0","0","0","2461","0","0","0","Y","0","0","0","2","02461","1","","4.0","","1","N","N","","1","","0","0","1","0","0","","","2","1","1","0","0","0","0","2","0","2","","","","N","","","","","","","","","",""
"2011104429","","1","0","0","0","0","0","0","0","0","4","0","","02","10","2011","1","40.401792","-79.911543","","11","0","0","0","0","0","0","0","0","1","0","0","0","","","1","","0","","40 24:06.450","6","0","79 54:41.556","4","0","0","0","2438","0","0","0","N","0","0","0","1","02438","1","","6.0","","1","N","N","","1","","0","0","0","0","0","N","","2","1","1","0","0","0","0","2","0","2","","","","N","","","","","","","","","",""
"2011105196","","2","0","0","0","0","0","0","0","0","1","0","","02","10","2011","6","40.607796","-79.846711","","11","0","0","0","0","0","0","0","1","","0","0","0","","","0","","0","","40 36:28.065","","0","79 50:48.159","0","0","0","0","2220","0","0","0","N","0","0","0","2","02220","0","","1.0","","1","N","N","","0","","0","0","0","0","0","","","2","0","0","0","0","0","0","2","0","2","","","","N","","","","","","","","","",""
"2011105267","","2","0","0","0","0","0","0","0","0","4","0","","02","10","2011","6","40.585503","-80.036023","","11","0","0","1","0","0","1","0","0","1","0","0","0","","","2","","5","","40 35:07.811","2","0","80 02:09.684","3","0","0","0","2108","0","0","0","N","0","0","0","2","02108","1","","1.0","","1","N","N","","0","","1","0","0","3","2","N","","2","2","0","0","0","0","0","2","0","2","","","","N","","","","","","","","","",""
"2011103812","","1","0","0","0","0","0","0","0","0","7","0","","02","10","2011","1","40.323432","-79.814642","","11","0","0","0","0","0","0","0","0","2","0","0","0","","","0","","0","","40 19:24.355","6","0","79 48:52.711","0","0","0","0","2477","0","0","0","N","0","0","0","1","02477","0","","4.0","","1","N","N","","0","","0","0","0","0","0","Y","","1","0","0","0","0","0","0","2","0","1","","","","N","","","","","","","","","",""
"2011103830","","2","0","0","0","0","0","0","0","0","5","0","","02","10","2011","4","40.42182","-79.992949","","11","0","0","0","0","0","0","0","0","2","0","0","0","","","0","","0","","40 25:18.552","1","0","79 59:34.616","0","0","0","0","2301","0","0","0","N","0","0","0","2","02301","0","","2.0","","9","N","N","","0","","0","0","1","0","0","N","","3","0","0","0","0","0","0","2","0","3","","","","N","","","","","","","","","",""
"2011105863","","1","0","0","0","0","0","0","0","0","1","0","","02","9","2011","5","40.428085","-79.955188","","11","0","0","0","0","0","0","0","0","2","0","0","0","","","1","","0","","40 25:41.106","3","0","79 57:18.678","4","0","0","0","2301","0","0","0","N","0","0","0","3","68B03","1","","1.0","","9","N","N","","0","","0","0","1","0","0","N","","2","1","0","0","0","0","0","2","0","2","","","","N","","","","","","","","","",""
"2011105989","","1","0","0","0","0","0","0","0","0","7","0","","02","10","2011","4","40.401598","-79.996953","","11","0","0","0","0","0","0","0","0","1","0","0","0","","","0","","0","","40 24:05.753","2","0","79 59:49.032","0","0","0","0","2301","0","0","0","N","0","0","0","1","02301","0","","2.0","","1","N","N","","1","","0","0","0","0","0","N","","2","0","0","0","0","0","0","2","0","2","","","","N","","","","","","","","","",""
"2011106001","","1","0","0","0","0","0","0","0","0","1","0","90","02","10","2011","3","40.431078","-80.026378","","11","0","0","0","0","0","0","0","0","","0","0","0","","","0","","0","","40 25:51.880","","0","80 01:34.961","0","0","0","0","2301","0","0","0","Y","0","0","0","2","02301","0","","1.0","","1","N","N","","0","","0","0","0","0","0","","","2","0","0","0","0","0","0","2","1","2","","","Y","Y","8","2","","","N","Y","","","Y",""
"2011105268","","2","0","0","0","0","0","0","0","0","1","0","","02","10","2011","5","40.456168","-80.167463","","11","0","0","0","0","0","0","0","0","1","0","0","0","","","0","","2","","40 27:22.203","4","0","80 10:02.866","0","0","0","0","2115","0","0","0","N","0","0","0","2","02115","0","","1.0","","9","N","N","","0","","0","0","0","3","2","N","","2","0","1","0","0","0","0","2","0","2","","","","N","","","","","","","","","",""
"2011105864","","1","0","0","0","0","0","0","0","0","7","0","","02","10","2011","7","40.444057","-80.009208","","11","0","0","0","0","0","0","0","0","","0","0","0","","","1","","0","","40 26:38.604","","3","80 00:33.150","4","0","0","0","2301","0","0","0","Y","0","0","0","1","68B03","1","","2.0","","1","N","N","","0","","0","0","0","0","0","","","1","1","0","0","0","0","0","2","0","1","","","","N","","","","","","","","","",""
"2011106002","","2","0","0","0","0","0","0","0","0","4","0","","02","10","2011","6","40.626185","-80.056151","","11","0","0","0","0","0","0","0","0","","0","0","0","","","0","","1","","40 37:34.267","","0","80 03:22.142","9","0","0","0","2216","0","0","0","N","0","0","0","2","02505","0","","1.0","","9","N","N","","0","","0","0","0","3","3","","","2","0","0","0","0","0","1","2","0","2","","","","N","","","","","","","","","",""
"2011105269","","0","0","0","0","0","0","0","0","0","4","0","","02","10","2011","6","40.449096","-80.119429","","11","0","0","0","0","0","1","0","0","1","0","0","0","","","1","","1","","40 26:56.744","6","0","80 07:09.946","3","0","0","1","2115","0","0","0","N","0","0","0","2","02115","0","","1.0","","1","N","N","","1","","1","0","0","3","3","N","","2","1","0","0","0","0","0","2","0","2","","","","N","","","","","","","","","",""
"2011104585","","1","0","0","0","0","0","0","0","0","4","0","","02","10","2011","6","40.392045","-79.885157","","11","0","0","0","0","0","0","0","0","","0","0","0","","","0","","3","","40 23:31.362","","0","79 53:06.565","0","0","0","0","2473","0","0","0","N","0","0","0","2","02473","0","","1.0","","1","N","N","","0","","0","0","1","0","0","","","2","0","0","0","0","0","0","2","0","2","","","","N","","","","","","","","","",""
"2011104444","","2","0","0","0","0","0","0","0","0","1","0","","02","10","2011","4","40.310437","-79.937571","","11","0","0","0","0","0","1","0","0","","0","0","0","","","0","","3","","40 18:37.572","","0","79 56:15.255","0","0","0","0","2440","0","0","0","N","0","0","0","2","02440","0","","1.0","","9","N","N","","0","","0","0","0","3","3","","","2","0","0","0","0","0","0","2","0","2","","","","N","","","","","","","","","",""
"2011105270","","1","0","0","0","0","0","0","0","0","7","0","","02","10","2011","4","40.476957","-80.200303","","11","0","0","0","0","0","1","0","0","2","0","0","0","","","0","","7","","40 28:37.045","4","2","80 12:01.092","0","0","0","0","2213","0","0","0","N","0","0","0","1","02213","0","","1.0","","9","N","N","","0","","0","0","0","0","0","N","","1","0","0","0","0","0","0","2","0","1","","","","N","","","","","","","","","",""
"2011103956","","1","0","0","0","0","0","0","0","0","5","0","","02","10","2011","5","40.621775","-79.926323","","11","0","0","0","0","0","0","0","0","2","0","0","0","","","0","","0","","40 37:18.390","5","0","79 55:34.762","0","0","0","0","2217","0","0","0","N","0","0","0","2","02505","0","","1.0","","9","N","N","","0","","0","0","1","3","2","Y","","2","0","0","0","0","0","0","2","0","2","","","","N","","","","","","","","","",""
"2011106591","","1","0","0","0","0","0","0","0","0","2","1","","02","10","2011","5","40.393852","-80.046304","","11","0","0","0","0","0","0","0","0","1","0","1","0","","","1","","3","","40 23:37.868","2","0","80 02:46.694","3","0","0","0","2109","0","0","0","N","0","0","0","2","02109","0","","1.0","","9","N","N","","0","","1","0","0","3","2","Y","","2","1","0","0","0","0","0","2","0","2","","","","N","","","","","","","","","",""
"2011105271","","0","0","0","0","0","0","0","0","0","1","0","","02","10","2011","6","40.487873","-80.189149","","11","0","0","0","0","0","2","0","0","","0","0","0","","","1","","0","","40 29:16.344","","0","80 11:20.935","4","0","0","0","2213","0","0","0","N","0","0","0","2","02213","1","","1.0","","1","N","N","","1","","0","0","1","9","2","","","2","1","0","0","0","0","0","2","0","2","","","","N","","","","","","","","","",""
"2011106070","","1","0","0","0","0","0","0","0","0","4","0","","02","10","2011","4","40.366002","-79.949448","","11","0","0","0","0","0","0","0","1","2","0","0","0","","","2","","2","","40 21:57.607","4","0","79 56:58.013","4","0","0","0","2403","0","0","0","N","0","0","0","3","02403","1","","1.0","","1","N","N","","0","","0","0","1","0","0","Y","","2","2","0","0","0","1","0","2","0","2","","","","N","","","","","","","","","",""
"2011105272","","1","0","0","0","0","0","0","0","0","1","0","","02","10","2011","6","40.458218","-80.186225","","11","0","0","0","0","0","0","0","0","2","0","0","0","","","0","","3","","40 27:29.583","4","2","80 11:10.409","0","0","0","0","2213","0","0","0","N","0","0","0","2","02213","0","","1.0","","1","N","N","","0","","0","0","1","3","2","N","","2","0","0","0","0","0","0","2","0","2","","","","N","","","","","","","","","",""
"2011103835","","1","0","0","0","0","0","0","0","0","1","0","","02","10","2011","4","40.37508","-80.095584","","11","0","0","0","0","0","1","0","0","","0","0","0","","","0","","0","","40 22:30.288","","0","80 05:44.102","0","0","0","0","2117","0","0","0","N","0","0","0","3","02117","0","","1.0","","9","N","N","","0","","0","0","1","0","0","","","2","0","0","0","0","0","0","2","0","2","","","","N","","","","","","","","","",""
"2011104588","","2","0","0","0","0","0","0","0","0","1","0","","02","10","2011","6","40.507939","-79.989966","","11","0","0","0","0","0","1","0","0","","0","0","0","","","0","","2","","40 30:28.581","","0","79 59:23.879","0","0","0","0","2116","0","0","0","N","0","0","0","2","02116","0","","1.0","","1","N","N","","0","","0","0","0","0","0","","","2","0","0","0","0","0","0","2","0","2","","","","N","","","","","","","","","",""
"2011106674","","1","0","0","0","0","0","0","0","0","1","1","","02","10","2011","4","40.425454","-79.754386","","11","0","0","0","0","0","0","0","0","1","0","1","0","","","0","","0","","40 25:31.636","2","0","79 45:15.789","0","0","0","0","2446","0","0","0","N","0","0","0","2","02446","0","","1.0","","9","N","N","","0","","0","0","0","0","0","N","","2","0","0","0","0","0","0","2","0","2","","","","N","","","","","","","","","",""
"2011103685","","1","0","0","0","0","0","0","0","0","8","0","","02","10","2011","5","40.481743","-80.033948","","11","0","0","0","0","0","1","0","0","1","0","0","0","","","1","","1","","40 28:54.274","1","0","80 02:02.212","8","0","0","0","2301","1","0","0","N","1","0","0","2","02301","0","","1.0","","1","N","N","","0","","0","0","0","3","2","N","","2","1","0","0","0","1","0","2","0","1","","","","N","","","","","","","","","",""
"2011103837","","1","0","0","0","0","0","0","0","0","4","0","","02","10","2011","6","40.465982","-80.137681","","11","0","0","0","0","0","0","1","0","","0","0","0","","","0","","1","","40 27:57.535","","0","80 08:15.651","0","0","0","0","2115","0","0","0","N","0","0","0","3","02115","0","","1.0","","1","N","N","","0","","0","0","1","3","2","","","2","0","0","0","0","0","0","2","0","2","","","","N","","","","","","","","","",""
"2011103960","","0","0","0","0","0","0","0","0","0","1","0","","02","10","2011","5","40.591279","-79.948092","","11","0","0","0","0","0","1","1","0","","0","0","0","","","2","","1","","40 35:28.604","","0","79 56:53.131","8","0","0","0","2207","0","0","0","N","0","0","0","4","02207","0","","1.0","","9","N","N","","2","","0","0","1","3","2","","","3","2","0","0","0","2","0","2","0","3","","","","N","","","","","","","","","",""
"2011106676","","0","0","0","0","0","0","0","0","0","7","0","","02","10","2011","5","40.446865","-80.210979","","11","0","0","0","0","0","0","0","0","","0","0","0","","","2","","0","","40 26:48.713","","0","80 12:39.526","2","0","0","0","2214","0","0","0","N","0","0","0","2","02214","1","","5.0","","9","N","N","","0","","0","1","1","0","0","","","1","2","2","0","1","0","0","2","0","1","","","","N","","","","","","","","","",""
"2011103838","","1","0","0","0","0","0","0","0","0","1","0","","02","10","2011","6","40.465982","-80.137681","","11","0","0","0","0","0","0","0","0","","0","0","0","","","1","","1","","40 27:57.535","","0","80 08:15.651","4","0","0","0","2115","0","0","0","N","0","0","0","2","02115","1","","1.0","","1","N","N","","1","","0","0","0","3","2","","","2","1","0","0","0","0","0","2","0","2","","","","N","","","","","","","","","",""
"2011103839","","0","0","0","0","0","0","0","0","0","7","0","","02","9","2011","4","40.314194","-80.019682","","11","0","0","0","0","0","0","0","0","3","0","0","0","","","1","","0","","40 18:51.099","2","0","80 01:10.855","2","0","0","0","2407","0","0","0","N","0","0","0","1","02407","0","","2.0","","1","N","N","","1","","0","1","0","0","0","Y","","1","1","1","0","1","0","0","2","0","1","","","","N","","","","","","","","","",""
"2011103962","","1","0","0","0","0","0","0","0","0","4","0","","02","10","2011","5","40.374549","-80.093117","","11","0","0","0","1","0","0","1","0","","0","0","0","","","0","","2","","40 22:28.375","","0","80 05:35.222","0","0","0","0","2117","0","0","0","N","0","0","0","3","02117","0","","1.0","","9","N","N","","1","","0","0","1","3","3","","","3","0","1","0","0","0","0","2","0","3","","","","N","","","","","","","","","",""
"2011103840","","2","0","0","0","0","0","0","0","0","4","0","","02","10","2011","3","40.327711","-80.04098","","11","0","0","0","0","0","1","0","1","","0","0","0","","","0","","2","","40 19:39.760","","0","80 02:27.528","0","0","0","0","2407","0","0","0","N","0","0","0","2","02407","0","","1.0","","1","N","N","","0","","0","0","0","3","2","","","2","0","0","0","0","0","0","2","0","2","","","","N","","","","","","","","","",""
"2011105209","","0","0","0","0","0","0","0","0","0","4","0","","02","10","2011","2","","","","11","0","0","0","0","0","0","0","0","","0","0","0","","","0","","0","","","","7","","0","0","0","0","2301","0","0","0","N","0","0","0","2","02301","0","","1.0","","1","N","N","","0","","0","0","2","0","0","","","2","0","0","0","0","0","0","1","0","2","","","","N","","","","","","","","","",""
"2011104679","","2","0","0","0","0","0","0","0","0","1","0","","02","10","2011","7","40.441939","-79.956424","","11","0","0","0","0","0","0","0","0","1","0","0","0","","","0","","0","","40 26:30.982","3","0","79 57:23.128","0","0","0","0","2301","0","0","0","N","0","0","0","2","02301","0","","1.0","","1","N","N","","0","","0","0","0","0","0","N","","2","0","0","0","0","0","0","2","0","2","","","","N","","","","","","","","","",""
"2011105211","","1","0","0","0","0","0","0","0","0","7","0","","02","10","2011","4","40.655253","-80.010209","","11","0","0","0","0","0","0","0","0","","0","0","0","","","0","","2","","40 39:18.909","","0","80 00:36.753","0","0","0","0","2216","0","0","0","N","0","0","0","1","02505","0","","2.0","","9","N","N","","0","","0","0","0","0","0","","","1","0","0","0","0","0","0","1","0","1","","","","N","","","","","","","","","",""
"2011103843","","0","0","0","0","0","0","0","0","0","0","0","","02","10","2011","3","40.475781","-79.752602","","11","0","0","0","0","0","0","0","0","1","0","0","0","","","1","","0","","40 28:32.811","5","0","79 45:09.367","3","0","0","1","2466","0","0","0","N","0","0","0","1","02466","0","","2.0","","1","N","N","","0","","1","0","0","0","0","N","","1","1","0","0","0","0","0","2","0","1","","","","N","","","","","","","","","",""
"2011104681","","1","0","0","0","0","0","0","0","0","7","0","","02","8","2011","1","40.429921","-79.808469","","11","0","0","0","0","0","0","0","0","3","1","0","0","","","0","","2","","40 25:47.716","3","0","79 48:30.489","1","0","0","0","2124","0","0","0","N","0","0","0","1","02124","0","2","4.0","","1","N","N","","0","0","0","0","0","0","0","Y","","1","0","1","1","0","0","0","2","0","1","","","","N","","","","","","","","","",""
"2011104392","","1","0","0","0","0","0","0","0","0","4","0","","02","10","2011","5","40.385856","-79.832779","","11","0","0","0","0","0","1","0","0","","0","0","0","","","2","","2","","40 23:09.081","","0","79 49:58.004","8","0","0","0","2111","0","0","0","N","0","0","0","2","02111","0","","1.0","","9","N","N","","0","","0","0","1","3","3","","","2","2","2","0","0","2","0","2","0","2","","","","N","","","","","","","","","",""
"2011103692","","0","0","0","0","0","0","0","0","0","4","0","","02","10","2011","4","40.489351","-79.820068","","11","0","0","0","0","0","0","0","0","","0","0","0","","","0","","1","","40 29:21.662","","0","79 49:12.244","0","0","0","0","2113","0","0","0","N","0","0","0","3","02113","0","","1.0","","1","N","N","","0","","0","0","2","0","0","","","2","0","0","0","0","0","0","2","0","2","","","","N","","","","","","","","","",""
"2011104693","","1","0","0","0","0","0","0","0","0","7","0","","02","10","2011","7","40.588846","-79.886699","","11","0","0","0","0","0","0","1","0","","0","0","0","","","0","","0","","40 35:19.846","","0","79 53:12.118","9","0","0","0","2209","0","0","0","N","0","0","0","1","02209","0","","2.0","","1","N","N","","0","","0","0","0","0","0","","","1","0","0","0","0","0","1","1","0","1","","","","N","","","","","","","","","",""
"2011105951","","2","0","0","0","0","0","0","0","0","4","0","","02","10","2011","3","40.464517","-79.709562","","11","0","0","0","0","0","0","0","0","","0","0","0","","","1","","2","","40 27:52.261","","0","79 42:34.423","4","0","0","0","2466","0","0","0","N","0","0","0","2","02466","1","","1.0","","3","N","N","","0","","0","0","0","3","3","","","2","1","0","0","0","0","0","2","0","2","","","","N","","","","","","","","","",""
"2011103694","","2","0","0","0","0","0","0","0","0","1","0","","02","10","2011","4","40.244452","-79.860146","","11","0","0","0","0","0","1","0","0","1","0","0","0","","","2","","2","","40 14:40.028","5","0","79 51:36.524","8","0","0","0","2105","0","0","0","N","0","0","0","2","02105","0","","1.0","","9","N","N","","0","","0","0","0","0","0","Y","","2","2","0","0","0","2","0","1","0","2","","","","N","","","","","","","","","",""
"2011104671","","3","0","0","0","0","0","0","0","0","1","0","","02","10","2011","7","40.441717","-80.239486","","11","0","0","0","0","0","2","0","0","","0","0","0","","","2","","1","","40 26:30.180","","0","80 14:22.150","3","0","0","0","2214","0","0","0","N","0","0","0","7","02214","0","","1.0","","1","N","N","","1","","1","0","0","3","2","","","4","2","0","0","0","1","0","2","0","4","","","","N","","","","","","","","","",""
"2011104602","","1","0","0","0","0","0","0","0","0","4","0","","02","10","2011","4","40.538827","-79.990138","","11","0","0","0","0","0","2","0","0","","0","0","0","","","0","","2","","40 32:19.777","","0","79 59:24.496","0","0","0","0","2116","0","0","0","N","0","0","0","2","02116","0","","1.0","","9","N","N","","0","","0","0","1","3","3","","","2","0","0","0","0","0","0","2","0","2","","","","N","","","","","","","","","",""
"2011103696","","1","0","0","0","0","0","0","0","0","4","1","","02","10","2011","5","40.421081","-80.00248","","11","0","0","0","0","0","1","1","0","","0","0","0","","","0","","1","","40 25:15.891","","0","80 00:08.928","0","0","0","0","2301","0","0","0","N","0","0","0","3","02301","0","","1.0","","1","Y","N","","0","","0","0","0","3","3","","","2","0","1","0","0","0","0","2","1","2","","","","N","","","","","","","","","",""
"2011104458","","2","0","0","0","0","0","0","0","0","1","0","","02","10","2011","3","40.426951","-80.030881","","11","0","0","0","0","0","3","0","0","1","0","0","0","","","0","","0","","40 25:37.024","4","0","80 01:51.171","0","0","0","0","2301","0","0","0","N","0","0","0","5","68B03","0","","1.0","","9","N","N","","0","","0","0","3","0","0","N","","5","0","0","0","0","0","0","2","0","5","","","","N","","","","","","","","","",""
"2011105367","","1","0","0","0","0","0","0","0","0","7","0","","02","10","2011","2","40.423379","-79.946822","","11","0","0","0","0","0","0","0","0","","0","0","0","","","0","","2","","40 25:24.164","","0","79 56:48.559","0","0","0","0","2301","0","0","0","N","0","0","0","1","02301","0","","2.0","","1","N","N","","0","","0","0","0","3","3","","","1","0","0","0","0","0","0","2","0","1","","","","N","","","","","","","","","",""
"2011104381","","1","0","0","0","0","0","0","0","0","1","0","","02","9","2011","5","40.406285","-79.840108","","11","0","0","0","0","0","0","0","0","","0","0","0","","","0","","0","","40 24:22.627","","0","79 50:24.387","9","0","0","0","2449","0","0","0","N","0","0","0","1","02449","0","","1.0","","1","N","N","","0","","0","0","0","0","0","","","2","0","0","0","0","0","1","2","1","2","","","","N","","","","","","","","","",""
"2011104459","","2","0","0","0","0","0","0","0","0","1","0","","02","10","2011","3","40.413212","-80.064993","","11","0","0","0","0","0","1","1","0","","0","0","0","","","0","","0","","40 24:47.564","","0","80 03:53.973","0","0","0","0","2435","0","0","0","N","0","0","0","3","68B03","0","","1.0","","1","N","N","","1","","0","0","0","0","0","","","3","0","0","0","0","0","0","2","0","3","","","","N","","","","","","","","","",""
"2011105956","","2","0","0","0","0","0","0","0","0","1","0","","02","10","2011","3","40.515699","-80.009602","","11","0","0","0","0","1","1","0","0","","0","0","0","","","1","","2","","40 30:56.516","","0","80 00:34.566","4","0","0","0","2116","0","0","0","N","0","0","0","3","02116","1","","1.0","","1","N","N","","0","","0","0","1","3","2","","","3","1","0","0","0","0","0","2","0","3","","","","N","","","","","","","","","",""
"2011104460","","2","0","0","0","0","0","0","0","0","1","1","","02","10","2011","4","40.421984","-80.030663","","11","0","0","0","0","0","1","0","0","","0","1","0","","","1","","0","","40 25:19.142","","0","80 01:50.386","8","0","0","0","2301","0","0","0","N","0","0","0","6","68B03","0","","1.0","","9","N","N","","0","","0","0","1","0","0","","","4","1","0","0","0","1","0","2","0","4","","","","N","","","","","","","","","",""
"2011104383","","1","0","0","1","0","0","0","0","0","8","0","","02","10","2011","6","40.44796","-79.947695","","11","0","0","0","0","0","1","0","0","","0","0","0","","","1","","2","","40 26:52.656","","0","79 56:51.702","4","0","0","0","2301","1","0","0","N","0","0","0","2","02301","1","","1.0","","1","N","N","","0","","0","0","0","3","3","","","2","1","0","0","0","0","0","2","0","1","","","","N","","","","","","","","","",""
"2011104461","","2","0","0","0","0","0","0","0","0","1","0","","02","10","2011","6","40.440224","-79.860033","","11","0","0","0","0","0","1","0","0","","0","0","0","","","1","","0","","40 26:24.806","","0","79 51:36.117","8","0","0","0","2419","0","0","0","N","0","0","0","5","68B03","0","","1.0","","9","N","N","","1","","0","0","0","0","0","","","3","1","0","0","0","1","0","2","0","3","","","","N","","","","","","","","","",""
"2011106021","","1","0","0","0","0","0","0","0","0","1","0","","02","10","2011","4","40.404265","-80.090888","","11","0","0","0","0","0","0","0","0","","0","0","0","","","3","","1","","40 24:15.354","","0","80 05:27.196","4","0","0","0","2415","0","0","0","N","0","0","0","6","02415","3","","1.0","","1","N","N","","0","","0","0","0","0","0","","","2","3","1","0","0","0","0","2","1","2","","","","N","","","","","","","","","",""
"2011104608","","1","0","0","0","0","0","0","0","0","1","0","","02","10","2011","6","40.436346","-79.784107","","11","0","0","1","0","0","1","0","0","1","0","0","0","","","1","","0","","40 26:10.847","4","0","79 47:02.786","4","0","0","0","2446","0","0","0","N","0","0","0","4","02446","1","","1.0","","1","N","N","","0","","0","0","2","0","0","N","","3","1","0","0","0","0","0","2","0","3","","","","N","","","","","","","","","",""
"2011105385","","2","0","0","0","0","0","0","0","0","4","0","","02","10","2011","3","40.437151","-79.998411","","11","0","0","0","0","0","0","0","0","","0","0","0","","","2","","1","","40 26:13.743","","0","79 59:54.279","4","0","0","0","2301","0","0","0","N","0","0","0","5","02301","2","","1.0","","1","N","N","","0","","0","0","0","3","2","","","2","2","1","0","0","0","0","2","0","2","","","","N","","","","","","","","","",""
"2011106042","","1","0","0","0","0","0","0","0","0","4","0","","02","10","2011","7","40.452476","-80.172505","","11","0","0","0","0","0","0","1","0","","0","0","0","","","2","","1","","40 27:08.912","","2","80 10:21.017","4","0","0","0","2214","0","0","0","N","0","0","0","5","02214","1","","1.0","","1","N","N","","1","","0","0","0","3","2","","","3","2","0","0","0","1","1","2","1","3","","","","N","","","","","","","","","",""
"2011105374","","1","0","0","0","0","0","0","0","0","7","0","","02","10","2011","2","40.525786","-79.841725","","11","0","0","0","0","0","0","0","0","","0","0","0","","","0","","0","","40 31:32.829","","0","79 50:30.209","0","0","0","0","2451","0","0","0","N","0","0","0","1","02451","0","","4.0","","1","N","N","","0","","0","0","0","0","0","","","1","0","0","0","0","0","0","2","0","1","","","","N","","","","","","","","","",""
"2011105386","","0","0","0","0","0","0","0","0","0","4","0","","02","10","2011","5","40.40254","-79.907583","","11","0","0","0","0","0","1","0","0","1","0","0","0","","","0","","1","","40 24:09.144","6","0","79 54:27.298","0","0","0","0","2438","0","0","0","N","0","0","0","2","02438","0","","1.0","","1","N","N","","0","","0","0","1","3","3","Y","","2","0","0","0","0","0","0","2","1","2","","","","N","","","","","","","","","",""