"CRN","ARRIVAL_TM","AUTOMOBILE_COUNT","BELTED_DEATH_COUNT","BELTED_SUSP_SERIOUS_INJ_COUNT","BICYCLE_COUNT","BICYCLE_DEATH_COUNT","BICYCLE_SUSP_SERIOUS_INJ_COUNT","BUS_COUNT","CHLDPAS_DEATH_COUNT","CHLDPAS_SUSP_SERIOUS_INJ_COUNT","COLLISION_TYPE","COMM_VEH_COUNT","CONS_ZONE_SPD_LIM","COUNTY","CRASH_MONTH","CRASH_YEAR","DAY_OF_WEEK","DEC_LATITUDE","DEC_LONGITUDE","DISPATCH_TM","DISTRICT","DRIVER_COUNT_16YR","DRIVER_COUNT_17YR","DRIVER_COUNT_18YR","DRIVER_COUNT_19YR","DRIVER_COUNT_20YR","DRIVER_COUNT_50_64YR","DRIVER_COUNT_65_74YR","DRIVER_COUNT_75PLUS","EST_HRS_CLOSED","FATAL_COUNT","HEAVY_TRUCK_COUNT","HORSE_BUGGY_COUNT","HOUR_OF_DAY","ILLUMINATION","INJURY_COUNT","INTERSECTION_RELATED","INTERSECT_TYPE","LANE_CLOSED","LATITUDE","LN_CLOSE_DIR","LOCATION_TYPE","LONGITUDE","MAX_SEVERITY_LEVEL","MCYCLE_DEATH_COUNT","MCYCLE_SUSP_SERIOUS_INJ_COUNT","MOTORCYCLE_COUNT","MUNICIPALITY","NONMOTR_COUNT","NONMOTR_DEATH_COUNT","NONMOTR_SUSP_SERIOUS_INJ_COUNT","NTFY_HIWY_MAINT","PED_COUNT","PED_DEATH_COUNT","PED_SUSP_SERIOUS_INJ_COUNT","PERSON_COUNT","POLICE_AGCY","POSSIBLE_INJ_COUNT","RDWY_SURF_TYPE_CD","RELATION_TO_ROAD","ROADWAY_CLEARED","ROAD_CONDITION","SCH_BUS_IND","SCH_ZONE_IND","SECONDARY_CRASH","SMALL_TRUCK_COUNT","SPEC_JURIS_CD","SUSP_MINOR_INJ_COUNT","SUSP_SERIOUS_INJ_COUNT","SUV_COUNT","TCD_FUNC_CD","TCD_TYPE","TFC_DETOUR_IND","TIME_OF_DAY","TOTAL_UNITS","TOT_INJ_COUNT","UNBELTED_OCC_COUNT","UNB_DEATH_COUNT","UNB_SUSP_SERIOUS_INJ_COUNT","UNK_INJ_DEG_COUNT","UNK_INJ_PER_COUNT","URBAN_RURAL","VAN_COUNT","VEHICLE_COUNT","WEATHER1","WEATHER2","WORKERS_PRES","WORK_ZONE_IND","WORK_ZONE_LOC","WORK_ZONE_TYPE","WZ_CLOSE_DETOUR","WZ_FLAGGER","WZ_LAW_OFFCR_IND","WZ_LN_CLOSURE","WZ_MOVING","WZ_OTHER","WZ_SHLDER_MDN","WZ_WORKERS_INJ_KILLED"
"2011105568","","1","0","0","0","0","0","0","0","0","1","0","","02","10","2011","1","40.430016","-80.027601","","11","0","0","0","0","0","0","0","0","","0","0","0","","","0","","0","","40 25:48.056","","0","80 01:39.364","0","0","0","0","2301","0","0","0","N","0","0","0","2","68B03","0","","1.0","","1","N","N","","0","","0","0","1","0","0","","","2","0","0","0","0","0","0","2","0","2","","","","N","","","","","","","","","",""
"2011112509","","2","0","0","0","0","0","0","0","0","1","0","","02","10","2011","2","40.458331","-79.906145","","11","0","0","0","0","0","0","0","0","","0","0","0","","","0","","2","","40 27:29.991","","0","79 54:22.122","0","0","0","0","2301","0","0","0","N","0","0","0","6","02301","0","","4.0","","1","N","N","","0","","0","0","0","0","0","","","2","0","0","0","0","0","0","2","0","2","","","","N","","","","","","","","","",""
"2011110279","","1","0","0","0","0","0","0","0","0","6","1","","02","10","2011","5","40.319034","-79.899007","","11","0","0","0","0","0","0","0","0","","0","1","0","","","0","","0","","40 19:08.524","","1","79 53:56.426","9","0","0","0","2440","0","0","0","N","0","0","0","2","02440","0","","1.0","","9","N","N","","0","","0","0","0","0","0","","","2","0","0","0","0","0","1","2","0","2","","","","N","","","","","","","","","",""
"2011111030","","1","0","0","0","0","0","0","0","0","7","0","","02","10","2011","2","40.507211","-79.722754","","11","0","0","0","0","0","0","0","0","","0","0","0","","","0","","0","","40 30:25.960","","0","79 43:21.915","0","0","0","0","2466","0","0","0","N","0","0","0","1","02466","0","","2.0","","1","N","N","","0","","0","0","0","0","0","","","2","0","0","0","0","0","0","1","0","1","","","","N","","","","","","","","","",""
"2011105569","","1","0","0","0","0","0","0","0","0","7","0","","02","10","2011","5","40.550403","-80.086686","","11","0","0","0","0","0","0","0","0","","0","0","0","","","0","","0","","40 33:01.451","","0","80 05:12.068","0","0","0","0","2215","0","0","0","N","0","0","0","1","68B03","0","","2.0","","1","N","N","","0","","0","0","0","0","0","","","1","0","1","0","0","0","0","2","0","1","","","","N","","","","","","","","","",""
"2011105570","","2","0","0","0","0","0","0","0","0","1","0","35","02","10","2011","5","40.444667","-79.772735","","11","0","0","0","0","0","0","0","0","","0","0","0","","","1","","0","","40 26:40.800","","0","79 46:21.847","4","0","0","0","2446","0","0","0","N","0","0","0","2","68B03","1","","1.0","","9","N","N","","0","","0","0","0","0","0","","","2","1","0","0","0","0","0","2","0","2","","","N","Y","2","1","N","N","N","Y","N","N","N",""
"2011111762","","3","0","0","0","0","0","0","0","0","4","0","","02","11","2011","3","40.453041","-79.930487","","11","0","0","0","0","0","1","0","0","","0","0","0","","","0","","1","","40 27:10.947","","0","79 55:49.753","0","0","0","0","2301","0","0","0","N","0","0","0","4","02301","0","","1.0","","1","N","N","","0","","0","0","0","3","3","","","3","0","0","0","0","0","0","2","0","3","","","","N","","","","","","","","","",""
"2011111034","","1","0","0","0","0","0","0","0","0","6","0","","02","10","2011","2","40.429286","-79.999241","","11","0","0","0","0","0","1","0","0","","0","0","0","","","0","","1","","40 25:45.428","","3","79 59:57.266","0","0","0","0","2301","0","0","0","N","0","0","0","2","02301","0","","1.0","","1","N","N","","0","","0","0","1","3","2","","","2","0","0","0","0","0","0","2","0","2","","","","N","","","","","","","","","",""
"2011104043","","1","0","0","0","0","0","0","0","0","4","0","","02","10","2011","5","40.356969","-80.028463","","11","0","0","0","0","0","1","0","0","","0","0","0","","","0","","2","","40 21:25.087","","0","80 01:42.468","0","0","0","0","2416","0","0","0","N","0","0","0","2","02416","0","","1.0","","1","N","N","","1","","0","0","0","3","3","","","2","0","0","0","0","0","0","2","0","2","","","","N","","","","","","","","","",""
"2011111035","","1","0","0","0","0","0","0","0","0","4","0","","02","10","2011","2","40.338199","-79.968618","","11","0","0","0","0","0","0","1","1","1","0","0","0","","","2","","0","","40 20:17.517","3","7","79 58:07.025","4","0","0","0","2454","0","0","0","N","0","0","0","4","02454","2","","1.0","","1","N","N","","0","","0","0","1","0","0","N","","2","2","0","0","0","0","0","2","0","2","","","","N","","","","","","","","","",""
"2011105441","","0","0","0","1","0","0","0","0","0","8","0","","02","10","2011","3","40.461321","-79.967646","","11","0","0","0","0","0","0","0","0","","0","0","0","","","1","","0","","40 27:40.755","","7","79 58:03.525","3","0","0","0","2301","1","0","0","N","0","0","0","2","02301","0","","1.0","","1","N","N","","1","","1","0","0","0","0","","","2","1","0","0","0","0","0","2","0","1","","","","N","","","","","","","","","",""
"2011105509","","2","0","0","0","0","0","0","0","0","4","0","","02","10","2011","2","40.45082","-79.713563","","11","0","0","0","0","0","0","0","0","2","0","0","0","","","1","","1","","40 27:02.952","4","0","79 42:48.828","4","0","0","0","2466","0","0","0","N","0","0","0","2","02466","1","","1.0","","1","N","N","","0","","0","0","0","3","2","N","","2","1","0","0","0","0","0","2","0","2","","","","N","","","","","","","","","",""
"2011111765","","1","0","0","0","0","0","0","0","0","7","0","","02","11","2011","3","40.521012","-79.97162","","11","0","0","0","0","0","0","0","0","1","0","0","0","","","1","","0","","40 31:15.642","5","0","79 58:17.833","4","0","0","0","2118","0","0","0","N","0","0","0","1","02118","1","","5.0","","1","N","N","","0","","0","0","0","0","0","Y","","1","1","0","0","0","0","0","2","0","1","","","","N","","","","","","","","","",""
"2011110283","","3","0","0","0","0","0","0","0","0","1","0","","02","10","2011","7","40.433469","-79.996246","","11","0","0","0","0","0","0","0","0","","0","0","0","","","0","","0","","40 26:00.490","","3","79 59:46.485","0","0","0","0","2301","0","0","0","N","0","0","0","3","02301","0","","1.0","","9","N","N","","0","","0","0","0","0","0","","","3","0","0","0","0","0","0","2","0","3","","","","N","","","","","","","","","",""
"2011104743","","1","0","0","0","0","0","0","0","0","7","0","","02","10","2011","7","40.573445","-80.073908","","11","0","0","0","0","0","0","0","0","1","0","0","0","","","0","","0","","40 34:24.402","3","0","80 04:26.069","0","0","0","0","2481","0","0","0","N","0","0","0","1","02481","0","","2.0","","1","N","N","","0","","0","0","0","0","0","N","","1","0","1","0","0","0","0","2","0","1","","","","N","","","","","","","","","",""
"2011105510","","0","0","0","0","0","0","0","0","0","8","0","","02","10","2011","2","40.554404","-80.021167","","11","0","0","0","0","0","1","0","0","1","0","0","0","","","1","","0","","40 33:15.854","1","0","80 01:16.200","8","0","0","0","2108","1","0","0","N","1","0","0","4","02116","0","","1.0","","1","N","N","","0","","0","0","1","0","0","N","","3","1","0","0","0","1","0","2","1","2","","","","N","","","","","","","","","",""
"2011111832","","0","0","0","0","0","0","0","0","0","99","0","","02","11","2011","3","40.21739","-79.839813","","11","0","0","0","0","0","0","0","0","","0","0","0","","","0","","0","","40 13:02.604","","0","79 50:23.328","0","0","0","0","2105","0","0","0","N","0","0","0","1","02105","0","","1.0","","1","N","N","","1","","0","0","0","0","0","","","1","0","0","0","0","0","0","1","0","1","","","","N","","","","","","","","","",""
"2011105444","","1","0","0","0","0","0","0","0","0","4","0","","02","10","2011","5","40.457473","-80.192768","","11","0","0","0","0","0","0","0","0","2","0","0","0","","","0","","2","","40 27:26.902","4","0","80 11:33.964","0","0","0","0","2203","0","0","0","N","0","0","0","4","02203","0","","1.0","","1","N","N","","0","","0","0","0","3","3","N","","2","0","0","0","0","0","0","2","1","2","","","","N","","","","","","","","","",""
"2011111629","","1","0","0","0","0","0","0","0","0","8","0","","02","11","2011","3","40.445626","-79.977901","","11","0","0","0","0","0","1","0","0","","0","0","0","","","1","","0","","40 26:44.252","","0","79 58:40.445","3","0","0","0","2301","1","0","0","N","1","0","0","2","02301","0","","1.0","","1","N","N","","0","","1","0","0","0","0","","","2","1","0","0","0","0","0","2","0","1","","","","N","","","","","","","","","",""
"2011105513","","0","0","0","0","0","0","0","0","0","8","0","","02","10","2011","2","40.564394","-80.051506","","11","0","0","0","0","0","0","0","0","","0","0","0","","","1","","0","","40 33:51.820","","0","80 03:05.420","4","0","0","0","2108","1","0","0","N","1","0","0","2","02108","1","","1.0","","1","N","N","","0","","0","0","1","0","0","","","2","1","1","0","0","0","0","2","0","1","","","","N","","","","","","","","","",""
"2011110207","","1","0","0","0","0","0","0","0","0","6","0","","02","10","2011","7","40.454967","-79.945198","","11","0","0","0","0","0","0","0","0","","0","0","0","","","0","","1","","40 27:17.882","","0","79 56:42.711","0","0","0","0","2301","0","0","0","N","0","0","0","3","02301","0","","1.0","","9","N","N","","0","","0","0","1","3","2","","","2","0","0","0","0","0","0","2","0","2","","","","N","","","","","","","","","",""
"2011110223","","1","0","0","0","0","0","0","0","0","7","0","","02","10","2011","7","40.453324","-79.965376","","11","0","0","0","0","0","0","0","0","","0","0","0","","","0","","0","","40 27:11.968","","0","79 57:55.353","0","0","0","0","2301","0","0","0","N","0","0","0","1","02301","0","","2.0","","9","N","N","","0","","0","0","0","0","0","","","1","0","0","0","0","0","0","2","0","1","","","","N","","","","","","","","","",""
"2011112519","","2","0","0","0","0","0","0","0","0","5","0","","02","10","2011","1","40.49406","-79.918018","","11","0","0","0","0","0","0","0","0","","0","0","0","","","0","","0","","40 29:38.615","","0","79 55:04.866","0","0","0","0","2461","0","0","0","N","0","0","0","3","02461","0","","1.0","","1","N","N","","0","","0","0","0","0","0","","","2","0","0","0","0","0","0","2","0","2","","","","N","","","","","","","","","",""
"2011111836","","1","0","0","0","0","0","0","0","0","7","0","","02","11","2011","4","40.447137","-79.895168","","11","0","0","0","0","0","0","0","0","","0","0","0","","","0","","1","","40 26:49.694","","0","79 53:42.603","9","0","0","0","2301","0","0","0","N","0","0","0","1","02301","0","","5.0","","1","N","N","","0","","0","0","0","3","2","","","1","0","0","0","0","0","1","2","0","1","","","","N","","","","","","","","","",""
"2011103986","","1","0","0","0","0","0","0","0","0","4","0","","02","10","2011","1","40.375124","-80.029232","","11","0","1","0","0","0","0","1","0","2","0","0","0","","","1","","1","","40 22:30.446","6","0","80 01:45.235","4","0","0","0","2109","0","0","0","N","0","0","0","4","02109","1","","1.0","","1","N","N","","1","","0","0","0","3","3","N","","2","1","0","0","0","0","0","2","0","2","","","","N","","","","","","","","","",""
"2011110149","","1","0","0","0","0","0","0","0","0","7","0","","02","10","2011","7","40.462364","-80.008834","","11","0","0","0","0","0","0","0","0","1","0","0","0","","","1","","2","","40 27:44.510","1","0","80 00:31.802","3","0","0","0","2301","0","0","0","N","0","0","0","2","02301","0","","2.0","","9","N","N","","0","","1","0","0","0","0","Y","","1","1","2","0","0","0","0","2","0","1","","","","N","","","","","","","","","",""
"2011111569","","1","0","0","0","0","0","0","0","0","7","0","","02","11","2011","3","40.517139","-80.065472","","11","0","0","0","1","0","0","1","0","2","0","0","0","","","1","","0","","40 31:01.699","6","0","80 03:55.698","4","0","0","0","2215","0","0","0","N","0","0","0","3","02215","1","","2.0","","9","N","N","","0","","0","0","1","0","0","Y","","2","1","0","0","0","0","0","2","0","2","","","","N","","","","","","","","","",""
"2011111636","","1","0","0","0","0","0","0","0","0","99","0","","02","10","2011","2","40.666807","-79.933691","","11","0","0","0","0","0","0","0","0","2","0","0","0","","","0","","2","","40 40:00.505","1","0","79 56:01.286","9","0","0","0","2217","0","0","0","N","0","0","0","3","02505","0","","1.0","","9","N","N","","0","","0","0","0","3","3","N","","1","0","0","0","0","0","2","1","0","1","","","","N","","","","","","","","","",""
"2011110227","","2","0","0","0","0","0","0","0","0","4","0","","02","10","2011","7","40.378155","-79.828006","","11","0","0","0","0","0","0","0","1","2","0","0","0","","","0","","2","","40 22:41.358","6","0","79 49:40.822","0","0","0","0","2111","0","0","0","N","0","0","0","5","02111","0","","1.0","","1","N","N","","0","","0","0","0","0","0","N","","2","0","0","0","0","0","0","2","0","2","","","","N","","","","","","","","","",""
"2011111045","","1","0","0","0","0","0","0","0","0","4","0","","02","10","2011","2","40.382926","-79.877904","","11","0","0","0","0","0","0","1","0","1","0","0","0","","","0","","1","","40 22:58.535","1","0","79 52:40.456","0","0","0","0","2473","0","0","0","N","0","0","0","2","02473","0","","1.0","","1","N","N","","0","","0","0","1","3","2","N","","2","0","0","0","0","0","0","2","0","2","","","","N","","","","","","","","","",""
"2011112461","","2","0","0","0","0","0","0","0","0","1","0","","02","11","2011","4","40.465115","-79.94389","","11","0","0","0","0","0","2","0","0","2","0","0","0","","","1","","0","","40 27:54.414","3","0","79 56:38.004","8","0","0","0","2301","0","0","0","N","0","0","0","4","02301","0","","1.0","","1","N","N","","0","","0","0","1","0","0","Y","","3","1","1","0","0","1","0","2","0","3","","","","N","","","","","","","","","",""
"2011103991","","3","0","0","0","0","0","0","0","0","4","0","","02","10","2011","5","40.370681","-79.975213","","11","0","0","0","1","0","0","0","0","","0","0","0","","","1","","0","","40 22:14.450","","0","79 58:30.766","8","0","0","0","2413","0","0","0","N","0","0","0","1","02413","0","","1.0","","9","N","N","","0","","0","0","0","0","0","","","3","1","0","0","0","1","0","2","0","3","","","","N","","","","","","","","","",""
"2011111778","","2","0","0","0","0","0","0","0","0","4","0","","02","11","2011","3","40.357519","-79.999119","","11","0","0","0","0","0","0","0","1","2","0","0","0","","","1","","0","","40 21:27.068","4","7","79 59:56.830","8","0","0","0","2476","0","0","0","N","0","0","0","6","02476","0","","1.0","","1","N","N","","0","","0","0","0","0","0","Y","","2","1","0","0","0","1","0","2","0","2","","","","N","","","","","","","","","",""
"2011106252","","1","0","0","0","0","0","0","0","0","1","0","","02","10","2011","4","40.429076","-79.996034","","11","0","0","0","0","0","0","0","0","","0","0","0","","","0","","0","","40 25:44.673","","0","79 59:45.721","0","0","0","0","2301","0","0","0","N","0","0","0","2","02301","0","","1.0","","1","N","N","","0","","0","0","1","0","0","","","2","0","0","0","0","0","0","2","0","2","","","","N","","","","","","","","","",""
"2011105456","","1","0","0","0","0","0","0","0","0","4","0","","02","10","2011","3","40.449706","-80.025099","","11","0","0","0","0","0","0","0","0","1","0","1","0","","","1","","1","","40 26:58.940","1","8","80 01:30.356","8","0","0","0","2301","0","0","0","N","0","0","0","2","02301","0","","1.0","","1","N","N","","0","","0","0","0","3","2","N","","2","1","0","0","0","1","0","2","0","2","","","","N","","","","","","","","","",""
"2011106253","","2","0","0","0","0","0","0","0","0","1","0","","02","10","2011","3","40.525513","-80.211673","","11","0","0","0","0","0","1","0","0","2","0","0","0","","","2","","0","","40 31:31.848","1","0","80 12:42.024","4","0","0","0","2213","0","0","0","N","0","0","0","5","02213","2","","1.0","","1","N","N","","0","","0","0","1","0","0","N","","3","2","0","0","0","0","0","2","0","3","","","","N","","","","","","","","","",""
"2011104773","","1","0","0","0","0","0","0","0","0","6","0","","02","10","2011","1","40.435891","-79.958078","","11","0","0","0","0","0","0","0","0","","0","0","0","","","0","","3","","40 26:09.209","","0","79 57:29.081","0","0","0","0","2301","0","0","0","N","0","0","0","4","02301","0","","1.0","","1","N","N","","0","","0","0","1","3","2","","","2","0","0","0","0","0","0","2","0","2","","","","N","","","","","","","","","",""
"2011111574","","1","0","0","0","0","0","0","0","0","1","0","","02","11","2011","3","40.378432","-79.989739","","11","0","0","0","0","0","0","1","0","","0","0","0","","","0","","2","","40 22:42.355","","0","79 59:23.061","0","0","0","0","2476","0","0","0","N","0","0","0","3","02476","0","","1.0","","1","N","N","","0","","0","0","1","3","2","","","2","0","0","0","0","0","0","2","0","2","","","","N","","","","","","","","","",""
"2011112465","","1","0","0","0","0","0","0","0","0","4","0","","02","11","2011","4","40.403604","-80.040431","","11","0","0","0","0","0","1","0","0","","0","0","0","","","0","","1","","40 24:12.974","","0","80 02:25.552","0","0","0","0","2301","0","0","0","N","0","0","0","2","02301","0","","1.0","","1","N","N","","1","","0","0","0","3","2","","","2","0","0","0","0","0","0","2","0","2","","","","N","","","","","","","","","",""
"2011111781","","1","0","0","0","0","0","0","0","0","99","0","","02","11","2011","3","40.661867","-80.094079","","11","0","0","0","0","0","1","0","0","","0","0","0","","","0","","0","","40 39:42.721","","2","80 05:38.686","0","0","0","0","2212","0","0","0","N","0","0","0","1","02505","0","","1.0","","1","N","N","","0","","0","0","0","0","0","","","1","0","0","0","0","0","0","2","0","1","","","","N","","","","","","","","","",""
"2011111051","","1","0","0","0","0","0","0","0","0","2","0","","02","10","2011","2","40.255314","-79.85241","","11","0","0","0","0","0","0","2","0","2","0","0","0","","","0","","2","","40 15:19.131","5","0","79 51:08.677","0","0","0","0","2105","0","0","0","N","0","0","0","2","02105","0","","1.0","","1","N","N","","1","","0","0","0","3","3","Y","","2","0","0","0","0","0","0","1","0","2","","","","N","","","","","","","","","",""
"2011104761","","2","0","0","0","0","0","0","0","0","4","0","","02","10","2011","7","40.494464","-80.064721","","11","0","0","0","0","0","0","0","0","","0","0","0","","","1","","0","","40 29:40.069","","7","80 03:52.995","8","0","0","0","2402","0","0","0","N","0","0","0","4","02402","0","","1.0","","1","N","N","","0","","0","0","0","0","0","","","2","1","0","0","0","1","0","2","0","2","","","","N","","","","","","","","","",""
"2011106255","","0","0","0","1","0","0","0","0","0","8","0","","02","10","2011","3","40.512846","-79.958353","","11","0","0","0","0","0","0","0","0","1","0","0","0","","","1","","0","","40 30:46.245","5","0","79 57:30.069","3","0","0","0","2118","1","0","0","N","0","0","0","3","02118","0","","1.0","","1","N","N","","0","","1","0","1","0","0","Y","","2","1","0","0","0","0","0","2","0","1","","","","N","","","","","","","","","",""
"2011103995","","2","0","0","0","0","0","0","0","0","1","0","","02","10","2011","5","40.457246","-79.997838","","11","0","0","0","0","1","0","0","1","1","0","0","0","","","1","","2","","40 27:26.085","1","0","79 59:52.216","4","0","0","0","2301","0","0","0","N","0","0","0","2","02301","1","","1.0","","9","N","N","","0","","0","0","0","3","2","N","","2","1","2","0","0","0","0","2","0","2","","","","N","","","","","","","","","",""
"2011110234","","0","0","0","0","0","0","0","0","0","0","0","","02","10","2011","1","40.407619","-79.914395","","11","0","0","0","0","0","0","0","0","","0","0","0","","","1","","0","","40 24:27.429","","3","79 54:51.823","8","0","0","1","2438","0","0","0","N","0","0","0","1","02438","0","","1.0","","1","N","N","","0","","0","0","0","0","0","","","1","1","0","0","0","1","0","2","0","1","","","","N","","","","","","","","","",""
"2011110989","","1","0","0","0","0","0","0","0","0","1","0","","02","10","2011","1","40.442649","-79.937603","","11","0","0","0","0","0","1","0","0","","0","0","0","","","1","","2","","40 26:33.536","","0","79 56:15.370","8","0","0","0","2301","0","0","0","N","0","0","0","2","02301","0","","1.0","","1","N","N","","1","","0","0","0","3","2","","","2","1","0","0","0","1","0","2","0","2","","","","N","","","","","","","","","",""
"2011106256","","2","0","0","0","0","0","0","0","0","4","0","","02","10","2011","4","40.365779","-80.016199","","11","0","0","0","0","0","0","0","0","","0","0","0","","","0","","0","","40 21:56.804","","0","80 00:58.315","0","0","0","0","2416","0","0","0","N","0","0","0","4","02416","0","","1.0","","1","N","N","","0","","0","0","0","0","0","","","2","0","0","0","0","0","0","2","0","2","","","","N","","","","","","","","","",""
"2011104776","","0","0","0","0","0","0","0","0","0","7","1","","02","9","2011","5","40.426219","-79.8946","","11","0","0","0","0","0","1","0","0","4","0","1","0","","","1","","0","","40 25:34.389","4","0","79 53:40.560","4","0","0","0","2301","0","0","0","Y","0","0","0","1","68B03","1","","4.0","","9","N","N","","0","","0","0","0","0","0","N","","1","1","0","0","0","0","0","2","0","1","","","","N","","","","","","","","","",""
"2011110160","","1","0","0","0","0","0","0","0","0","2","0","","02","10","2011","6","40.352084","-80.010885","","11","0","0","0","0","0","1","0","0","1","0","0","0","","","0","","0","","40 21:07.501","3","0","80 00:39.185","0","0","0","0","2476","0","0","0","N","0","0","0","5","02476","0","","1.0","","1","N","N","","0","","0","0","2","3","3","N","","3","0","0","0","0","0","0","2","0","3","","","","N","","","","","","","","","",""
"2011111785","","1","0","0","0","0","0","0","0","0","99","0","","02","11","2011","3","40.518001","-80.052402","","11","0","0","0","0","0","0","1","0","","0","0","0","","","0","","0","","40 31:04.804","","0","80 03:08.646","0","0","0","0","2116","0","0","0","N","0","0","0","1","02116","0","","1.0","","1","N","N","","0","","0","0","0","0","0","","","1","0","0","0","0","0","0","2","0","1","","","","N","","","","","","","","","",""
"2011106257","","0","0","0","0","0","0","0","0","0","1","0","","02","10","2011","3","40.53283","-80.176753","","11","0","0","0","0","0","0","0","0","","0","0","0","","","0","","2","","40 31:58.189","","0","80 10:36.312","0","0","0","0","2458","0","0","0","N","0","0","0","2","02458","0","","1.0","","1","N","N","","0","","0","0","1","0","0","","","2","0","0","0","0","0","0","2","1","2","","","","N","","","","","","","","","",""
"2011104009","","1","0","0","0","0","0","0","0","0","7","0","","02","10","2011","6","40.441244","-80.046288","","11","0","0","0","0","0","1","0","0","9","0","0","0","","","0","","0","","40 26:28.478","2","0","80 02:46.636","0","0","0","0","2301","0","0","0","N","0","0","0","1","02301","0","","5.0","","1","N","N","","0","","0","0","0","0","0","Y","","1","0","0","0","0","0","0","2","0","1","","","","N","","","","","","","","","",""
"2011104777","","2","0","0","0","0","0","0","0","0","5","0","","02","10","2011","6","40.418294","-80.054341","","11","0","0","0","1","0","0","0","0","","0","0","0","","","1","","0","","40 25:05.858","","0","80 03:15.629","4","0","0","0","2435","0","0","0","N","0","0","0","3","68B03","1","","1.0","","9","N","N","","0","","0","0","0","0","0","","","2","1","0","0","0","0","0","2","0","2","","","","N","","","","","","","","","",""
"2011111580","","0","0","0","0","0","0","0","0","0","4","0","","02","11","2011","3","40.311188","-80.033369","","11","0","0","0","0","0","1","0","0","","0","0","0","","","0","","9","","40 18:40.278","","0","80 02:00.127","0","0","0","0","2301","0","0","0","N","0","0","0","1","02503","0","","1.0","","1","N","N","","0","","0","0","0","3","5","N","","2","0","0","0","0","0","0","2","1","1","","","","N","","","","","","","","","",""
"2011110173","","1","0","0","0","0","0","0","0","0","7","0","","02","10","2011","6","40.507962","-79.810854","","11","0","0","0","0","0","0","0","0","","0","0","0","","","0","","0","","40 30:28.664","","7","79 48:39.076","0","0","0","0","2113","0","0","0","N","0","0","0","1","02113","0","","5.0","","1","N","N","","0","","0","0","0","0","0","","","1","0","0","0","0","0","0","2","0","1","","","","N","","","","","","","","","",""
"2011111647","","0","0","0","0","0","0","0","0","0","7","0","25","02","10","2011","1","40.608922","-80.052774","","11","0","0","0","0","0","0","0","0","1","0","0","0","","","0","","0","","40 36:32.118","1","0","80 03:09.988","0","0","0","0","2108","0","0","0","N","0","0","0","1","02108","0","","2.0","","1","N","N","","0","","0","0","1","0","0","N","","1","0","0","0","0","0","0","2","0","1","","","N","Y","4","1","N","N","N","Y","N","N","Y",""
"2011112395","","1","0","0","0","0","0","0","0","0","7","0","","02","10","2011","7","40.495073","-80.013019","","11","0","0","0","0","0","0","0","0","2","0","0","0","","","0","","0","","40 29:42.262","1","3","80 00:46.868","0","0","0","0","2301","0","0","0","Y","0","0","0","5","68B03","0","","2.0","","2","N","N","","1","","0","0","0","0","0","N","","2","0","0","0","0","0","0","2","0","2","","","","N","","","","","","","","","",""
"2011112408","","1","0","0","0","0","0","0","0","0","7","0","","02","10","2011","1","40.535507","-79.844871","","11","0","1","0","0","0","0","0","0","2","0","0","0","","","0","","0","","40 32:07.825","1","0","79 50:41.534","0","0","0","0","2208","0","0","0","N","0","0","0","2","68D02","0","","3.0","","1","N","N","","0","","0","0","0","0","0","N","","1","0","0","0","0","0","0","2","0","1","","","","N","","","","","","","","","",""
"2011111056","","2","0","0","0","0","0","0","0","0","4","0","","02","10","2011","2","40.455455","-79.892235","","11","0","0","0","0","0","0","0","1","","0","0","0","","","0","","1","","40 27:19.638","","0","79 53:32.046","9","0","0","0","2301","0","0","0","N","0","0","0","3","02301","0","","1.0","","1","N","N","","0","","0","0","0","3","3","","","2","0","0","0","0","0","1","2","0","2","","","","N","","","","","","","","","",""
"2011104012","","1","0","0","0","0","0","0","0","0","7","0","","02","10","2011","6","40.5386","-80.023503","","11","0","0","0","0","0","0","0","0","2","0","0","0","","","1","","0","","40 32:18.960","1","0","80 01:24.610","8","0","0","0","2116","0","0","0","N","0","0","0","1","02116","0","","2.0","","1","N","N","","0","","0","0","0","0","0","N","","1","1","0","0","0","1","0","2","0","1","","","","N","","","","","","","","","",""
"2011111648","","1","0","0","0","0","0","0","0","0","4","0","","02","10","2011","2","40.582227","-80.062891","","11","0","0","0","0","0","1","0","0","2","0","0","0","","","2","","5","","40 34:56.017","3","0","80 03:46.409","8","0","0","0","2108","0","0","0","N","0","0","0","4","02108","0","","1.0","","9","N","N","","0","","0","0","1","3","3","N","","2","2","0","0","0","2","0","2","0","2","","","","N","","","","","","","","","",""
"2011112396","","1","0","0","0","0","0","0","0","0","1","0","","02","11","2011","3","40.429703","-80.028081","","11","0","0","0","0","0","0","0","0","","0","0","0","","","0","","0","","40 25:46.929","","0","80 01:41.091","0","0","0","0","2301","0","0","0","N","0","0","0","3","68B03","0","","1.0","","1","N","N","","0","","0","0","1","0","0","","","2","0","0","0","0","0","0","2","0","2","","","","N","","","","","","","","","",""
"2011112471","","0","0","0","0","0","0","0","0","0","7","0","","02","10","2011","2","40.380561","-80.120686","","11","0","0","0","0","0","1","0","0","2","0","0","0","","","1","","0","","40 22:50.019","2","0","80 07:14.469","8","0","0","0","2102","0","0","0","N","0","0","0","2","02102","0","","5.0","","9","N","N","","1","","0","0","1","0","0","N","","2","1","0","0","0","1","0","2","0","2","","","","N","","","","","","","","","",""