"CRN","ARRIVAL_TM","AUTOMOBILE_COUNT","BELTED_DEATH_COUNT","BELTED_SUSP_SERIOUS_INJ_COUNT","BICYCLE_COUNT","BICYCLE_DEATH_COUNT","BICYCLE_SUSP_SERIOUS_INJ_COUNT","BUS_COUNT","CHLDPAS_DEATH_COUNT","CHLDPAS_SUSP_SERIOUS_INJ_COUNT","COLLISION_TYPE","COMM_VEH_COUNT","CONS_ZONE_SPD_LIM","COUNTY","CRASH_MONTH","CRASH_YEAR","DAY_OF_WEEK","DEC_LATITUDE","DEC_LONGITUDE","DISPATCH_TM","DISTRICT","DRIVER_COUNT_16YR","DRIVER_COUNT_17YR","DRIVER_COUNT_18YR","DRIVER_COUNT_19YR","DRIVER_COUNT_20YR","DRIVER_COUNT_50_64YR","DRIVER_COUNT_65_74YR","DRIVER_COUNT_75PLUS","EST_HRS_CLOSED","FATAL_COUNT","HEAVY_TRUCK_COUNT","HORSE_BUGGY_COUNT","HOUR_OF_DAY","ILLUMINATION","INJURY_COUNT","INTERSECTION_RELATED","INTERSECT_TYPE","LANE_CLOSED","LATITUDE","LN_CLOSE_DIR","LOCATION_TYPE","LONGITUDE","MAX_SEVERITY_LEVEL","MCYCLE_DEATH_COUNT","MCYCLE_SUSP_SERIOUS_INJ_COUNT","MOTORCYCLE_COUNT","MUNICIPALITY","NONMOTR_COUNT","NONMOTR_DEATH_COUNT","NONMOTR_SUSP_SERIOUS_INJ_COUNT","NTFY_HIWY_MAINT","PED_COUNT","PED_DEATH_COUNT","PED_SUSP_SERIOUS_INJ_COUNT","PERSON_COUNT","POLICE_AGCY","POSSIBLE_INJ_COUNT","RDWY_SURF_TYPE_CD","RELATION_TO_ROAD","ROADWAY_CLEARED","ROAD_CONDITION","SCH_BUS_IND","SCH_ZONE_IND","SECONDARY_CRASH","SMALL_TRUCK_COUNT","SPEC_JURIS_CD","SUSP_MINOR_INJ_COUNT","SUSP_SERIOUS_INJ_COUNT","SUV_COUNT","TCD_FUNC_CD","TCD_TYPE","TFC_DETOUR_IND","TIME_OF_DAY","TOTAL_UNITS","TOT_INJ_COUNT","UNBELTED_OCC_COUNT","UNB_DEATH_COUNT","UNB_SUSP_SERIOUS_INJ_COUNT","UNK_INJ_DEG_COUNT","UNK_INJ_PER_COUNT","URBAN_RURAL","VAN_COUNT","VEHICLE_COUNT","WEATHER1","WEATHER2","WORKERS_PRES","WORK_ZONE_IND","WORK_ZONE_LOC","WORK_ZONE_TYPE","WZ_CLOSE_DETOUR","WZ_FLAGGER","WZ_LAW_OFFCR_IND","WZ_LN_CLOSURE","WZ_MOVING","WZ_OTHER","WZ_SHLDER_MDN","WZ_WORKERS_INJ_KILLED"
"2011111649","","3","0","0","0","0","0","0","0","0","1","0","","02","10","2011","1","40.447028","-80.16759","","11","0","0","0","0","1","1","0","0","1","0","0","0","","","1","","0","","40 26:49.300","6","0","80 10:03.324","4","0","0","0","2115","0","0","0","N","0","0","0","3","02115","1","","1.0","","1","N","N","","0","","0","0","0","3","2","N","","3","1","0","0","0","0","0","2","0","3","","","","N","","","","","","","","","",""
"2011112473","","3","0","0","0","0","0","0","0","0","1","0","","02","11","2011","4","40.388858","-80.088225","","11","0","0","0","0","0","0","0","0","1","0","0","0","","","3","","1","","40 23:19.888","1","0","80 05:17.610","4","0","0","0","2437","0","0","0","N","0","0","0","3","02437","2","","1.0","","1","N","N","","0","","0","0","0","0","0","Y","","3","3","0","0","0","1","0","2","0","3","","","","N","","","","","","","","","",""
"2011105468","","0","0","0","0","0","0","0","0","0","5","0","25","02","10","2011","3","40.402786","-80.02089","","11","0","0","0","0","0","0","0","0","9","0","0","0","","","0","","2","","40 24:10.030","4","0","80 01:15.204","0","0","0","0","2301","0","0","0","N","0","0","0","4","02301","0","","1.0","","1","N","N","","1","","0","0","1","3","3","N","","2","0","0","0","0","0","0","2","0","2","","","U","Y","3","1","","","N","Y","","","",""
"2011112540","","2","0","0","0","0","0","0","0","0","5","0","","02","11","2011","5","40.451886","-79.936234","","11","0","0","0","0","0","0","0","0","2","0","0","0","","","0","","2","","40 27:06.789","5","0","79 56:10.442","0","0","0","0","2301","0","0","0","N","0","0","0","1","02301","0","","2.0","","1","N","N","","0","","0","0","1","0","0","Y","","3","0","0","0","0","0","0","2","0","3","","","","N","","","","","","","","","",""
"2011110873","","3","0","0","0","0","0","0","0","0","1","0","","02","10","2011","7","40.42292","-80.030411","","11","0","1","0","0","0","0","0","0","","0","0","0","","","0","","0","","40 25:22.511","","0","80 01:49.481","0","0","0","0","2301","0","0","0","N","0","0","0","12","68B03","0","","1.0","","1","N","N","","0","","0","0","0","0","0","","","3","0","0","0","0","0","0","2","0","3","","","","N","","","","","","","","","",""
"2011110179","","1","0","0","0","0","0","0","0","0","2","0","","02","10","2011","3","40.639998","-80.009024","","11","0","0","0","0","0","0","0","0","1","0","0","0","","","2","","0","","40 38:23.992","1","0","80 00:32.488","4","0","0","0","2216","0","0","0","N","0","0","0","2","02505","2","","1.0","","1","N","N","","0","","0","0","1","0","0","N","","2","2","0","0","0","0","0","2","0","2","","","","N","","","","","","","","","",""
"2011110998","","2","0","0","0","0","0","0","0","0","1","0","","02","10","2011","2","40.427578","-79.721076","","11","0","0","0","0","0","1","0","0","1","0","0","0","","","0","","0","","40 25:39.279","4","0","79 43:15.872","0","0","0","0","2446","0","0","0","N","0","0","0","3","02446","0","","1.0","","1","N","N","","1","","0","0","0","3","2","N","","3","0","0","0","0","0","0","2","0","3","","","","N","","","","","","","","","",""
"2011104018","","1","0","0","0","0","0","0","0","0","1","1","35","02","10","2011","7","40.553755","-80.020791","","11","0","0","0","0","0","1","0","0","2","0","1","0","","","2","","0","","40 33:13.517","1","0","80 01:14.848","8","0","0","0","2116","0","0","0","N","0","0","0","3","02116","0","","1.0","","1","N","N","","0","","0","0","0","3","2","N","","2","2","0","0","0","2","0","2","0","2","","","Y","Y","4","1","","","Y","Y","Y","","",""
"2011110180","","3","0","0","0","0","0","0","0","0","7","0","","02","10","2011","6","40.379371","-79.807108","","11","0","0","0","0","0","0","0","0","1","0","0","0","","","0","","0","","40 22:45.734","3","0","79 48:25.587","9","0","0","0","2111","0","0","0","N","0","0","0","4","02111","0","","4.0","","1","N","N","","0","","0","0","0","0","0","N","","3","0","1","0","0","0","1","2","0","3","","","","N","","","","","","","","","",""
"2011111805","","1","0","0","0","0","0","0","0","0","99","0","99","02","11","2011","3","40.472308","-79.97298","","11","0","0","0","0","0","0","0","0","1","0","0","0","","","0","","6","","40 28:20.308","2","2","79 58:22.729","0","0","0","0","2445","0","0","0","N","0","0","0","3","02445","0","","9.0","","98","N","N","","0","","0","0","0","0","0","N","","1","0","0","0","0","0","0","2","0","1","","","U","Y","8","8","","","U","","","","",""
"2011111870","","1","0","0","0","0","0","0","0","0","7","0","","02","10","2011","5","40.411643","-80.107086","","11","0","0","0","0","0","0","0","0","2","0","0","0","","","0","","0","","40 24:41.913","2","0","80 06:25.510","0","0","0","0","2102","0","0","0","Y","0","0","0","1","68B03","0","","4.0","","9","N","N","","0","","0","0","0","0","0","N","","1","0","0","0","0","0","0","2","0","1","","","","N","","","","","","","","","",""
"2011111151","","1","0","0","0","0","0","0","0","0","7","0","","02","10","2011","7","40.44558","-79.844522","","11","0","0","0","0","0","0","0","0","","0","0","0","","","1","","0","","40 26:44.088","","0","79 50:40.280","3","0","0","0","2419","0","0","0","Y","0","0","0","2","68B03","0","","4.0","","9","N","N","","0","","1","0","0","0","0","","","2","1","1","0","0","0","0","2","1","2","","","","N","","","","","","","","","",""
"2011110608","","2","0","0","0","0","0","0","0","0","1","0","","02","10","2011","5","40.671572","-80.111369","","11","0","0","0","0","0","0","0","0","","0","0","0","","","2","","0","","40 40:17.660","","0","80 06:40.930","4","0","0","0","2212","0","0","0","N","0","0","0","2","02505","2","","1.0","","9","N","N","","0","","0","0","0","0","0","","","2","2","0","0","0","0","0","2","0","2","","","","N","","","","","","","","","",""
"2011111871","","2","0","0","0","0","0","0","0","0","1","0","","02","10","2011","2","40.428726","-79.955852","","11","0","0","0","0","0","0","0","0","","0","0","0","","","0","","0","","40 25:43.414","","0","79 57:21.068","0","0","0","0","2301","0","0","0","N","0","0","0","2","68B03","0","","1.0","","1","N","N","","0","","0","0","0","0","0","","","2","0","0","0","0","0","0","2","0","2","","","","N","","","","","","","","","",""
"2011111152","","1","0","0","0","0","0","0","0","0","7","0","","02","10","2011","1","40.415749","-80.084542","","11","0","0","0","0","0","0","0","0","2","0","0","0","","","0","","0","","40 24:56.698","4","3","80 05:04.350","0","0","0","0","2415","0","0","0","N","0","0","0","1","68B03","0","","3.0","","1","N","N","","0","","0","0","0","0","0","N","","1","0","0","0","0","0","0","2","0","1","","","","N","","","","","","","","","",""
"2011109773","","0","0","0","0","0","0","0","0","0","1","1","","02","10","2011","3","40.402973","-79.881648","","11","0","0","0","1","0","1","0","0","1","0","1","0","","","1","","3","","40 24:10.702","5","0","79 52:53.931","4","0","0","0","2475","0","0","0","N","0","0","0","4","02475","1","","1.0","","1","N","N","","0","","0","0","0","3","4","N","","2","1","0","0","0","0","0","2","1","2","","","","N","","","","","","","","","",""
"2011109854","","2","0","0","0","0","0","0","0","0","1","0","","02","10","2011","6","40.444582","-79.942971","","11","0","0","0","0","1","0","0","0","","0","0","0","","","0","","2","","40 26:40.494","","0","79 56:34.697","0","0","0","0","2301","0","0","0","N","0","0","0","2","02301","0","","1.0","","1","N","N","","0","","0","0","0","3","2","","","2","0","0","0","0","0","0","2","0","2","","","","N","","","","","","","","","",""
"2011111934","","1","0","0","0","0","0","0","0","0","1","0","","02","10","2011","1","40.4104","-79.878202","","11","0","0","0","0","0","0","0","0","","0","0","0","","","0","","0","","40 24:37.440","","0","79 52:41.527","9","0","0","0","2456","0","0","0","","0","0","0","1","02456","0","","2.0","","1","N","","","0","","0","0","3","0","0","","","4","0","0","0","0","0","1","2","0","4","","","","N","","","","","","","","","",""
"2011110404","","1","0","0","0","0","0","0","0","0","7","0","","02","10","2011","1","40.510213","-79.825418","","11","0","0","0","0","0","0","0","0","","0","0","0","","","0","","0","","40 30:36.768","","0","79 49:31.506","0","0","0","0","2113","0","0","0","N","0","0","0","1","02113","0","","5.0","","9","N","N","","0","","0","0","0","0","0","","","1","0","0","0","0","0","0","2","0","1","","","","N","","","","","","","","","",""
"2011111153","","1","0","0","0","0","0","0","0","0","7","0","45","02","10","2011","1","40.652455","-80.093601","","11","0","0","0","0","0","0","0","0","","0","0","0","","","0","","0","","40 39:08.837","","0","80 05:36.965","0","0","0","0","2212","0","0","0","N","0","0","0","1","68B03","0","","2.0","","1","N","N","","0","","0","0","0","0","0","","","1","0","0","0","0","0","0","2","0","1","","","N","Y","8","1","N","N","N","N","N","N","Y",""
"2011112077","","2","0","0","0","0","0","0","0","0","1","0","","02","11","2011","4","40.442606","-79.982297","","11","0","0","0","0","0","1","0","0","","0","0","0","","","2","","0","","40 26:33.381","","0","79 58:56.269","8","0","0","0","2301","0","0","0","N","0","0","0","4","02301","0","","1.0","","1","N","N","","0","","0","0","2","0","0","","","4","2","0","0","0","2","0","2","0","4","","","","N","","","","","","","","","",""
"2011109855","","2","0","0","0","0","0","0","0","0","4","0","","02","10","2011","6","40.415137","-79.848261","","11","0","0","0","0","0","0","0","0","2","0","0","0","","","0","","0","","40 24:54.493","1","7","79 50:53.740","0","0","0","0","2431","0","0","0","N","0","0","0","3","02431","0","","1.0","","1","N","N","","0","","0","0","0","2","3","N","","2","0","0","0","0","0","0","2","0","2","","","","N","","","","","","","","","",""
"2011110610","","1","0","0","0","0","0","0","0","0","7","0","","02","10","2011","7","40.450321","-80.060441","","11","0","0","0","0","0","1","0","0","1","0","0","0","","","1","","0","","40 27:01.155","6","0","80 03:37.587","4","0","0","0","2301","0","0","0","N","0","0","0","1","02301","1","","5.0","","9","N","N","","0","","0","0","0","0","0","Y","","1","1","0","0","0","0","0","2","0","1","","","","N","","","","","","","","","",""
"2011112078","","1","0","0","0","0","0","0","0","0","7","0","","02","11","2011","4","40.481319","-80.013522","","11","0","0","0","0","0","0","0","0","","0","0","0","","","0","","0","","40 28:52.749","","0","80 00:48.680","9","0","0","0","2301","0","0","0","N","0","0","0","1","02301","0","","4.0","","1","N","N","","0","","0","0","0","0","0","","","1","0","0","0","0","0","1","2","0","1","","","","N","","","","","","","","","",""
"2011110406","","2","0","0","0","0","0","0","0","0","6","0","","02","10","2011","1","40.449262","-80.004556","","11","0","0","0","0","1","0","0","0","","0","0","0","","","0","","1","","40 26:57.344","","0","80 00:16.401","0","0","0","0","2301","0","0","0","N","0","0","0","2","02301","0","","1.0","","1","N","N","","0","","0","0","0","3","1","","","2","0","0","0","0","0","0","2","0","2","","","","N","","","","","","","","","",""
"2011112009","","1","0","0","0","0","0","0","0","0","4","0","","02","10","2011","4","40.415649","-80.071856","","11","0","0","0","0","0","1","0","0","1","0","0","0","","","1","","0","","40 24:56.337","4","0","80 04:18.682","3","0","0","1","2117","0","0","0","N","0","0","0","2","02117","0","","1.0","","1","N","N","","0","","1","0","0","0","0","N","","2","1","0","0","0","0","0","2","0","2","","","","N","","","","","","","","","",""
"2011109859","","1","0","0","0","0","0","0","0","0","1","0","","02","10","2011","6","40.456542","-79.823078","","11","0","0","0","0","0","0","0","0","1","0","0","0","","","0","","2","","40 27:23.551","2","0","79 49:23.081","0","0","0","0","2113","0","0","0","N","0","0","0","2","02113","0","","1.0","","1","N","N","","0","","0","0","1","0","0","N","","2","0","0","0","0","0","0","2","0","2","","","","N","","","","","","","","","",""
"2011111949","","0","0","0","0","0","0","0","0","0","7","0","","02","11","2011","4","40.480196","-80.09222","","11","0","0","0","0","0","0","0","0","3","0","0","0","","","0","","0","","40 28:48.707","5","0","80 05:31.992","0","0","0","0","2126","0","0","0","N","0","0","0","1","02126","0","","5.0","","1","N","N","","0","","0","0","1","0","0","Y","","1","0","0","0","0","0","0","2","0","1","","","","N","","","","","","","","","",""
"2011109777","","1","0","0","0","0","0","0","0","0","4","1","","02","10","2011","5","40.353466","-79.956214","","11","0","0","0","0","1","1","0","0","1","0","1","0","","","0","","0","","40 21:12.478","2","0","79 57:22.370","0","0","0","0","2473","0","0","0","N","0","0","0","2","02473","0","","1.0","","9","N","N","","0","","0","0","0","0","0","N","","2","0","0","0","0","0","0","2","0","2","","","","N","","","","","","","","","",""
"2011110396","","1","0","0","0","0","0","0","0","0","1","0","","02","10","2011","1","40.463586","-79.952975","","11","0","0","0","0","0","0","0","0","","0","0","0","","","1","","1","","40 27:48.909","","8","79 57:10.710","4","0","0","0","2301","0","0","0","N","0","0","0","5","02301","1","","1.0","","1","N","N","","0","","0","0","1","3","2","","","2","1","0","0","0","0","0","2","0","2","","","","N","","","","","","","","","",""
"2011111145","","1","0","0","0","0","0","0","0","0","1","0","","02","10","2011","1","40.435907","-79.975304","","11","0","0","0","0","1","0","0","0","2","0","0","0","","","0","","0","","40 26:09.264","3","3","79 58:31.093","0","0","0","0","2301","0","0","0","N","0","0","0","3","68B03","0","","1.0","","1","N","N","","0","","0","0","1","0","0","N","","2","0","0","0","0","0","0","2","0","2","","","","N","","","","","","","","","",""
"2011111157","","1","0","0","0","0","0","0","0","0","7","0","","02","10","2011","5","40.486809","-79.913043","","11","0","0","0","0","1","0","0","0","","0","0","0","","","0","","0","","40 29:12.514","","0","79 54:46.954","9","0","0","0","2112","0","0","0","Y","0","0","0","1","68D02","0","","2.0","","9","N","N","","0","","0","0","0","0","0","","","1","0","0","0","0","0","1","2","0","1","","","","N","","","","","","","","","",""
"2011110470","","1","0","0","0","0","0","0","0","0","7","0","","02","10","2011","7","40.355816","-80.002661","","11","1","0","0","0","0","0","0","0","","0","0","0","","","0","","2","","40 21:20.937","","0","80 00:09.581","0","0","0","0","2476","0","0","0","N","0","0","0","2","02476","0","","5.0","","9","N","N","","0","","0","0","0","3","2","","","1","0","0","0","0","0","0","2","0","1","","","","N","","","","","","","","","",""
"2011109861","","2","0","0","0","0","0","0","0","0","4","0","","02","10","2011","5","40.569338","-80.037397","","11","0","0","0","0","0","0","0","0","1","0","0","0","","","0","","2","","40 34:09.616","1","0","80 02:14.628","0","0","0","0","2108","0","0","0","N","0","0","0","2","02108","0","","1.0","","9","N","N","","0","","0","0","0","3","3","N","","2","0","0","0","0","0","0","2","0","2","","","","N","","","","","","","","","",""
"2011110615","","1","0","0","0","0","0","0","0","0","7","0","","02","10","2011","1","40.4189","-80.215838","","11","0","0","1","0","0","0","0","0","","0","0","0","","","1","","0","","40 25:08.040","","0","80 12:57.018","4","0","0","0","2214","0","0","0","N","0","0","0","1","02214","1","","2.0","","1","N","N","","0","","0","0","0","0","0","","","1","1","0","0","0","0","0","2","0","1","","","","N","","","","","","","","","",""
"2011111158","","1","0","0","0","0","0","0","0","0","7","0","","02","10","2011","5","40.49739","-79.926468","","11","0","0","0","0","0","0","0","0","2","0","0","0","","","1","","0","","40 29:50.605","1","0","79 55:35.283","4","0","0","0","2461","0","0","0","N","0","0","0","2","68D02","1","","4.0","","9","N","N","","0","","0","0","0","0","0","N","","2","1","0","0","0","0","0","2","0","1","","","","N","","","","","","","","","",""
"2011109779","","2","0","0","0","0","0","0","0","0","4","0","","02","10","2011","6","40.376472","-80.067489","","11","0","0","0","0","0","1","1","0","2","0","0","0","","","1","","2","","40 22:35.299","2","0","80 04:02.960","8","0","0","0","2109","0","0","0","N","0","0","0","4","02109","0","","1.0","","1","N","N","","0","","0","0","0","3","2","N","","3","1","0","0","0","1","0","2","1","3","","","","N","","","","","","","","","",""
"2011109862","","2","0","0","0","0","0","0","0","0","4","0","","02","10","2011","5","40.5617","-80.039806","","11","0","0","0","0","0","1","0","0","","0","0","0","","","0","","0","","40 33:42.120","","0","80 02:23.300","0","0","0","0","2108","0","0","0","N","0","0","0","2","02108","0","","1.0","","9","N","N","","0","","0","0","0","0","0","","","2","0","0","0","0","0","0","2","0","2","","","","N","","","","","","","","","",""
"2011111147","","3","0","0","0","0","0","0","0","0","1","0","","02","10","2011","3","40.425653","-79.909688","","11","0","0","0","0","0","1","0","0","","0","0","0","","","0","","0","","40 25:32.352","","4","79 54:34.876","0","0","0","0","2301","0","0","0","N","0","0","0","3","68B03","0","","1.0","","1","N","N","","0","","0","0","0","0","0","","","3","0","0","0","0","0","0","2","0","3","","","","N","","","","","","","","","",""
"2011110410","","1","0","0","0","0","0","0","0","0","7","0","","02","10","2011","1","40.435761","-79.962607","","11","0","0","0","0","0","0","0","0","","0","0","0","","","0","","2","","40 26:08.738","","0","79 57:45.386","0","0","0","0","2301","0","0","0","N","0","0","0","1","02301","0","","3.0","","1","N","N","","0","","0","0","0","0","0","","","1","0","0","0","0","0","0","2","0","1","","","","N","","","","","","","","","",""
"2011111148","","1","0","0","0","0","0","0","0","0","7","0","","02","10","2011","4","40.440644","-80.186529","","11","0","0","0","0","0","0","0","0","2","0","0","0","","","2","","0","","40 26:26.320","3","0","80 11:11.506","4","0","0","0","2214","0","0","0","N","0","0","0","4","68B03","2","","4.0","","9","N","N","","0","","0","0","0","0","0","N","","1","2","1","0","0","0","1","1","0","1","","","","N","","","","","","","","","",""
"2011110400","","1","0","0","0","0","0","0","0","0","5","0","","02","10","2011","1","40.464547","-79.953657","","11","0","0","0","0","0","0","0","0","1","0","0","0","","","0","","0","","40 27:52.369","2","0","79 57:13.165","0","0","0","0","2301","0","0","0","N","0","0","0","2","02301","0","","1.0","","9","N","N","","0","","0","0","1","0","0","N","","2","0","0","0","0","0","0","2","0","2","","","","N","","","","","","","","","",""
"2011112550","","2","0","0","0","0","0","0","0","0","4","0","","02","11","2011","5","40.47152","-79.926282","","11","0","0","0","0","0","0","0","0","1","0","0","0","","","0","","1","","40 28:17.472","1","0","79 55:34.615","0","0","0","0","2301","0","0","0","N","0","0","0","2","02301","0","","1.0","","1","N","N","","0","","0","0","0","3","2","N","","2","0","1","0","0","0","0","2","0","2","","","","N","","","","","","","","","",""
"2011112015","","1","0","0","0","0","0","1","0","0","1","1","","02","10","2011","2","40.549215","-79.971818","","11","0","0","0","0","0","0","0","0","","0","0","0","","","0","","2","","40 32:57.175","","0","79 58:18.546","0","0","0","0","2118","0","0","0","N","0","0","0","7","02503","0","","1.0","","1","N","N","","0","","0","0","0","","3","","","2","0","0","0","0","0","0","2","0","2","","","","N","","","","","","","","","",""
"2011110540","","1","0","0","0","0","0","0","0","0","8","0","","02","10","2011","7","40.50658","-79.842875","","11","0","0","0","0","0","1","0","0","3","1","0","0","","","0","","1","","40 30:23.687","2","0","79 50:34.351","1","0","0","0","2468","1","1","0","N","1","1","0","2","02468","0","2","1.0","","9","N","N","","0","0","0","0","0","","2","Y","","2","0","0","0","0","0","0","2","0","1","","","","N","","","","","","","","","",""
"2011110401","","1","0","0","0","0","0","0","0","0","7","0","","02","10","2011","1","40.415501","-79.939206","","11","0","0","0","0","0","0","0","0","","0","0","0","","","0","","2","","40 24:55.803","","0","79 56:21.141","0","0","0","0","2301","0","0","0","N","0","0","0","1","02301","0","","2.0","","9","N","N","","0","","0","0","0","","0","","","1","0","0","0","0","0","0","2","0","1","","","","N","","","","","","","","","",""
"2011110413","","0","0","0","0","0","0","0","0","0","7","0","","02","10","2011","1","40.627607","-80.055524","","11","0","0","0","0","0","0","0","1","","0","0","0","","","0","","0","","40 37:39.385","","3","80 03:19.887","0","0","0","0","2216","0","0","0","Y","0","0","0","1","02505","0","","5.0","","2","N","N","","0","","0","0","1","","0","","","1","0","0","0","0","0","0","2","0","1","","","","N","","","","","","","","","",""
"2011112016","","0","0","0","0","0","0","0","0","0","7","0","","02","11","2011","4","40.370781","-79.811139","","11","0","0","0","0","0","1","0","0","2","0","0","0","","","1","","0","","40 22:14.811","6","0","79 48:40.100","8","0","0","0","2111","0","0","0","N","0","0","0","1","02111","0","","2.0","","1","N","N","","0","","0","0","1","","0","N","","1","1","0","0","0","1","0","2","0","1","","","","N","","","","","","","","","",""
"2011111300","","2","0","0","0","0","0","0","0","0","4","0","","02","10","2011","2","40.454975","-79.911373","","11","0","0","0","0","0","0","0","0","","0","0","0","","","0","","2","","40 27:17.910","","7","79 54:40.942","0","0","0","0","2301","0","0","0","N","0","0","0","2","02301","0","","1.0","","9","N","N","","0","","0","0","0","","3","","","2","0","0","0","0","0","0","2","0","2","","","","N","","","","","","","","","",""
"2011111089","","0","0","0","0","0","0","0","0","0","0","0","","02","10","2011","7","40.440003","-80.083853","","11","0","0","0","0","0","1","0","0","1","0","0","0","","","1","","3","","40 26:24.012","5","0","80 05:01.871","8","0","0","1","2115","0","0","0","N","0","0","0","1","02115","0","","1.0","","1","N","N","","0","","0","0","0","","0","N","","1","1","0","0","0","1","0","2","0","1","","","","N","","","","","","","","","",""
"2011110476","","1","0","0","0","0","0","0","0","0","4","0","","02","10","2011","7","40.630132","-80.057019","","11","1","0","0","0","0","0","1","0","","0","0","0","","","1","","0","","40 37:48.474","","0","80 03:25.269","4","0","0","0","2216","0","0","0","N","0","0","0","4","02505","1","","1.0","","9","N","N","","0","","0","0","1","","0","","","2","1","0","0","0","0","0","2","0","2","","","","N","","","","","","","","","",""
"2011111366","","0","0","0","0","0","0","0","0","0","7","0","","02","11","2011","3","40.435707","-79.994409","","11","0","0","0","0","0","0","0","0","","0","0","0","","","0","","3","","40 26:08.545","","3","79 59:39.872","0","0","0","0","2301","0","0","0","N","0","0","0","1","02301","0","","4.0","","9","N","N","","0","","0","0","1","","0","","","1","0","0","0","0","0","0","2","0","1","","","","N","","","","","","","","","",""
"2011110339","","1","0","0","0","0","0","0","0","0","0","0","","02","10","2011","1","40.572853","-79.861803","","11","0","0","0","0","1","0","0","0","","0","0","0","","","0","","0","","40 34:22.269","","0","79 51:42.492","0","0","0","0","2209","0","0","0","N","0","0","0","1","68T02","0","","1.0","","1","N","N","","0","","0","0","0","","0","","","1","0","0","0","0","0","0","2","0","1","","","","N","","","","","","","","","",""
"2011111090","","1","0","0","0","0","0","0","0","0","7","0","","02","9","2011","2","40.485322","-80.202267","","11","0","0","0","0","0","0","0","0","2","0","0","0","","","0","","0","","40 29:07.159","3","0","80 12:08.161","0","0","0","0","2213","0","0","0","Y","0","0","0","1","02213","0","","4.0","","8","N","N","","0","","0","0","0","","0","N","","1","0","0","0","0","0","0","2","0","1","","","","N","","","","","","","","","",""
"2011110340","","1","0","0","0","0","0","0","0","0","7","0","","02","10","2011","5","40.523608","-79.819044","","11","0","0","0","1","0","0","0","0","1","0","0","0","","","1","","0","","40 31:24.990","4","0","79 49:08.557","8","0","0","0","2466","0","0","0","N","0","0","0","2","68T02","0","","3.0","","9","N","N","","0","","0","0","0","","0","N","","1","1","0","0","0","1","0","2","0","1","","","","N","","","","","","","","","",""
"2011111091","","0","0","0","0","0","0","0","0","0","0","0","","02","9","2011","3","40.506973","-80.172388","","11","0","0","0","0","0","1","0","0","2","0","0","0","","","1","","0","","40 30:25.101","1","0","80 10:20.595","2","0","1","1","2213","0","0","0","N","0","0","0","1","02213","0","","1.0","","1","N","N","","0","","0","1","0","","0","N","","1","1","0","0","0","0","0","2","0","1","","","","N","","","","","","","","","",""
"2011110416","","0","0","0","0","0","0","0","0","0","7","0","","02","10","2011","1","40.613907","-80.054829","","11","0","0","0","0","0","1","0","0","","0","0","0","","","2","","0","","40 36:50.066","","3","80 03:17.384","8","0","0","0","2216","0","0","0","Y","0","0","0","2","02505","0","","2.0","","2","N","N","","1","","0","0","0","","0","","","1","2","0","0","0","2","0","2","0","1","","","","N","","","","","","","","","",""
"2011112034","","2","0","0","0","0","0","0","0","0","5","0","","02","11","2011","4","40.461831","-80.075924","","11","0","0","0","0","0","0","0","0","","0","0","0","","","1","","1","","40 27:42.591","","0","80 04:33.326","8","0","0","0","2301","0","0","0","N","0","0","0","3","02301","0","","1.0","","1","N","N","","0","","0","0","0","","0","","","2","1","0","0","0","1","0","2","0","2","","","","N","","","","","","","","","",""
"2011109801","","1","0","0","0","0","0","0","0","0","7","0","","02","10","2011","6","40.432873","-79.936537","","11","0","0","0","0","0","0","0","0","","0","0","0","","","1","","2","","40 25:58.342","","0","79 56:11.533","8","0","0","0","2301","0","0","0","N","0","0","0","1","02301","0","","2.0","","1","N","N","","0","","0","0","0","","0","","","1","1","0","0","0","1","0","2","0","1","","","","N","","","","","","","","","",""
"2011110341","","1","0","0","0","0","0","0","0","0","99","0","","02","10","2011","6","40.65754","-80.083384","","11","0","0","0","0","1","0","0","0","","0","0","0","","","0","","0","","40 39:27.144","","0","80 05:00.181","0","0","0","0","2212","0","0","0","N","0","0","0","1","68T02","0","","1.0","","1","N","N","","0","","0","0","0","","0","","","1","0","0","0","0","0","0","2","0","1","","","","N","","","","","","","","","",""
"2011109787","","1","0","0","0","0","0","0","0","0","1","0","","02","10","2011","6","40.457766","-79.932328","","11","0","0","0","0","0","1","0","0","","0","0","0","","","0","","0","","40 27:27.958","","0","79 55:56.380","0","0","0","0","2301","0","0","0","N","0","0","0","2","02301","0","","1.0","","1","N","N","","0","","0","0","1","","0","","","2","0","0","0","0","0","0","2","0","2","","","","N","","","","","","","","","",""
"2011111304","","2","0","0","0","0","0","0","0","0","4","0","","02","10","2011","2","40.409489","-79.876086","","11","0","0","0","0","0","0","0","0","2","0","0","0","","","3","","3","","40 24:34.160","5","3","79 52:33.910","8","0","0","0","2456","0","0","0","N","0","0","0","6","02456","0","","1.0","","9","N","N","","0","","0","0","0","","3","Y","","2","3","0","0","0","3","0","2","0","2","","","","N","","","","","","","","","",""