"CRN","ARRIVAL_TM","AUTOMOBILE_COUNT","BELTED_DEATH_COUNT","BELTED_SUSP_SERIOUS_INJ_COUNT","BICYCLE_COUNT","BICYCLE_DEATH_COUNT","BICYCLE_SUSP_SERIOUS_INJ_COUNT","BUS_COUNT","CHLDPAS_DEATH_COUNT","CHLDPAS_SUSP_SERIOUS_INJ_COUNT","COLLISION_TYPE","COMM_VEH_COUNT","CONS_ZONE_SPD_LIM","COUNTY","CRASH_MONTH","CRASH_YEAR","DAY_OF_WEEK","DEC_LATITUDE","DEC_LONGITUDE","DISPATCH_TM","DISTRICT","DRIVER_COUNT_16YR","DRIVER_COUNT_17YR","DRIVER_COUNT_18YR","DRIVER_COUNT_19YR","DRIVER_COUNT_20YR","DRIVER_COUNT_50_64YR","DRIVER_COUNT_65_74YR","DRIVER_COUNT_75PLUS","EST_HRS_CLOSED","FATAL_COUNT","HEAVY_TRUCK_COUNT","HORSE_BUGGY_COUNT","HOUR_OF_DAY","ILLUMINATION","INJURY_COUNT","INTERSECTION_RELATED","INTERSECT_TYPE","LANE_CLOSED","LATITUDE","LN_CLOSE_DIR","LOCATION_TYPE","LONGITUDE","MAX_SEVERITY_LEVEL","MCYCLE_DEATH_COUNT","MCYCLE_SUSP_SERIOUS_INJ_COUNT","MOTORCYCLE_COUNT","MUNICIPALITY","NONMOTR_COUNT","NONMOTR_DEATH_COUNT","NONMOTR_SUSP_SERIOUS_INJ_COUNT","NTFY_HIWY_MAINT","PED_COUNT","PED_DEATH_COUNT","PED_SUSP_SERIOUS_INJ_COUNT","PERSON_COUNT","POLICE_AGCY","POSSIBLE_INJ_COUNT","RDWY_SURF_TYPE_CD","RELATION_TO_ROAD","ROADWAY_CLEARED","ROAD_CONDITION","SCH_BUS_IND","SCH_ZONE_IND","SECONDARY_CRASH","SMALL_TRUCK_COUNT","SPEC_JURIS_CD","SUSP_MINOR_INJ_COUNT","SUSP_SERIOUS_INJ_COUNT","SUV_COUNT","TCD_FUNC_CD","TCD_TYPE","TFC_DETOUR_IND","TIME_OF_DAY","TOTAL_UNITS","TOT_INJ_COUNT","UNBELTED_OCC_COUNT","UNB_DEATH_COUNT","UNB_SUSP_SERIOUS_INJ_COUNT","UNK_INJ_DEG_COUNT","UNK_INJ_PER_COUNT","URBAN_RURAL","VAN_COUNT","VEHICLE_COUNT","WEATHER1","WEATHER2","WORKERS_PRES","WORK_ZONE_IND","WORK_ZONE_LOC","WORK_ZONE_TYPE","WZ_CLOSE_DETOUR","WZ_FLAGGER","WZ_LAW_OFFCR_IND","WZ_LN_CLOSURE","WZ_MOVING","WZ_OTHER","WZ_SHLDER_MDN","WZ_WORKERS_INJ_KILLED"
"2011111961","","1","0","0","0","0","0","0","0","0","7","0","","02","10","2011","2","40.514439","-79.906755","","11","0","1","0","0","0","0","0","0","","0","0","0","","","0","","0","","40 30:51.980","","0","79 54:24.318","0","0","0","0","2432","0","0","0","N","0","0","0","1","02432","0","","5.0","","9","N","N","","0","","0","0","0","","0","","","1","0","0","0","0","0","0","2","0","1","","","","N","","","","","","","","","",""
"2011110628","","2","0","0","0","0","0","0","0","0","1","0","","02","10","2011","6","40.366514","-79.98432","","11","0","0","0","0","0","0","0","0","1","0","0","0","","","1","","0","","40 21:59.449","1","0","79 59:03.552","4","0","0","0","2413","0","0","0","N","0","0","0","4","02413","1","","1.0","","1","N","N","","0","","0","0","0","","0","N","","2","1","0","0","0","0","0","2","0","2","","","","N","","","","","","","","","",""
"2011110344","","1","0","0","0","0","0","0","0","0","0","0","","02","10","2011","7","40.456408","-79.99064","","11","0","0","0","0","0","0","0","0","","0","0","0","","","0","","0","","40 27:23.068","","0","79 59:26.304","0","0","0","0","2301","0","0","0","N","0","0","0","3","02301","0","","3.0","","9","N","N","","0","","0","0","0","","0","","","2","0","0","0","0","0","0","2","0","1","","","","N","","","","","","","","","",""
"2011111962","","1","0","0","0","0","0","0","0","0","1","0","","02","11","2011","3","40.47129","-79.926382","","11","0","0","0","0","0","0","1","0","","0","0","0","","","0","","0","","40 28:16.643","","0","79 55:34.976","0","0","0","0","2301","0","0","0","N","0","0","0","6","02301","0","","1.0","","1","N","N","","1","","0","0","1","","2","","","3","0","0","0","0","0","0","2","0","3","","","","N","","","","","","","","","",""
"2011110496","","1","0","0","0","0","0","0","0","0","7","0","","02","10","2011","7","40.654488","-80.01061","","11","0","0","0","0","0","0","0","0","2","0","0","0","","","0","","0","","40 39:16.158","1","0","80 00:38.197","0","0","0","0","2216","0","0","0","N","0","0","0","1","02505","0","","2.0","","9","N","N","","0","","0","0","0","","0","N","","1","0","0","0","0","0","0","1","0","1","","","","N","","","","","","","","","",""
"2011110345","","0","0","0","0","0","0","0","0","0","0","1","","02","10","2011","7","40.42494","-79.920021","","11","0","0","0","0","0","0","0","0","3","0","1","0","","","0","","2","","40 25:29.784","3","0","79 55:12.075","0","0","0","0","2301","0","0","0","N","0","0","0","1","02301","0","","1.0","","9","N","N","","0","","0","0","0","","0","N","","1","0","0","0","0","0","0","2","0","1","","","","N","","","","","","","","","",""
"2011110346","","1","0","0","0","0","0","1","0","0","1","1","","02","10","2011","6","40.457604","-79.998007","","11","0","0","0","0","0","0","0","0","","0","0","0","","","2","","2","","40 27:27.376","","0","79 59:52.825","4","0","0","0","2301","0","0","0","N","0","0","0","4","02503","2","","1.0","","1","N","N","","0","","0","0","0","","0","","","3","2","0","0","0","0","0","2","1","3","","","","N","","","","","","","","","",""
"2011112027","","1","0","0","0","0","0","0","0","0","5","1","","02","11","2011","4","40.514259","-80.153351","","11","0","0","0","0","0","1","0","0","1","0","1","0","","","0","","0","","40 30:51.333","1","0","80 09:12.065","0","0","0","0","2420","0","0","0","N","0","0","0","2","02420","0","","1.0","","1","N","N","","0","","0","0","0","","0","N","","2","0","0","0","0","0","0","2","0","2","","","","N","","","","","","","","","",""
"2011109727","","2","0","0","0","0","0","0","0","0","1","0","15","02","10","2011","3","40.314303","-79.885766","","11","0","0","0","0","0","0","1","1","1","0","0","0","","","0","","0","","40 18:51.490","4","3","79 53:08.758","0","0","0","0","2433","0","0","0","N","0","0","0","2","02433","0","","1.0","","1","N","N","","0","","0","0","0","","0","N","","2","0","0","0","0","0","0","2","0","2","","","Y","Y","4","1","","","N","","","","",""
"2011110564","","2","0","0","0","0","0","0","0","0","6","0","25","02","10","2011","7","40.613652","-80.054685","","11","0","0","0","0","0","1","0","0","","0","0","0","","","1","","0","","40 36:49.148","","0","80 03:16.865","4","0","0","0","2216","0","0","0","N","0","0","0","4","02505","1","","1.0","","9","N","N","","0","","0","0","0","","0","","","2","1","0","0","0","0","0","1","0","2","","","N","Y","4","1","","","N","Y","","","",""
"2011110644","","0","0","0","0","0","0","1","0","0","8","1","","02","10","2011","7","40.438153","-79.975762","","11","0","0","0","0","0","1","0","0","3","0","0","0","","","1","","0","","40 26:17.352","3","0","79 58:32.743","8","0","0","0","2301","1","0","0","N","1","0","0","2","02503","0","","1.0","","9","N","N","","0","","0","0","0","","0","N","","2","1","0","0","0","1","0","2","0","1","","","","N","","","","","","","","","",""
"2011110361","","2","0","0","0","0","0","0","0","0","1","0","","02","10","2011","7","40.415035","-80.011273","","11","0","0","0","0","0","0","0","0","","0","0","0","","","0","","2","","40 24:54.125","","0","80 00:40.583","0","0","0","0","2301","0","0","0","N","0","0","0","3","02301","0","","1.0","","9","N","N","","0","","0","0","0","","0","","","2","0","0","0","0","0","0","2","0","2","","","","N","","","","","","","","","",""
"2011110424","","0","0","0","0","0","0","0","0","0","7","0","","02","10","2011","5","40.620081","-80.095894","","11","0","0","0","0","0","0","0","0","","0","0","0","","","0","","0","","40 37:12.293","","0","80 05:45.219","0","0","0","0","2212","0","0","0","N","0","0","0","1","68B03","0","","4.0","","9","N","N","","0","","0","0","1","","0","","","1","0","0","0","0","0","0","2","0","1","","","","N","","","","","","","","","",""
"2011112044","","1","0","0","0","0","0","0","0","0","4","0","","02","11","2011","4","40.361058","-79.99224","","11","0","0","0","0","0","1","0","0","1","0","0","0","","","0","","2","","40 21:39.810","1","0","79 59:32.065","0","0","0","0","2476","0","0","0","N","0","0","0","2","02476","0","","1.0","","1","N","","","0","","0","0","1","","0","N","","2","0","0","0","0","0","0","2","0","2","","","","N","","","","","","","","","",""
"2011111312","","1","0","0","0","0","0","0","0","0","4","0","","02","10","2011","2","40.416669","-79.937998","","11","0","0","0","0","0","0","0","0","","0","0","0","","","0","","0","","40 25:00.008","","0","79 56:16.792","0","0","0","0","2301","0","0","0","N","0","0","0","2","02301","0","","6.0","","9","N","N","","1","","0","0","0","","0","","","2","0","0","0","0","0","0","2","0","2","","","","N","","","","","","","","","",""
"2011111376","","1","0","0","0","0","0","0","0","0","7","0","","02","11","2011","3","40.412759","-80.010225","","11","0","0","0","0","0","0","0","0","","0","0","0","","","0","","1","","40 24:45.931","","0","80 00:36.811","0","0","0","0","2301","0","0","0","N","0","0","0","1","02301","0","","4.0","","9","N","N","","0","","0","0","0","","0","","","1","0","0","0","0","0","0","2","0","1","","","","N","","","","","","","","","",""
"2011110349","","3","0","0","0","0","0","0","0","0","1","0","","02","10","2011","7","40.352173","-79.977658","","11","0","0","0","0","1","0","0","1","2","0","0","0","","","0","","1","","40 21:07.821","2","0","79 58:39.567","0","0","0","0","2476","0","0","0","N","0","0","0","10","02476","0","","1.0","","9","N","N","","1","","0","0","2","","2","N","","6","0","1","0","0","0","0","2","0","6","","","","N","","","","","","","","","",""
"2011110425","","1","0","0","0","0","0","0","0","0","1","0","","02","10","2011","6","40.416654","-80.057771","","11","0","0","0","0","0","0","0","0","1","0","0","0","","","0","","0","","40 24:59.956","3","0","80 03:27.975","0","0","0","0","2435","0","0","0","N","0","0","0","2","68B03","0","","1.0","","1","N","N","","0","","0","0","1","","0","N","","2","0","0","0","0","0","0","2","0","2","","","","N","","","","","","","","","",""
"2011109729","","0","0","0","0","0","0","0","0","0","2","0","","02","10","2011","6","40.423224","-79.973948","","11","0","0","0","0","0","0","0","0","","0","0","0","","","0","","1","","40 25:23.606","","0","79 58:26.212","0","0","0","0","2301","0","0","0","N","0","0","0","2","02301","0","","1.0","","9","N","N","","1","","0","0","1","","3","","","2","0","1","0","0","0","0","2","0","2","","","","N","","","","","","","","","",""
"2011109814","","0","0","0","0","0","0","0","0","0","4","0","","02","10","2011","5","40.33245","-79.93379","","11","0","0","0","0","0","0","0","0","1","0","0","0","","","0","","1","","40 19:56.821","6","0","79 56:01.645","0","0","0","0","2473","0","0","0","N","0","0","0","2","02473","0","","1.0","","1","N","N","","1","","0","0","0","","2","Y","","2","0","0","0","0","0","0","2","1","2","","","","N","","","","","","","","","",""
"2011111314","","1","0","0","0","0","0","0","0","0","8","0","","02","10","2011","2","40.434446","-79.986096","","11","0","0","0","0","0","0","0","0","","0","0","0","","","1","","0","","40 26:04.007","","0","79 59:09.944","3","0","0","0","2301","1","0","0","N","1","0","0","2","02301","0","","1.0","","9","N","N","","0","","1","0","0","","2","","","2","1","0","0","0","0","0","2","0","1","","","","N","","","","","","","","","",""
"2011110635","","1","0","0","0","0","0","0","0","0","4","0","","02","10","2011","4","40.512133","-79.99718","","11","0","0","1","0","0","0","0","0","2","0","0","0","","","3","","0","","40 30:43.679","5","0","79 59:49.847","8","0","0","0","2116","0","0","0","N","0","0","0","3","02116","0","","1.0","","1","N","N","","0","","0","0","1","","0","Y","","2","3","0","0","0","3","0","2","0","2","","","","N","","","","","","","","","",""
"2011109731","","0","0","0","0","0","0","0","0","0","4","0","","02","10","2011","6","40.27353","-79.885186","","11","0","0","0","0","0","0","0","0","","0","0","0","","","1","","2","","40 16:24.707","","0","79 53:06.670","4","0","0","0","2428","0","0","0","N","0","0","0","2","02428","1","","7.0","","1","N","N","","1","","0","0","1","","3","","","2","1","0","0","0","0","0","2","0","2","","","","N","","","","","","","","","",""
"2011109893","","1","0","0","0","0","0","0","0","0","7","0","","02","10","2011","2","40.58916","-79.775346","","11","0","0","0","0","1","0","0","0","2","0","0","0","","","0","","0","","40 35:20.977","1","0","79 46:31.246","0","0","0","0","2104","0","0","0","N","0","0","0","1","68D02","0","","3.0","","1","N","N","","0","","0","0","0","","0","N","","1","0","0","0","0","0","0","2","0","1","","","","N","","","","","","","","","",""
"2011109816","","2","0","0","0","0","0","0","0","0","2","0","","02","10","2011","5","40.489147","-80.0798","","11","0","0","0","0","1","0","0","0","1","0","0","0","","","0","","1","","40 29:20.928","7","0","80 04:47.279","0","0","0","0","2122","0","0","0","N","0","0","0","2","02122","0","","1.0","","9","N","N","","0","","0","0","0","","3","N","","2","0","0","0","0","0","0","2","0","2","","","","N","","","","","","","","","",""
"2011110367","","1","0","0","0","0","0","0","0","0","1","0","","02","10","2011","6","40.33487","-80.132974","","11","1","0","0","0","0","0","0","0","","0","0","0","","","0","","0","","40 20:05.531","","0","80 07:58.706","0","0","0","0","2123","0","0","0","N","0","0","0","4","02123","0","","1.0","","1","N","N","","0","","0","0","2","","2","","","3","0","0","0","0","0","0","2","0","3","","","","N","","","","","","","","","",""
"2011109734","","0","0","0","0","0","0","0","0","0","1","0","","02","10","2011","6","40.415799","-79.925149","","11","0","0","0","0","0","1","0","0","","0","0","0","","","0","","0","","40 24:56.876","","0","79 55:30.536","0","0","0","0","2301","0","0","0","N","0","0","0","2","02301","0","","1.0","","1","N","N","","1","","0","0","0","","0","","","2","0","0","0","0","0","0","2","1","2","","","","N","","","","","","","","","",""
"2011109895","","1","0","0","0","0","0","0","0","0","99","0","","02","10","2011","3","40.602517","-79.767066","","11","0","0","0","0","0","1","0","0","","0","0","0","","","0","","0","","40 36:09.062","","0","79 46:01.438","0","0","0","0","2202","0","0","0","N","0","0","0","1","68D02","0","","1.0","","1","N","N","","0","","0","0","0","","0","","","1","0","0","0","0","0","0","1","0","1","","","","N","","","","","","","","","",""
"2011110355","","1","0","0","0","0","0","0","0","0","4","0","","02","10","2011","7","40.444202","-80.028173","","11","0","1","0","0","0","0","0","0","","0","0","0","","","0","","1","","40 26:39.126","","3","80 01:41.424","0","0","0","0","2301","0","0","0","N","0","0","0","6","02301","0","","1.0","","9","N","N","","0","","0","0","1","","2","","","2","0","0","0","0","0","0","2","0","2","","","","N","","","","","","","","","",""
"2011109737","","2","0","0","0","0","0","0","0","0","1","0","","02","10","2011","5","40.605644","-80.086734","","11","0","0","0","0","0","0","0","0","","0","0","0","","","1","","0","","40 36:20.318","","0","80 05:12.242","8","0","0","0","2481","0","0","0","N","0","0","0","2","02481","0","","1.0","","9","N","N","","0","","0","0","0","","0","","","2","1","0","0","0","1","0","2","0","2","","","","N","","","","","","","","","",""
"2011111057","","0","0","0","0","0","0","0","0","0","7","0","","02","10","2011","2","40.272711","-79.844576","","11","0","0","0","0","0","0","0","0","2","0","0","0","","","1","","0","","40 16:21.761","5","0","79 50:40.474","8","0","0","0","2105","0","0","0","N","0","0","0","1","02105","0","","5.0","","1","N","N","","0","","0","0","1","","0","Y","","1","1","1","0","0","1","0","1","0","1","","","","N","","","","","","","","","",""
"2011109751","","2","0","0","0","0","0","0","0","0","4","0","","02","10","2011","6","40.443882","-80.237134","","11","0","0","0","0","0","1","0","0","","0","0","0","","","1","","3","","40 26:37.975","","7","80 14:13.682","4","0","0","0","2214","0","0","0","N","0","0","0","2","02214","1","","1.0","","1","N","N","","0","","0","0","0","","3","","","2","1","1","0","0","0","0","2","0","2","","","","N","","","","","","","","","",""
"2011110576","","0","0","0","0","0","0","0","0","0","1","0","","02","10","2011","1","40.4386","-79.986035","","11","0","0","0","0","0","0","0","0","","0","0","0","","","0","","0","","40 26:18.960","","0","79 59:09.726","0","0","0","0","2301","0","0","0","N","0","0","0","1","02301","0","","1.0","","1","N","N","","1","","0","0","0","","0","","","2","0","1","0","0","0","0","2","1","2","","","","N","","","","","","","","","",""
"2011111060","","2","0","0","0","0","0","0","0","0","4","0","","02","10","2011","1","40.553234","-80.020686","","11","0","0","0","0","0","1","0","0","","0","0","0","","","0","","0","","40 33:11.643","","7","80 01:14.469","9","0","0","0","2116","0","0","0","N","0","0","0","4","02116","0","","1.0","","1","N","N","","0","","0","0","0","","0","","","2","0","1","0","0","0","1","2","0","2","","","","N","","","","","","","","","",""
"2011111398","","1","0","0","0","0","0","0","0","0","1","0","","02","10","2011","2","40.433184","-79.865672","","11","0","0","0","0","0","1","0","0","2","0","0","0","","","1","","0","","40 25:59.464","4","2","79 51:56.418","3","0","0","0","2431","0","0","0","N","0","0","0","3","68B03","0","","1.0","","1","N","N","","0","","1","0","1","","0","Y","","3","1","0","0","0","0","0","2","1","3","","","","N","","","","","","","","","",""
"2011111977","","3","0","0","0","0","0","0","0","0","1","0","","02","11","2011","4","40.429935","-79.714444","","11","0","0","1","0","0","0","0","0","","0","0","0","","","0","","0","","40 25:47.766","","0","79 42:51.999","0","0","0","0","2446","0","0","0","N","0","0","0","3","02446","0","","1.0","","1","N","N","","0","","0","0","0","","0","","","3","0","0","0","0","0","0","2","0","3","","","","N","","","","","","","","","",""
"2011110578","","1","0","0","0","0","0","0","0","0","1","0","","02","10","2011","7","40.35763","-80.000206","","11","0","0","0","0","0","2","0","0","","0","0","0","","","1","","2","","40 21:27.468","","0","80 00:00.742","4","0","0","0","2476","0","0","0","N","0","0","0","3","02476","1","","1.0","","9","N","N","","1","","0","0","0","","2","","","2","1","0","0","0","0","0","2","0","2","","","","N","","","","","","","","","",""
"2011109755","","1","0","0","0","0","0","0","0","0","8","0","","02","10","2011","6","40.473621","-80.076704","","11","0","0","0","0","0","0","0","0","","0","0","0","","","1","","0","","40 28:25.036","","0","80 04:36.135","8","0","0","0","2122","1","0","0","N","1","0","0","2","02122","0","","1.0","","9","N","N","","0","","0","0","0","","0","","","2","1","0","0","0","1","0","2","0","1","","","","N","","","","","","","","","",""
"2011111339","","2","0","0","0","0","0","0","0","0","4","0","","02","10","2011","4","40.462314","-79.705777","","11","0","0","0","0","0","0","0","0","","0","0","0","","","1","","0","","40 27:44.332","","0","79 42:20.796","8","0","0","0","2466","0","0","0","N","0","0","0","2","02466","0","","1.0","","1","N","N","","0","","0","0","0","","0","","","2","1","0","0","0","1","0","2","0","2","","","","N","","","","","","","","","",""
"2011110377","","3","0","0","0","0","0","0","0","0","4","0","","02","10","2011","7","40.403549","-80.058033","","11","0","0","1","0","0","0","0","0","2","0","0","0","","","0","","2","","40 24:12.778","1","0","80 03:28.919","0","0","0","0","2117","0","0","0","N","0","0","0","4","02117","0","","1.0","","9","N","N","","0","","0","0","0","","2","N","","3","0","0","0","0","0","0","2","0","3","","","","N","","","","","","","","","",""
"2011111328","","2","0","0","0","0","0","0","0","0","1","0","","02","10","2011","2","40.387659","-79.984267","","11","0","0","0","0","0","0","0","0","","0","0","0","","","0","","0","","40 23:15.572","","0","79 59:03.361","0","0","0","0","2301","0","0","0","N","0","0","0","1","02301","0","","6.0","","9","N","N","","0","","0","0","0","","0","","","2","0","0","0","0","0","0","2","0","2","","","","N","","","","","","","","","",""
"2011109757","","2","0","0","0","0","0","0","0","0","4","0","","02","10","2011","5","40.376095","-79.907341","","11","0","0","1","0","0","0","0","0","1","0","0","0","","","1","","2","","40 22:33.941","3","0","79 54:26.427","8","0","0","0","2473","0","0","0","N","0","0","0","3","02473","0","","1.0","","9","N","N","","0","","0","0","0","","3","N","","2","1","0","0","0","1","0","2","0","2","","","","N","","","","","","","","","",""
"2011112578","","0","0","0","0","0","0","0","0","0","7","0","","02","10","2011","5","40.449849","-79.99322","","11","0","0","0","0","0","0","0","0","","0","0","0","","","0","","0","","40 26:59.456","","3","79 59:35.593","0","0","0","0","2301","0","0","0","N","0","0","0","1","68B03","0","","2.0","","9","N","N","","0","","0","0","1","","0","","","1","0","0","0","0","0","0","2","0","1","","","","N","","","","","","","","","",""
"2011111994","","0","0","0","0","0","0","0","0","0","1","0","","02","11","2011","4","40.448414","-79.958635","","11","0","0","0","0","0","0","0","0","","0","0","0","","","1","","0","","40 26:54.290","","0","79 57:31.086","8","0","0","0","2301","0","0","0","N","0","0","0","2","02301","0","","1.0","","1","N","N","","1","","0","0","1","","2","","","2","1","0","0","0","1","0","2","0","2","","","","N","","","","","","","","","",""
"2011109829","","1","0","0","0","0","0","0","0","0","4","0","","02","10","2011","6","40.449316","-79.999051","","11","0","0","0","0","0","0","0","0","1","0","0","0","","","2","","3","","40 26:57.536","3","0","79 59:56.585","4","0","0","0","2301","0","0","0","N","0","0","0","6","02301","1","","1.0","","1","N","N","","0","","0","0","1","","3","N","","2","2","5","0","0","1","0","2","0","2","","","","N","","","","","","","","","",""
"2011111066","","2","0","0","0","0","0","0","0","0","1","0","","02","10","2011","7","40.527394","-80.022444","","11","0","0","0","0","0","1","0","0","6","0","0","0","","","0","","2","","40 31:38.618","3","0","80 01:20.798","0","0","0","0","2116","0","0","0","N","0","0","0","4","02116","0","","1.0","","9","N","N","","0","","0","0","0","","0","N","","2","0","0","0","0","0","0","2","0","2","","","","N","","","","","","","","","",""
"2011112580","","0","0","0","0","0","0","0","0","0","7","0","","02","10","2011","7","40.495293","-80.013683","","11","0","0","0","0","0","0","1","0","2","0","0","0","","","1","","0","","40 29:43.055","1","3","80 00:49.258","3","0","0","0","2301","0","0","0","Y","0","0","0","2","68B03","0","","2.0","","2","N","N","","0","","1","0","1","","0","N","","1","1","0","0","0","0","0","2","0","1","","","","N","","","","","","","","","",""
"2011111995","","2","0","0","0","0","0","0","0","0","1","0","","02","11","2011","3","40.452709","-79.826101","","11","0","0","0","0","1","1","1","0","1","0","0","0","","","1","","0","","40 27:09.752","1","0","79 49:33.964","8","0","0","0","2113","0","0","0","N","0","0","0","3","02113","0","","1.0","","1","N","N","","0","","0","0","0","","0","Y","","3","1","0","0","0","1","0","2","1","3","","","","N","","","","","","","","","",""
"2011112064","","2","0","0","0","0","0","0","0","0","6","0","","02","10","2011","6","40.368813","-80.084834","","11","0","0","0","0","0","0","0","0","2","0","0","0","","","2","","2","","40 22:07.726","1","0","80 05:05.402","4","0","0","0","2117","0","0","0","N","0","0","0","2","02117","1","","1.0","","1","N","N","","0","","0","0","0","","3","Y","","2","2","0","0","0","1","0","2","0","2","","","","N","","","","","","","","","",""
"2011109830","","1","0","0","0","0","0","0","0","0","8","0","","02","10","2011","4","40.460167","-80.0556","","11","0","0","0","0","0","0","0","0","","0","0","0","","","1","","0","","40 27:36.601","","0","80 03:20.160","8","0","0","0","2301","1","0","0","N","1","0","0","1","02301","0","","5.0","","9","N","N","","0","","0","0","0","","0","","","3","1","0","0","0","1","0","2","1","2","","","","N","","","","","","","","","",""
"2011112581","","1","0","0","0","0","0","0","0","0","7","0","","02","11","2011","3","40.413589","-80.105518","","11","0","0","0","0","0","0","0","0","","0","0","0","","","0","","0","","40 24:48.919","","0","80 06:19.866","0","0","0","0","2115","0","0","0","Y","0","0","0","1","68B03","0","","5.0","","9","N","N","","0","","0","0","0","","0","","","1","0","0","0","0","0","0","2","0","1","","","","N","","","","","","","","","",""
"2011111996","","0","0","0","0","0","0","0","0","0","7","0","","02","10","2011","1","40.507252","-79.793624","","11","0","0","0","0","0","0","0","0","2","0","0","0","","","1","","0","","40 30:26.106","6","0","79 47:37.046","3","0","0","0","2113","0","0","0","Y","0","0","0","2","02113","0","","4.0","","1","N","N","","0","","1","0","1","","0","Y","","1","1","0","0","0","0","1","2","0","1","","","","N","","","","","","","","","",""
"2011110518","","1","0","0","0","0","0","0","0","0","1","0","","02","10","2011","7","40.356299","-79.911512","","11","0","0","0","0","0","0","0","0","1","0","0","0","","","1","","2","","40 21:22.675","2","0","79 54:41.443","3","0","0","0","2473","0","0","0","N","0","0","0","2","02473","0","","1.0","","6","N","N","","0","","1","0","1","","0","N","","2","1","0","0","0","0","0","2","0","2","","","","N","","","","","","","","","",""
"2011111332","","0","0","0","0","0","0","0","0","0","7","0","","02","10","2011","1","40.660715","-79.983659","","11","0","0","0","0","0","0","0","0","","0","0","0","","","1","","0","","40 39:38.575","","7","79 59:01.172","4","0","0","0","2217","0","0","0","N","0","0","0","1","02505","1","","5.0","","2","N","N","","1","","0","0","0","","0","","","1","1","0","0","0","0","0","1","0","1","","05","","N","","","","","","","","","",""
"2011110597","","1","0","0","0","0","0","0","0","0","4","0","","02","10","2011","6","40.438592","-79.770724","","11","0","0","0","0","0","1","0","0","","0","0","0","","","1","","0","","40 26:18.932","","7","79 46:14.605","3","0","0","1","2446","0","0","0","N","0","0","0","3","02446","0","","1.0","","1","N","N","","0","","1","0","0","","0","","","2","1","0","0","0","0","0","2","0","2","","","","N","","","","","","","","","",""
"2011110382","","2","0","0","0","0","0","0","0","0","4","0","","02","10","2011","7","40.435783","-79.958126","","11","0","0","0","0","0","1","0","0","","0","0","0","","","0","","1","","40 26:08.819","","0","79 57:29.255","0","0","0","0","2301","0","0","0","N","0","0","0","9","02301","0","","1.0","","1","N","N","","0","","0","0","0","","2","","","2","0","0","0","0","0","0","2","0","2","","","","N","","","","","","","","","",""
"2011110455","","1","0","0","0","0","0","0","0","0","1","0","","02","10","2011","7","40.622967","-80.063717","","11","0","0","0","0","0","1","0","0","","0","0","0","","","0","","2","","40 37:22.681","","0","80 03:49.381","0","0","0","0","2216","0","0","0","N","0","0","0","2","02505","0","","1.0","","9","N","N","","0","","0","0","1","","0","","","2","0","0","0","0","0","0","2","0","2","","","","N","","","","","","","","","",""
"2011111997","","1","0","0","0","0","0","0","0","0","1","0","","02","11","2011","4","40.443328","-79.896671","","11","0","0","0","0","0","0","0","0","2","0","0","0","","","1","","2","","40 26:35.980","5","0","79 53:48.017","3","0","0","0","2301","0","0","0","N","0","0","0","2","02301","0","","1.0","","1","N","N","","0","","1","0","1","","0","N","","2","1","0","0","0","0","0","2","0","2","","","","N","","","","","","","","","",""
"2011109832","","1","0","0","0","0","0","0","0","0","4","0","","02","10","2011","5","40.440425","-79.994868","","11","0","0","0","1","0","0","0","1","","0","0","0","","","0","","1","","40 26:25.530","","0","79 59:41.524","0","0","0","0","2301","0","0","0","N","0","0","0","5","02301","0","","1.0","","1","N","N","","0","","0","0","1","","2","","","2","0","0","0","0","0","0","2","0","2","","","","N","","","","","","","","","",""
"2011110598","","0","0","0","0","0","0","0","0","0","7","0","","02","10","2011","1","40.390419","-80.044487","","11","0","0","0","0","0","0","0","0","","0","0","0","","","0","","0","","40 23:25.508","","7","80 02:40.153","0","0","0","0","2109","0","0","0","N","0","0","0","1","02109","0","","5.0","","9","N","N","","0","","0","0","1","","0","","","1","0","0","0","0","0","0","2","0","1","","","","N","","","","","","","","","",""
"2011111070","","1","0","0","0","0","0","0","0","0","7","0","","02","10","2011","2","40.446183","-79.98225","","11","0","0","0","0","0","0","0","0","","0","0","0","","","1","","0","","40 26:46.258","","0","79 58:56.100","4","0","0","0","2301","0","0","0","N","0","0","0","2","02301","1","","4.0","","1","N","N","","0","","0","0","1","","0","","","2","1","0","0","0","0","0","2","0","2","","","","N","","","","","","","","","",""
"2011110456","","0","0","0","0","0","0","0","0","0","7","0","","02","10","2011","7","40.342781","-79.822883","","11","0","0","0","0","0","1","0","0","3","0","0","0","","","0","","0","","40 20:34.010","3","0","79 49:22.380","0","0","0","0","2304","0","0","0","","0","0","0","1","02304","0","","2.0","","9","N","N","","0","","0","0","0","","0","N","","1","0","0","0","0","0","0","2","1","1","","","","N","","","","","","","","","",""
"2011111347","","1","0","0","0","0","0","0","0","0","4","0","","02","10","2011","2","40.444202","-80.028173","","11","0","0","0","0","0","1","0","0","1","0","0","0","","","0","","10","","40 26:39.126","1","3","80 01:41.424","9","0","0","0","2301","0","0","0","N","0","0","0","2","02301","0","","1.0","","1","N","N","","0","","0","0","1","","2","N","","2","0","0","0","0","0","1","2","0","2","","","","N","","","","","","","","","",""