"CRN","ARRIVAL_TM","AUTOMOBILE_COUNT","BELTED_DEATH_COUNT","BELTED_SUSP_SERIOUS_INJ_COUNT","BICYCLE_COUNT","BICYCLE_DEATH_COUNT","BICYCLE_SUSP_SERIOUS_INJ_COUNT","BUS_COUNT","CHLDPAS_DEATH_COUNT","CHLDPAS_SUSP_SERIOUS_INJ_COUNT","COLLISION_TYPE","COMM_VEH_COUNT","CONS_ZONE_SPD_LIM","COUNTY","CRASH_MONTH","CRASH_YEAR","DAY_OF_WEEK","DEC_LATITUDE","DEC_LONGITUDE","DISPATCH_TM","DISTRICT","DRIVER_COUNT_16YR","DRIVER_COUNT_17YR","DRIVER_COUNT_18YR","DRIVER_COUNT_19YR","DRIVER_COUNT_20YR","DRIVER_COUNT_50_64YR","DRIVER_COUNT_65_74YR","DRIVER_COUNT_75PLUS","EST_HRS_CLOSED","FATAL_COUNT","HEAVY_TRUCK_COUNT","HORSE_BUGGY_COUNT","HOUR_OF_DAY","ILLUMINATION","INJURY_COUNT","INTERSECTION_RELATED","INTERSECT_TYPE","LANE_CLOSED","LATITUDE","LN_CLOSE_DIR","LOCATION_TYPE","LONGITUDE","MAX_SEVERITY_LEVEL","MCYCLE_DEATH_COUNT","MCYCLE_SUSP_SERIOUS_INJ_COUNT","MOTORCYCLE_COUNT","MUNICIPALITY","NONMOTR_COUNT","NONMOTR_DEATH_COUNT","NONMOTR_SUSP_SERIOUS_INJ_COUNT","NTFY_HIWY_MAINT","PED_COUNT","PED_DEATH_COUNT","PED_SUSP_SERIOUS_INJ_COUNT","PERSON_COUNT","POLICE_AGCY","POSSIBLE_INJ_COUNT","RDWY_SURF_TYPE_CD","RELATION_TO_ROAD","ROADWAY_CLEARED","ROAD_CONDITION","SCH_BUS_IND","SCH_ZONE_IND","SECONDARY_CRASH","SMALL_TRUCK_COUNT","SPEC_JURIS_CD","SUSP_MINOR_INJ_COUNT","SUSP_SERIOUS_INJ_COUNT","SUV_COUNT","TCD_FUNC_CD","TCD_TYPE","TFC_DETOUR_IND","TIME_OF_DAY","TOTAL_UNITS","TOT_INJ_COUNT","UNBELTED_OCC_COUNT","UNB_DEATH_COUNT","UNB_SUSP_SERIOUS_INJ_COUNT","UNK_INJ_DEG_COUNT","UNK_INJ_PER_COUNT","URBAN_RURAL","VAN_COUNT","VEHICLE_COUNT","WEATHER1","WEATHER2","WORKERS_PRES","WORK_ZONE_IND","WORK_ZONE_LOC","WORK_ZONE_TYPE","WZ_CLOSE_DETOUR","WZ_FLAGGER","WZ_LAW_OFFCR_IND","WZ_LN_CLOSURE","WZ_MOVING","WZ_OTHER","WZ_SHLDER_MDN","WZ_WORKERS_INJ_KILLED"
"2011114247","","1","0","0","0","0","0","0","0","0","4","0","","02","11","2011","7","40.34132","-80.022424","","11","0","0","0","0","0","1","0","0","","0","0","0","","","2","","1","","40 20:28.753","","0","80 01:20.728","4","0","0","0","2407","0","0","0","N","0","0","0","2","02407","2","","1.0","","1","N","N","","0","","0","0","0","","3","","","2","2","0","0","0","0","0","2","1","2","","","","N","","","","","","","","","",""
"2011113549","","1","0","0","0","0","0","0","0","0","1","0","","02","11","2011","5","40.523617","-80.005345","","11","0","0","0","0","0","1","0","0","","0","0","0","","","1","","0","","40 31:25.020","","0","80 00:19.243","4","0","0","0","2116","0","0","0","N","0","0","0","2","02116","1","","1.0","","1","N","N","","0","","0","0","1","","0","","","2","1","0","0","0","0","0","2","0","2","","","","N","","","","","","","","","",""
"2011114043","","1","0","0","0","0","0","0","0","0","7","0","","02","10","2011","6","40.42741","-79.951744","","11","0","0","0","0","0","0","0","0","","0","0","0","","","1","","0","","40 25:38.675","","0","79 57:06.280","8","0","0","0","2301","0","0","0","N","0","0","0","1","68B03","0","","4.0","","1","N","N","","0","","0","0","0","","0","","","1","1","0","0","0","1","0","2","0","1","","","","N","","","","","","","","","",""
"2011115622","","5","0","0","0","0","0","0","0","0","4","1","45","02","10","2011","4","40.638866","-80.097659","","11","0","0","0","0","1","0","0","0","","0","1","0","","","0","","0","","40 38:19.919","","0","80 05:51.571","0","0","0","0","2212","0","0","0","N","0","0","0","6","68B03","0","","1.0","","9","N","N","","0","","0","0","0","","0","","","6","0","0","0","0","0","0","2","0","6","","","N","Y","4","1","N","N","N","Y","N","N","N",""
"2011114980","","1","0","0","0","0","0","0","0","0","4","0","","02","11","2011","1","40.506119","-79.990498","","11","0","0","0","0","0","0","0","0","","0","0","0","","","0","","1","","40 30:22.028","","0","79 59:25.791","0","0","0","0","2116","0","0","0","","0","0","0","2","02116","0","","1.0","","1","","","","0","","0","0","1","","2","","","2","0","0","0","0","0","0","2","0","2","","","","N","","","","","","","","","",""
"2011112884","","1","0","0","0","0","0","0","0","0","4","0","","02","11","2011","4","40.385871","-79.967129","","11","0","0","0","0","0","2","0","0","","0","0","0","","","0","","1","","40 23:09.136","","0","79 58:01.665","0","0","0","0","2403","0","0","0","N","0","0","0","2","02403","0","","1.0","","1","N","N","","0","","0","0","0","","8","","","2","0","1","0","0","0","0","2","1","2","","","","N","","","","","","","","","",""
"2011114044","","0","0","0","0","0","0","0","0","0","7","0","","02","10","2011","1","40.426979","-80.293731","","11","0","0","0","0","0","0","0","0","1","0","0","0","","","1","","0","","40 25:37.123","3","0","80 17:37.432","4","0","0","0","2214","0","0","0","N","0","0","0","1","68B03","1","","4.0","","2","N","N","","1","","0","0","0","","0","Y","","1","1","1","0","0","0","0","1","0","1","","","","N","","","","","","","","","",""
"2011115623","","2","0","0","0","0","0","0","0","0","1","0","","02","10","2011","2","40.428849","-79.956164","","11","0","0","0","0","0","0","0","0","","0","0","0","","","3","","6","","40 25:43.856","","2","79 57:22.191","3","0","0","0","2301","0","0","0","N","0","0","0","4","68B03","1","","1.0","","1","N","N","","0","","2","0","0","","4","","","2","3","0","0","0","0","0","2","0","2","","","","N","","","","","","","","","",""
"2011114045","","2","0","0","0","0","0","0","0","0","1","0","","02","11","2011","5","40.417955","-80.055281","","11","0","0","0","0","0","0","0","0","","0","0","0","","","1","","0","","40 25:04.637","","0","80 03:19.010","8","0","0","0","2435","0","0","0","N","0","0","0","7","68B03","0","","1.0","","1","N","N","","0","","0","0","2","","0","","","4","1","0","0","0","1","2","2","0","4","","","","N","","","","","","","","","",""
"2011115624","","0","0","0","0","0","0","0","0","0","7","0","","02","11","2011","3","40.442003","-79.825218","","11","0","0","0","0","0","0","1","0","","0","0","0","","","0","","7","","40 26:31.210","","2","79 49:30.785","0","0","0","0","2124","0","0","0","N","0","0","0","3","68B03","0","","7.0","","9","N","N","","1","","0","0","0","","0","","","1","0","0","0","0","0","0","2","0","1","","","","N","","","","","","","","","",""
"2011114982","","1","0","0","0","0","0","0","0","0","7","0","","02","11","2011","7","40.457425","-79.792947","","11","0","0","0","0","0","0","0","0","2","0","0","0","","","1","","0","","40 27:26.731","5","0","79 47:34.610","4","0","0","0","2113","0","0","0","N","0","0","0","1","02113","1","","5.0","","1","N","N","","0","","0","0","0","","0","Y","","1","1","0","0","0","0","0","2","0","1","","","","N","","","","","","","","","",""
"2011115613","","2","0","0","0","0","0","0","0","0","1","0","","02","11","2011","4","40.48077","-79.70486","","11","0","0","0","1","0","0","0","0","1","0","0","0","","","2","","0","","40 28:50.773","3","0","79 42:17.496","4","0","0","0","2466","0","0","0","N","0","0","0","2","02466","2","","1.0","","1","N","N","","0","","0","0","0","","0","N","","2","2","0","0","0","0","0","2","0","2","","","","N","","","","","","","","","",""
"2011115625","","0","0","0","0","0","0","0","0","0","99","0","","02","11","2011","4","","","","11","0","0","0","0","0","0","0","0","","0","0","0","","","0","","0","","","","0","","0","0","0","0","2203","0","0","0","N","0","0","0","1","68B03","0","","1.0","","1","N","N","","0","","0","0","0","","0","","","1","0","0","0","0","0","0","1","1","1","","","","N","","","","","","","","","",""
"2011114184","","0","0","0","0","0","0","0","0","0","4","0","","02","10","2011","6","40.462891","-79.967059","","11","0","0","0","0","0","1","0","0","","0","0","0","","","0","","0","","40 27:46.408","","0","79 58:01.411","9","0","0","0","2301","0","0","0","N","0","0","0","1","02301","0","","1.0","","1","N","N","","1","","0","0","0","","2","","","2","0","0","0","0","0","1","2","1","2","","","","N","","","","","","","","","",""
"2011113566","","1","0","0","0","0","0","0","0","0","7","0","","02","11","2011","7","40.475371","-79.734141","","11","0","1","0","0","0","0","0","0","3","0","0","0","","","2","","0","","40 28:31.335","5","0","79 44:02.906","3","0","0","0","2466","0","0","0","N","0","0","0","2","02466","0","","5.0","","1","N","N","","0","","2","0","0","","0","Y","","1","2","0","0","0","0","0","2","0","1","","","","N","","","","","","","","","",""
"2011114829","","0","0","0","0","0","0","0","0","0","1","0","","02","11","2011","4","40.420204","-80.05005","","11","0","0","0","0","0","1","0","0","","0","0","0","","","0","","6","","40 25:12.734","","2","80 03:00.181","0","0","0","0","2435","0","0","0","N","0","0","0","4","68B03","0","","1.0","","1","N","N","","0","","0","0","2","","3","","","2","0","0","0","0","0","0","2","0","2","","","","N","","","","","","","","","",""
"2011114047","","1","0","0","0","0","0","0","0","0","1","0","","02","11","2011","7","40.427984","-79.890182","","11","0","0","0","0","0","1","0","0","","0","0","0","","","1","","0","","40 25:40.744","","0","79 53:24.656","8","0","0","0","2426","0","0","0","N","0","0","0","3","68B03","0","","1.0","","1","N","N","","0","","0","0","2","","0","","","3","1","0","0","0","1","0","2","0","3","","","","N","","","","","","","","","",""
"2011113417","","2","0","0","0","0","0","0","0","0","2","0","","02","11","2011","6","40.486283","-80.009651","","11","0","0","0","1","0","0","0","0","2","0","0","0","","","3","","3","","40 29:10.618","3","0","80 00:34.742","4","0","0","0","2301","0","0","0","N","0","0","0","3","02301","3","","1.0","","1","N","N","","0","","0","0","0","","2","N","","2","3","0","0","0","0","0","2","0","2","","","","N","","","","","","","","","",""
"2011113430","","3","0","0","0","0","0","0","0","0","1","0","","02","11","2011","7","40.452158","-79.938512","","11","0","0","0","0","0","0","0","0","1","0","0","0","","","0","","0","","40 27:07.768","2","0","79 56:18.643","0","0","0","0","2301","0","0","0","N","0","0","0","2","02301","0","","2.0","","1","N","N","","0","","0","0","0","","0","N","","3","0","1","0","0","0","0","2","0","3","","","","N","","","","","","","","","",""
"2011113568","","0","0","0","0","0","0","0","0","0","7","0","","02","11","2011","7","40.267193","-79.954296","","11","0","0","0","1","0","0","0","0","","0","0","0","","","1","","0","","40 16:01.893","","0","79 57:15.465","4","0","0","0","2440","0","0","0","N","0","0","0","1","02440","1","","5.0","","1","N","N","","0","","0","0","1","","0","","","1","1","0","0","0","0","0","1","0","1","","","","N","","","","","","","","","",""
"2011115121","","0","0","0","0","0","0","0","0","0","4","1","","02","11","2011","4","40.466718","-80.034629","","11","0","0","0","0","0","0","0","0","3","0","1","0","","","0","","1","","40 28:00.185","4","2","80 02:04.665","0","0","0","0","2301","0","0","0","N","0","0","0","2","02301","0","","1.0","","1","N","N","","0","","0","0","0","","3","Y","","2","0","0","0","0","0","0","2","1","2","","","","N","","","","","","","","","",""
"2011115627","","1","0","0","0","0","0","0","0","0","1","0","","02","11","2011","2","40.429546","-79.956872","","11","0","0","0","0","0","1","0","0","1","0","0","0","","","0","","6","","40 25:46.365","3","2","79 57:24.738","0","0","0","0","2301","0","0","0","N","0","0","0","2","68B03","0","","7.0","","1","N","N","","0","","0","0","1","","4","N","","2","0","0","0","0","0","0","2","0","2","","","","N","","","","","","","","","",""
"2011113555","","0","0","0","0","0","0","0","0","0","1","0","","02","11","2011","3","40.535686","-79.970536","","11","0","0","0","0","0","0","0","0","","0","0","0","","","2","","1","","40 32:08.469","","0","79 58:13.931","4","0","0","0","2118","0","0","0","N","0","0","0","4","02118","1","","1.0","","1","N","N","","0","","0","0","2","","2","","","2","2","0","0","0","1","0","2","0","2","","","","N","","","","","","","","","",""
"2011114327","","0","0","0","0","0","0","0","0","0","99","0","","02","11","2011","1","40.493625","-80.124746","","11","0","0","0","0","0","1","0","0","","0","0","0","","","0","","0","","40 29:37.050","","0","80 07:29.085","0","0","0","0","2126","0","0","0","N","0","0","0","1","68B03","0","","1.0","","1","N","N","","0","","0","0","0","","0","","","1","0","0","0","0","0","0","2","1","1","","","","N","","","","","","","","","",""
"2011112891","","0","0","0","0","0","0","0","0","0","1","0","","02","10","2011","7","40.429809","-79.884913","","11","0","0","0","1","0","0","0","0","2","0","0","0","","","1","","0","","40 25:47.312","4","0","79 53:05.687","3","0","0","0","2426","0","0","0","N","0","0","0","7","68B03","0","","1.0","","1","N","N","","1","","1","0","2","","0","N","","3","1","0","0","0","0","0","2","0","3","","","","N","","","","","","","","","",""
"2011112892","","2","0","0","0","0","0","0","0","0","1","0","45","02","10","2011","2","40.353406","-80.117582","","11","0","0","0","0","0","0","0","0","1","0","0","0","","","1","","0","","40 21:12.261","1","3","80 07:03.295","4","0","0","0","2119","0","0","0","N","0","0","0","4","68B03","1","","1.0","","9","N","N","","0","","0","0","2","","0","N","","4","1","0","0","0","0","0","2","0","4","","","N","Y","4","1","N","N","N","Y","N","N","N",""
"2011114177","","0","0","0","0","0","0","0","0","0","4","0","","02","11","2011","2","40.455447","-79.883331","","11","0","0","0","0","0","1","0","1","","0","0","0","","","1","","2","","40 27:19.609","","0","79 52:59.992","4","0","0","0","2301","0","0","0","N","0","0","0","2","02301","1","","1.0","","1","N","N","","0","","0","0","2","","2","","","2","1","0","0","0","0","0","2","0","2","","","","N","","","","","","","","","",""
"2011112751","","0","0","0","0","0","0","1","0","0","5","1","","02","11","2011","4","40.456395","-80.029118","","11","0","0","0","0","0","0","0","0","","0","0","0","","","1","","3","","40 27:23.021","","0","80 01:44.826","8","0","0","0","2301","0","0","0","N","0","0","0","2","02301","0","","1.0","","1","N","N","","0","","0","0","0","","0","","","2","1","0","0","0","1","1","2","1","2","","","","N","","","","","","","","","",""
"2011113558","","1","0","0","0","0","0","0","0","0","4","0","","02","11","2011","6","40.460175","-79.924447","","11","0","0","0","0","0","1","0","0","","0","0","0","","","0","","3","","40 27:36.629","","0","79 55:28.010","0","0","0","0","2301","0","0","0","N","0","0","0","3","02301","0","","1.0","","1","N","N","","1","","0","0","0","","3","","","2","0","0","0","0","0","0","2","0","2","","","","N","","","","","","","","","",""
"2011112893","","1","0","0","0","0","0","0","0","0","0","0","","02","10","2011","4","40.413164","-80.065331","","11","0","0","0","0","0","0","0","0","","0","0","0","","","1","","0","","40 24:47.392","","0","80 03:55.190","4","0","0","0","2435","0","0","0","N","0","0","0","1","68B03","1","","2.0","","1","N","N","","0","","0","0","0","","0","","","1","1","0","0","0","0","0","2","0","1","","","","N","","","","","","","","","",""
"2011113296","","2","0","0","0","0","0","0","0","0","4","0","","02","11","2011","6","40.482953","-79.819916","","11","0","0","0","0","0","0","0","0","","0","0","0","","","1","","0","","40 28:58.630","","0","79 49:11.696","8","0","0","0","2113","0","0","0","N","0","0","0","4","02113","0","","1.0","","1","N","N","","0","","0","0","0","","0","","","2","1","0","0","0","1","0","2","0","2","","","","N","","","","","","","","","",""
"2011114178","","1","0","0","0","0","0","0","0","0","8","0","","02","10","2011","6","40.536813","-80.02167","","11","0","0","0","0","0","0","0","0","3","0","0","0","","","1","","0","","40 32:12.526","5","0","80 01:18.012","8","0","0","0","2116","1","0","0","N","1","0","0","2","02116","0","","1.0","","1","N","N","","0","","0","0","0","","0","Y","","2","1","0","0","0","1","0","2","0","1","","","","N","","","","","","","","","",""
"2011114192","","1","0","0","0","0","0","0","0","0","5","0","","02","10","2011","3","40.432704","-80.028165","","11","0","0","0","0","0","0","2","0","1","0","0","0","","","0","","6","","40 25:57.733","3","2","80 01:41.393","0","0","0","0","2301","0","0","0","N","0","0","0","2","02301","0","","1.0","","1","N","N","","0","","0","0","1","","4","N","","2","0","0","0","0","0","0","2","0","2","","","","N","","","","","","","","","",""
"2011112894","","1","0","0","0","0","0","0","0","0","7","0","","02","10","2011","7","40.489526","-80.009481","","11","0","0","0","0","0","0","0","0","2","0","0","0","","","0","","0","","40 29:22.294","1","0","80 00:34.133","0","0","0","0","2301","0","0","0","N","0","0","0","1","68B03","0","","2.0","","2","N","N","","0","","0","0","0","","0","N","","1","0","0","0","0","0","0","2","0","1","","","","N","","","","","","","","","",""
"2011112753","","2","0","0","0","0","0","0","0","0","1","0","","02","11","2011","4","40.457684","-79.935933","","11","0","0","0","0","0","0","0","0","","0","0","0","","","1","","3","","40 27:27.663","","0","79 56:09.357","3","0","0","0","2301","0","0","0","N","0","0","0","3","02301","0","","1.0","","1","N","N","","0","","1","0","1","","0","","","3","1","1","0","0","0","0","2","0","3","","","","N","","","","","","","","","",""
"2011113574","","2","0","0","0","0","0","0","0","0","4","0","","02","11","2011","7","40.448933","-80.000739","","11","0","0","0","0","0","0","0","0","","0","0","0","","","1","","1","","40 26:56.157","","0","80 00:02.660","4","0","0","0","2301","0","0","0","N","0","0","0","4","02301","1","","1.0","","1","N","N","","0","","0","0","1","","2","","","3","1","0","0","0","0","0","2","0","3","","","","N","","","","","","","","","",""
"2011114042","","2","0","0","0","0","0","0","0","0","1","0","55","02","10","2011","7","40.435508","-79.967765","","11","0","0","0","0","0","0","0","0","","0","0","0","","","0","","0","","40 26:07.829","","0","79 58:03.954","9","0","0","0","2301","0","0","0","N","0","0","0","2","68B03","0","","1.0","","1","N","N","","0","","0","0","0","","0","","","2","0","0","0","0","0","1","2","0","2","","","Y","Y","3","2","N","N","N","Y","N","N","N",""
"2011113437","","3","0","0","0","0","0","0","0","0","1","0","","02","11","2011","6","40.421297","-79.927591","","11","0","0","0","0","0","1","0","0","","0","0","0","","","1","","0","","40 25:16.668","","0","79 55:39.326","8","0","0","0","2301","0","0","0","N","0","0","0","3","02301","0","","1.0","","1","N","N","","0","","0","0","0","","0","","","3","1","1","0","0","1","0","2","0","3","","","","N","","","","","","","","","",""
"2011113562","","1","0","0","0","0","0","0","0","0","7","0","","02","10","2011","2","40.325636","-79.792859","","11","0","0","0","0","0","0","0","1","2","0","0","0","","","0","","2","","40 19:32.288","4","0","79 47:34.291","0","0","0","0","2477","0","0","0","N","0","0","0","1","02477","0","","2.0","","1","N","N","","0","","0","0","0","","0","N","","1","0","0","0","0","0","0","2","0","1","","","","N","","","","","","","","","",""
"2011113575","","0","0","0","0","0","0","0","0","0","99","0","","02","11","2011","7","40.554136","-80.07415","","11","0","0","0","0","0","1","0","0","","0","0","0","","","0","","0","","40 33:14.890","","7","80 04:26.939","0","0","0","0","2481","0","0","0","N","0","0","0","1","02481","0","","1.0","","1","N","N","","0","","0","0","1","","0","","","1","0","0","0","0","0","0","2","0","1","","","","N","","","","","","","","","",""
"2011112835","","2","0","0","0","0","0","0","0","0","4","0","","02","11","2011","4","40.495696","-80.066772","","11","0","0","0","0","0","0","0","0","","0","0","0","","","0","","0","","40 29:44.504","","7","80 04:00.380","0","0","0","0","2402","0","0","0","N","0","0","0","3","02402","0","","1.0","","1","N","N","","0","","0","0","0","","0","","","2","0","1","0","0","0","0","2","0","2","","","","N","","","","","","","","","",""
"2011113576","","1","0","0","0","0","0","0","0","0","6","0","","02","11","2011","6","40.441805","-79.960761","","11","0","0","0","0","0","0","0","0","","0","0","0","","","0","","1","","40 26:30.498","","0","79 57:38.739","0","0","0","0","2301","0","0","0","N","0","0","0","0","02301","0","","4.0","","1","N","N","","1","","0","0","1","","0","","","3","0","0","0","0","0","0","2","0","3","","","","N","","","","","","","","","",""
"2011114928","","0","0","0","0","0","0","0","0","0","7","0","","02","11","2011","3","40.463584","-79.713605","","11","0","1","0","0","0","0","0","0","1","0","0","0","","","0","","0","","40 27:48.902","3","0","79 42:48.978","0","0","0","0","2466","0","0","0","N","0","0","0","2","02466","0","","4.0","","1","N","N","","0","","0","0","1","","0","N","","1","0","0","0","0","0","0","2","0","1","","","","N","","","","","","","","","",""
"2011112690","","0","0","0","0","0","0","0","0","0","1","1","","02","11","2011","4","40.338376","-79.937782","","11","0","0","0","1","0","0","0","0","2","0","1","0","","","0","","2","","40 20:18.152","5","0","79 56:16.016","0","0","0","0","2473","0","0","0","N","0","0","0","2","02473","0","","1.0","","1","N","N","","0","","0","0","1","","0","N","","2","0","0","0","0","0","0","2","0","2","","","","N","","","","","","","","","",""
"2011113577","","2","0","0","0","0","0","0","0","0","1","0","","02","11","2011","4","40.543417","-79.760714","","11","0","0","0","0","0","0","0","0","","0","0","0","","","0","","0","","40 32:36.302","","0","79 45:38.571","0","0","0","0","2466","0","0","0","N","0","0","0","2","02466","0","","1.0","","1","N","N","","0","","0","0","0","","0","","","2","0","0","0","0","0","0","1","0","2","","","","N","","","","","","","","","",""
"2011115130","","2","0","0","0","0","0","0","0","0","1","0","","02","11","2011","3","40.456592","-79.968668","","11","0","0","0","1","0","0","0","0","","0","0","0","","","1","","0","","40 27:23.731","","0","79 58:07.204","3","0","0","0","2301","0","0","0","N","0","0","0","1","02301","0","","2.0","","1","N","N","","0","","1","0","1","","0","","","3","1","0","0","0","0","0","2","0","3","","","","N","","","","","","","","","",""
"2011113565","","1","0","0","0","0","0","0","0","0","1","0","","02","11","2011","6","40.435216","-79.94707","","11","0","0","0","0","0","1","1","0","","0","0","0","","","1","","3","","40 26:06.777","","0","79 56:49.452","8","0","0","0","2301","0","0","0","N","0","0","0","3","02301","0","","1.0","","1","N","N","","0","","0","0","0","","0","","","2","1","0","0","0","1","0","2","1","2","","","","N","","","","","","","","","",""
"2011113302","","1","0","0","0","0","0","0","0","0","99","0","","02","11","2011","5","40.571857","-80.036994","","11","0","0","0","0","0","0","0","0","","0","0","0","","","0","","0","","40 34:18.686","","0","80 02:13.179","0","0","0","0","2108","0","0","0","N","0","0","0","1","02108","0","","1.0","","1","N","N","","0","","0","0","0","","0","","","1","0","0","0","0","0","0","2","0","1","","","","N","","","","","","","","","",""
"2011114853","","1","0","0","0","0","0","0","0","0","99","0","","02","11","2011","3","40.317728","-79.940653","","11","0","0","0","0","0","0","0","0","","0","0","0","","","0","","0","","40 19:03.822","","0","79 56:26.351","0","0","0","0","2454","0","0","0","N","0","0","0","1","02454","0","","1.0","","1","N","N","","0","","0","0","0","","0","","","1","0","0","0","0","0","0","2","0","1","","","","N","","","","","","","","","",""
"2011113429","","1","0","0","0","0","0","0","0","0","4","0","","02","11","2011","7","40.445446","-79.765266","","11","0","0","0","1","0","0","0","0","1","0","0","0","","","0","","3","","40 26:43.605","5","0","79 45:54.957","9","0","0","0","2446","0","0","0","N","0","0","0","3","02446","0","","1.0","","1","N","N","","0","","0","0","1","","0","N","","2","0","0","0","0","0","1","2","0","2","","","","N","","","","","","","","","",""
"2011114996","","2","0","0","0","0","0","0","0","0","2","0","","02","11","2011","4","40.467969","-79.926866","","11","0","0","0","0","0","0","0","0","","0","0","0","","","0","","0","","40 28:04.688","","0","79 55:36.717","0","0","0","0","2301","0","0","0","N","0","0","0","2","02301","0","","6.0","","1","N","N","","0","","0","0","0","","0","","","3","0","2","0","0","0","0","2","1","3","","","","N","","","","","","","","","",""
"2011112839","","2","0","0","0","0","0","0","0","0","6","0","","02","11","2011","5","40.449807","-79.888867","","11","0","0","0","0","0","0","0","1","","0","0","0","","","1","","0","","40 26:59.305","","0","79 53:19.921","4","0","0","0","2301","0","0","0","N","0","0","0","1","02301","1","","6.0","","1","N","N","","0","","0","0","0","","0","","","2","1","0","0","0","0","0","2","0","2","","","","N","","","","","","","","","",""
"2011113303","","2","0","0","0","0","0","0","0","0","1","0","","02","10","2011","2","40.457284","-80.183842","","11","0","0","0","0","0","1","0","0","","0","0","0","","","0","","0","","40 27:26.224","","0","80 11:01.830","0","0","0","0","2213","0","0","0","N","0","0","0","4","02213","0","","1.0","","9","N","N","","0","","0","0","0","","0","","","3","0","0","0","0","0","0","2","0","2","","","","N","","","","","","","","","",""
"2011114933","","2","0","0","0","0","0","0","0","0","4","0","","02","11","2011","3","40.487546","-79.879982","","11","0","0","0","0","0","0","1","0","1","0","0","0","","","0","","0","","40 29:15.165","4","7","79 52:47.935","0","0","0","0","2112","0","0","0","N","0","0","0","5","02112","0","","1.0","","1","N","N","","0","","0","0","0","","0","N","","2","0","0","0","0","0","0","2","0","2","","","","N","","","","","","","","","",""
"2011113304","","2","0","0","0","0","0","0","0","0","1","0","","02","10","2011","7","40.513138","-80.222331","","11","0","0","1","0","0","0","0","0","","0","0","0","","","1","","2","","40 30:47.296","","7","80 13:20.390","8","0","0","0","2213","0","0","0","N","0","0","0","3","02213","0","","1.0","","1","N","N","","0","","0","0","0","","2","","","2","1","1","0","0","1","0","2","0","2","","","","N","","","","","","","","","",""
"2011114934","","1","0","0","0","0","0","0","0","0","4","0","","02","11","2011","3","40.338393","-79.953234","","11","0","0","0","0","0","1","0","0","1","0","0","0","","","1","","0","","40 20:18.215","1","7","79 57:11.641","8","0","0","0","2454","0","0","0","N","0","0","0","3","02454","0","","1.0","","1","N","N","","0","","0","0","1","","0","Y","","2","1","0","0","0","1","0","2","0","2","","","","N","","","","","","","","","",""
"2011114998","","1","0","0","0","0","0","0","0","0","99","0","","02","11","2011","4","40.367021","-79.842138","","11","0","0","0","0","0","0","0","0","1","0","0","0","","","0","","2","","40 22:01.277","1","0","79 50:31.697","0","0","0","0","2303","0","0","0","N","0","0","0","1","02303","0","","1.0","","1","N","N","","0","","0","0","0","","2","Y","","1","0","1","0","0","0","0","2","0","1","","","","N","","","","","","","","","",""
"2011113305","","2","0","0","0","0","0","0","0","0","4","0","","02","10","2011","1","40.343747","-80.051469","","11","0","0","0","0","1","0","0","1","","0","0","0","","","0","","0","","40 20:37.490","","7","80 03:05.290","0","0","0","0","2407","0","0","0","N","0","0","0","3","02407","0","","1.0","","1","N","N","","0","","0","0","0","","0","","","2","0","0","0","0","0","0","2","0","2","","","","N","","","","","","","","","",""
"2011114935","","0","0","0","0","0","0","0","0","0","4","0","","02","11","2011","3","40.636915","-79.940707","","11","0","0","0","0","0","1","1","0","","0","0","0","","","1","","1","","40 38:12.895","","7","79 56:26.544","8","0","0","0","2217","0","0","0","N","0","0","0","3","02505","0","","1.0","","1","N","N","","0","","0","0","2","","3","","","2","1","0","0","0","1","0","2","0","2","","","","N","","","","","","","","","",""
"2011114999","","1","0","0","0","0","0","0","0","0","7","0","","02","11","2011","4","40.473364","-80.011943","","11","0","0","0","0","0","0","0","0","","0","0","0","","","0","","0","","40 28:24.110","","0","80 00:42.994","0","0","0","0","2301","0","0","0","N","0","0","0","1","02301","0","","4.0","","1","N","N","","0","","0","0","0","","0","","","1","0","0","0","0","0","0","2","0","1","","","","N","","","","","","","","","",""
"2011112828","","1","0","0","0","0","0","0","0","0","4","0","","02","11","2011","5","40.407327","-79.890172","","11","0","0","0","0","0","1","0","1","2","0","0","0","","","1","","2","","40 24:26.378","4","0","79 53:24.619","4","0","0","0","2448","0","0","0","N","0","0","0","2","02448","1","","1.0","","1","N","N","","1","","0","0","0","","2","Y","","2","1","0","0","0","0","0","2","0","2","","","","N","","","","","","","","","",""
"2011113306","","2","0","0","0","0","0","0","0","0","4","0","","02","11","2011","3","40.34132","-80.022424","","11","0","0","0","1","0","0","0","1","1","0","0","0","","","1","","1","","40 20:28.753","5","0","80 01:20.728","8","0","0","0","2407","0","0","0","N","0","0","0","2","02407","0","","1.0","","1","N","N","","0","","0","0","0","","3","N","","2","1","0","0","0","1","0","2","0","2","","","","N","","","","","","","","","",""
"2011114857","","0","0","0","0","0","0","0","0","0","4","0","","02","11","2011","3","40.494275","-80.008501","","11","0","0","0","0","0","1","1","0","","0","0","0","","","0","","0","","40 29:39.391","","7","80 00:30.605","0","0","0","0","2301","0","0","0","N","0","0","0","2","02301","0","","1.0","","1","N","N","","1","","0","0","1","","0","","","2","0","0","0","0","0","0","2","0","2","","","","N","","","","","","","","","",""