"CRN","ARRIVAL_TM","AUTOMOBILE_COUNT","BELTED_DEATH_COUNT","BELTED_SUSP_SERIOUS_INJ_COUNT","BICYCLE_COUNT","BICYCLE_DEATH_COUNT","BICYCLE_SUSP_SERIOUS_INJ_COUNT","BUS_COUNT","CHLDPAS_DEATH_COUNT","CHLDPAS_SUSP_SERIOUS_INJ_COUNT","COLLISION_TYPE","COMM_VEH_COUNT","CONS_ZONE_SPD_LIM","COUNTY","CRASH_MONTH","CRASH_YEAR","DAY_OF_WEEK","DEC_LATITUDE","DEC_LONGITUDE","DISPATCH_TM","DISTRICT","DRIVER_COUNT_16YR","DRIVER_COUNT_17YR","DRIVER_COUNT_18YR","DRIVER_COUNT_19YR","DRIVER_COUNT_20YR","DRIVER_COUNT_50_64YR","DRIVER_COUNT_65_74YR","DRIVER_COUNT_75PLUS","EST_HRS_CLOSED","FATAL_COUNT","HEAVY_TRUCK_COUNT","HORSE_BUGGY_COUNT","HOUR_OF_DAY","ILLUMINATION","INJURY_COUNT","INTERSECTION_RELATED","INTERSECT_TYPE","LANE_CLOSED","LATITUDE","LN_CLOSE_DIR","LOCATION_TYPE","LONGITUDE","MAX_SEVERITY_LEVEL","MCYCLE_DEATH_COUNT","MCYCLE_SUSP_SERIOUS_INJ_COUNT","MOTORCYCLE_COUNT","MUNICIPALITY","NONMOTR_COUNT","NONMOTR_DEATH_COUNT","NONMOTR_SUSP_SERIOUS_INJ_COUNT","NTFY_HIWY_MAINT","PED_COUNT","PED_DEATH_COUNT","PED_SUSP_SERIOUS_INJ_COUNT","PERSON_COUNT","POLICE_AGCY","POSSIBLE_INJ_COUNT","RDWY_SURF_TYPE_CD","RELATION_TO_ROAD","ROADWAY_CLEARED","ROAD_CONDITION","SCH_BUS_IND","SCH_ZONE_IND","SECONDARY_CRASH","SMALL_TRUCK_COUNT","SPEC_JURIS_CD","SUSP_MINOR_INJ_COUNT","SUSP_SERIOUS_INJ_COUNT","SUV_COUNT","TCD_FUNC_CD","TCD_TYPE","TFC_DETOUR_IND","TIME_OF_DAY","TOTAL_UNITS","TOT_INJ_COUNT","UNBELTED_OCC_COUNT","UNB_DEATH_COUNT","UNB_SUSP_SERIOUS_INJ_COUNT","UNK_INJ_DEG_COUNT","UNK_INJ_PER_COUNT","URBAN_RURAL","VAN_COUNT","VEHICLE_COUNT","WEATHER1","WEATHER2","WORKERS_PRES","WORK_ZONE_IND","WORK_ZONE_LOC","WORK_ZONE_TYPE","WZ_CLOSE_DETOUR","WZ_FLAGGER","WZ_LAW_OFFCR_IND","WZ_LN_CLOSURE","WZ_MOVING","WZ_OTHER","WZ_SHLDER_MDN","WZ_WORKERS_INJ_KILLED"
"2011114136","","1","0","0","0","0","0","0","0","0","8","0","","02","11","2011","2","40.343744","-79.856947","","11","0","0","0","0","0","1","0","0","","0","0","0","","","1","","1","","40 20:37.478","","0","79 51:25.009","4","0","0","0","2304","1","0","0","N","1","0","0","3","02304","1","","1.0","","1","N","N","","0","","0","0","0","","3","","","2","1","1","0","0","0","0","2","0","1","","","","N","","","","","","","","","",""
"2011112843","","1","0","0","0","0","0","0","0","0","0","0","","02","10","2011","1","40.337632","-80.011642","","11","0","0","0","0","0","0","0","0","1","0","0","0","","","0","","2","","40 20:15.475","4","0","80 00:41.911","0","0","0","0","2407","0","0","0","N","0","0","0","1","02407","0","","4.0","","1","N","N","","0","","0","0","0","","3","N","","1","0","0","0","0","0","0","2","0","1","","","","N","","","","","","","","","",""
"2011115001","","1","0","0","0","0","0","0","0","0","1","0","","02","11","2011","2","40.494853","-79.946004","","11","0","0","0","0","0","1","0","0","1","0","0","0","","","1","","10","","40 29:41.471","2","0","79 56:45.613","4","0","0","0","2430","0","0","0","N","0","0","0","3","02430","1","","1.0","","1","N","N","","1","","0","0","0","","0","N","","2","1","1","0","0","0","0","2","0","2","","","","N","","","","","","","","","",""
"2011112844","","1","0","0","0","0","0","0","0","0","4","0","","02","10","2011","1","40.345134","-80.027362","","11","0","0","0","1","0","0","0","0","1","0","0","0","","","2","","1","","40 20:42.483","5","0","80 01:38.503","4","0","0","0","2407","0","0","0","N","0","0","0","8","02407","2","","1.0","","1","N","N","","0","","0","0","0","","2","N","","2","2","3","0","0","0","0","2","1","2","","","","N","","","","","","","","","",""
"2011114923","","2","0","0","0","0","0","0","0","0","1","0","","02","11","2011","3","40.449319","-79.95717","","11","0","0","0","0","1","0","0","0","","0","0","0","","","1","","0","","40 26:57.548","","0","79 57:25.812","4","0","0","0","2301","0","0","0","N","0","0","0","2","02301","1","","1.0","","1","N","N","","0","","0","0","0","","0","","","2","1","0","0","0","0","0","2","0","2","","","","N","","","","","","","","","",""
"2011112845","","2","0","0","0","0","0","0","0","0","1","0","","02","10","2011","2","40.341478","-80.040078","","11","0","0","0","1","0","0","1","0","2","0","0","0","","","0","","0","","40 20:29.319","4","0","80 02:24.280","0","0","0","0","2407","0","0","0","N","0","0","0","3","02407","0","","1.0","","1","N","N","","0","","0","0","1","","0","N","","3","0","0","0","0","0","0","2","0","3","","","","N","","","","","","","","","",""
"2011114924","","0","0","0","0","0","0","0","0","0","8","0","","02","11","2011","3","40.454975","-79.911373","","11","0","0","0","0","0","0","0","0","","0","0","0","","","1","","2","","40 27:17.910","","0","79 54:40.942","8","0","0","0","2301","1","0","0","N","1","0","0","2","02301","0","","1.0","","1","N","N","","0","","0","0","0","","3","","","2","1","0","0","0","1","0","2","1","1","","","","N","","","","","","","","","",""
"2011114939","","0","0","0","0","0","0","0","0","0","1","0","","02","11","2011","3","40.452235","-79.98086","","11","0","0","0","0","0","0","0","0","1","0","0","0","","","0","","0","","40 27:08.045","3","0","79 58:51.097","0","0","0","0","2301","0","0","0","N","0","0","0","2","02301","0","","1.0","","1","N","N","","1","","0","0","1","","0","N","","2","0","0","0","0","0","0","2","0","2","","","","N","","","","","","","","","",""
"2011112767","","2","0","0","0","0","0","0","0","0","4","0","","02","10","2011","1","40.347434","-79.950514","","11","0","0","0","0","0","0","0","1","1","0","0","0","","","1","","1","","40 20:50.762","1","0","79 57:01.850","8","0","0","0","2473","0","0","0","N","0","0","0","4","02473","0","","1.0","","1","N","N","","0","","0","0","0","","3","N","","2","1","0","0","0","1","0","2","0","2","","","","N","","","","","","","","","",""
"2011112846","","1","0","0","0","0","0","0","0","0","1","0","","02","11","2011","5","40.364776","-80.019858","","11","0","0","0","0","0","1","0","0","1","0","0","0","","","0","","0","","40 21:53.193","2","0","80 01:11.488","0","0","0","0","2416","0","0","0","N","0","0","0","3","02416","0","","1.0","","1","N","N","","0","","0","0","2","","0","N","","3","0","0","0","0","0","0","2","0","3","","","","N","","","","","","","","","",""
"2011115141","","1","0","0","0","0","0","0","0","0","1","1","","02","11","2011","3","40.382229","-79.995887","","11","0","0","0","0","0","1","1","0","2","0","1","0","","","0","","1","","40 22:56.024","2","0","79 59:45.194","0","0","0","0","2301","0","0","0","Y","0","0","0","2","02301","0","","1.0","","1","N","N","","0","","0","0","0","","2","N","","2","0","0","0","0","0","0","2","0","2","","","","N","","","","","","","","","",""
"2011113449","","1","0","0","0","0","0","0","0","0","1","0","","02","11","2011","7","40.373888","-79.847498","","11","0","0","0","0","0","0","0","0","","0","0","0","","","1","","0","","40 22:25.997","","0","79 50:50.993","4","0","0","0","2303","0","0","0","N","0","0","0","1","02303","1","","2.0","","1","N","N","","0","","0","0","1","","0","","","2","1","0","0","0","0","0","2","0","2","","","","N","","","","","","","","","",""
"2011114129","","0","0","0","0","0","0","0","0","0","4","0","","02","10","2011","7","40.4532","-79.992708","","11","0","0","0","0","0","0","0","0","1","0","0","0","","","3","","1","","40 27:11.520","1","0","79 59:33.748","4","0","0","0","2301","0","0","0","N","0","0","0","5","02301","3","","1.0","","1","N","N","","0","","0","0","0","","2","N","","2","3","0","0","0","0","0","2","2","2","","","","N","","","","","","","","","",""
"2011114143","","1","0","0","0","0","0","0","0","0","1","0","","02","11","2011","5","40.406957","-79.913497","","11","0","0","0","0","0","0","0","0","2","0","0","0","","","0","","0","","40 24:25.044","5","3","79 54:48.588","0","0","0","0","2438","0","0","0","N","0","0","0","4","02438","0","","1.0","","1","N","N","","1","","0","0","2","","0","N","","4","0","0","0","0","0","0","2","0","4","","","","N","","","","","","","","","",""
"2011113451","","0","0","0","0","0","0","0","0","0","4","0","","02","11","2011","6","40.382402","-79.808163","","11","0","0","0","0","0","0","0","0","","0","0","0","","","1","","0","","40 22:56.647","","0","79 48:29.386","4","0","0","0","2424","0","0","0","N","0","0","0","1","02424","1","","4.0","","1","N","N","","1","","0","0","0","","0","","","2","1","0","0","0","0","0","2","1","2","","","","N","","","","","","","","","",""
"2011114131","","1","0","0","0","0","0","0","0","0","0","0","","02","11","2011","1","40.348168","-79.947286","","11","0","0","0","0","0","0","0","0","1","0","0","0","","","0","","2","","40 20:53.403","3","7","79 56:50.231","0","0","0","0","2473","0","0","0","N","0","0","0","1","02473","0","","1.0","","1","N","N","","0","","0","0","0","","2","N","","1","0","0","0","0","0","0","2","0","1","","","","N","","","","","","","","","",""
"2011114144","","1","0","0","0","0","0","1","0","0","1","1","","02","11","2011","3","40.460221","-79.842652","","11","0","0","0","0","0","0","0","0","","0","0","0","","","0","","1","","40 27:36.794","","0","79 50:33.548","0","0","0","0","2113","0","0","0","N","0","0","0","3","02503","0","","1.0","","1","N","N","","0","","0","0","0","","2","","","2","0","0","0","0","0","0","2","0","2","","","","N","","","","","","","","","",""
"2011113594","","1","0","0","0","0","0","0","0","0","1","0","","02","11","2011","7","40.465809","-79.838699","","11","0","0","0","0","0","0","0","0","","0","0","0","","","1","","2","","40 27:56.914","","0","79 50:19.317","8","0","0","0","2113","0","0","0","N","0","0","0","2","02113","0","","1.0","","1","N","N","","1","","0","0","0","","0","","","2","1","0","0","0","1","0","2","0","2","","","","N","","","","","","","","","",""
"2011112772","","1","0","0","0","0","0","0","0","0","4","0","","02","10","2011","1","40.664154","-79.93431","","11","0","0","0","0","0","0","1","0","","0","0","0","","","1","","1","","40 39:50.955","","0","79 56:03.516","4","0","0","0","2217","0","0","0","N","0","0","0","3","02505","1","","1.0","","1","N","N","","0","","0","0","1","","2","","","2","1","0","0","0","0","0","1","0","2","","","","N","","","","","","","","","",""
"2011114010","","0","0","0","0","0","0","0","0","0","5","0","","02","11","2011","2","40.456567","-80.029179","","11","0","0","0","0","0","1","0","0","1","0","0","0","","","0","","1","","40 27:23.641","1","0","80 01:45.045","0","0","0","0","2301","0","0","0","N","0","0","0","2","02301","0","","1.0","","1","N","N","","1","","0","0","1","","4","N","","2","0","0","0","0","0","0","2","0","2","","","","N","","","","","","","","","",""
"2011114146","","1","0","0","0","0","0","0","0","0","8","0","","02","11","2011","7","40.466866","-79.837062","","11","0","0","0","0","0","0","0","0","","0","0","0","","","1","","0","","40 28:00.718","","0","79 50:13.423","8","0","0","0","2113","1","0","0","N","1","0","0","2","02113","0","","1.0","","1","N","N","","0","","0","0","0","","0","","","2","1","0","0","0","1","0","2","0","1","","","","N","","","","","","","","","",""
"2011115529","","1","0","0","0","0","0","0","0","0","4","0","","02","11","2011","4","40.452887","-79.920695","","11","0","0","0","0","1","0","0","0","","0","0","0","","","0","","1","","40 27:10.393","","0","79 55:14.502","0","0","0","0","2301","0","0","0","","0","0","0","2","02301","0","","1.0","","1","","","","0","","0","0","1","","2","","","2","0","0","0","0","0","0","2","0","2","","","","N","","","","","","","","","",""
"2011114947","","0","0","0","0","0","0","0","0","0","4","0","","02","11","2011","3","40.454368","-79.947672","","11","0","0","0","0","1","0","0","0","1","0","0","0","","","0","","1","","40 27:15.724","2","0","79 56:51.620","0","0","0","0","2301","0","0","0","N","0","0","0","4","02301","0","","1.0","","1","N","N","","0","","0","0","2","","2","N","","2","0","1","0","0","0","0","2","0","2","","","","N","","","","","","","","","",""
"2011112774","","1","0","0","0","0","0","0","0","0","7","0","","02","11","2011","4","40.661203","-80.000601","","11","0","0","0","0","0","0","0","0","","0","0","0","","","1","","3","","40 39:40.329","","0","80 00:02.163","8","0","0","0","2216","0","0","0","N","0","0","0","1","02505","0","","5.0","","1","N","N","","0","","0","0","0","","0","","","1","1","0","0","0","1","0","1","0","1","","","","N","","","","","","","","","",""
"2011115652","","0","0","0","0","0","0","0","0","0","99","0","55","02","11","2011","1","40.643726","-80.023459","","11","0","0","0","0","0","1","0","0","","0","0","0","","","0","","0","","40 38:37.413","","0","80 01:24.452","0","0","0","0","2216","0","0","0","N","0","0","0","1","68T02","0","","1.0","","1","N","N","","0","","0","0","1","","0","","","1","0","0","0","0","0","0","2","0","1","","","N","Y","4","1","N","N","N","N","N","N","Y",""
"2011115086","","2","0","0","0","0","0","0","0","0","1","0","","02","11","2011","3","40.456201","-79.709846","","11","0","0","0","0","0","0","1","0","","0","0","0","","","0","","0","","40 27:22.324","","0","79 42:35.445","0","0","0","0","2466","0","0","0","N","0","0","0","3","02466","0","","1.0","","1","N","N","","0","","0","0","0","","0","","","3","0","0","0","0","0","0","2","1","3","","","","N","","","","","","","","","",""
"2011113598","","3","0","0","0","0","0","0","0","0","1","0","","02","11","2011","7","40.328016","-79.944736","","11","0","0","0","0","0","2","1","0","2","0","0","0","","","1","","0","","40 19:40.858","1","1","79 56:41.050","8","0","0","0","2454","0","0","0","N","0","0","0","3","02454","0","","1.0","","1","N","N","","0","","0","0","0","","0","N","","3","1","0","0","0","1","0","2","0","3","","","","N","","","","","","","","","",""
"2011115653","","0","0","0","0","0","0","0","0","0","99","0","","02","11","2011","2","40.567616","-79.855164","","11","0","0","0","0","0","1","0","0","","0","0","0","","","0","","0","","40 34:03.417","","0","79 51:18.591","0","0","0","0","2209","0","0","0","N","0","0","0","2","68T02","0","","1.0","","1","N","N","","0","","0","0","0","","0","","","1","0","0","0","0","0","0","2","1","1","","","","N","","","","","","","","","",""
"2011113601","","2","0","0","0","0","0","0","0","0","4","0","","02","11","2011","7","40.462247","-79.969641","","11","0","0","0","0","0","1","0","0","","0","0","0","","","0","","1","","40 27:44.089","","0","79 58:10.707","0","0","0","0","2301","0","0","0","N","0","0","0","3","02301","0","","1.0","","1","N","N","","0","","0","0","0","","3","","","2","0","0","0","0","0","0","2","0","2","","","","N","","","","","","","","","",""
"2011115655","","1","0","0","0","0","0","0","0","0","7","0","","02","11","2011","4","40.479204","-79.769204","","11","0","0","0","0","0","0","0","0","","0","0","0","","","0","","0","","40 28:45.136","","0","79 46:09.136","0","0","0","0","2466","0","0","0","N","0","0","0","1","68T02","0","","1.0","","1","N","N","","0","","0","0","0","","0","","","1","0","0","0","0","0","0","2","0","1","","","","N","","","","","","","","","",""
"2011114951","","0","0","0","0","0","0","0","0","0","7","0","","02","10","2011","7","40.325208","-79.885545","","11","0","0","0","0","0","0","1","0","2","0","0","0","","","1","","3","","40 19:30.748","7","0","79 53:07.962","4","0","0","0","2433","0","0","0","N","0","0","0","1","02433","1","","2.0","","1","N","N","","0","","0","0","1","","0","Y","","1","1","0","0","0","0","0","2","0","1","","","","N","","","","","","","","","",""
"2011112793","","2","0","0","0","0","0","0","0","0","1","0","","02","11","2011","5","40.478831","-80.043122","","11","0","0","0","0","0","0","0","0","2","0","0","0","","","1","","1","","40 28:43.792","2","8","80 02:35.239","8","0","0","0","2301","0","0","0","N","0","0","0","3","02301","0","","1.0","","1","N","N","","0","","0","0","1","","2","N","","3","1","0","0","0","1","0","2","0","3","","","","N","","","","","","","","","",""
"2011115534","","1","0","0","0","0","0","0","0","0","1","0","","02","11","2011","4","40.367008","-79.980433","","11","0","0","1","0","0","0","0","0","1","0","0","0","","","0","","2","","40 22:01.228","1","0","79 58:49.558","0","0","0","0","2413","0","0","0","N","0","0","0","4","02413","0","","1.0","","1","N","N","","1","","0","0","0","","3","N","","3","0","0","0","0","0","0","2","1","3","","","","N","","","","","","","","","",""
"2011115090","","0","0","0","0","0","0","0","0","0","99","0","","02","11","2011","6","40.532676","-80.072661","","11","0","0","0","0","0","1","0","0","","0","0","0","","","0","","0","","40 31:57.632","","0","80 04:21.580","0","0","0","0","2215","0","0","0","N","0","0","0","1","68B03","0","","1.0","","1","N","N","","0","","0","0","0","","0","","","1","0","0","0","0","0","0","2","1","1","","","","N","","","","","","","","","",""
"2011098172","","0","0","0","0","0","0","0","0","0","4","0","","02","9","2011","3","40.576876","-80.055876","","11","0","0","0","0","0","0","0","0","2","0","0","0","","","1","","1","","40 34:36.753","6","0","80 03:21.153","4","0","0","0","2108","0","0","0","N","0","0","0","3","02108","1","","1.0","","1","N","N","","0","","0","0","1","","3","N","","2","1","0","0","0","0","0","2","1","2","","","","N","","","","","","","","","",""
"2011113681","","0","0","0","0","0","0","0","0","0","1","0","","02","10","2011","4","40.277412","-79.837351","","11","1","0","0","0","0","0","0","0","","0","0","0","","","0","","0","","40 16:38.683","","0","79 50:14.464","0","0","0","0","2105","0","0","0","N","0","0","0","5","02105","0","","1.0","","1","N","N","","2","","0","0","1","","0","","","3","0","0","0","0","0","0","2","0","3","","","","N","","","","","","","","","",""
"2011098173","","0","0","0","0","0","0","0","0","0","1","0","","02","9","2011","7","40.449252","-80.106861","","11","0","0","0","0","0","0","0","0","1","0","0","0","","","1","","1","","40 26:57.306","2","0","80 06:24.698","4","0","0","0","2115","0","0","0","N","0","0","0","2","02115","1","","1.0","","1","N","N","","0","","0","0","2","","2","N","","2","1","1","0","0","0","0","2","0","2","","","","N","","","","","","","","","",""
"2011100486","","0","0","0","0","0","0","0","0","0","0","0","","02","9","2011","7","40.425557","-80.106086","","11","0","0","0","0","0","0","0","0","2","0","0","0","","","2","","0","","40 25:32.006","1","0","80 06:21.911","4","0","0","0","2115","0","0","0","N","0","0","0","3","68B03","2","","2.0","","1","N","N","","1","","0","0","0","","0","N","","1","2","0","0","0","0","0","2","0","1","","","","N","","","","","","","","","",""
"2011113618","","1","0","0","0","0","0","0","0","0","4","0","","02","11","2011","7","40.462247","-79.969641","","11","0","0","0","0","0","1","0","1","1","0","0","0","","","1","","1","","40 27:44.089","1","0","79 58:10.707","4","0","0","0","2301","0","0","0","N","0","0","0","3","02301","1","","1.0","","1","N","N","","1","","0","0","0","","3","N","","2","1","0","0","0","0","0","2","0","2","","","","N","","","","","","","","","",""
"2011113682","","1","0","0","0","0","0","0","0","0","1","0","","02","11","2011","7","40.475143","-79.822111","","11","0","0","0","0","0","0","1","0","2","0","0","0","","","3","","2","","40 28:30.515","4","0","79 49:19.599","3","0","0","0","2113","0","0","0","N","0","0","0","5","02113","2","","1.0","","1","N","N","","0","","1","0","1","","0","N","","3","3","0","0","0","0","0","2","1","3","","","","N","","","","","","","","","",""
"2011114432","","1","0","0","0","0","0","0","0","0","6","0","","02","11","2011","2","40.417732","-79.75795","","11","0","0","1","0","0","0","1","0","","0","0","0","","","1","","0","","40 25:03.836","","0","79 45:28.621","4","0","0","0","2446","0","0","0","N","0","0","0","4","02446","1","","1.0","","1","N","N","","1","","0","0","1","","0","","","3","1","0","0","0","0","0","2","0","3","","","","N","","","","","","","","","",""
"2011098174","","2","0","0","0","0","0","0","0","0","4","0","","02","9","2011","3","40.447926","-80.162439","","11","0","0","0","0","0","0","0","1","1","0","0","0","","","0","","1","","40 26:52.534","4","0","80 09:44.781","0","0","0","0","2115","0","0","0","N","0","0","0","2","02115","0","","1.0","","9","N","N","","0","","0","0","0","","2","N","","2","0","0","0","0","0","0","2","0","2","","","","N","","","","","","","","","",""
"2011100425","","0","0","0","0","0","0","0","0","0","8","0","","02","10","2011","3","40.441647","-80.002851","","11","0","0","0","0","0","1","0","0","","0","0","0","","","1","","1","","40 26:29.930","","0","80 00:10.262","4","0","0","0","2301","1","0","0","N","1","0","0","2","02301","1","","1.0","","1","N","N","","0","","0","0","0","","2","","","2","1","1","0","0","0","0","2","1","1","","","","N","","","","","","","","","",""
"2011099650","","1","0","0","0","0","0","0","0","0","2","0","","02","9","2011","6","40.354121","-79.989073","","11","0","0","0","0","0","0","0","1","1","0","0","0","","","0","","0","","40 21:14.835","6","0","79 59:20.662","0","0","0","0","2476","0","0","0","N","0","0","0","2","02476","0","","1.0","","9","N","N","","1","","0","0","0","","0","Y","","2","0","0","0","0","0","0","2","0","2","","","","N","","","","","","","","","",""
"2011113623","","0","0","0","0","0","0","0","0","0","7","0","","02","11","2011","7","40.473717","-79.972039","","11","0","0","0","0","0","0","0","0","2","0","0","0","","","1","","0","","40 28:25.382","4","0","79 58:19.339","8","0","0","0","2301","0","0","0","N","0","0","0","1","02301","0","","2.0","","1","N","N","","0","","0","0","1","","0","N","","1","1","1","0","0","1","0","2","0","1","","","","N","","","","","","","","","",""
"2011100413","","2","0","0","0","0","0","0","0","0","5","0","","02","9","2011","6","40.454021","-79.95193","","11","0","0","0","0","0","0","0","0","","0","0","0","","","1","","1","","40 27:14.477","","0","79 57:06.949","4","0","0","0","2301","0","0","0","N","0","0","0","5","02301","1","","1.0","","9","N","N","","0","","0","0","0","","2","","","2","1","1","0","0","0","0","2","0","2","","","","N","","","","","","","","","",""
"2011113624","","1","0","0","0","0","0","0","0","0","5","0","","02","11","2011","7","40.442611","-80.024103","","11","0","0","0","0","0","0","0","0","","0","0","0","","","0","","0","","40 26:33.398","","0","80 01:26.769","0","0","0","0","2301","0","0","0","N","0","0","0","2","02301","0","","1.0","","1","N","N","","0","","0","0","1","","0","","","2","0","0","0","0","0","0","2","0","2","","","","N","","","","","","","","","",""
"2011113687","","2","0","0","0","0","0","0","0","0","4","0","","02","11","2011","7","40.460488","-79.842584","","11","0","0","0","0","0","0","0","0","1","0","0","0","","","0","","0","","40 27:37.755","2","0","79 50:33.304","0","0","0","0","2113","0","0","0","N","0","0","0","4","02113","0","","1.0","","1","N","N","","0","","0","0","0","","3","Y","","2","0","0","0","0","0","0","2","0","2","","","","N","","","","","","","","","",""
"2011113002","","0","0","0","0","0","0","0","0","0","7","0","","02","10","2011","1","40.361568","-80.06384","","11","0","0","0","0","0","0","0","0","2","0","0","0","","","2","","2","","40 21:41.645","7","0","80 03:49.823","4","0","0","0","2109","0","0","0","Y","0","0","0","2","02109","1","","5.0","","1","N","N","","1","","0","0","0","","2","Y","","1","2","0","0","0","1","0","2","0","1","","","","N","","","","","","","","","",""
"2011113003","","2","0","0","0","0","0","0","0","0","4","0","","02","11","2011","5","40.419995","-79.850504","","11","0","0","0","0","0","1","0","0","2","0","0","0","","","1","","1","","40 25:11.983","4","0","79 51:01.815","4","0","0","0","2431","0","0","0","N","0","0","0","4","02431","1","","1.0","","1","N","N","","1","","0","0","0","","2","N","","3","1","1","0","0","0","0","2","0","3","","","","N","","","","","","","","","",""
"2011098115","","1","0","0","0","0","0","0","0","0","4","0","","02","9","2011","4","40.45397","-79.997601","","11","0","0","0","0","0","0","0","0","1","0","0","0","","","1","","1","","40 27:14.292","3","2","79 59:51.365","4","0","0","0","2301","0","0","0","N","0","0","0","2","02301","1","","1.0","","1","N","N","","0","","0","0","0","","2","N","","2","1","0","0","0","0","1","2","1","2","","","","N","","","","","","","","","",""
"2011099667","","1","0","0","0","0","0","0","0","0","4","0","","02","10","2011","1","40.449503","-80.000919","","11","0","0","0","0","0","1","0","0","1","0","0","0","","","2","","1","","40 26:58.210","7","0","80 00:03.308","4","0","0","0","2301","0","0","0","N","0","0","0","4","02301","2","","1.0","","9","N","N","","0","","0","0","1","","2","N","","2","2","0","0","0","0","0","2","0","2","","","","N","","","","","","","","","",""
"2011100429","","1","0","0","0","0","0","0","0","0","4","0","","02","9","2011","6","40.521111","-80.005102","","11","0","0","1","0","0","0","0","0","1","0","0","0","","","0","","0","","40 31:15.998","2","0","80 00:18.368","0","0","0","0","2116","0","0","0","N","0","0","0","3","02116","0","","1.0","","9","N","N","","1","","0","0","0","","2","N","","2","0","0","0","0","0","0","2","0","2","","","","N","","","","","","","","","",""
"2011113019","","1","0","0","0","0","0","0","0","0","1","0","","02","11","2011","5","40.38532","-80.043944","","11","0","0","0","0","0","0","0","0","2","0","0","0","","","0","","0","","40 23:07.152","1","0","80 02:38.200","0","0","0","0","2109","0","0","0","N","0","0","0","4","02109","0","","1.0","","1","N","N","","0","","0","0","1","","0","N","","2","0","0","0","0","0","0","2","0","2","","","","N","","","","","","","","","",""
"2011100417","","1","0","0","0","0","0","0","0","0","6","0","","02","10","2011","3","40.354202","-79.824438","","11","0","0","1","0","0","0","0","0","","0","0","0","","","0","","2","","40 21:15.127","","0","79 49:27.976","0","0","0","0","2477","0","0","0","N","0","0","0","4","02477","0","","1.0","","1","N","N","","1","","0","0","0","","4","","","2","0","0","0","0","0","0","2","0","2","","","","N","","","","","","","","","",""
"2011114441","","0","0","0","0","0","0","0","0","0","6","0","","02","11","2011","1","40.400077","-80.076753","","11","0","0","0","0","0","0","0","0","","0","0","0","","","1","","0","","40 24:00.277","","0","80 04:36.310","4","0","0","0","2415","0","0","0","N","0","0","0","1","02415","1","","1.0","","1","N","N","","1","","0","0","1","","0","","","2","1","0","0","0","0","0","2","0","2","","","","N","","","","","","","","","",""
"2011100433","","1","0","0","0","0","0","0","0","0","8","0","","02","10","2011","2","40.483886","-79.813586","","11","0","0","0","0","0","0","0","0","","0","0","0","","","1","","0","","40 29:01.991","","0","79 48:48.908","4","0","0","0","2113","1","0","0","N","1","0","0","2","02113","1","","2.0","","9","N","N","","0","","0","0","0","","0","","","2","1","1","0","0","0","0","2","0","1","","","","N","","","","","","","","","",""
"2011113631","","2","0","0","0","0","0","0","0","0","4","0","","02","11","2011","7","40.448809","-79.987534","","11","0","0","0","0","0","0","0","1","","0","0","0","","","0","","1","","40 26:55.712","","0","79 59:15.122","0","0","0","0","2301","0","0","0","N","0","0","0","2","02301","0","","1.0","","1","N","N","","0","","0","0","0","","2","","","2","0","0","0","0","0","0","2","0","2","","","","N","","","","","","","","","",""
"2011115247","","2","0","0","0","0","0","0","0","0","2","0","","02","10","2011","4","40.402237","-80.18895","","11","0","0","1","0","0","0","0","0","","0","0","0","","","3","","2","","40 24:08.053","","7","80 11:20.220","2","0","0","0","2450","0","0","0","N","0","0","0","3","02450","1","","1.0","","9","N","N","","1","","0","1","0","","0","","","3","3","1","0","1","1","0","2","0","3","","05","","N","","","","","","","","","",""
"2011098874","","0","0","0","0","0","0","0","0","0","7","0","","02","9","2011","5","40.2855","-80.014785","","11","0","0","0","0","0","0","0","0","","0","0","0","","","1","","2","","40 17:07.800","","0","80 00:53.226","4","0","0","0","2219","0","0","0","N","0","0","0","1","02219","1","","2.0","","1","N","N","","0","","0","0","1","","0","","","1","1","0","0","0","0","0","2","0","1","","","","N","","","","","","","","","",""
"2011113695","","2","0","0","0","0","0","0","0","0","1","0","","02","11","2011","7","40.326785","-80.076813","","11","1","0","0","0","0","0","1","0","1","0","0","0","","","1","","1","","40 19:36.426","1","0","80 04:36.526","4","0","0","0","2123","0","0","0","N","0","0","0","3","02123","1","","1.0","","1","N","N","","0","","0","0","0","","0","N","","2","1","0","0","0","0","0","2","0","2","","","","N","","","","","","","","","",""
"2011100424","","1","0","0","0","0","0","1","0","0","1","1","","02","10","2011","3","40.419261","-79.794255","","11","0","0","0","0","0","1","0","0","1","0","0","0","","","1","","0","","40 25:09.339","3","0","79 47:39.318","4","0","0","0","2446","0","0","0","N","0","0","0","6","02446","1","","1.0","","1","Y","N","","0","","0","0","0","","0","N","","2","1","1","0","0","0","0","2","0","2","","","","N","","","","","","","","","",""
"2011098875","","2","0","0","0","0","0","0","0","0","1","0","","02","9","2011","5","40.47974","-80.083778","","11","0","0","0","0","0","0","0","0","","0","0","0","","","0","","2","","40 28:47.065","","0","80 05:01.602","0","0","0","0","2126","0","0","0","N","0","0","0","2","02126","0","","1.0","","1","N","N","","0","","0","0","0","","0","","","2","0","0","0","0","0","0","2","0","2","","","","N","","","","","","","","","",""