"CRN","ARRIVAL_TM","AUTOMOBILE_COUNT","BELTED_DEATH_COUNT","BELTED_SUSP_SERIOUS_INJ_COUNT","BICYCLE_COUNT","BICYCLE_DEATH_COUNT","BICYCLE_SUSP_SERIOUS_INJ_COUNT","BUS_COUNT","CHLDPAS_DEATH_COUNT","CHLDPAS_SUSP_SERIOUS_INJ_COUNT","COLLISION_TYPE","COMM_VEH_COUNT","CONS_ZONE_SPD_LIM","COUNTY","CRASH_MONTH","CRASH_YEAR","DAY_OF_WEEK","DEC_LATITUDE","DEC_LONGITUDE","DISPATCH_TM","DISTRICT","DRIVER_COUNT_16YR","DRIVER_COUNT_17YR","DRIVER_COUNT_18YR","DRIVER_COUNT_19YR","DRIVER_COUNT_20YR","DRIVER_COUNT_50_64YR","DRIVER_COUNT_65_74YR","DRIVER_COUNT_75PLUS","EST_HRS_CLOSED","FATAL_COUNT","HEAVY_TRUCK_COUNT","HORSE_BUGGY_COUNT","HOUR_OF_DAY","ILLUMINATION","INJURY_COUNT","INTERSECTION_RELATED","INTERSECT_TYPE","LANE_CLOSED","LATITUDE","LN_CLOSE_DIR","LOCATION_TYPE","LONGITUDE","MAX_SEVERITY_LEVEL","MCYCLE_DEATH_COUNT","MCYCLE_SUSP_SERIOUS_INJ_COUNT","MOTORCYCLE_COUNT","MUNICIPALITY","NONMOTR_COUNT","NONMOTR_DEATH_COUNT","NONMOTR_SUSP_SERIOUS_INJ_COUNT","NTFY_HIWY_MAINT","PED_COUNT","PED_DEATH_COUNT","PED_SUSP_SERIOUS_INJ_COUNT","PERSON_COUNT","POLICE_AGCY","POSSIBLE_INJ_COUNT","RDWY_SURF_TYPE_CD","RELATION_TO_ROAD","ROADWAY_CLEARED","ROAD_CONDITION","SCH_BUS_IND","SCH_ZONE_IND","SECONDARY_CRASH","SMALL_TRUCK_COUNT","SPEC_JURIS_CD","SUSP_MINOR_INJ_COUNT","SUSP_SERIOUS_INJ_COUNT","SUV_COUNT","TCD_FUNC_CD","TCD_TYPE","TFC_DETOUR_IND","TIME_OF_DAY","TOTAL_UNITS","TOT_INJ_COUNT","UNBELTED_OCC_COUNT","UNB_DEATH_COUNT","UNB_SUSP_SERIOUS_INJ_COUNT","UNK_INJ_DEG_COUNT","UNK_INJ_PER_COUNT","URBAN_RURAL","VAN_COUNT","VEHICLE_COUNT","WEATHER1","WEATHER2","WORKERS_PRES","WORK_ZONE_IND","WORK_ZONE_LOC","WORK_ZONE_TYPE","WZ_CLOSE_DETOUR","WZ_FLAGGER","WZ_LAW_OFFCR_IND","WZ_LN_CLOSURE","WZ_MOVING","WZ_OTHER","WZ_SHLDER_MDN","WZ_WORKERS_INJ_KILLED"
"2011098903","","1","0","0","0","0","0","0","0","0","7","0","","02","9","2011","3","40.429588","-79.881287","","11","0","0","0","0","0","0","0","0","","0","0","0","","","0","","1","","40 25:46.516","","0","79 52:52.633","0","0","0","0","2426","0","0","0","N","0","0","0","1","02426","0","","2.0","","1","N","N","","0","","0","0","0","","0","","","1","0","0","0","0","0","0","2","0","1","","","","N","","","","","","","","","",""
"2011113057","","1","0","0","0","0","0","0","0","0","7","0","","02","11","2011","5","40.451044","-80.000943","","11","0","0","0","0","0","1","0","0","2","0","0","0","","","0","","0","","40 27:03.758","1","0","80 00:03.394","0","0","0","0","2301","0","0","0","N","0","0","0","1","02301","0","","4.0","","1","N","N","","0","","0","0","0","","3","N","","1","0","1","0","0","0","0","2","0","1","","","","N","","","","","","","","","",""
"2011114425","","1","0","0","0","0","0","0","0","0","4","0","","02","11","2011","2","40.434061","-79.848853","","11","0","0","0","0","0","0","1","1","","0","0","0","","","0","","2","","40 26:02.619","","0","79 50:55.870","0","0","0","0","2431","0","0","0","N","0","0","0","2","02419","0","","1.0","","1","N","N","","0","","0","0","1","","2","","","2","0","0","0","0","0","0","2","0","2","","","","N","","","","","","","","","",""
"2011113741","","2","0","0","0","0","0","0","0","0","4","0","","02","10","2011","2","40.495411","-79.907885","","11","0","0","0","0","0","0","0","0","3","0","0","0","","","1","","7","","40 29:43.479","2","3","79 54:28.387","4","0","0","0","2112","0","0","0","N","0","0","0","3","68D02","1","","1.0","","9","N","N","","0","","0","0","0","","0","N","","2","1","0","0","0","0","0","2","0","2","","","","N","","","","","","","","","",""
"2011113059","","1","0","0","0","0","0","0","0","0","99","0","","02","11","2011","6","40.397668","-79.769328","","11","0","0","0","0","0","0","0","0","1","0","0","0","","","0","","10","","40 23:51.606","2","3","79 46:09.579","0","0","0","0","2446","0","0","0","N","0","0","0","2","02446","0","","1.0","","1","N","N","","0","","0","0","0","","0","N","","1","0","0","0","0","0","0","2","0","1","","","","N","","","","","","","","","",""
"2011098169","","0","0","0","0","0","0","0","0","0","1","0","","02","9","2011","7","40.456904","-79.758798","","11","0","0","0","0","0","1","0","0","","0","0","0","","","0","","3","","40 27:24.855","","0","79 45:31.673","0","0","0","0","2446","0","0","0","N","0","0","0","2","02446","0","","1.0","","1","N","N","","0","","0","0","1","","4","","","2","0","0","0","0","0","0","2","1","2","","","","N","","","","","","","","","",""
"2011099643","","2","0","0","0","0","0","0","0","0","2","0","","02","10","2011","1","40.484375","-80.040081","","11","0","0","0","0","0","0","0","0","1","0","0","0","","","0","","3","","40 29:03.750","3","0","80 02:24.291","0","0","0","0","2301","0","0","0","N","0","0","0","2","02301","0","","1.0","","9","N","N","","0","","0","0","0","","0","N","","2","0","0","0","0","0","0","2","0","2","","","","N","","","","","","","","","",""
"2011098171","","2","0","0","0","0","0","0","0","0","4","0","","02","9","2011","4","40.431628","-79.958764","","11","0","0","0","0","0","0","0","0","","0","0","0","","","0","","7","","40 25:53.861","","2","79 57:31.550","0","0","0","0","2301","0","0","0","N","0","0","0","2","02301","0","","1.0","","1","N","N","","0","","0","0","0","","0","","","2","0","0","0","0","0","0","2","0","2","","","","N","","","","","","","","","",""
"2011099862","","2","0","0","0","0","0","0","0","0","1","0","","02","10","2011","2","40.340675","-79.964437","","11","0","0","0","0","1","0","0","0","","0","0","0","","","0","","1","","40 20:26.431","","0","79 57:51.974","0","0","0","0","2454","0","0","0","N","0","0","0","2","02454","0","","1.0","","9","N","N","","0","","0","0","0","","2","","","2","0","0","0","0","0","0","2","0","2","","","","N","","","","","","","","","",""
"2011098459","","1","0","0","0","0","0","0","0","0","7","0","","02","9","2011","6","40.493673","-80.042239","","11","0","0","0","0","0","0","0","0","1","0","0","0","","","0","","0","","40 29:37.222","2","0","80 02:32.061","0","0","0","0","2116","0","0","0","N","0","0","0","1","02116","0","","2.0","","9","N","N","","0","","0","0","0","","0","N","","1","0","0","0","0","0","0","2","0","1","","","","N","","","","","","","","","",""
"2011098523","","1","0","0","0","0","0","0","0","0","4","0","","02","9","2011","5","40.350273","-79.926997","","11","0","0","0","0","0","0","0","0","1","0","0","0","","","1","","1","","40 21:00.984","3","0","79 55:37.188","8","0","0","0","2473","0","0","0","N","0","0","0","3","02473","0","","1.0","","9","N","N","","2","","0","0","0","","2","N","","3","1","0","0","0","1","0","2","0","3","","","","N","","","","","","","","","",""
"2011099266","","2","0","0","0","0","0","0","0","0","1","0","","02","9","2011","1","40.447429","-80.165583","","11","0","0","0","0","1","1","0","0","","0","0","0","","","2","","7","","40 26:50.743","","2","80 09:56.097","4","0","0","0","2115","0","0","0","N","0","0","0","6","68B03","2","","1.0","","1","N","N","","0","","0","0","0","","3","","","2","2","0","0","0","0","0","2","0","2","","","","N","","","","","","","","","",""
"2011098584","","1","0","0","0","0","0","0","0","0","7","0","","02","9","2011","6","40.517433","-80.254261","","11","0","0","0","0","1","0","0","0","","0","0","0","","","0","","0","","40 31:02.760","","0","80 15:15.341","0","0","0","0","2213","0","0","0","N","0","0","0","1","02213","0","","2.0","","9","N","N","","0","","0","0","0","","0","","","1","0","0","0","0","0","0","2","0","1","","","","N","","","","","","","","","",""
"2011100549","","2","0","0","0","0","0","0","0","0","4","0","","02","10","2011","4","40.430302","-80.000609","","11","0","0","0","0","0","0","0","0","","0","0","0","","","0","","2","","40 25:49.087","","0","80 00:02.192","0","0","0","0","2301","0","0","0","N","0","0","0","2","02301","0","","1.0","","1","N","N","","0","","0","0","0","","3","","","2","0","0","0","0","0","0","2","0","2","","","","N","","","","","","","","","",""
"2011099863","","3","0","0","0","0","0","0","0","0","4","0","","02","9","2011","5","40.40188","-79.840321","","11","0","0","0","0","0","0","1","0","","0","0","0","","","1","","0","","40 24:06.768","","0","79 50:25.155","3","0","0","0","2449","0","0","0","N","0","0","0","1","02449","0","","1.0","","9","N","N","","0","","1","0","0","","0","","","3","1","1","0","0","0","0","2","0","3","","","","N","","","","","","","","","",""
"2011099188","","2","0","0","0","0","0","0","0","0","4","0","","02","10","2011","7","40.454125","-79.906268","","11","0","0","0","0","0","1","0","0","","0","0","0","","","0","","1","","40 27:14.851","","0","79 54:22.563","0","0","0","0","2301","0","0","0","N","0","0","0","2","02301","0","","1.0","","9","N","N","","0","","0","0","0","","3","","","2","0","0","0","0","0","0","2","0","2","","","","N","","","","","","","","","",""
"2011099267","","1","0","0","0","0","0","0","0","0","7","0","","02","9","2011","6","40.443148","-79.839095","","11","0","0","0","0","0","1","0","0","","0","0","0","","","0","","0","","40 26:35.332","","0","79 50:20.743","0","0","0","0","2419","0","0","0","N","0","0","0","1","68B03","0","","2.0","","1","N","N","","0","","0","0","0","","0","","","1","0","0","0","0","0","0","2","0","1","","","","N","","","","","","","","","",""
"2011099853","","0","0","0","0","0","0","0","0","0","0","0","","02","10","2011","7","40.285539","-79.897198","","11","0","0","0","0","0","0","0","0","3","0","0","0","","","1","","0","","40 17:07.940","7","0","79 53:49.911","4","0","0","0","2302","0","0","0","N","0","0","0","1","02302","1","","1.0","","9","N","N","","0","","0","0","1","","0","Y","","1","1","0","0","0","0","0","2","0","1","","","","N","","","","","","","","","",""
"2011098461","","2","0","0","0","0","0","0","0","0","1","0","","02","9","2011","5","40.414011","-79.923056","","11","0","0","0","0","0","1","0","0","","0","0","0","","","0","","2","","40 24:50.439","","0","79 55:23.001","0","0","0","0","2301","0","0","0","N","0","0","0","2","02301","0","","1.0","","1","N","N","","0","","0","0","0","","2","","","2","0","0","0","0","0","0","2","0","2","","","","N","","","","","","","","","",""
"2011098310","","2","0","0","0","0","0","0","0","0","1","0","","02","9","2011","5","40.433303","-79.760248","","11","0","0","0","0","0","0","0","0","","0","0","0","","","1","","2","","40 25:59.890","","0","79 45:36.893","4","0","0","0","2446","0","0","0","N","0","0","0","3","02446","1","","1.0","","1","N","N","","0","","0","0","0","","3","","","2","1","0","0","0","0","0","2","0","2","","","","N","","","","","","","","","",""
"2011099065","","0","0","0","0","0","0","0","0","0","7","0","","02","10","2011","7","40.449625","-80.02319","","11","0","0","0","0","0","0","0","0","","0","0","0","","","0","","0","","40 26:58.651","","0","80 01:23.485","9","0","0","0","2301","0","0","0","N","0","0","0","4","02301","0","","5.0","","1","N","N","","0","","0","0","1","","0","","","1","0","0","0","0","0","1","2","0","1","","","","N","","","","","","","","","",""
"2011099205","","1","0","0","0","0","0","0","0","0","4","0","","02","10","2011","7","40.447999","-79.935593","","11","0","0","0","0","0","0","0","0","","0","0","0","","","1","","0","","40 26:52.796","","0","79 56:08.134","4","0","0","0","2301","0","0","0","N","0","0","0","4","02301","1","","1.0","","9","N","N","","0","","0","0","1","","0","","","2","1","0","0","0","0","0","2","0","2","","","","N","","","","","","","","","",""
"2011100617","","1","0","0","0","0","0","0","0","0","1","0","45","02","10","2011","3","","","","11","0","0","0","0","0","0","1","0","2","0","0","0","","","3","","0","","","4","0","","3","0","0","0","2214","0","0","0","N","0","0","0","6","02214","1","","1.0","","1","N","N","","0","","2","0","1","","0","Y","","3","3","0","0","0","0","0","1","1","3","","","N","Y","3","1","","","Y","Y","","","",""
"2011099208","","1","0","0","0","0","0","0","0","0","4","0","","02","9","2011","6","40.390289","-80.19936","","11","0","0","0","1","0","1","0","0","","0","0","0","","","1","","2","","40 23:25.040","","0","80 11:57.696","4","0","0","0","2214","0","0","0","N","0","0","0","2","02214","1","","1.0","","9","N","N","","0","","0","0","1","","0","","","2","1","0","0","0","0","0","2","0","2","","","","N","","","","","","","","","",""
"2011100618","","1","0","0","0","0","0","0","0","0","8","0","","02","10","2011","4","40.448912","-79.932571","","11","0","0","0","0","0","0","0","0","","0","0","0","","","1","","2","","40 26:56.083","","0","79 55:57.255","3","0","0","0","2301","1","0","0","","1","0","0","2","02301","0","","1.0","","1","","","","0","","1","0","0","","0","","","2","1","0","0","0","0","0","2","0","1","","","","N","","","","","","","","","",""
"2011099068","","1","0","0","0","0","0","0","0","0","7","0","","02","10","2011","7","40.451605","-80.023857","","11","0","0","0","0","0","0","0","0","","0","0","0","","","0","","1","","40 27:05.778","","0","80 01:25.885","0","0","0","0","2301","0","0","0","N","0","0","0","1","02301","0","","5.0","","1","N","N","","0","","0","0","0","","3","","","1","0","1","0","0","0","0","2","0","1","","","","N","","","","","","","","","",""
"2011098465","","2","0","0","0","0","0","0","0","0","4","0","","02","9","2011","1","40.447269","-79.89548","","11","0","0","0","0","0","0","0","0","","0","0","0","","","0","","0","","40 26:50.167","","0","79 53:43.727","0","0","0","0","2301","0","0","0","N","0","0","0","3","02301","0","","1.0","","1","N","N","","0","","0","0","0","","0","","","2","0","0","0","0","0","0","2","0","2","","","","N","","","","","","","","","",""
"2011100079","","1","0","0","0","0","0","0","0","0","7","0","","02","10","2011","3","40.37442","-80.08618","","11","0","0","0","0","0","0","0","0","1","0","0","0","","","1","","0","","40 22:27.912","4","0","80 05:10.248","3","0","0","0","2117","0","0","0","N","0","0","0","1","02117","0","","5.0","","9","N","N","","0","","1","0","0","","0","N","","1","1","1","0","0","0","0","2","0","1","","","","N","","","","","","","","","",""
"2011099069","","2","0","0","0","0","0","0","0","0","7","0","","02","10","2011","7","40.416389","-79.940044","","11","0","0","0","0","0","1","0","0","1","0","0","0","","","0","","0","","40 24:59.000","3","0","79 56:24.158","0","0","0","0","2301","0","0","0","N","0","0","0","3","02301","0","","4.0","","1","N","N","","0","","0","0","0","","0","N","","2","0","3","0","0","0","0","2","0","2","","","","N","","","","","","","","","",""
"2011100604","","1","0","0","0","0","0","0","0","0","4","0","","02","10","2011","4","40.466259","-79.93547","","11","0","0","0","0","0","1","0","2","","0","0","0","","","0","","1","","40 27:58.532","","0","79 56:07.692","0","0","0","0","2301","0","0","0","N","0","0","0","5","02301","0","","1.0","","1","N","N","","0","","0","0","2","","3","","","3","0","0","0","0","0","0","2","0","3","","","","N","","","","","","","","","",""
"2011099339","","2","0","0","0","0","0","0","0","0","5","0","","02","10","2011","7","40.380783","-79.811022","","11","0","0","0","0","0","0","0","0","1","0","0","0","","","0","","1","","40 22:50.817","6","0","79 48:39.678","0","0","0","0","2424","0","0","0","N","0","0","0","4","02424","0","","1.0","","9","N","N","","0","","0","0","0","","0","N","","2","0","4","0","0","0","0","2","0","2","","","","N","","","","","","","","","",""
"2011098317","","2","0","0","0","0","0","0","0","0","6","0","","02","9","2011","3","40.494074","-79.963328","","11","1","0","0","0","0","1","0","0","1","0","0","0","","","0","","3","","40 29:38.666","2","0","79 57:47.979","0","0","0","0","2118","0","0","0","N","0","0","0","3","02118","0","","1.0","","1","N","N","","0","","0","0","0","","0","N","","2","0","1","0","0","0","0","2","0","2","","","","N","","","","","","","","","",""
"2011100094","","2","2","0","0","0","0","0","0","0","7","0","","02","9","2011","5","40.322635","-80.144566","","11","0","0","0","0","0","0","1","0","4","3","0","0","","","1","","0","","40 19:21.485","2","0","80 08:40.436","1","0","0","0","2119","0","0","0","Y","0","0","0","4","68B03","0","2","3.0","","1","N","N","","0","0","0","1","0","","0","N","","2","1","2","1","1","0","0","2","0","2","","","","N","","","","","","","","","",""
"2011099872","","1","0","0","0","0","0","0","0","0","4","0","","02","10","2011","2","40.496014","-80.007929","","11","0","0","0","0","0","0","1","0","","0","0","0","","","0","","1","","40 29:45.651","","0","80 00:28.545","0","0","0","0","2301","0","0","0","N","0","0","0","3","02301","0","","1.0","","9","N","N","","1","","0","0","0","","3","","","2","0","0","0","0","0","0","2","0","2","","","","N","","","","","","","","","",""
"2011100082","","0","0","0","0","0","0","0","0","0","7","0","","02","10","2011","3","40.590712","-79.826952","","11","0","0","1","0","0","0","0","0","","0","0","0","","","0","","0","","40 35:26.564","","6","79 49:37.026","0","0","0","0","2209","0","0","0","N","0","0","0","1","02209","0","","2.0","","9","N","N","","1","","0","0","0","","0","","","1","0","0","0","0","0","0","1","0","1","","05","","N","","","","","","","","","",""
"2011100095","","3","0","0","0","0","0","0","0","0","1","0","","02","9","2011","2","40.430252","-79.881999","","11","0","0","0","0","0","0","0","0","1","0","0","0","","","2","","0","","40 25:48.906","4","0","79 52:55.198","8","0","0","0","2426","0","0","0","N","0","0","0","6","68B03","0","","1.0","","1","N","N","","0","","0","0","0","","0","N","","3","2","0","0","0","2","0","2","0","3","","","","N","","","","","","","","","",""
"2011098319","","2","0","0","0","0","0","0","0","0","7","0","","02","9","2011","4","40.636503","-80.053485","","11","0","0","0","0","0","2","0","0","2","0","0","0","","","0","","0","","40 38:11.409","6","0","80 03:12.546","0","0","0","0","2216","0","0","0","Y","0","0","0","2","02505","0","","4.0","","1","N","N","","0","","0","0","0","","0","Y","","2","0","0","0","0","0","0","2","0","2","","","","N","","","","","","","","","",""
"2011100607","","2","0","0","0","0","0","0","0","0","4","0","","02","10","2011","7","40.420311","-79.850943","","11","0","0","0","0","0","1","0","0","2","0","0","0","","","0","","0","","40 25:13.121","3","7","79 51:03.395","0","0","0","0","2431","0","0","0","","0","0","0","2","02431","0","","1.0","","9","N","N","","0","","0","0","0","","0","N","","2","0","0","0","0","0","0","2","0","2","","","","N","","","","","","","","","",""
"2011098457","","1","0","0","0","0","0","0","0","0","4","0","","02","9","2011","7","40.435126","-79.956406","","11","0","0","0","0","0","0","0","0","","0","0","0","","","0","","1","","40 26:06.452","","0","79 57:23.060","0","0","0","0","2301","0","0","0","N","0","0","0","2","02301","0","","1.0","","1","N","N","","0","","0","0","1","","2","","","2","0","0","0","0","0","0","2","0","2","","","","N","","","","","","","","","",""
"2011097840","","1","0","0","0","0","0","0","0","0","1","0","","02","9","2011","3","40.452187","-79.903847","","11","0","0","0","0","0","0","0","0","","0","0","0","","","0","","0","","40 27:07.873","","0","79 54:13.849","9","0","0","0","2301","0","0","0","N","0","0","0","1","02301","0","","6.0","","9","N","N","","0","","0","0","1","","0","","","2","0","0","0","0","0","1","2","0","2","","","","N","","","","","","","","","",""
"2011100559","","1","0","0","0","0","0","0","0","0","7","0","","02","10","2011","3","40.578019","-79.953607","","11","0","0","0","0","0","1","0","0","1","0","0","0","","","0","","0","","40 34:40.870","3","0","79 57:12.985","0","0","0","0","2207","0","0","0","N","0","0","0","1","02207","0","","2.0","","1","N","N","","0","","0","0","0","","0","N","","1","0","0","0","0","0","0","2","0","1","","","","N","","","","","","","","","",""
"2011099073","","1","0","0","0","0","0","0","0","0","4","0","","02","10","2011","7","40.44414","-80.028092","","11","0","0","0","0","0","0","0","0","1","0","0","0","","","0","","1","","40 26:38.905","5","3","80 01:41.132","0","0","0","0","2301","0","0","0","N","0","0","0","3","02301","0","","1.0","","1","N","N","","0","","0","0","1","","2","N","","2","0","0","0","0","0","0","2","0","2","","","","N","","","","","","","","","",""
"2011098470","","0","0","0","0","0","0","0","0","0","4","0","","02","9","2011","5","40.445651","-79.855375","","11","0","0","0","0","0","1","0","0","1","0","0","0","","","1","","2","","40 26:44.342","3","2","79 51:19.350","8","0","0","0","2419","0","0","0","N","0","0","0","3","02419","0","","1.0","","1","Y","N","","0","","0","0","0","","0","N","","2","1","0","0","0","1","0","2","2","2","","","","N","","","","","","","","","",""
"2011097841","","2","0","0","0","0","0","0","0","0","7","0","","02","9","2011","4","40.462685","-79.945596","","11","0","0","0","0","0","0","0","0","","0","0","0","","","1","","2","","40 27:45.666","","0","79 56:44.145","3","0","0","0","2301","0","0","0","Y","0","0","0","1","02301","0","","4.0","","1","N","N","","0","","1","0","0","","3","","","2","1","0","0","0","0","0","2","0","2","","","","N","","","","","","","","","",""
"2011099810","","2","0","0","0","0","0","0","0","0","1","0","","02","9","2011","6","40.513786","-80.002669","","11","0","0","0","0","0","0","0","0","","0","0","0","","","2","","1","","40 30:49.629","","0","80 00:09.607","8","0","0","0","2116","0","0","0","N","0","0","0","3","02116","0","","1.0","","1","N","N","","0","","0","0","1","","0","","","3","2","0","0","0","2","0","2","0","3","","","","N","","","","","","","","","",""
"2011097842","","2","0","0","0","0","0","0","0","0","1","0","","02","9","2011","4","40.456723","-80.004838","","11","0","0","0","0","0","0","0","0","","0","0","0","","","0","","0","","40 27:24.203","","0","80 00:17.416","0","0","0","0","2301","0","0","0","N","0","0","0","2","02301","0","","1.0","","1","N","N","","0","","0","0","0","","0","","","2","0","0","0","0","0","0","2","0","2","","","","N","","","","","","","","","",""
"2011099075","","1","0","0","0","0","0","0","0","0","7","0","","02","9","2011","6","40.646581","-79.846952","","11","0","0","0","0","0","0","0","0","2","0","0","0","","","1","","0","","40 38:47.692","2","0","79 50:49.027","4","0","0","0","2220","0","0","0","N","0","0","0","1","02220","1","","4.0","","9","N","N","","0","","0","0","0","","0","Y","","1","1","1","0","0","0","0","1","0","1","","","","N","","","","","","","","","",""
"2011098472","","1","0","0","0","0","0","0","0","0","1","0","45","02","9","2011","4","40.474536","-79.971494","","11","0","0","0","0","0","1","0","0","","0","0","0","","","1","","10","","40 28:28.330","","0","79 58:17.378","3","0","0","1","2445","0","0","0","N","0","0","0","2","02445","0","","1.0","","1","","","","0","","1","0","0","","7","","","2","1","0","0","0","0","0","2","0","2","","","Y","Y","1","1","","Y","Y","","","","",""
"2011099217","","2","0","0","0","0","0","0","0","0","4","0","","02","10","2011","7","40.496072","-80.007819","","11","0","0","0","0","0","0","0","0","","0","0","0","","","0","","1","","40 29:45.859","","0","80 00:28.148","0","0","0","0","2301","0","0","0","N","0","0","0","6","02301","0","","1.0","","9","N","N","","0","","0","0","0","","3","","","2","0","0","0","0","0","0","2","0","2","","","","N","","","","","","","","","",""
"2011098536","","1","0","0","0","0","0","0","0","0","4","0","","02","9","2011","4","","","","11","1","0","0","0","0","1","0","0","","0","0","0","","","0","","1","","","","0","","0","0","0","0","2216","0","0","0","N","0","0","0","4","02505","0","","1.0","","1","N","N","","0","","0","0","1","","3","","","2","0","0","0","0","0","0","1","0","2","","","","N","","","","","","","","","",""
"2011099076","","1","0","0","0","0","0","0","0","0","2","0","","02","10","2011","7","40.427449","-79.923024","","11","0","0","0","0","0","0","0","0","","0","0","0","","","0","","1","","40 25:38.817","","0","79 55:22.887","0","0","0","0","2301","0","0","0","","0","0","0","2","02301","0","","1.0","","9","","","","0","","0","0","3","","0","","","4","0","1","0","0","0","0","2","0","4","","","","N","","","","","","","","","",""
"2011099219","","2","0","0","0","0","0","0","0","0","4","0","","02","10","2011","7","40.350153","-79.861931","","11","0","0","1","0","0","0","1","0","","0","0","0","","","0","","1","","40 21:00.550","","0","79 51:42.951","0","0","0","0","2304","0","0","0","N","0","0","0","3","02304","0","","1.0","","9","N","N","","0","","0","0","0","","3","","","2","0","0","0","0","0","0","2","0","2","","","","N","","","","","","","","","",""
"2011100628","","0","0","0","0","0","0","0","0","0","8","0","","02","10","2011","4","40.440711","-80.00043","","11","0","0","0","0","0","0","0","0","","0","0","0","","","2","","1","","40 26:26.559","","0","80 00:01.548","4","0","0","1","2301","1","0","0","N","1","0","0","2","02301","1","","1.0","","1","N","N","","0","","0","0","0","","2","","","2","2","0","0","0","1","0","2","0","1","","","","N","","","","","","","","","",""
"2011098475","","2","0","0","0","0","0","0","0","0","4","0","","02","9","2011","3","40.439163","-79.829722","","11","0","0","0","0","0","0","1","0","","0","0","0","","","0","","2","","40 26:20.988","","0","79 49:46.999","0","0","0","0","2419","0","0","0","N","0","0","0","2","02419","0","","1.0","","1","N","N","","0","","0","0","0","","3","","","2","0","0","0","0","0","0","2","0","2","","","","N","","","","","","","","","",""
"2011099295","","1","0","0","0","0","0","0","0","0","7","0","","02","10","2011","7","40.386449","-79.822816","","11","0","0","0","0","0","0","0","1","","0","0","0","","","1","","2","","40 23:11.216","","0","79 49:22.137","4","0","0","0","2111","0","0","0","N","0","0","0","1","02111","1","","3.0","","9","N","N","","0","","0","0","0","","0","","","1","1","0","0","0","0","0","2","0","1","","","","N","","","","","","","","","",""
"2011099016","","1","0","0","0","0","0","1","0","0","4","1","","02","9","2011","5","40.43857","-79.985586","","11","0","0","0","0","0","0","1","0","","0","0","0","","","1","","0","","40 26:18.853","","0","79 59:08.110","4","0","0","0","2301","0","0","0","N","0","0","0","2","02503","1","","1.0","","1","N","N","","0","","0","0","0","","0","","","2","1","0","0","0","0","0","2","0","2","","","","N","","","","","","","","","",""
"2011099880","","1","0","0","0","0","0","0","0","0","1","0","","02","10","2011","2","40.541447","-79.798825","","11","0","0","0","0","0","1","0","0","","0","0","0","","","0","","0","","40 32:29.209","","0","79 47:55.771","0","0","0","0","2418","0","0","0","N","0","0","0","2","02418","0","","1.0","","9","N","N","","1","","0","0","0","","0","","","2","0","0","0","0","0","0","2","0","2","","","","N","","","","","","","","","",""
"2011099221","","1","0","0","0","0","0","0","0","0","7","0","","02","9","2011","6","40.661203","-80.000601","","11","0","0","1","0","0","0","0","0","2","0","0","0","","","4","","2","","40 39:40.329","4","0","80 00:02.163","4","0","0","0","2216","0","0","0","N","0","0","0","4","02505","4","","2.0","","9","N","N","","0","","0","0","0","","0","N","","1","4","2","0","0","0","0","1","0","1","","","","N","","","","","","","","","",""
"2011098541","","2","0","0","0","0","0","0","0","0","1","0","","02","9","2011","4","40.437781","-79.776287","","11","0","0","0","0","0","0","0","1","1","0","0","0","","","1","","0","","40 26:16.011","3","0","79 46:34.633","4","0","0","0","2446","0","0","0","","0","0","0","2","02446","1","","1.0","","1","N","N","","0","","0","0","0","","0","N","","2","1","0","0","0","0","0","2","0","2","","","","N","","","","","","","","","",""
"2011098553","","0","0","0","0","0","0","0","0","0","1","0","","02","9","2011","5","40.412284","-80.045898","","11","0","0","0","0","0","1","0","0","1","0","0","0","","","1","","1","","40 24:44.223","1","0","80 02:45.234","8","0","0","0","2435","0","0","0","N","0","0","0","2","02435","0","","1.0","","1","N","N","","1","","0","0","1","","3","N","","2","1","0","0","0","1","0","2","0","2","","","","N","","","","","","","","","",""
"2011099297","","2","0","0","0","0","0","0","0","0","4","0","","02","10","2011","7","40.451451","-79.90819","","11","0","0","0","0","1","1","0","0","1","0","0","0","","","1","","1","","40 27:05.223","4","0","79 54:29.484","4","0","0","0","2301","0","0","0","N","0","0","0","2","02301","1","","1.0","","9","N","N","","0","","0","0","0","","2","Y","","2","1","0","0","0","0","0","2","0","2","","","","N","","","","","","","","","",""
"2011099082","","0","0","0","0","0","0","0","0","0","8","0","","02","9","2011","6","40.445588","-79.855357","","11","0","0","0","0","0","0","0","0","","0","0","0","","","1","","2","","40 26:44.116","","2","79 51:19.286","8","0","0","0","2419","1","0","0","","1","0","0","2","02419","0","","1.0","","1","N","N","","0","","0","0","0","","0","","","2","1","0","0","0","1","0","2","1","1","","","","N","","","","","","","","","",""
"2011099223","","1","0","0","0","0","0","0","0","0","4","0","","02","9","2011","6","40.449158","-79.901337","","11","0","0","0","0","0","1","1","0","","0","0","0","","","1","","1","","40 26:56.970","","0","79 54:04.812","4","0","0","0","2301","0","0","0","N","0","0","0","2","02301","1","","1.0","","9","N","N","","1","","0","0","0","","2","","","2","1","0","0","0","0","0","2","0","2","","","","N","","","","","","","","","",""
"2011097783","","1","0","0","0","0","0","0","0","0","4","0","","02","9","2011","3","40.538806","-79.829738","","11","0","0","0","0","0","0","0","0","","0","0","0","","","0","","0","","40 32:19.703","","0","79 49:47.055","0","0","0","0","2208","0","0","0","N","0","0","0","2","02208","0","","1.0","","1","N","N","","1","","0","0","0","","0","","","2","0","0","0","0","0","0","2","0","2","","","","N","","","","","","","","","",""