"CRN","ARRIVAL_TM","AUTOMOBILE_COUNT","BELTED_DEATH_COUNT","BELTED_SUSP_SERIOUS_INJ_COUNT","BICYCLE_COUNT","BICYCLE_DEATH_COUNT","BICYCLE_SUSP_SERIOUS_INJ_COUNT","BUS_COUNT","CHLDPAS_DEATH_COUNT","CHLDPAS_SUSP_SERIOUS_INJ_COUNT","COLLISION_TYPE","COMM_VEH_COUNT","CONS_ZONE_SPD_LIM","COUNTY","CRASH_MONTH","CRASH_YEAR","DAY_OF_WEEK","DEC_LATITUDE","DEC_LONGITUDE","DISPATCH_TM","DISTRICT","DRIVER_COUNT_16YR","DRIVER_COUNT_17YR","DRIVER_COUNT_18YR","DRIVER_COUNT_19YR","DRIVER_COUNT_20YR","DRIVER_COUNT_50_64YR","DRIVER_COUNT_65_74YR","DRIVER_COUNT_75PLUS","EST_HRS_CLOSED","FATAL_COUNT","HEAVY_TRUCK_COUNT","HORSE_BUGGY_COUNT","HOUR_OF_DAY","ILLUMINATION","INJURY_COUNT","INTERSECTION_RELATED","INTERSECT_TYPE","LANE_CLOSED","LATITUDE","LN_CLOSE_DIR","LOCATION_TYPE","LONGITUDE","MAX_SEVERITY_LEVEL","MCYCLE_DEATH_COUNT","MCYCLE_SUSP_SERIOUS_INJ_COUNT","MOTORCYCLE_COUNT","MUNICIPALITY","NONMOTR_COUNT","NONMOTR_DEATH_COUNT","NONMOTR_SUSP_SERIOUS_INJ_COUNT","NTFY_HIWY_MAINT","PED_COUNT","PED_DEATH_COUNT","PED_SUSP_SERIOUS_INJ_COUNT","PERSON_COUNT","POLICE_AGCY","POSSIBLE_INJ_COUNT","RDWY_SURF_TYPE_CD","RELATION_TO_ROAD","ROADWAY_CLEARED","ROAD_CONDITION","SCH_BUS_IND","SCH_ZONE_IND","SECONDARY_CRASH","SMALL_TRUCK_COUNT","SPEC_JURIS_CD","SUSP_MINOR_INJ_COUNT","SUSP_SERIOUS_INJ_COUNT","SUV_COUNT","TCD_FUNC_CD","TCD_TYPE","TFC_DETOUR_IND","TIME_OF_DAY","TOTAL_UNITS","TOT_INJ_COUNT","UNBELTED_OCC_COUNT","UNB_DEATH_COUNT","UNB_SUSP_SERIOUS_INJ_COUNT","UNK_INJ_DEG_COUNT","UNK_INJ_PER_COUNT","URBAN_RURAL","VAN_COUNT","VEHICLE_COUNT","WEATHER1","WEATHER2","WORKERS_PRES","WORK_ZONE_IND","WORK_ZONE_LOC","WORK_ZONE_TYPE","WZ_CLOSE_DETOUR","WZ_FLAGGER","WZ_LAW_OFFCR_IND","WZ_LN_CLOSURE","WZ_MOVING","WZ_OTHER","WZ_SHLDER_MDN","WZ_WORKERS_INJ_KILLED"
"2011100565","","0","0","0","0","0","0","0","0","0","4","0","","02","10","2011","3","40.374549","-80.093117","","11","0","0","0","0","0","1","0","0","2","0","0","0","","","2","","2","","40 22:28.375","2","0","80 05:35.222","8","0","0","0","2117","0","0","0","N","0","0","0","2","02117","0","","1.0","","9","N","N","","1","","0","0","1","","3","N","","2","2","0","0","0","2","0","2","0","2","","","","N","","","","","","","","","",""
"2011099960","","2","0","0","0","0","0","0","0","0","1","0","","02","9","2011","5","40.446523","-80.169629","","11","0","0","0","1","0","0","0","0","1","0","0","0","","","0","","0","","40 26:47.482","3","0","80 10:10.666","0","0","0","0","2115","0","0","0","N","0","0","0","3","68B03","0","","1.0","","1","N","N","","1","","0","0","0","","0","N","","3","0","0","0","0","0","0","2","0","3","","","","N","","","","","","","","","",""
"2011098479","","1","0","0","0","0","0","0","0","0","4","0","","02","9","2011","5","40.47152","-79.926282","","11","0","0","0","0","0","1","1","0","1","0","0","0","","","1","","1","","40 28:17.472","3","0","79 55:34.615","8","0","0","0","2301","0","0","0","N","0","0","0","3","02301","0","","1.0","","1","N","N","","1","","0","0","0","","2","N","","2","1","2","0","0","1","0","2","0","2","","","","N","","","","","","","","","",""
"2011099224","","2","0","0","0","0","0","0","0","0","5","0","","02","9","2011","6","40.442836","-80.032145","","11","0","0","0","0","0","0","0","0","","0","0","0","","","0","","0","","40 26:34.209","","0","80 01:55.722","0","0","0","0","2301","0","0","0","N","0","0","0","4","02301","0","","1.0","","9","N","N","","0","","0","0","0","","0","","","2","0","1","0","0","0","0","2","0","2","","","","N","","","","","","","","","",""
"2011100021","","2","0","0","0","0","0","0","0","0","4","0","","02","10","2011","2","40.385411","-79.977332","","11","0","0","0","0","0","0","0","0","","0","0","0","","","0","","2","","40 23:07.479","","0","79 58:38.395","0","0","0","0","2301","0","0","0","N","0","0","0","2","02301","0","","1.0","","1","N","N","","0","","0","0","0","","0","","","2","0","0","0","0","0","0","2","0","2","","","","N","","","","","","","","","",""
"2011098543","","1","0","0","0","0","0","0","0","0","8","0","","02","9","2011","5","40.436634","-79.997207","","11","0","0","0","0","0","1","0","0","","0","0","0","","","1","","1","","40 26:11.884","","0","79 59:49.946","8","0","0","0","2301","1","0","0","N","1","0","0","2","02301","0","","1.0","","1","N","N","","0","","0","0","0","","2","","","2","1","1","0","0","1","0","2","0","1","","","","N","","","","","","","","","",""
"2011099286","","1","0","0","0","0","0","0","0","0","7","0","","02","9","2011","5","40.523423","-79.818824","","11","0","0","0","0","0","1","0","0","2","0","0","0","","","0","","0","","40 31:24.323","4","0","79 49:07.766","0","0","0","0","2466","0","0","0","N","0","0","0","1","68T02","0","","4.0","","98","N","N","","0","","0","0","0","","0","N","","1","0","0","0","0","0","0","2","0","1","","","","N","","","","","","","","","",""
"2011097799","","0","0","0","0","0","0","0","0","0","7","0","","02","9","2011","3","40.371105","-79.858276","","11","0","0","0","0","0","0","0","0","3","0","0","0","","","1","","0","","40 22:15.979","5","0","79 51:29.793","2","0","1","1","2473","0","0","0","N","0","0","0","1","02473","0","","2.0","","1","N","N","","0","","0","1","0","","0","Y","","1","1","0","0","0","0","0","2","0","1","","","","N","","","","","","","","","",""
"2011098347","","1","0","0","0","0","0","0","0","0","4","0","","02","9","2011","4","40.448933","-80.000739","","11","0","0","0","0","0","1","0","0","","0","0","0","","","0","","1","","40 26:56.157","","0","80 00:02.660","0","0","0","0","2301","0","0","0","N","0","0","0","3","02301","0","","1.0","","1","N","N","","0","","0","0","1","","1","","","2","0","0","0","0","0","0","2","0","2","","","","N","","","","","","","","","",""
"2011099021","","0","0","0","0","0","0","0","0","0","1","0","","02","9","2011","6","40.462037","-79.962033","","11","0","0","0","1","0","0","0","0","","0","0","0","","","0","","2","","40 27:43.333","","0","79 57:43.318","0","0","0","0","2301","0","0","0","N","0","0","0","2","02301","0","","1.0","","1","N","N","","0","","0","0","2","","0","","","2","0","0","0","0","0","0","2","0","2","","","","N","","","","","","","","","",""
"2011099885","","2","0","0","0","0","0","0","0","0","1","0","","02","9","2011","6","40.625382","-79.941819","","11","0","0","0","1","1","0","0","0","","0","0","0","","","0","","1","","40 37:31.374","","0","79 56:30.549","0","0","0","0","2217","0","0","0","N","0","0","0","5","02505","0","","1.0","","9","N","N","","0","","0","0","0","","2","","","2","0","0","0","0","0","0","2","0","2","","","","N","","","","","","","","","",""
"2011099161","","2","0","0","0","0","0","0","0","0","4","0","","02","9","2011","2","40.534035","-80.019122","","11","0","1","0","0","0","1","0","0","1","0","0","0","","","0","","2","","40 32:02.526","2","0","80 01:08.839","0","0","0","0","2116","0","0","0","N","0","0","0","2","02116","0","","1.0","","1","N","N","","0","","0","0","0","","0","N","","2","0","0","0","0","0","0","2","0","2","","","","N","","","","","","","","","",""
"2011099301","","1","0","0","0","0","0","0","0","0","7","0","","02","10","2011","7","40.41367","-79.845437","","11","0","0","0","0","0","0","0","0","2","0","0","0","","","0","","0","","40 24:49.213","4","0","79 50:43.572","0","0","0","0","2431","0","0","0","N","0","0","0","1","02431","0","","2.0","","9","N","N","","0","","0","0","0","","0","N","","1","0","0","0","0","0","0","2","0","1","","","","N","","","","","","","","","",""
"2011099086","","0","0","0","0","0","0","0","0","0","7","0","","02","9","2011","7","40.668702","-79.731502","","11","0","0","0","0","0","0","0","1","","0","0","0","","","1","","0","","40 40:07.327","","0","79 43:53.406","4","0","0","0","2202","0","0","0","N","0","0","0","2","02202","1","","5.0","","1","N","N","","0","","0","0","1","","0","","","1","1","0","0","0","0","0","2","0","1","","","","N","","","","","","","","","",""
"2011099886","","2","0","0","0","0","0","0","0","0","2","0","","02","10","2011","7","40.396201","-79.906476","","11","0","0","1","0","0","0","0","0","","0","0","0","","","2","","0","","40 23:46.324","","0","79 54:23.313","8","0","0","0","2472","0","0","0","N","0","0","0","3","02472","0","","1.0","","9","N","N","","0","","0","0","0","","0","","","2","2","2","0","0","2","0","2","0","2","","","","N","","","","","","","","","",""
"2011099963","","0","0","0","0","0","0","0","0","0","7","0","","02","10","2011","1","40.550794","-79.818272","","11","0","0","0","0","0","0","0","0","","0","0","0","","","2","","0","","40 33:02.860","","0","79 49:05.780","4","0","0","0","2208","0","0","0","N","0","0","0","3","68D02","2","","2.0","","9","N","N","","0","","0","0","1","","0","","","1","2","1","0","0","0","0","2","0","1","","","","N","","","","","","","","","",""
"2011100026","","3","0","0","0","0","0","0","0","0","1","0","","02","10","2011","2","40.430701","-80.025875","","11","0","0","0","0","0","0","2","0","2","0","0","0","","","0","","6","","40 25:50.523","2","2","80 01:33.150","0","0","0","0","2301","0","0","0","N","0","0","0","4","02301","0","","1.0","","9","N","N","","0","","0","0","0","","0","N","","3","0","0","0","0","0","0","2","0","3","","","","N","","","","","","","","","",""
"2011098546","","1","0","0","0","0","0","0","0","0","1","0","","02","9","2011","5","40.466426","-80.025532","","11","0","0","0","0","0","0","0","0","","0","0","0","","","1","","2","","40 27:59.133","","0","80 01:31.914","8","0","0","0","2301","0","0","0","N","0","0","0","5","02301","0","","1.0","","1","N","N","","1","","0","0","0","","0","","","2","1","0","0","0","1","0","2","0","2","","","","N","","","","","","","","","",""
"2011099822","","0","0","0","0","0","0","0","0","0","8","0","","02","10","2011","2","40.454755","-79.932541","","11","0","0","0","0","0","0","0","0","1","0","0","0","","","1","","1","","40 27:17.118","1","0","79 55:57.147","8","0","0","0","2301","1","0","0","N","1","0","0","2","02301","0","","1.0","","9","N","N","","0","","0","0","1","","2","N","","2","1","0","0","0","1","0","2","0","1","","","","N","","","","","","","","","",""
"2011100570","","2","0","0","0","0","0","0","0","0","1","0","","02","10","2011","3","40.44396","-80.028262","","11","0","0","0","0","0","0","0","0","","0","0","0","","","1","","0","","40 26:38.257","","0","80 01:41.742","4","0","0","0","2301","0","0","0","N","0","0","0","3","02301","1","","1.0","","1","N","N","","0","","0","0","0","","2","","","2","1","2","0","0","0","0","2","0","2","","","","N","","","","","","","","","",""
"2011099163","","1","0","0","0","0","0","0","0","0","4","0","","02","9","2011","6","40.338826","-80.065864","","11","0","0","0","0","0","0","0","0","1","0","0","0","","","1","","1","","40 20:19.775","2","0","80 03:57.111","4","0","0","0","2123","0","0","0","N","0","0","0","2","02123","1","","1.0","","1","N","N","","1","","0","0","0","","2","N","","2","1","1","0","0","0","0","2","0","2","","","","N","","","","","","","","","",""
"2011098351","","1","0","0","1","0","0","0","0","0","8","0","","02","9","2011","5","40.456718","-79.906676","","11","0","0","0","0","0","0","0","0","","0","0","0","","","1","","2","","40 27:24.184","","0","79 54:24.033","8","0","0","0","2301","1","0","0","N","0","0","0","2","02301","0","","1.0","","9","N","N","","0","","0","0","0","","0","","","2","1","0","0","0","1","1","2","0","1","","","","N","","","","","","","","","",""
"2011098484","","3","0","0","0","0","0","0","0","0","4","0","","02","9","2011","2","40.490437","-79.78317","","11","0","0","0","0","0","1","1","0","","0","0","0","","","0","","2","","40 29:25.573","","0","79 46:59.412","0","0","0","0","2466","0","0","0","N","0","0","0","5","02466","0","","1.0","","1","N","N","","0","","0","0","0","","3","","","3","0","1","0","0","0","0","2","0","3","","","","N","","","","","","","","","",""
"2011097804","","2","0","0","0","0","0","0","0","0","4","0","","02","9","2011","3","40.489935","-80.047771","","11","0","0","0","0","0","1","0","0","2","0","0","0","","","0","","2","","40 29:23.766","6","0","80 02:51.975","0","0","0","0","2404","0","0","0","N","0","0","0","3","02404","0","","1.0","","1","N","N","","0","","0","0","0","","0","Y","","2","0","1","0","0","0","0","2","0","2","","","","N","","","","","","","","","",""
"2011099025","","0","0","0","0","0","0","0","0","0","4","0","","02","9","2011","6","40.286606","-80.0216","","11","0","0","0","0","1","0","0","0","1","0","0","0","","","0","","0","","40 17:11.780","5","0","80 01:17.760","0","0","0","0","2219","0","0","0","N","0","0","0","1","02219","0","","4.0","","9","N","N","","1","","0","0","1","","0","N","","3","0","0","0","0","0","0","2","1","3","","","","N","","","","","","","","","",""
"2011098485","","0","0","0","0","0","0","0","0","0","7","0","","02","9","2011","5","40.452604","-80.193479","","11","0","0","0","0","0","1","0","0","","0","0","0","","","0","","0","","40 27:09.375","","0","80 11:36.526","0","0","0","0","2214","0","0","0","N","0","0","0","2","02214","0","","2.0","","9","N","N","","0","","0","0","1","","0","","","1","0","0","0","0","0","0","2","0","1","","","","N","","","","","","","","","",""
"2011099231","","1","0","0","0","0","0","0","0","0","4","0","","02","10","2011","7","40.452222","-80.193445","","11","0","0","0","0","0","1","0","0","1","0","0","0","","","0","","0","","40 27:07.999","3","0","80 11:36.402","0","0","0","0","2214","0","0","0","N","0","0","0","2","02214","0","","1.0","","9","N","N","","0","","0","0","1","","0","Y","","2","0","0","0","0","0","0","2","0","2","","","","N","","","","","","","","","",""
"2011099166","","1","0","0","0","0","0","0","0","0","4","0","","02","9","2011","6","40.448545","-80.065399","","11","0","0","1","0","0","1","0","0","","0","0","0","","","0","","2","","40 26:54.762","","0","80 03:55.436","0","0","0","0","2439","0","0","0","N","0","0","0","2","02439","0","","1.0","","1","N","N","","0","","0","0","1","","0","","","2","0","0","0","0","0","0","2","0","2","","","","N","","","","","","","","","",""
"2011100031","","0","0","0","0","0","0","0","0","0","7","1","","02","10","2011","2","40.350925","-79.994459","","11","0","0","0","0","0","0","0","0","4","0","1","0","","","0","","0","","40 21:03.330","6","4","79 59:40.052","0","0","0","0","2476","0","0","0","N","0","0","0","1","02476","0","","5.0","","9","N","N","","0","","0","0","0","","0","Y","","1","0","0","0","0","0","0","2","0","1","","","","N","","","","","","","","","",""
"2011098624","","1","0","0","0","0","0","0","0","0","7","0","","02","9","2011","1","40.453753","-80.111441","","11","0","0","0","0","0","0","0","0","","0","0","0","","","1","","0","","40 27:13.512","","0","80 06:41.188","4","0","0","0","2115","0","0","0","N","0","0","0","1","68B03","1","","2.0","","1","N","N","","0","","0","0","0","","0","","","1","1","1","0","0","0","0","2","0","1","","","","N","","","","","","","","","",""
"2011099233","","1","0","0","0","0","0","0","0","0","4","0","","02","9","2011","6","40.347464","-79.948994","","11","0","0","0","0","0","1","0","0","1","0","0","0","","","1","","0","","40 20:50.870","3","7","79 56:56.380","4","0","0","0","2473","0","0","0","N","0","0","0","3","02473","1","","1.0","","1","N","N","","0","","0","0","0","","3","Y","","2","1","1","0","0","0","1","2","1","2","","","","N","","","","","","","","","",""
"2011098563","","2","0","0","0","0","0","0","0","0","1","0","","02","9","2011","5","40.433928","-79.73239","","11","0","0","0","0","0","1","0","0","","0","0","0","","","0","","2","","40 26:02.141","","0","79 43:56.603","0","0","0","0","2446","0","0","0","N","0","0","0","2","02446","0","","1.0","","1","N","N","","0","","0","0","0","","0","","","2","0","0","0","0","0","0","2","0","2","","","","N","","","","","","","","","",""
"2011098625","","1","0","0","0","0","0","0","0","0","7","0","","02","9","2011","3","40.423485","-80.10594","","11","0","0","0","0","0","0","0","0","","0","0","0","","","0","","0","","40 25:24.547","","0","80 06:21.384","0","0","0","0","2115","0","0","0","N","0","0","0","1","68B03","0","","3.0","","1","N","N","","0","","0","0","0","","0","","","1","0","0","0","0","0","0","2","0","1","","","","N","","","","","","","","","",""
"2011099028","","1","0","0","0","0","0","0","0","0","1","0","","02","9","2011","6","40.405213","-80.074221","","11","0","0","0","0","0","0","0","0","1","0","0","0","","","0","","0","","40 24:18.768","1","0","80 04:27.194","0","0","0","0","2415","0","0","0","N","0","0","0","6","02415","0","","1.0","","9","N","N","","0","","0","0","1","","0","N","","2","0","0","0","0","0","0","2","0","2","","","","N","","","","","","","","","",""
"2011098626","","0","0","0","0","0","0","0","0","0","1","0","","02","9","2011","4","40.439506","-80.008525","","11","0","0","0","0","0","1","0","0","","0","1","0","","","1","","0","","40 26:22.221","","2","80 00:30.690","3","0","0","0","2301","0","0","0","N","0","0","0","3","68B03","0","","1.0","","9","N","N","","0","","1","0","1","","0","","","2","1","0","0","0","0","0","2","0","2","","","","N","","","","","","","","","",""
"2011098357","","1","0","0","0","0","0","0","0","0","1","0","","02","9","2011","6","40.417177","-79.986027","","11","0","0","0","0","0","1","0","0","1","0","0","0","","","1","","0","","40 25:01.837","1","0","79 59:09.697","4","0","0","0","2447","0","0","0","N","0","0","0","1","02447","1","","6.0","","1","N","N","","1","","0","0","0","","0","N","","2","1","0","0","0","0","0","2","0","2","","","","N","","","","","","","","","",""
"2011099907","","1","0","0","0","0","0","0","0","0","7","0","","02","10","2011","1","40.437247","-79.779874","","11","0","0","0","0","0","0","0","0","","0","0","0","","","1","","0","","40 26:14.088","","3","79 46:47.548","4","0","0","0","2446","0","0","0","N","0","0","0","1","02446","1","","4.0","","9","N","N","","0","","0","0","0","","0","","","1","1","0","0","0","0","0","2","0","1","","","","N","","","","","","","","","",""
"2011099169","","1","0","0","0","0","0","0","0","0","7","0","","02","9","2011","7","40.536219","-79.997403","","11","0","0","0","0","0","0","0","1","","0","0","0","","","1","","2","","40 32:10.388","","0","79 59:50.650","4","0","0","0","2116","0","0","0","N","0","0","0","1","02116","1","","5.0","","1","N","N","","0","","0","0","0","","3","","","1","1","0","0","0","0","0","2","0","1","","","","N","","","","","","","","","",""
"2011100034","","0","0","0","0","0","0","0","0","0","7","0","","02","10","2011","2","40.461862","-79.870253","","11","0","0","0","0","0","0","0","0","","0","0","0","","","0","","0","","40 27:42.703","","0","79 52:12.910","0","0","0","0","2113","0","0","0","N","0","0","0","1","02113","0","","5.0","","9","N","N","","1","","0","0","0","","0","","","1","0","0","0","0","0","0","2","0","1","","","","N","","","","","","","","","",""
"2011097797","","0","0","0","0","0","0","0","0","0","6","0","","02","9","2011","3","40.420314","-80.126092","","11","0","0","0","0","0","0","0","0","","0","0","0","","","1","","0","","40 25:13.129","","0","80 07:33.930","8","0","0","0","2102","0","0","0","N","0","0","0","2","02102","0","","1.0","","1","N","N","","0","","0","0","2","","0","","","2","1","0","0","0","1","0","2","0","2","","","","N","","","","","","","","","",""
"2011098627","","0","0","0","0","0","0","0","0","0","1","0","","02","9","2011","4","40.425815","-79.900144","","11","0","0","0","0","0","1","0","0","","0","0","0","","","2","","0","","40 25:32.934","","0","79 54:00.520","4","0","0","0","2301","0","0","0","N","0","0","0","2","68B03","2","","1.0","","1","N","N","","0","","0","0","2","","0","","","2","2","0","0","0","0","0","2","0","2","","","","N","","","","","","","","","",""
"2011099832","","1","0","0","0","0","0","0","0","0","7","0","","02","10","2011","1","40.399902","-80.065528","","11","0","1","0","0","0","0","0","0","","0","0","0","","","0","","0","","40 23:59.647","","0","80 03:55.900","0","0","0","0","2117","0","0","0","N","0","0","0","1","02117","0","","5.0","","9","N","N","","0","","0","0","0","","0","","","1","0","0","0","0","0","0","2","0","1","","","","N","","","","","","","","","",""
"2011098490","","0","0","0","0","0","0","0","0","0","4","1","","02","9","2011","5","40.586778","-79.996698","","11","0","0","0","0","0","1","0","0","","0","1","0","","","0","","2","","40 35:12.400","","0","79 59:48.112","9","0","0","0","2108","0","0","0","N","0","0","0","5","02501","0","","1.0","","9","N","N","","0","","0","0","1","","3","","","2","0","0","0","0","0","2","1","0","2","","","","N","","","","","","","","","",""
"2011099236","","2","0","0","0","0","0","0","0","0","4","0","","02","10","2011","7","40.458613","-79.908014","","11","0","0","0","0","0","1","0","0","1","0","0","0","","","0","","1","","40 27:31.005","6","0","79 54:28.849","0","0","0","0","2301","0","0","0","N","0","0","0","2","02301","0","","1.0","","9","N","N","","0","","0","0","0","","2","N","","2","0","0","0","0","0","0","2","0","2","","","","N","","","","","","","","","",""
"2011100036","","3","0","0","0","0","0","0","0","0","4","0","","02","10","2011","2","40.413781","-80.023039","","11","0","0","0","0","0","1","0","0","1","0","0","0","","","0","","0","","40 24:49.611","4","0","80 01:22.940","0","0","0","0","2301","0","0","0","N","0","0","0","1","02301","0","","1.0","","9","N","N","","0","","0","0","0","","0","N","","3","0","0","0","0","0","0","2","0","3","","","","N","","","","","","","","","",""
"2011099248","","2","0","0","0","0","0","0","0","0","4","0","","02","10","2011","7","40.437392","-80.002632","","11","0","0","0","0","0","1","0","0","1","0","0","0","","","1","","1","","40 26:14.611","2","0","80 00:09.475","8","0","0","0","2301","0","0","0","N","0","0","0","3","02301","0","","1.0","","9","N","N","","0","","0","0","0","","2","Y","","2","1","0","0","0","1","0","2","0","2","","","","N","","","","","","","","","",""
"2011099032","","4","0","0","0","0","0","0","0","0","1","0","","02","9","2011","6","40.428194","-79.97119","","11","0","0","0","0","0","0","0","0","1","0","0","0","","","0","","1","","40 25:41.499","2","0","79 58:16.285","0","0","0","0","2301","0","0","0","N","0","0","0","4","02301","0","","1.0","","9","N","N","","0","","0","0","0","","2","N","","4","0","0","0","0","0","0","2","0","4","","","","N","","","","","","","","","",""
"2011098370","","0","0","0","0","0","0","0","0","0","0","0","","02","9","2011","3","40.478057","-80.254515","","11","0","0","0","0","0","0","0","0","","0","0","0","","","1","","0","","40 28:41.006","","0","80 15:16.255","3","0","0","0","2203","0","0","0","N","0","0","0","3","68B03","0","","1.0","","1","N","N","","0","","1","0","1","","0","","","2","1","0","0","0","0","0","2","0","1","","","","N","","","","","","","","","",""
"2011100580","","2","0","0","0","0","0","0","0","0","4","0","","02","10","2011","4","40.448882","-79.893916","","11","0","0","0","0","0","0","0","0","","0","0","0","","","2","","1","","40 26:55.975","","0","79 53:38.097","8","0","0","0","2301","0","0","0","N","0","0","0","2","02301","0","","1.0","","1","N","N","","0","","0","0","0","","3","","","2","2","0","0","0","2","0","2","0","2","","","","N","","","","","","","","","",""
"2011099249","","1","0","0","0","0","0","0","0","0","4","0","","02","10","2011","7","40.465747","-79.942732","","11","0","0","0","0","0","0","0","0","","0","0","0","","","0","","1","","40 27:56.689","","0","79 56:33.835","0","0","0","0","2301","0","0","0","N","0","0","0","2","02301","0","","1.0","","9","N","N","","0","","0","0","1","","3","","","2","0","1","0","0","0","0","2","0","2","","","","N","","","","","","","","","",""
"2011099898","","1","0","0","0","0","0","0","0","0","4","0","","02","9","2011","3","40.501685","-79.982261","","11","0","0","0","0","1","0","0","0","","0","0","0","","","1","","0","","40 30:06.066","","0","79 58:56.141","8","0","0","0","2118","0","0","0","N","0","0","0","3","02118","0","","1.0","","1","N","N","","0","","0","0","1","","0","","","2","1","0","0","0","1","0","2","0","2","","","","N","","","","","","","","","",""
"2011098371","","1","0","0","0","0","0","0","0","0","1","0","","02","9","2011","3","40.413043","-80.10559","","11","0","0","0","0","0","1","0","0","2","0","0","0","","","3","","0","","40 24:46.956","1","0","80 06:20.125","4","0","0","0","2115","0","0","0","N","0","0","0","3","68B03","3","","1.0","","9","N","N","","1","","0","0","0","","0","N","","2","3","0","0","0","0","0","2","0","2","","","","N","","","","","","","","","",""
"2011098492","","2","0","0","0","0","0","0","0","0","1","0","","02","9","2011","5","40.291396","-79.880225","","11","0","0","0","0","0","0","0","0","1","0","0","0","","","0","","0","","40 17:29.024","2","0","79 52:48.809","0","0","0","0","2302","0","0","0","N","0","0","0","2","02302","0","","1.0","","9","N","N","","0","","0","0","0","","0","N","","2","0","0","0","0","0","0","2","0","2","","","","N","","","","","","","","","",""
"2011099836","","1","0","0","0","0","0","0","0","0","4","0","","02","10","2011","2","40.45654","-79.936458","","11","0","0","0","0","0","1","0","0","","0","0","0","","","0","","1","","40 27:23.543","","0","79 56:11.249","0","0","0","0","2301","0","0","0","N","0","0","0","2","02301","0","","1.0","","9","N","N","","0","","0","0","1","","2","","","2","0","1","0","0","0","0","2","0","2","","","","N","","","","","","","","","",""
"2011098361","","2","0","0","0","0","0","0","0","0","4","0","","02","9","2011","2","40.365284","-80.017656","","11","0","0","0","0","0","0","0","0","","0","0","0","","","1","","0","","40 21:55.021","","0","80 01:03.560","4","0","0","0","2416","0","0","0","N","0","0","0","3","02416","1","","1.0","","1","N","N","","0","","0","0","0","","0","","","2","1","0","0","0","0","0","2","0","2","","","","N","","","","","","","","","",""
"2011099899","","2","0","0","0","0","0","0","0","0","1","0","","02","10","2011","7","40.351163","-80.150993","","11","0","0","0","0","0","1","0","0","2","0","0","0","","","1","","0","","40 21:04.188","6","0","80 09:03.573","4","0","0","0","2119","0","0","0","N","0","0","0","1","02119","1","","6.0","","9","N","N","","0","","0","0","0","","0","N","","2","1","0","0","0","0","0","2","0","2","","","","N","","","","","","","","","",""
"2011098372","","0","0","0","0","0","0","0","0","0","0","0","","02","9","2011","3","40.501627","-80.134741","","11","0","0","0","0","0","0","0","0","3","0","0","0","","","0","","0","","40 30:05.857","2","0","80 08:05.066","0","0","0","0","2115","0","0","0","N","0","0","0","3","68B03","0","","1.0","","1","N","N","","1","","0","0","0","","0","N","","1","0","0","0","0","0","0","2","0","1","","","","N","","","","","","","","","",""
"2011099174","","1","0","0","0","0","0","0","0","0","1","0","","02","9","2011","4","40.2775","-79.904812","","11","0","0","0","0","0","0","1","1","","0","0","0","","","1","","0","","40 16:38.999","","0","79 54:17.324","8","0","0","0","2440","0","0","0","N","0","0","0","4","02440","0","","1.0","","1","N","N","","0","","0","0","1","","0","","","2","1","0","0","0","1","0","2","0","2","","","","N","","","","","","","","","",""
"2011099914","","2","0","0","0","0","0","0","0","0","5","0","","02","10","2011","2","40.498795","-79.924857","","11","0","0","1","0","0","0","0","0","","0","0","0","","","0","","0","","40 29:55.663","","0","79 55:29.484","0","0","0","0","2112","0","0","0","N","0","0","0","3","02112","0","","1.0","","9","N","N","","0","","0","0","0","","0","","","2","0","0","0","0","0","0","2","0","2","","","","N","","","","","","","","","",""
"2011099317","","0","0","0","0","0","0","0","0","0","0","0","","02","9","2011","4","40.348168","-79.947286","","11","0","0","0","0","0","0","0","0","1","0","0","0","","","1","","1","","40 20:53.403","3","0","79 56:50.231","8","0","0","1","2473","0","0","0","N","0","0","0","1","02473","0","","1.0","","1","N","N","","0","","0","0","0","","2","Y","","2","1","0","0","0","1","0","2","0","1","","","","N","","","","","","","","","",""
"2011100535","","2","0","0","0","0","0","0","0","0","4","0","","02","10","2011","3","40.343307","-80.060353","","11","0","0","0","0","0","1","0","0","1","0","0","0","","","0","","1","","40 20:35.905","1","0","80 03:37.272","0","0","0","0","2123","0","0","0","N","0","0","0","2","02123","0","","1.0","","1","N","N","","0","","0","0","0","","2","N","","2","0","0","0","0","0","0","2","0","2","","","","N","","","","","","","","","",""
"2011099320","","2","0","0","0","0","0","0","0","0","1","0","","02","10","2011","7","40.459959","-79.925023","","11","0","0","1","0","0","1","0","0","","0","0","0","","","1","","1","","40 27:35.852","","0","79 55:30.082","4","0","0","0","2301","0","0","0","N","0","0","0","7","02301","1","","1.0","","1","N","N","","0","","0","0","0","","2","","","2","1","0","0","0","0","0","2","0","2","","","","N","","","","","","","","","",""