"CRN","ARRIVAL_TM","AUTOMOBILE_COUNT","BELTED_DEATH_COUNT","BELTED_SUSP_SERIOUS_INJ_COUNT","BICYCLE_COUNT","BICYCLE_DEATH_COUNT","BICYCLE_SUSP_SERIOUS_INJ_COUNT","BUS_COUNT","CHLDPAS_DEATH_COUNT","CHLDPAS_SUSP_SERIOUS_INJ_COUNT","COLLISION_TYPE","COMM_VEH_COUNT","CONS_ZONE_SPD_LIM","COUNTY","CRASH_MONTH","CRASH_YEAR","DAY_OF_WEEK","DEC_LATITUDE","DEC_LONGITUDE","DISPATCH_TM","DISTRICT","DRIVER_COUNT_16YR","DRIVER_COUNT_17YR","DRIVER_COUNT_18YR","DRIVER_COUNT_19YR","DRIVER_COUNT_20YR","DRIVER_COUNT_50_64YR","DRIVER_COUNT_65_74YR","DRIVER_COUNT_75PLUS","EST_HRS_CLOSED","FATAL_COUNT","HEAVY_TRUCK_COUNT","HORSE_BUGGY_COUNT","HOUR_OF_DAY","ILLUMINATION","INJURY_COUNT","INTERSECTION_RELATED","INTERSECT_TYPE","LANE_CLOSED","LATITUDE","LN_CLOSE_DIR","LOCATION_TYPE","LONGITUDE","MAX_SEVERITY_LEVEL","MCYCLE_DEATH_COUNT","MCYCLE_SUSP_SERIOUS_INJ_COUNT","MOTORCYCLE_COUNT","MUNICIPALITY","NONMOTR_COUNT","NONMOTR_DEATH_COUNT","NONMOTR_SUSP_SERIOUS_INJ_COUNT","NTFY_HIWY_MAINT","PED_COUNT","PED_DEATH_COUNT","PED_SUSP_SERIOUS_INJ_COUNT","PERSON_COUNT","POLICE_AGCY","POSSIBLE_INJ_COUNT","RDWY_SURF_TYPE_CD","RELATION_TO_ROAD","ROADWAY_CLEARED","ROAD_CONDITION","SCH_BUS_IND","SCH_ZONE_IND","SECONDARY_CRASH","SMALL_TRUCK_COUNT","SPEC_JURIS_CD","SUSP_MINOR_INJ_COUNT","SUSP_SERIOUS_INJ_COUNT","SUV_COUNT","TCD_FUNC_CD","TCD_TYPE","TFC_DETOUR_IND","TIME_OF_DAY","TOTAL_UNITS","TOT_INJ_COUNT","UNBELTED_OCC_COUNT","UNB_DEATH_COUNT","UNB_SUSP_SERIOUS_INJ_COUNT","UNK_INJ_DEG_COUNT","UNK_INJ_PER_COUNT","URBAN_RURAL","VAN_COUNT","VEHICLE_COUNT","WEATHER1","WEATHER2","WORKERS_PRES","WORK_ZONE_IND","WORK_ZONE_LOC","WORK_ZONE_TYPE","WZ_CLOSE_DETOUR","WZ_FLAGGER","WZ_LAW_OFFCR_IND","WZ_LN_CLOSURE","WZ_MOVING","WZ_OTHER","WZ_SHLDER_MDN","WZ_WORKERS_INJ_KILLED"
"2011096715","","3","0","0","0","0","0","0","0","0","1","0","","02","9","2011","6","40.44213","-79.992058","","11","0","0","0","0","0","0","0","0","2","0","0","0","","","0","","0","","40 26:31.668","1","0","79 59:31.407","9","0","0","0","2301","0","0","0","N","0","0","0","5","02301","0","","1.0","","1","N","N","","0","","0","0","0","","0","N","","4","0","0","0","0","0","1","2","0","4","","","","N","","","","","","","","","",""
"2011097922","","3","0","0","0","0","0","0","0","0","4","0","","02","9","2011","4","40.439065","-80.062396","","11","0","0","0","0","0","1","0","1","","0","0","0","","","2","","1","","40 26:20.634","","0","80 03:44.625","3","0","0","0","2421","0","0","0","N","0","0","0","3","02421","0","","1.0","","1","N","N","","0","","2","0","0","","0","","","3","2","0","0","0","0","0","2","0","3","","","","N","","","","","","","","","",""
"2011099434","","3","0","0","0","0","0","0","0","0","4","0","","02","10","2011","1","40.464244","-79.950806","","11","0","0","0","0","0","0","0","0","1","0","0","0","","","1","","1","","40 27:51.278","4","0","79 57:02.901","8","0","0","0","2301","0","0","0","N","0","0","0","2","02301","0","","1.0","","9","N","N","","0","","0","0","0","","0","N","","3","1","0","0","0","1","0","2","0","3","","","","N","","","","","","","","","",""
"2011099516","","2","0","0","0","0","0","0","0","0","1","0","","02","10","2011","7","40.429378","-79.956524","","11","0","0","0","0","1","1","0","0","","0","0","0","","","0","","6","","40 25:45.760","","0","79 57:23.485","0","0","0","0","2301","0","0","0","N","0","0","0","2","68B03","0","","1.0","","9","N","N","","0","","0","0","0","","0","","","2","0","0","0","0","0","0","2","0","2","","","","N","","","","","","","","","",""
"2011097995","","0","0","0","0","0","0","0","0","0","4","0","","02","9","2011","5","40.652536","-79.838827","","11","0","0","0","0","0","0","0","0","2","0","0","0","","","0","","2","","40 39:09.128","5","0","79 50:19.778","0","0","0","0","2220","0","0","0","N","0","0","0","2","02220","0","","1.0","","1","N","N","","2","","0","0","0","","3","N","","2","0","1","0","0","0","0","1","0","2","","","","N","","","","","","","","","",""
"2011100241","","0","0","0","0","0","0","0","0","0","7","0","","02","10","2011","1","40.350078","-79.928774","","11","0","0","0","0","0","0","0","0","1","0","0","0","","","1","","0","","40 21:00.281","3","0","79 55:43.586","8","0","0","0","2473","0","0","0","N","0","0","0","1","02473","0","","3.0","","9","N","N","","1","","0","0","0","","0","N","","1","1","1","0","0","1","0","2","0","1","","","","N","","","","","","","","","",""
"2011095169","","2","0","0","0","0","0","0","0","0","4","0","","02","9","2011","6","40.533511","-80.07375","","11","0","0","0","0","0","1","0","0","","0","0","0","","","0","","0","","40 32:00.641","","0","80 04:25.499","9","0","0","0","2215","0","0","0","Y","0","0","0","2","68B03","0","","1.0","","1","N","N","","0","","0","0","0","","0","","","2","0","0","0","0","0","1","2","0","2","","","","N","","","","","","","","","",""
"2011100226","","1","0","0","0","0","0","0","0","0","7","0","","02","10","2011","2","40.65815","-79.993695","","11","0","0","0","0","0","0","0","0","","0","0","0","","","0","","0","","40 39:29.339","","0","79 59:37.303","0","0","0","0","2216","0","0","0","N","0","0","0","3","02505","0","","5.0","","9","N","N","","0","","0","0","0","","0","","","1","0","0","0","0","0","0","1","0","1","","","","N","","","","","","","","","",""
"2011095170","","1","0","0","0","0","0","0","0","0","5","0","","02","9","2011","2","40.443853","-80.009033","","11","0","0","0","1","0","1","0","0","1","0","0","0","","","0","","0","","40 26:37.871","1","2","80 00:32.517","0","0","0","0","2301","0","0","0","N","0","0","0","2","68B03","0","","1.0","","1","N","N","","0","","0","0","1","","0","N","","2","0","0","0","0","0","0","2","0","2","","","","N","","","","","","","","","",""
"2011098686","","1","0","0","0","0","0","0","0","0","5","0","","02","9","2011","5","40.4043","-79.991373","","11","0","0","0","0","0","0","0","0","","0","0","0","","","1","","0","","40 24:15.480","","0","79 59:28.942","4","0","0","0","2301","0","0","0","Y","0","0","0","4","02301","1","","1.0","","1","N","N","","1","","0","0","0","","0","","","2","1","0","0","0","0","0","2","0","2","","","","N","","","","","","","","","",""
"2011100244","","1","0","0","0","0","0","0","0","0","1","0","","02","10","2011","3","40.527129","-79.816606","","11","0","0","0","0","0","0","0","0","","0","0","0","","","0","","2","","40 31:37.663","","0","79 48:59.780","0","0","0","0","2466","0","0","0","N","0","0","0","3","02466","0","","1.0","","9","N","N","","0","","0","0","1","","2","","","3","0","2","0","0","0","0","2","1","3","","","","N","","","","","","","","","",""
"2011095171","","1","0","0","0","0","0","0","0","0","1","0","","02","9","2011","3","40.443258","-79.782017","","11","0","0","0","1","0","0","0","0","","0","0","0","","","0","","0","","40 26:35.727","","0","79 46:55.262","0","0","0","0","2446","0","0","0","N","0","0","0","2","68B03","0","","1.0","","1","N","N","","1","","0","0","0","","0","","","2","0","0","0","0","0","0","2","0","2","","","","N","","","","","","","","","",""
"2011098674","","1","0","1","0","0","0","0","0","0","7","0","","02","9","2011","5","40.529459","-79.954965","","11","0","0","0","0","0","0","1","0","","0","0","0","","","1","","0","","40 31:46.051","","0","79 57:17.874","2","0","0","0","2118","0","0","0","N","0","0","0","1","02118","0","","5.0","","1","N","N","","0","","0","1","0","","0","","","1","1","0","0","0","0","0","2","0","1","","","","N","","","","","","","","","",""
"2011100245","","1","0","0","0","0","0","0","0","0","4","0","","02","9","2011","6","40.367153","-79.828861","","11","0","0","0","0","1","0","1","0","2","0","0","0","","","0","","0","","40 22:01.752","4","0","79 49:43.898","0","0","0","0","2111","0","0","0","N","0","0","0","3","02111","0","","1.0","","1","N","N","","0","","0","0","1","","0","N","","2","0","0","0","0","0","0","2","0","2","","","","N","","","","","","","","","",""
"2011098675","","1","0","0","0","0","0","0","0","0","7","0","","02","9","2011","5","40.417691","-80.201003","","11","0","0","0","0","0","0","0","0","1","0","0","0","","","2","","0","","40 25:03.688","5","0","80 12:03.610","4","0","0","0","2214","0","0","0","N","0","0","0","2","02214","2","","4.0","","1","N","N","","0","","0","0","0","","0","N","","1","2","1","0","0","0","0","1","0","1","","","","N","","","","","","","","","",""
"2011099427","","1","0","0","0","0","0","0","0","0","4","0","","02","10","2011","1","40.437658","-79.985151","","11","0","0","0","0","0","0","0","0","1","0","0","0","","","0","","1","","40 26:15.568","3","0","79 59:06.543","0","0","0","0","2301","0","0","0","N","0","0","0","2","02301","0","","1.0","","9","N","N","","1","","0","0","0","","2","N","","2","0","0","0","0","0","0","2","0","2","","","","N","","","","","","","","","",""
"2011095928","","2","0","0","0","0","0","0","0","0","6","0","","02","9","2011","4","40.45289","-79.920715","","11","0","0","0","0","0","0","0","0","","0","0","0","","","0","","1","","40 27:10.404","","0","79 55:14.574","0","0","0","0","2301","0","0","0","N","0","0","0","2","02301","0","","1.0","","9","N","N","","0","","0","0","0","","2","","","2","0","0","0","0","0","0","2","0","2","","","","N","","","","","","","","","",""
"2011098676","","1","0","0","1","0","0","0","0","0","8","0","","02","9","2011","5","40.436516","-79.997211","","11","0","0","0","0","0","0","0","0","","0","0","0","","","1","","1","","40 26:11.457","","0","79 59:49.959","3","0","0","0","2301","1","0","0","N","0","0","0","3","02301","0","","1.0","","1","N","N","","0","","1","0","0","","2","","","2","1","0","0","0","0","0","2","0","1","","","","N","","","","","","","","","",""
"2011098677","","1","0","0","0","0","0","0","0","0","4","0","","02","9","2011","5","40.39919","-80.025075","","11","0","0","0","0","0","1","0","0","","0","0","0","","","0","","2","","40 23:57.084","","0","80 01:30.271","0","0","0","0","2301","0","0","0","N","0","0","0","2","02301","0","","1.0","","1","N","N","","0","","0","0","1","","3","","","2","0","0","0","0","0","0","2","0","2","","","","N","","","","","","","","","",""
"2011099429","","2","0","0","0","0","0","0","0","0","4","0","","02","10","2011","1","40.438334","-79.842884","","11","0","0","0","0","0","1","1","0","","0","0","0","","","1","","2","","40 26:18.004","","0","79 50:34.384","3","0","0","0","2419","0","0","0","N","0","0","0","4","02419","0","","1.0","","9","N","N","","0","","1","0","1","","0","","","3","1","0","0","0","0","0","2","0","3","","","","N","","","","","","","","","",""
"2011100248","","2","0","0","0","0","0","0","0","0","1","0","","02","10","2011","3","40.454071","-79.949455","","11","0","0","0","0","0","0","2","0","3","1","0","0","","","0","","1","","40 27:14.656","6","0","79 56:58.039","1","0","0","0","2301","0","0","0","N","0","0","0","4","02301","0","2","1.0","","9","N","N","","0","0","0","0","1","","0","Y","","3","0","1","1","0","0","0","2","0","3","","","","N","","","","","","","","","",""
"2011097415","","4","0","0","0","0","0","0","0","0","4","0","","02","9","2011","2","40.426664","-80.007824","","11","0","0","0","0","0","0","0","0","","0","0","0","","","0","","0","","40 25:35.990","","0","80 00:28.166","0","0","0","0","2301","0","0","0","N","0","0","0","2","02301","0","","4.0","","9","N","N","","0","","0","0","0","","0","","","4","0","0","0","0","0","0","2","0","4","","","","N","","","","","","","","","",""
"2011095918","","2","0","0","0","0","0","0","0","0","1","0","","02","9","2011","4","40.617082","-80.089444","","11","0","0","0","0","0","0","0","0","1","0","0","0","","","0","","2","","40 37:01.494","3","0","80 05:21.998","0","0","0","0","2212","0","0","0","N","0","0","0","2","02505","0","","1.0","","1","N","N","","0","","0","0","0","","2","N","","2","0","0","0","0","0","0","2","0","2","","","","N","","","","","","","","","",""
"2011095931","","1","0","0","0","0","0","0","0","0","4","0","","02","9","2011","5","40.462314","-79.705777","","11","0","0","0","0","0","1","1","0","","0","0","0","","","0","","0","","40 27:44.332","","0","79 42:20.796","0","0","0","0","2466","0","0","0","N","0","0","0","2","02466","0","","1.0","","1","N","N","","1","","0","0","0","","0","","","2","0","0","0","0","0","0","2","0","2","","","","N","","","","","","","","","",""
"2011097944","","1","0","0","0","0","0","0","0","0","4","0","","02","9","2011","4","40.430148","-79.999173","","11","0","0","0","0","0","0","0","0","","0","0","0","","","0","","2","","40 25:48.533","","0","79 59:57.022","0","0","0","0","2301","0","0","0","N","0","0","0","2","02301","0","","1.0","","1","N","N","","0","","0","0","1","","3","","","2","0","1","0","0","0","0","2","0","2","","","","N","","","","","","","","","",""
"2011095111","","2","0","0","0","0","0","0","0","0","1","0","","02","9","2011","3","40.375067","-80.09856","","11","0","0","0","0","0","1","0","1","1","0","0","0","","","2","","0","","40 22:30.240","4","0","80 05:54.816","8","0","0","0","2102","0","0","0","N","0","0","0","3","02102","0","","1.0","","1","N","N","","0","","0","0","1","","0","N","","3","2","0","0","0","2","0","2","0","3","","","","N","","","","","","","","","",""
"2011098680","","0","0","0","0","0","0","0","0","0","2","0","","02","9","2011","6","40.398959","-79.922065","","11","0","0","0","0","0","1","0","1","","0","0","0","","","3","","0","","40 23:56.251","","0","79 55:19.433","8","0","0","0","2472","0","0","0","N","0","0","0","3","02472","0","","1.0","","1","N","N","","0","","0","0","2","","0","","","2","3","0","0","0","3","0","2","0","2","","","","N","","","","","","","","","",""
"2011099447","","0","0","0","0","0","0","0","0","0","1","0","","02","9","2011","3","40.499405","-79.977655","","11","0","0","0","0","0","0","0","0","","0","0","0","","","4","","0","","40 29:57.858","","0","79 58:39.558","8","0","0","0","2118","0","0","0","N","0","0","0","9","02118","0","","1.0","","1","N","N","","0","","0","0","1","","0","","","2","4","0","0","0","4","0","2","1","2","","","","N","","","","","","","","","",""
"2011097947","","2","0","0","0","0","0","0","0","0","1","0","","02","9","2011","4","40.365426","-80.048326","","11","0","0","0","0","0","1","0","0","1","0","0","0","","","0","","0","","40 21:55.532","5","0","80 02:53.974","0","0","0","0","2109","0","0","0","N","0","0","0","2","02109","0","","1.0","","1","N","N","","0","","0","0","0","","0","N","","2","0","0","0","0","0","0","2","0","2","","","","N","","","","","","","","","",""
"2011098682","","0","0","0","0","0","0","0","0","0","1","0","","02","9","2011","5","40.378611","-79.992934","","11","0","0","0","0","0","0","0","0","2","0","0","0","","","1","","2","","40 22:42.999","1","0","79 59:34.562","4","0","0","0","2476","0","0","0","N","0","0","0","2","02476","1","","1.0","","1","N","N","","0","","0","0","1","","2","Y","","2","1","0","0","0","0","0","2","1","2","","","","N","","","","","","","","","",""
"2011100287","","3","0","0","0","0","0","0","0","0","4","0","99","02","10","2011","1","40.436794","-79.758208","","11","0","0","0","0","0","1","0","0","1","0","0","0","","","2","","2","","40 26:12.457","2","0","79 45:29.547","4","0","0","0","2446","0","0","0","N","0","0","0","5","02446","2","","1.0","","9","N","N","","0","","0","0","0","","2","N","","3","2","0","0","0","0","0","2","0","3","","","N","Y","4","1","","","N","","","","Y",""
"2011095938","","0","0","0","0","0","0","0","0","0","1","0","","02","9","2011","5","40.428444","-79.918539","","11","0","1","0","0","0","0","0","0","","0","0","0","","","0","","1","","40 25:42.398","","0","79 55:06.740","0","0","0","0","2301","0","0","0","N","0","0","0","3","02301","0","","1.0","","1","N","N","","1","","0","0","0","","2","","","2","0","0","0","0","0","0","2","1","2","","","","N","","","","","","","","","",""
"2011100256","","1","0","0","0","0","0","0","0","0","7","0","","02","10","2011","3","40.40791","-79.889687","","11","0","0","0","0","0","0","0","1","1","0","0","0","","","0","","0","","40 24:28.476","4","0","79 53:22.873","0","0","0","0","2448","0","0","0","N","0","0","0","2","02448","0","","4.0","","9","N","N","","1","","0","0","0","","0","N","","2","0","0","0","0","0","0","2","0","2","","","","N","","","","","","","","","",""
"2011095115","","1","0","0","0","0","0","0","0","0","0","0","","02","9","2011","3","40.458188","-79.974665","","11","0","0","0","0","0","0","0","0","","0","0","0","","","0","","2","","40 27:29.476","","0","79 58:28.794","0","0","0","0","2301","0","0","0","N","0","0","0","1","02301","0","","1.0","","9","N","N","","0","","0","0","0","","0","","","1","0","1","0","0","0","0","2","0","1","","","","N","","","","","","","","","",""
"2011097435","","1","0","0","0","0","0","0","0","0","4","0","","02","9","2011","3","40.438707","-79.9996","","11","0","0","0","0","0","1","0","0","1","0","0","0","","","2","","1","","40 26:19.345","3","0","79 59:58.560","4","0","0","0","2301","0","0","0","N","0","0","0","4","02301","2","","1.0","","9","N","N","","0","","0","0","0","","1","Y","","2","2","0","0","0","0","0","2","1","2","","","","N","","","","","","","","","",""
"2011096742","","0","0","0","0","0","0","0","0","0","1","0","","02","9","2011","6","40.416619","-80.085998","","11","0","0","0","0","0","1","0","0","","0","0","0","","","0","","0","","40 24:59.830","","0","80 05:09.591","0","0","0","0","2415","0","0","0","N","0","0","0","6","68B03","0","","1.0","","9","N","N","","1","","0","0","0","","0","","","2","0","0","0","0","0","0","2","1","2","","","","N","","","","","","","","","",""
"2011100185","","2","0","0","0","0","0","0","0","0","1","0","","02","10","2011","2","40.438611","-79.748253","","11","0","0","0","0","0","1","0","0","","0","0","0","","","3","","0","","40 26:19.000","","0","79 44:53.710","4","0","0","0","2446","0","0","0","N","0","0","0","3","02446","2","","1.0","","9","N","N","","0","","0","0","0","","0","","","2","3","1","0","0","1","0","2","0","2","","","","N","","","","","","","","","",""
"2011098698","","1","0","0","0","0","0","0","0","0","8","0","","02","9","2011","5","40.339857","-79.846519","","11","0","0","0","0","0","0","0","0","","0","0","0","","","1","","0","","40 20:23.485","","0","79 50:47.468","8","0","0","0","2304","1","0","0","N","1","0","0","2","02304","0","","1.0","","1","N","N","","0","","0","0","0","","0","","","2","1","0","0","0","1","0","2","0","1","","","","N","","","","","","","","","",""
"2011095872","","2","0","0","0","0","0","0","0","0","1","0","","02","9","2011","5","40.55944","-79.959161","","11","0","0","0","0","0","0","0","0","2","0","0","0","","","1","","2","","40 33:33.985","1","0","79 57:32.980","3","0","0","0","2207","0","0","0","N","0","0","0","3","02207","0","","1.0","","9","N","N","","0","","1","0","1","","2","Y","","3","1","0","0","0","0","0","2","0","3","","","","N","","","","","","","","","",""
"2011095859","","1","0","0","0","0","0","0","0","0","7","0","","02","9","2011","5","40.39004","-79.903872","","11","0","0","1","0","0","0","0","0","2","0","0","0","","","0","","0","","40 23:24.145","6","0","79 54:13.938","0","0","0","0","2448","0","0","0","N","0","0","0","1","02448","0","","5.0","","9","N","N","","0","","0","0","0","","0","Y","","1","0","0","0","0","0","0","2","0","1","","","","N","","","","","","","","","",""
"2011096662","","2","0","0","0","0","0","0","0","0","1","0","","02","9","2011","7","40.349457","-79.987447","","11","0","0","0","0","0","1","1","0","1","0","0","0","","","0","","2","","40 20:58.045","2","0","79 59:14.809","0","0","0","0","2476","0","0","0","N","0","0","0","3","02476","0","","1.0","","1","N","N","","0","","0","0","0","","0","N","","2","0","0","0","0","0","0","2","0","2","","","","N","","","","","","","","","",""
"2011095873","","1","0","0","0","0","0","0","0","0","4","0","","02","9","2011","4","40.589079","-79.948975","","11","0","0","0","0","0","1","0","0","","0","0","0","","","0","","0","","40 35:20.683","","0","79 56:56.311","0","0","0","0","2207","0","0","0","","0","0","0","3","02207","0","","1.0","","1","N","N","","0","","0","0","1","","0","","","2","0","0","0","0","0","0","2","0","2","","","","N","","","","","","","","","",""
"2011097437","","0","0","0","0","0","0","0","0","0","7","0","","02","9","2011","1","40.546059","-79.901194","","11","0","0","0","0","0","0","0","0","","0","0","0","","","0","","0","","40 32:45.811","","0","79 54:04.300","0","0","0","0","2209","0","0","0","N","0","0","0","1","02209","0","","5.0","","1","N","N","","0","","0","0","1","","0","","","1","0","1","0","0","0","0","2","0","1","","","","N","","","","","","","","","",""
"2011100259","","2","0","0","0","0","0","0","0","0","4","0","","02","10","2011","3","40.470747","-79.964845","","11","0","0","0","0","0","1","0","0","1","0","0","0","","","2","","0","","40 28:14.689","5","0","79 57:53.442","3","0","0","0","2301","0","0","0","N","0","0","0","3","02301","0","","1.0","","9","N","N","","0","","1","0","0","","0","N","","2","2","0","0","0","1","0","2","0","2","","","","N","","","","","","","","","",""
"2011097438","","1","0","0","0","0","0","0","0","0","4","0","","02","9","2011","1","40.36603","-80.018788","","11","0","0","0","0","0","0","0","0","1","0","0","0","","","4","","10","","40 21:57.707","7","0","80 01:07.636","4","0","0","0","2416","0","0","0","N","0","0","0","4","02416","1","","1.0","","1","N","N","","1","","0","0","0","","0","Y","","2","4","0","0","0","3","0","2","0","2","","","","N","","","","","","","","","",""
"2011100177","","1","0","0","0","0","0","0","0","0","7","0","","02","10","2011","2","40.522756","-79.817685","","11","0","0","0","0","0","0","0","0","","0","0","0","","","0","","0","","40 31:21.922","","3","79 49:03.666","0","0","0","0","2466","0","0","0","N","0","0","0","1","68T02","0","","5.0","","9","N","N","","0","","0","0","0","","0","","","1","0","0","0","0","0","0","2","0","1","","","","N","","","","","","","","","",""
"2011100263","","2","0","0","0","0","0","0","0","0","1","0","","02","10","2011","3","40.408882","-80.004717","","11","0","0","0","1","0","0","0","0","2","0","0","0","","","0","","0","","40 24:31.974","1","0","80 00:16.982","0","0","0","0","2301","0","0","0","N","0","0","0","4","02301","0","","1.0","","9","N","N","","0","","0","0","0","","0","N","","2","0","0","0","0","0","0","2","0","2","","","","N","","","","","","","","","",""
"2011095121","","0","0","0","0","0","0","0","0","0","4","0","","02","9","2011","3","40.43899","-80.015503","","11","0","0","0","0","0","0","0","0","","0","0","0","","","1","","7","","40 26:20.364","","2","80 00:55.810","4","0","0","0","2301","0","0","0","N","0","0","0","2","02301","1","","1.0","","1","N","N","","0","","0","0","0","","4","","","2","1","0","0","0","0","0","2","2","2","","","","N","","","","","","","","","",""
"2011100190","","1","0","0","0","0","0","0","0","0","4","0","","02","10","2011","3","40.447137","-79.895168","","11","0","0","0","0","0","1","0","0","","0","0","0","","","0","","1","","40 26:49.694","","0","79 53:42.603","0","0","0","0","2301","0","0","0","N","0","0","0","6","02301","0","","1.0","","9","N","N","","0","","0","0","1","","2","","","2","0","0","0","0","0","0","2","0","2","","","","N","","","","","","","","","",""
"2011100191","","2","0","0","0","0","0","0","0","0","4","0","","02","10","2011","2","40.387179","-79.995807","","11","0","0","0","0","0","0","0","0","2","0","0","0","","","0","","0","","40 23:13.846","2","0","79 59:44.905","0","0","0","0","2301","0","0","0","N","0","0","0","2","02301","0","","1.0","","9","N","N","","0","","0","0","0","","0","N","","2","0","0","0","0","0","0","2","0","2","","","","N","","","","","","","","","",""
"2011095137","","1","0","0","0","0","0","0","0","0","7","0","","02","9","2011","4","40.42478","-79.966885","","11","0","0","0","0","0","0","0","0","","0","0","0","","","0","","0","","40 25:29.208","","0","79 58:00.786","0","0","0","0","2301","0","0","0","N","0","0","0","1","02301","0","","9.0","","1","N","N","","0","","0","0","0","","0","","","1","0","0","0","0","0","0","2","0","1","","","","N","","","","","","","","","",""
"2011099379","","1","0","0","0","0","0","0","0","0","0","0","","02","9","2011","2","40.431284","-79.864047","","11","0","0","0","0","0","1","0","0","","0","0","0","","","0","","0","","40 25:52.621","","0","79 51:50.568","0","0","0","0","2449","0","0","0","N","0","0","0","1","02449","0","","1.0","","9","N","N","","0","","0","0","0","","0","","","1","0","1","0","0","0","0","2","0","1","","","","N","","","","","","","","","",""
"2011098705","","1","0","0","0","0","0","0","0","0","4","0","","02","9","2011","4","40.438023","-79.913072","","11","0","0","0","0","0","0","0","0","1","0","0","0","","","0","","1","","40 26:16.884","7","0","79 54:47.059","0","0","0","0","2301","0","0","0","N","0","0","0","2","02301","0","","1.0","","1","N","N","","0","","0","0","1","","2","Y","","2","0","0","0","0","0","0","2","0","2","","","","N","","","","","","","","","",""
"2011099459","","2","0","0","0","0","0","0","0","0","4","0","","02","10","2011","1","40.45041","-79.948748","","11","0","0","0","0","0","0","0","0","","0","0","0","","","0","","1","","40 27:01.476","","0","79 56:55.492","0","0","0","0","2301","0","0","0","N","0","0","0","2","02301","0","","1.0","","9","N","N","","0","","0","0","0","","2","","","2","0","0","0","0","0","0","2","0","2","","","","N","","","","","","","","","",""
"2011098735","","1","0","0","0","0","0","0","0","0","3","0","","02","9","2011","5","40.404822","-80.089172","","11","0","0","0","0","0","1","0","0","","0","0","0","","","1","","0","","40 24:17.360","","0","80 05:21.020","4","0","0","0","2415","0","0","0","N","0","0","0","3","02415","1","","2.0","","1","N","N","","1","","0","0","0","","0","","","2","1","0","0","0","0","0","2","0","2","","","","N","","","","","","","","","",""
"2011095138","","0","0","0","0","0","0","0","0","0","7","0","","02","9","2011","4","40.392849","-79.93361","","11","0","0","0","0","0","0","0","0","3","0","0","0","","","0","","3","","40 23:34.256","3","2","79 56:00.995","0","0","0","0","2301","0","0","0","N","0","0","0","1","02301","0","","5.0","","9","N","N","","0","","0","0","0","","0","Y","","1","0","0","0","0","0","0","2","1","1","","","","N","","","","","","","","","",""
"2011095948","","2","0","0","0","0","0","0","0","0","1","0","","02","9","2011","5","40.446342","-80.02702","","11","0","0","0","0","0","0","0","0","1","0","0","0","","","1","","7","","40 26:46.830","2","8","80 01:37.273","8","0","0","0","2301","0","0","0","N","0","0","0","4","02301","0","","1.0","","1","N","N","","0","","0","0","0","","0","N","","3","1","0","0","0","1","0","2","0","2","","","","N","","","","","","","","","",""
"2011098737","","1","0","0","0","0","0","0","0","0","7","0","","02","9","2011","6","40.350098","-79.849244","","11","0","0","0","0","0","0","0","0","1","0","0","0","","","0","","2","","40 21:00.352","4","0","79 50:57.278","0","0","0","0","2304","0","0","0","N","0","0","0","1","02304","0","","2.0","","9","N","N","","0","","0","0","0","","0","N","","1","0","0","0","0","0","0","2","0","1","","","","N","","","","","","","","","",""
"2011095125","","1","0","0","0","0","0","0","0","0","1","0","","02","9","2011","6","40.563595","-79.774334","","11","0","0","0","0","0","1","0","1","","0","0","0","","","1","","5","","40 33:48.941","","3","79 46:27.603","8","0","0","0","2104","0","0","0","N","0","0","0","3","02104","0","","1.0","","1","N","N","","0","","0","0","0","","2","","","2","1","0","0","0","1","0","2","1","2","","","","N","","","","","","","","","",""
"2011095949","","2","0","0","0","0","0","0","0","0","1","0","","02","9","2011","5","40.362366","-79.931995","","11","0","0","0","0","0","0","0","0","1","0","0","0","","","1","","2","","40 21:44.516","2","7","79 55:55.181","4","0","0","0","2473","0","0","0","N","0","0","0","2","02473","1","","1.0","","1","N","N","","0","","0","0","0","","2","N","","2","1","0","0","0","0","0","2","0","2","","","","N","","","","","","","","","",""
"2011098738","","1","0","0","0","0","0","0","0","0","4","0","","02","9","2011","6","40.460035","-79.924755","","11","0","0","0","0","0","0","0","0","1","0","0","0","","","0","","1","","40 27:36.125","1","0","79 55:29.119","0","0","0","0","2301","0","0","0","N","0","0","0","2","02301","0","","1.0","","9","N","N","","0","","0","0","1","","1","N","","2","0","0","0","0","0","0","2","0","2","","","","N","","","","","","","","","",""
"2011099395","","2","0","0","0","0","0","0","0","0","1","0","","02","10","2011","7","40.423515","-80.191935","","11","0","0","0","0","0","1","0","0","2","0","0","0","","","2","","0","","40 25:24.655","1","0","80 11:30.965","4","0","0","0","2214","0","0","0","N","0","0","0","3","02214","2","","1.0","","9","N","N","","0","","0","0","0","","0","N","","2","2","0","0","0","0","0","2","0","2","","","","N","","","","","","","","","",""
"2011098708","","2","0","0","0","0","0","0","0","0","1","0","","02","9","2011","4","40.503384","-79.813423","","11","0","0","0","0","0","1","0","0","1","0","0","0","","","0","","0","","40 30:12.182","4","0","79 48:48.322","0","0","0","0","2113","0","0","0","N","0","0","0","1","02113","0","","1.0","","1","N","N","","0","","0","0","0","","0","N","","2","0","0","0","0","0","0","2","0","2","","","","N","","","","","","","","","",""