"CRN","ARRIVAL_TM","AUTOMOBILE_COUNT","BELTED_DEATH_COUNT","BELTED_SUSP_SERIOUS_INJ_COUNT","BICYCLE_COUNT","BICYCLE_DEATH_COUNT","BICYCLE_SUSP_SERIOUS_INJ_COUNT","BUS_COUNT","CHLDPAS_DEATH_COUNT","CHLDPAS_SUSP_SERIOUS_INJ_COUNT","COLLISION_TYPE","COMM_VEH_COUNT","CONS_ZONE_SPD_LIM","COUNTY","CRASH_MONTH","CRASH_YEAR","DAY_OF_WEEK","DEC_LATITUDE","DEC_LONGITUDE","DISPATCH_TM","DISTRICT","DRIVER_COUNT_16YR","DRIVER_COUNT_17YR","DRIVER_COUNT_18YR","DRIVER_COUNT_19YR","DRIVER_COUNT_20YR","DRIVER_COUNT_50_64YR","DRIVER_COUNT_65_74YR","DRIVER_COUNT_75PLUS","EST_HRS_CLOSED","FATAL_COUNT","HEAVY_TRUCK_COUNT","HORSE_BUGGY_COUNT","HOUR_OF_DAY","ILLUMINATION","INJURY_COUNT","INTERSECTION_RELATED","INTERSECT_TYPE","LANE_CLOSED","LATITUDE","LN_CLOSE_DIR","LOCATION_TYPE","LONGITUDE","MAX_SEVERITY_LEVEL","MCYCLE_DEATH_COUNT","MCYCLE_SUSP_SERIOUS_INJ_COUNT","MOTORCYCLE_COUNT","MUNICIPALITY","NONMOTR_COUNT","NONMOTR_DEATH_COUNT","NONMOTR_SUSP_SERIOUS_INJ_COUNT","NTFY_HIWY_MAINT","PED_COUNT","PED_DEATH_COUNT","PED_SUSP_SERIOUS_INJ_COUNT","PERSON_COUNT","POLICE_AGCY","POSSIBLE_INJ_COUNT","RDWY_SURF_TYPE_CD","RELATION_TO_ROAD","ROADWAY_CLEARED","ROAD_CONDITION","SCH_BUS_IND","SCH_ZONE_IND","SECONDARY_CRASH","SMALL_TRUCK_COUNT","SPEC_JURIS_CD","SUSP_MINOR_INJ_COUNT","SUSP_SERIOUS_INJ_COUNT","SUV_COUNT","TCD_FUNC_CD","TCD_TYPE","TFC_DETOUR_IND","TIME_OF_DAY","TOTAL_UNITS","TOT_INJ_COUNT","UNBELTED_OCC_COUNT","UNB_DEATH_COUNT","UNB_SUSP_SERIOUS_INJ_COUNT","UNK_INJ_DEG_COUNT","UNK_INJ_PER_COUNT","URBAN_RURAL","VAN_COUNT","VEHICLE_COUNT","WEATHER1","WEATHER2","WORKERS_PRES","WORK_ZONE_IND","WORK_ZONE_LOC","WORK_ZONE_TYPE","WZ_CLOSE_DETOUR","WZ_FLAGGER","WZ_LAW_OFFCR_IND","WZ_LN_CLOSURE","WZ_MOVING","WZ_OTHER","WZ_SHLDER_MDN","WZ_WORKERS_INJ_KILLED"
"2011095868","","1","0","0","0","0","0","0","0","0","4","0","","02","9","2011","5","40.389745","-80.04762","","11","0","0","0","0","0","0","0","0","","0","0","0","","","0","","5","","40 23:23.082","","0","80 02:51.432","0","0","0","0","2109","0","0","0","N","0","0","0","3","02109","0","","1.0","","1","N","N","","0","","0","0","1","","3","","","2","0","0","0","0","0","0","2","0","2","","","","N","","","","","","","","","",""
"2011095272","","0","0","0","0","0","0","1","0","0","4","1","","02","9","2011","4","40.458613","-79.908014","","11","0","0","0","0","0","0","0","0","","0","0","0","","","1","","1","","40 27:31.005","","0","79 54:28.849","8","0","0","0","2301","0","0","0","","0","0","0","3","02503","0","","1.0","","1","","","","0","","0","0","0","","2","","","2","1","0","0","0","1","0","2","1","2","","","","N","","","","","","","","","",""
"2011097966","","2","0","0","0","0","0","0","0","0","1","0","","02","9","2011","3","40.350146","-80.112531","","11","0","0","0","0","0","0","2","0","","0","0","0","","","0","","0","","40 21:00.527","","0","80 06:45.113","0","0","0","0","2119","0","0","0","N","0","0","0","3","02119","0","","1.0","","1","N","N","","0","","0","0","1","","0","","","3","0","0","0","0","0","0","2","0","3","","","","N","","","","","","","","","",""
"2011098709","","0","0","0","0","0","0","0","0","0","7","0","","02","9","2011","5","40.316588","-79.800372","","11","0","0","0","0","0","0","0","0","2","0","0","0","","","1","","0","","40 18:59.718","6","0","79 48:01.340","4","0","0","0","2105","0","0","0","N","0","0","0","1","02105","1","","2.0","","1","N","N","","0","","0","0","1","","0","Y","","1","1","0","0","0","0","0","2","0","1","","","","N","","","","","","","","","",""
"2011099463","","1","0","0","0","0","0","0","0","0","4","0","","02","10","2011","7","40.313191","-79.938614","","11","1","0","0","0","0","1","0","0","2","0","0","0","","","2","","1","","40 18:47.487","1","0","79 56:19.009","3","0","0","0","2440","0","0","0","N","0","0","0","5","02440","0","","1.0","","9","N","N","","1","","1","0","1","","2","Y","","3","2","1","0","0","1","0","2","0","3","","","","N","","","","","","","","","",""
"2011099491","","1","0","0","0","0","0","0","0","0","4","0","","02","10","2011","7","40.436484","-79.783418","","11","0","0","0","0","1","1","0","0","","0","0","0","","","1","","1","","40 26:11.342","","0","79 47:00.303","8","0","0","0","2446","0","0","0","N","0","0","0","7","02446","0","","1.0","","9","N","N","","1","","0","0","0","","2","","","2","1","0","0","0","1","0","2","0","2","","","","N","","","","","","","","","",""
"2011097381","","1","0","0","0","0","0","0","0","0","1","0","","02","9","2011","2","40.382938","-79.857483","","11","0","0","0","0","1","1","0","0","","0","0","0","","","1","","1","","40 22:58.576","","0","79 51:26.939","8","0","0","0","2303","0","0","0","N","0","0","0","2","02303","0","","1.0","","9","N","N","","0","","0","0","1","","2","","","2","1","0","0","0","1","0","2","0","2","","","","N","","","","","","","","","",""
"2011095883","","0","0","0","0","0","0","0","0","0","7","0","","02","9","2011","4","40.559864","-79.925166","","11","0","0","0","0","0","0","0","0","2","0","0","0","","","0","","0","","40 33:35.509","6","0","79 55:30.597","0","0","0","0","2207","0","0","0","N","0","0","0","1","02207","0","","2.0","","9","N","N","","0","","0","0","1","","0","Y","","1","0","0","0","0","0","0","2","0","1","","","","N","","","","","","","","","",""
"2011097896","","3","0","0","0","0","0","0","0","0","5","0","","02","9","2011","4","40.427746","-79.976368","","11","0","0","0","0","0","1","0","0","","0","0","0","","","0","","0","","40 25:39.885","","0","79 58:34.924","0","0","0","0","2301","0","0","0","N","0","0","0","1","02301","0","","6.0","","1","N","N","","0","","0","0","0","","0","","","3","0","0","0","0","0","0","2","0","3","","","","N","","","","","","","","","",""
"2011098710","","1","0","0","0","0","0","0","0","0","7","0","","02","9","2011","5","40.345234","-80.171792","","11","0","0","0","0","0","0","0","0","","0","0","0","","","0","","0","","40 20:42.844","","0","80 10:18.450","0","0","0","0","2119","0","0","0","N","0","0","0","1","02119","0","","2.0","","1","N","N","","0","","0","0","0","","0","","","1","0","0","0","0","0","0","2","0","1","","","","N","","","","","","","","","",""
"2011100301","","1","0","0","0","0","0","0","0","0","1","0","","02","10","2011","3","40.382707","-80.010056","","11","0","0","0","0","0","1","1","0","1","0","0","0","","","1","","0","","40 22:57.746","4","0","80 00:36.201","4","0","0","0","2301","0","0","0","N","0","0","0","3","02301","1","","1.0","","1","N","N","","1","","0","0","1","","0","N","","3","1","0","0","0","0","0","2","0","3","","","","N","","","","","","","","","",""
"2011097382","","1","0","0","0","0","0","0","0","0","1","0","","02","9","2011","1","40.550511","-79.784436","","11","0","0","0","0","0","0","0","0","1","0","0","0","","","2","","0","","40 33:01.838","3","0","79 47:03.968","3","0","0","1","2121","0","0","0","N","0","0","0","3","02121","1","","1.0","","1","N","N","","0","","1","0","0","","0","N","","2","2","0","0","0","0","0","1","0","2","","","","N","","","","","","","","","",""
"2011097897","","1","0","0","0","0","0","0","0","0","7","0","","02","9","2011","2","40.430511","-79.761771","","11","0","0","0","0","0","1","0","0","","0","0","0","","","0","","3","","40 25:49.839","","0","79 45:42.375","0","0","0","0","2446","0","0","0","N","0","0","0","2","02446","0","","2.0","","1","N","N","","0","","0","0","0","","3","","","1","0","0","0","0","0","0","2","0","1","","","","N","","","","","","","","","",""
"2011098711","","2","0","0","0","0","0","0","0","0","4","0","","02","9","2011","5","40.426467","-80.057021","","11","0","0","0","0","0","0","0","0","2","0","0","0","","","1","","1","","40 25:35.282","3","0","80 03:25.277","4","0","0","0","2435","0","0","0","N","0","0","0","2","02435","1","","1.0","","1","N","N","","0","","0","0","0","","2","N","","2","1","0","0","0","0","0","2","0","2","","","","N","","","","","","","","","",""
"2011097383","","0","0","0","0","0","0","0","0","0","7","0","","02","9","2011","2","40.456764","-80.043577","","11","0","0","0","0","0","0","0","0","1","0","0","0","","","1","","0","","40 27:24.351","3","0","80 02:36.876","3","0","0","0","2301","0","0","0","N","0","0","0","1","02301","0","","2.0","","9","N","N","","0","","1","0","1","","0","N","","1","1","0","0","0","0","0","2","0","1","","","","N","","","","","","","","","",""
"2011099466","","2","0","0","0","0","0","0","0","0","4","0","","02","10","2011","1","40.332558","-79.891834","","11","0","0","0","0","0","2","0","0","2","0","0","0","","","1","","2","","40 19:57.208","5","0","79 53:30.602","8","0","0","0","2433","0","0","0","N","0","0","0","2","02433","0","","1.0","","9","N","N","","0","","0","0","0","","3","Y","","2","1","1","0","0","1","0","2","0","2","","","","N","","","","","","","","","",""
"2011098743","","0","0","0","0","0","0","0","0","0","0","0","","02","9","2011","6","40.468673","-79.9623","","11","0","0","0","0","0","0","0","0","1","0","0","0","","","1","","1","","40 28:07.223","1","0","79 57:44.279","4","0","0","1","2301","0","0","0","N","0","0","0","1","02301","1","","1.0","","9","N","N","","0","","0","0","0","","2","N","","2","1","0","0","0","0","0","2","0","1","","","","N","","","","","","","","","",""
"2011100303","","3","0","0","0","0","0","0","0","0","1","0","","02","10","2011","3","40.491673","-79.88167","","11","0","0","0","0","0","1","0","0","2","0","0","0","","","1","","2","","40 29:30.024","1","0","79 52:54.012","4","0","0","0","2112","0","0","0","N","0","0","0","3","02112","1","","1.0","","1","N","N","","0","","0","0","0","","2","N","","3","1","0","0","0","0","0","2","0","3","","","","N","","","","","","","","","",""
"2011097972","","2","0","0","0","0","0","0","0","0","2","0","","02","9","2011","5","40.510313","-80.094577","","11","0","0","0","0","0","0","0","0","","0","0","0","","","0","","1","","40 30:37.127","","0","80 05:40.476","0","0","0","0","2429","0","0","0","N","0","0","0","2","02215","0","","1.0","","1","N","N","","0","","0","0","0","","2","","","2","0","0","0","0","0","0","2","0","2","","","","N","","","","","","","","","",""
"2011095147","","0","0","0","0","0","0","0","0","0","7","0","","02","9","2011","4","40.324771","-79.885111","","11","0","0","0","0","0","0","0","0","","0","0","0","","","0","","0","","40 19:29.175","","0","79 53:06.399","0","0","0","0","2433","0","0","0","N","0","0","0","0","02433","0","","5.0","","1","N","N","","0","","0","0","0","","0","","","1","0","0","0","0","0","0","2","1","1","","","","N","","","","","","","","","",""
"2011096694","","1","0","0","0","0","0","0","0","0","6","0","","02","9","2011","6","40.602799","-80.07272","","11","0","1","0","0","0","0","0","0","1","0","0","0","","","0","","0","","40 36:10.078","5","0","80 04:21.791","0","0","0","0","2481","0","0","0","N","0","0","0","2","02481","0","","1.0","","9","N","N","","0","","0","0","0","","0","Y","","2","0","0","0","0","0","0","2","1","2","","","","N","","","","","","","","","",""
"2011097451","","0","0","0","0","0","0","0","0","0","0","0","","02","6","2011","7","40.426153","-79.895551","","11","0","0","0","0","0","0","0","0","","0","0","0","","","1","","0","","40 25:34.152","","2","79 53:43.982","4","0","0","1","2301","0","0","0","N","0","0","0","1","68B03","1","","2.0","","1","N","N","","0","","0","0","0","","0","","","1","1","0","0","0","0","0","2","0","1","","","","N","","","","","","","","","",""
"2011098714","","0","0","0","0","0","0","0","0","0","7","0","","02","9","2011","1","40.366753","-79.952358","","11","0","0","0","0","0","0","0","0","","0","0","0","","","0","","0","","40 22:00.310","","0","79 57:08.490","0","0","0","0","2403","0","0","0","N","0","0","0","1","02403","0","","2.0","","1","N","N","","1","","0","0","0","","0","","","1","0","1","0","0","0","0","2","0","1","","","","N","","","","","","","","","",""
"2011099496","","2","0","0","0","0","0","0","0","0","2","0","","02","10","2011","1","40.463113","-79.926217","","11","0","0","0","0","0","1","0","0","","0","0","0","","","1","","1","","40 27:47.206","","0","79 55:34.381","8","0","0","0","2301","0","0","0","N","0","0","0","2","02301","0","","9.0","","9","N","N","","0","","0","0","0","","3","","","2","1","0","0","0","1","0","2","0","2","","","","N","","","","","","","","","",""
"2011097372","","2","0","0","0","0","0","0","0","0","1","0","","02","9","2011","2","40.415035","-80.011273","","11","0","0","0","0","0","0","0","1","1","0","0","0","","","0","","1","","40 24:54.125","3","0","80 00:40.583","0","0","0","0","2301","0","0","0","N","0","0","0","3","02301","0","","1.0","","1","N","N","","0","","0","0","1","","2","N","","3","0","0","0","0","0","0","2","0","3","","","","N","","","","","","","","","",""
"2011096615","","2","0","0","0","0","0","0","0","0","4","0","","02","9","2011","6","40.330215","-79.945306","","11","0","0","0","0","1","0","0","0","2","0","0","0","","","3","","0","","40 19:48.775","1","0","79 56:43.101","4","0","0","0","2454","0","0","0","N","0","0","0","3","02454","3","","1.0","","1","N","N","","0","","0","0","0","","0","Y","","2","3","0","0","0","0","0","2","0","2","","","","N","","","","","","","","","",""
"2011095135","","0","0","0","0","0","0","0","0","0","7","0","","02","9","2011","1","40.2155","-79.853806","","11","0","0","0","0","1","0","0","0","4","1","0","0","","","1","","0","","40 12:55.800","6","0","79 51:13.700","1","1","0","1","2204","0","0","0","N","0","0","0","2","02204","0","2","5.0","","1","N","N","","0","0","0","0","0","","0","Y","","1","1","0","0","0","1","0","1","0","1","","","","N","","","","","","","","","",""
"2011097388","","1","0","0","0","0","0","0","0","0","8","0","","02","9","2011","2","40.412582","-79.98778","","11","0","0","0","0","0","0","0","1","","0","0","0","","","1","","1","","40 24:45.295","","0","79 59:16.008","4","0","0","0","2447","1","0","0","N","1","0","0","2","02447","1","","1.0","","9","N","N","","0","","0","0","0","","2","","","2","1","0","0","0","0","1","2","0","1","","","","N","","","","","","","","","",""
"2011098747","","1","0","0","0","0","0","0","0","0","7","0","","02","9","2011","3","40.409657","-79.843376","","11","0","0","0","0","0","0","0","0","1","0","0","0","","","0","","0","","40 24:34.764","3","0","79 50:36.152","0","0","0","0","2449","0","0","0","N","0","0","0","1","02449","0","","2.0","","9","N","N","","0","","0","0","0","","0","Y","","1","0","0","0","0","0","0","2","0","1","","","","N","","","","","","","","","",""
"2011095150","","1","0","0","0","0","0","0","0","0","7","0","","02","9","2011","3","40.529324","-79.9829","","11","0","0","0","0","0","1","0","0","2","0","0","0","","","0","","0","","40 31:45.566","3","0","79 58:58.440","0","0","0","0","2118","0","0","0","N","0","0","0","1","02118","0","","5.0","","1","N","N","","0","","0","0","0","","0","N","","1","0","0","0","0","0","0","2","0","1","","","","N","","","","","","","","","",""
"2011096698","","1","0","0","0","0","0","0","0","0","4","0","","02","9","2011","6","40.455141","-80.051269","","11","0","0","0","1","0","0","0","0","","0","0","0","","","0","","2","","40 27:18.507","","0","80 03:04.568","0","0","0","0","2301","0","0","0","N","0","0","0","3","02301","0","","1.0","","1","N","N","","0","","0","0","0","","3","","","2","0","2","0","0","0","0","2","1","2","","","","N","","","","","","","","","",""
"2011098748","","0","0","0","0","0","0","0","0","0","7","0","","02","9","2011","1","40.630086","-80.102753","","11","0","0","0","0","0","0","0","0","2","0","0","0","","","0","","0","","40 37:48.309","5","0","80 06:09.909","0","0","0","0","2216","0","0","0","N","0","0","0","1","02505","0","","5.0","","1","N","N","","0","","0","0","1","","0","N","","1","0","0","0","0","0","0","2","0","1","","","","N","","","","","","","","","",""
"2011096617","","0","0","0","0","0","0","0","0","0","6","1","","02","9","2011","4","40.633526","-79.956353","","11","0","0","0","0","0","0","0","1","2","0","1","0","","","0","","0","","40 38:00.692","4","0","79 57:22.870","9","0","0","0","2217","0","0","0","N","0","0","0","2","02505","0","","1.0","","1","N","N","","0","","0","0","1","","0","Y","","2","0","1","0","0","0","1","2","0","2","","","","N","","","","","","","","","",""
"2011097979","","2","0","0","0","0","0","0","0","0","1","0","","02","9","2011","4","40.48111","-80.032862","","11","0","0","1","0","0","1","0","0","1","0","0","0","","","2","","2","","40 28:51.996","2","0","80 01:58.303","8","0","0","0","2301","0","0","0","N","0","0","0","5","02301","0","","1.0","","9","N","N","","0","","0","0","0","","0","N","","2","2","0","0","0","2","0","2","0","2","","","","N","","","","","","","","","",""
"2011100312","","1","0","0","0","0","0","0","0","0","1","0","","02","9","2011","2","40.351424","-80.012288","","11","0","0","1","0","0","0","0","0","","0","0","0","","","0","","0","","40 21:05.127","","0","80 00:44.238","0","0","0","0","2407","0","0","0","N","0","0","0","5","02407","0","","1.0","","9","N","N","","0","","0","0","1","","2","","","2","0","0","0","0","0","0","2","0","2","","","","N","","","","","","","","","",""
"2011096618","","1","0","0","0","0","0","0","0","0","7","0","","02","9","2011","3","40.438273","-80.064498","","11","0","0","0","0","0","0","0","0","","0","0","0","","","0","","0","","40 26:17.782","","0","80 03:52.191","0","0","0","0","2421","0","0","0","N","0","0","0","1","02421","0","","5.0","","1","N","N","","0","","0","0","0","","0","","","1","0","0","0","0","0","0","2","0","1","","","","N","","","","","","","","","",""
"2011097392","","1","0","0","0","0","0","0","0","0","99","0","","02","9","2011","2","40.388865","-80.007449","","11","0","1","0","0","0","0","0","0","","0","0","0","","","0","","0","","40 23:19.914","","0","80 00:26.816","0","0","0","0","2301","0","0","0","N","0","0","0","4","02301","0","","1.0","","1","N","N","","0","","0","0","0","","0","","","1","0","0","0","0","0","0","2","0","1","","","","N","","","","","","","","","",""
"2011100313","","1","0","0","0","0","0","0","0","0","1","0","","02","10","2011","7","40.332133","-80.023101","","11","0","1","0","0","1","0","0","0","","0","0","0","","","0","","0","","40 19:55.678","","0","80 01:23.165","0","0","0","0","2407","0","0","0","N","0","0","0","6","02407","0","","1.0","","1","N","N","","0","","0","0","1","","0","","","2","0","0","0","0","0","0","2","0","2","","","","N","","","","","","","","","",""
"2011096619","","2","0","0","0","0","0","0","0","0","5","0","","02","9","2011","5","40.619012","-80.055347","","11","0","0","0","0","0","0","0","0","2","0","0","0","","","2","","0","","40 37:08.442","2","7","80 03:19.248","4","0","0","0","2216","0","0","0","N","0","0","0","3","02505","2","","1.0","","1","N","N","","1","","0","0","0","","2","N","","3","2","0","0","0","0","0","1","0","3","","","","N","","","","","","","","","",""
"2011097379","","2","0","0","0","0","0","0","0","0","1","0","","02","9","2011","2","40.464871","-79.853252","","11","0","0","0","0","0","2","0","0","1","0","0","0","","","0","","2","","40 27:53.536","3","0","79 51:11.706","0","0","0","0","2113","0","0","0","N","0","0","0","3","02113","0","","1.0","","1","N","N","","1","","0","0","0","","0","N","","3","0","0","0","0","0","0","2","0","3","","","","N","","","","","","","","","",""
"2011095298","","2","0","0","0","0","0","0","0","0","1","0","","02","9","2011","4","40.436074","-79.785459","","11","0","0","0","0","0","0","0","0","1","0","0","0","","","3","","0","","40 26:09.867","4","0","79 47:07.654","4","0","0","0","2446","0","0","0","N","0","0","0","5","02446","3","","1.0","","1","N","N","","0","","0","0","0","","2","N","","3","3","0","0","0","0","0","2","1","3","","","","N","","","","","","","","","",""
"2011096847","","2","0","0","0","0","0","0","0","0","1","0","15","02","9","2011","7","40.468849","-80.076227","","11","0","0","0","0","0","0","0","0","","0","0","0","","","1","","2","","40 28:07.856","","0","80 04:34.417","4","0","0","0","2444","0","0","0","N","0","0","0","3","02444","1","","5.0","","3","N","N","","0","","0","0","0","","3","","","2","1","0","0","0","0","0","2","0","2","","","N","Y","4","1","","","N","","","Y","",""
"2011096911","","2","0","0","0","0","0","0","0","0","4","0","","02","9","2011","1","40.449027","-79.951897","","11","0","0","0","0","0","0","1","0","","0","0","0","","","0","","1","","40 26:56.497","","0","79 57:06.829","0","0","0","0","2301","0","0","0","N","0","0","0","5","02301","0","","1.0","","1","N","N","","0","","0","0","0","","3","","","2","0","0","0","0","0","0","2","0","2","","","","N","","","","","","","","","",""
"2011094758","","0","0","0","0","0","0","0","0","0","7","0","","02","9","2011","5","40.390178","-79.953332","","11","0","0","0","0","0","0","0","0","1","0","0","0","","","1","","0","","40 23:24.639","6","0","79 57:11.996","8","0","0","0","2403","0","0","0","N","0","0","0","1","02403","0","","4.0","","1","N","N","","1","","0","0","0","","0","Y","","1","1","0","0","0","1","0","2","0","1","","","","N","","","","","","","","","",""
"2011097646","","1","0","0","0","0","0","0","0","0","5","0","","02","9","2011","3","40.350066","-79.894216","","11","0","0","0","0","0","0","2","0","","0","0","0","","","0","","2","","40 21:00.236","","0","79 53:39.176","0","0","0","0","2423","0","0","0","N","0","0","0","2","02304","0","","1.0","","1","N","N","","0","","0","0","1","","3","","","2","0","0","0","0","0","0","2","0","2","","","","N","","","","","","","","","",""
"2011097582","","2","0","0","0","0","0","0","0","0","2","0","","02","9","2011","3","40.378636","-79.91917","","11","0","0","0","0","0","0","0","0","2","0","0","0","","","0","","0","","40 22:43.089","3","0","79 55:09.012","0","0","0","0","2301","0","0","0","N","0","0","0","2","02301","0","","1.0","","1","N","N","","0","","0","0","0","","9","Y","","2","0","0","0","0","0","0","2","0","2","","","","N","","","","","","","","","",""
"2011096325","","0","0","0","0","0","0","0","0","0","8","0","","02","9","2011","6","40.421048","-80.000541","","11","0","0","0","0","0","1","0","0","","0","0","0","","","1","","1","","40 25:15.772","","0","80 00:01.947","8","0","0","0","2301","1","0","0","","1","0","0","2","02301","0","","1.0","","9","","","","0","","0","0","0","","2","","","2","1","0","0","0","1","0","2","1","1","","","","N","","","","","","","","","",""
"2011095300","","2","0","0","0","0","0","0","0","0","4","0","","02","9","2011","4","40.598129","-79.764679","","11","0","0","0","0","0","0","1","0","","0","0","0","","","1","","1","","40 35:53.263","","0","79 45:52.843","8","0","0","0","2464","0","0","0","N","0","0","0","2","02464","0","","1.0","","1","N","N","","0","","0","0","0","","2","","","2","1","0","0","0","1","0","2","0","2","","","","N","","","","","","","","","",""
"2011097649","","2","0","0","0","0","0","0","0","0","6","0","","02","9","2011","3","40.429836","-80.005516","","11","0","0","0","0","0","1","0","0","2","0","0","0","","","1","","0","","40 25:47.409","4","0","80 00:19.857","8","0","0","0","2301","0","0","0","N","0","0","0","2","02301","0","","1.0","","1","N","N","","0","","0","0","0","","0","N","","2","1","0","0","0","1","1","2","0","2","","","","N","","","","","","","","","",""
"2011094760","","1","0","0","0","0","0","0","0","0","7","0","30","02","8","2011","4","40.516321","-80.004577","","11","0","0","0","0","0","1","0","0","1","0","0","0","","","0","","0","","40 30:58.755","2","8","80 00:16.476","0","0","0","0","2116","0","0","0","N","0","0","0","1","02116","0","","7.0","","1","N","N","","0","","0","0","0","","8","Y","","1","0","0","0","0","0","0","2","0","1","","","N","Y","3","1","","","N","Y","","","",""
"2011097650","","0","0","0","0","0","0","0","0","0","7","0","","02","9","2011","6","40.2775","-79.904812","","11","0","0","0","0","1","0","0","0","2","0","0","0","","","1","","0","","40 16:38.999","1","0","79 54:17.324","8","0","0","0","2440","0","0","0","N","0","0","0","1","02440","0","","2.0","","1","N","N","","0","","0","0","0","","0","N","","1","1","0","0","0","1","0","2","1","1","","","","N","","","","","","","","","",""
"2011096116","","1","0","0","0","0","0","0","0","0","5","1","","02","9","2011","6","40.440743","-79.995968","","11","0","0","0","0","0","1","0","0","","0","0","0","","","0","","1","","40 26:26.674","","0","79 59:45.484","0","0","0","0","2301","0","0","0","N","0","0","0","6","02301","0","","1.0","","1","N","N","","0","","0","0","0","","0","","","2","0","4","0","0","0","0","2","0","2","","","","N","","","","","","","","","",""
"2011097651","","1","0","0","0","0","0","0","0","0","4","0","","02","9","2011","2","40.52934","-80.01814","","11","0","1","0","0","0","0","0","0","","0","0","0","","","0","","0","","40 31:45.624","","0","80 01:05.304","0","0","0","0","2116","0","0","0","N","0","0","0","2","02116","0","","4.0","","9","N","N","","0","","0","0","1","","0","","","2","0","0","0","0","0","0","2","0","2","","","","N","","","","","","","","","",""
"2011094749","","2","0","0","0","0","0","0","0","0","4","0","","02","9","2011","2","40.378225","-80.064701","","11","0","0","0","0","0","2","0","0","2","0","0","0","","","0","","5","","40 22:41.611","4","0","80 03:52.925","0","0","0","0","2109","0","0","0","N","0","0","0","5","02109","0","","1.0","","9","N","N","","0","","0","0","1","","2","Y","","3","0","0","0","0","0","0","2","0","3","","","","N","","","","","","","","","",""
"2011097653","","3","0","0","0","0","0","0","0","0","1","0","","02","9","2011","2","40.59678","-80.047543","","11","1","1","0","0","0","1","0","0","1","0","0","0","","","1","","0","","40 35:48.409","1","0","80 02:51.156","8","0","0","0","2108","0","0","0","N","0","0","0","6","02108","0","","1.0","","1","N","N","","1","","0","0","0","","0","N","","4","1","0","0","0","1","0","2","0","4","","","","N","","","","","","","","","",""
"2011096930","","0","0","0","0","0","0","0","0","0","0","0","","02","9","2011","7","40.611959","-79.757174","","11","0","0","0","0","0","0","0","0","","0","0","0","","","0","","0","","40 36:43.053","","2","79 45:25.828","0","0","0","1","2464","0","0","0","N","0","0","0","1","68D02","0","","2.0","","1","N","N","","0","","0","0","0","","0","","","1","0","0","0","0","0","0","2","0","1","","","","N","","","","","","","","","",""
"2011097542","","1","0","0","0","0","0","0","0","0","4","0","","02","9","2011","4","40.370263","-80.100721","","11","0","0","0","0","0","1","0","0","1","0","0","0","","","1","","2","","40 22:12.945","1","0","80 06:02.595","4","0","0","0","2102","0","0","0","N","0","0","0","2","02102","1","","1.0","","1","N","N","","0","","0","0","0","","2","N","","2","1","0","0","0","0","0","2","1","2","","","","N","","","","","","","","","",""
"2011097654","","1","0","0","0","0","0","0","0","0","8","0","","02","9","2011","2","40.348121","-80.052876","","11","0","0","0","0","0","0","0","0","","0","0","0","","","1","","0","","40 20:53.237","","0","80 03:10.355","3","0","0","0","2407","1","0","0","N","1","0","0","2","02407","0","","1.0","","9","N","N","","0","","1","0","0","","0","","","2","1","0","0","0","0","0","2","0","1","","","","N","","","","","","","","","",""
"2011096866","","1","0","0","0","0","0","0","0","0","7","0","","02","9","2011","1","40.48442","-80.072642","","11","0","0","0","0","0","0","0","0","","0","0","0","","","0","","0","","40 29:03.913","","0","80 04:21.511","0","0","0","0","2122","0","0","0","N","0","0","0","1","02122","0","","5.0","","1","N","N","","0","","0","0","0","","0","","","1","0","0","0","0","0","0","2","0","1","","","","N","","","","","","","","","",""
"2011096931","","1","0","0","0","0","0","0","0","0","99","0","","02","9","2011","1","40.491106","-79.876269","","11","0","0","0","0","0","0","0","0","","0","0","0","","","0","","0","","40 29:27.983","","0","79 52:34.570","0","0","0","0","2112","0","0","0","N","0","0","0","1","68D02","0","","1.0","","1","N","N","","0","","0","0","0","","0","","","1","0","0","0","0","0","0","2","0","1","","","","N","","","","","","","","","",""
"2011094752","","2","0","0","0","0","0","0","0","0","1","0","","02","9","2011","2","40.414887","-80.011224","","11","0","0","0","0","0","0","0","0","1","0","0","0","","","0","","1","","40 24:53.592","4","0","80 00:40.408","0","0","0","0","2301","0","0","0","N","0","0","0","2","02301","0","","1.0","","9","N","N","","0","","0","0","0","","2","N","","2","0","0","0","0","0","0","2","0","2","","","","N","","","","","","","","","",""
"2011096331","","0","0","0","0","0","0","0","0","0","1","0","","02","9","2011","6","40.386531","-80.123879","","11","1","0","0","0","0","0","0","0","","0","0","0","","","2","","2","","40 23:11.513","","0","80 07:25.964","4","0","0","0","2102","0","0","0","N","0","0","0","4","02102","2","","1.0","","9","N","N","","0","","0","0","2","","0","","","2","2","0","0","0","0","0","2","0","2","","","","N","","","","","","","","","",""
"2011096855","","0","0","0","0","0","0","0","0","0","4","0","","02","9","2011","6","40.443155","-80.057911","","11","0","0","0","0","0","0","0","0","","0","0","0","","","0","","2","","40 26:35.358","","0","80 03:28.479","0","0","0","0","2439","0","0","0","N","0","0","0","2","02439","0","","1.0","","9","N","N","","0","","0","0","1","","3","","","2","0","0","0","0","0","0","2","1","2","","","","N","","","","","","","","","",""