"CRN","ARRIVAL_TM","AUTOMOBILE_COUNT","BELTED_DEATH_COUNT","BELTED_SUSP_SERIOUS_INJ_COUNT","BICYCLE_COUNT","BICYCLE_DEATH_COUNT","BICYCLE_SUSP_SERIOUS_INJ_COUNT","BUS_COUNT","CHLDPAS_DEATH_COUNT","CHLDPAS_SUSP_SERIOUS_INJ_COUNT","COLLISION_TYPE","COMM_VEH_COUNT","CONS_ZONE_SPD_LIM","COUNTY","CRASH_MONTH","CRASH_YEAR","DAY_OF_WEEK","DEC_LATITUDE","DEC_LONGITUDE","DISPATCH_TM","DISTRICT","DRIVER_COUNT_16YR","DRIVER_COUNT_17YR","DRIVER_COUNT_18YR","DRIVER_COUNT_19YR","DRIVER_COUNT_20YR","DRIVER_COUNT_50_64YR","DRIVER_COUNT_65_74YR","DRIVER_COUNT_75PLUS","EST_HRS_CLOSED","FATAL_COUNT","HEAVY_TRUCK_COUNT","HORSE_BUGGY_COUNT","HOUR_OF_DAY","ILLUMINATION","INJURY_COUNT","INTERSECTION_RELATED","INTERSECT_TYPE","LANE_CLOSED","LATITUDE","LN_CLOSE_DIR","LOCATION_TYPE","LONGITUDE","MAX_SEVERITY_LEVEL","MCYCLE_DEATH_COUNT","MCYCLE_SUSP_SERIOUS_INJ_COUNT","MOTORCYCLE_COUNT","MUNICIPALITY","NONMOTR_COUNT","NONMOTR_DEATH_COUNT","NONMOTR_SUSP_SERIOUS_INJ_COUNT","NTFY_HIWY_MAINT","PED_COUNT","PED_DEATH_COUNT","PED_SUSP_SERIOUS_INJ_COUNT","PERSON_COUNT","POLICE_AGCY","POSSIBLE_INJ_COUNT","RDWY_SURF_TYPE_CD","RELATION_TO_ROAD","ROADWAY_CLEARED","ROAD_CONDITION","SCH_BUS_IND","SCH_ZONE_IND","SECONDARY_CRASH","SMALL_TRUCK_COUNT","SPEC_JURIS_CD","SUSP_MINOR_INJ_COUNT","SUSP_SERIOUS_INJ_COUNT","SUV_COUNT","TCD_FUNC_CD","TCD_TYPE","TFC_DETOUR_IND","TIME_OF_DAY","TOTAL_UNITS","TOT_INJ_COUNT","UNBELTED_OCC_COUNT","UNB_DEATH_COUNT","UNB_SUSP_SERIOUS_INJ_COUNT","UNK_INJ_DEG_COUNT","UNK_INJ_PER_COUNT","URBAN_RURAL","VAN_COUNT","VEHICLE_COUNT","WEATHER1","WEATHER2","WORKERS_PRES","WORK_ZONE_IND","WORK_ZONE_LOC","WORK_ZONE_TYPE","WZ_CLOSE_DETOUR","WZ_FLAGGER","WZ_LAW_OFFCR_IND","WZ_LN_CLOSURE","WZ_MOVING","WZ_OTHER","WZ_SHLDER_MDN","WZ_WORKERS_INJ_KILLED"
"2011097655","","0","0","0","0","0","0","0","0","0","0","0","","02","9","2011","1","40.295399","-80.035467","","11","0","0","0","0","0","0","0","0","","0","0","0","","","1","","0","","40 17:43.436","","0","80 02:07.680","3","0","0","1","2407","0","0","0","N","0","0","0","1","02407","0","","1.0","","1","N","N","","0","","1","0","0","","0","","","1","1","0","0","0","0","0","2","0","1","","","","N","","","","","","","","","",""
"2011097011","","1","0","0","0","0","0","0","0","0","6","0","","02","9","2011","1","40.454012","-79.953338","","11","0","0","0","0","0","1","0","0","1","0","0","0","","","0","","2","","40 27:14.443","3","0","79 57:12.018","0","0","0","0","2301","0","0","0","N","0","0","0","3","02301","0","","1.0","","1","N","N","","0","","0","0","1","","2","N","","2","0","0","0","0","0","0","2","0","2","","","","N","","","","","","","","","",""
"2011096332","","0","0","0","0","0","0","0","0","0","4","0","","02","9","2011","6","40.454125","-79.906268","","11","0","0","0","0","0","0","0","0","","0","0","0","","","1","","1","","40 27:14.851","","0","79 54:22.563","4","0","0","0","2301","0","0","0","N","0","0","0","4","02301","1","","1.0","","9","N","N","","0","","0","0","2","","3","","","2","1","3","0","0","0","0","2","0","2","","","","N","","","","","","","","","",""
"2011095241","","0","0","0","0","0","0","0","0","0","4","0","","02","9","2011","4","40.407332","-79.831106","","11","0","0","0","0","0","0","0","0","","0","0","0","","","0","","1","","40 24:26.395","","0","79 49:51.980","9","0","0","0","2467","0","0","0","N","0","0","0","2","02467","0","","1.0","","1","N","N","","1","","0","0","1","","2","","","2","0","0","0","0","0","2","2","0","2","","","","N","","","","","","","","","",""
"2011096856","","0","0","0","0","0","0","0","0","0","7","0","","02","9","2011","7","40.357257","-80.12099","","11","0","0","0","0","0","0","0","0","2","0","0","0","","","0","","0","","40 21:26.125","6","0","80 07:15.563","0","0","0","0","2119","0","0","0","N","0","0","0","1","02119","0","","5.0","","1","","N","","1","","0","0","0","","0","N","","1","0","0","0","0","0","0","2","0","1","","","","N","","","","","","","","","",""
"2011097656","","0","0","0","0","0","0","0","0","0","4","0","","02","9","2011","3","40.357648","-80.035511","","11","0","0","0","0","0","1","0","0","","0","0","0","","","1","","0","","40 21:27.532","","7","80 02:07.839","4","0","0","0","2416","0","0","0","N","0","0","0","3","02416","1","","1.0","","1","N","N","","1","","0","0","0","","0","","","2","1","0","0","0","0","0","2","1","2","","","","N","","","","","","","","","",""
"2011096122","","1","0","0","0","0","0","0","0","0","7","0","","02","9","2011","5","40.439399","-80.010263","","11","0","0","0","0","0","0","0","0","","0","0","0","","","0","","3","","40 26:21.837","","0","80 00:36.946","0","0","0","0","2301","0","0","0","Y","0","0","0","2","02301","0","","9.0","","1","N","N","","0","","0","0","0","","0","","","1","0","0","0","0","0","0","2","0","1","","","","N","","","","","","","","","",""
"2011097013","","2","0","0","0","0","0","0","0","0","4","0","","02","9","2011","2","40.438568","-79.985087","","11","0","0","0","0","1","0","0","0","","0","0","0","","","0","","10","","40 26:18.844","","0","79 59:06.313","0","0","0","0","2301","0","0","0","N","0","0","0","2","02301","0","","1.0","","1","N","N","","0","","0","0","0","","1","","","2","0","0","0","0","0","0","2","0","2","","","","N","","","","","","","","","",""
"2011095244","","1","0","0","0","0","0","0","0","0","1","0","","02","9","2011","3","40.449664","-79.759307","","11","0","0","0","0","0","0","0","1","","0","0","0","","","1","","0","","40 26:58.790","","0","79 45:33.505","4","0","0","0","2446","0","0","0","N","0","0","0","3","02446","1","","1.0","","9","N","N","","0","","0","0","1","","0","","","2","1","0","0","0","0","0","2","0","2","","","","N","","","","","","","","","",""
"2011096871","","2","0","0","0","0","0","0","0","0","4","0","","02","9","2011","1","40.435783","-79.958126","","11","0","0","0","0","0","1","0","0","","0","0","0","","","0","","2","","40 26:08.819","","0","79 57:29.255","9","0","0","0","2301","0","0","0","N","0","0","0","2","02301","0","","1.0","","1","N","N","","0","","0","0","0","","2","","","2","0","0","0","0","0","1","2","0","2","","","","N","","","","","","","","","",""
"2011095246","","2","0","0","0","0","0","0","0","0","6","0","","02","9","2011","3","","","","11","0","0","0","0","0","2","0","0","","0","0","0","","","1","","0","","","","0","","8","0","0","0","2430","0","0","0","N","0","0","0","3","02430","0","","1.0","","1","N","N","","1","","0","0","1","","0","","","4","1","1","0","0","1","0","1","0","4","","","","N","","","","","","","","","",""
"2011096126","","1","0","0","0","0","0","0","0","0","7","0","","02","9","2011","6","40.596473","-80.138315","","11","0","0","0","1","0","0","0","0","2","0","0","0","00","","0","","0","","40 35:47.301","4","0","80 08:17.935","0","0","0","0","2481","0","0","0","N","0","0","0","1","02481","0","","2.0","","1","N","N","","0","","0","0","0","","0","N","0015","1","0","0","0","0","0","0","1","0","1","","","","N","","","","","","","","","",""
"2011095525","","2","0","0","0","0","0","0","0","0","4","0","","02","9","2011","4","40.521899","-79.84262","","11","0","0","0","0","0","1","1","0","","0","0","0","16","","0","","1","","40 31:18.835","","0","79 50:33.432","0","0","0","0","2451","0","0","0","N","0","0","0","4","02451","0","","1.0","","1","N","N","","0","","0","0","0","","3","","1657","2","0","1","0","0","0","0","2","0","2","","","","N","","","","","","","","","",""
"2011096862","","0","0","0","0","0","0","0","0","0","1","0","","02","9","2011","1","40.379905","-80.053009","","11","0","0","0","0","0","1","0","0","","0","0","0","09","","2","","2","","40 22:47.658","","0","80 03:10.832","8","0","0","0","2109","0","0","0","N","0","0","0","2","02109","0","","1.0","","1","N","N","","0","","0","0","2","","0","","0924","2","2","1","0","0","2","0","2","0","2","","","","N","","","","","","","","","",""
"2011095326","","1","0","0","0","0","0","0","0","0","1","0","","02","9","2011","2","40.396242","-79.998126","","11","0","0","0","0","0","0","0","0","","0","0","0","17","","1","","1","","40 23:46.470","","0","79 59:53.254","8","0","0","0","2301","0","0","0","N","0","0","0","3","02301","0","","1.0","","1","N","N","","1","","0","0","0","","2","","1742","2","1","0","0","0","1","1","2","0","2","","","","N","","","","","","","","","",""
"2011096067","","1","0","0","0","0","0","0","0","0","4","1","","02","9","2011","5","40.460749","-79.969961","","11","0","0","0","0","1","1","0","0","1","0","0","0","17","","1","","1","","40 27:38.695","4","0","79 58:11.861","4","0","0","0","2301","0","0","0","N","0","0","0","4","02301","1","","1.0","","1","N","N","","0","","0","0","0","","2","N","1720","2","1","0","0","0","0","0","2","1","2","","","","N","","","","","","","","","",""
"2011096131","","0","0","0","0","0","0","0","0","0","7","0","","02","9","2011","4","40.539676","-79.933632","","11","0","0","0","0","0","0","0","0","","0","0","0","17","","1","","2","","40 32:22.833","","0","79 56:01.075","4","0","0","0","2209","0","0","0","N","0","0","0","3","02209","1","","2.0","","1","N","N","","0","","0","0","0","","3","","1743","1","1","0","0","0","0","0","2","1","1","","","","N","","","","","","","","","",""
"2011096275","","0","0","0","0","0","0","0","0","0","5","0","","02","9","2011","6","40.449928","-80.000834","","11","0","0","0","0","0","2","0","0","","0","0","0","11","","0","","3","","40 26:59.739","","1","80 00:03.004","0","0","0","0","2301","0","0","0","N","0","0","0","3","02301","0","","1.0","","1","N","N","","1","","0","0","1","","2","","1105","2","0","0","0","0","0","0","2","0","2","","","","N","","","","","","","","","",""
"2011095328","","1","0","0","0","0","0","0","0","0","7","0","","02","9","2011","3","40.436317","-79.977058","","11","0","0","0","0","0","0","0","0","","0","0","0","22","","0","","0","","40 26:10.740","","0","79 58:37.410","0","0","0","0","2301","0","0","0","Y","0","0","0","2","02301","0","","2.0","","1","N","N","","0","","0","0","0","","0","","2203","1","0","0","0","0","0","0","2","0","1","","","","N","","","","","","","","","",""
"2011096132","","1","0","0","0","0","0","0","0","0","1","0","","02","8","2011","5","40.357037","-80.028476","","11","0","0","0","0","0","0","0","0","","0","0","0","10","","0","","0","","40 21:25.334","","0","80 01:42.513","0","0","0","0","2416","0","0","0","N","0","0","0","4","02416","0","","1.0","","9","N","N","","1","","0","0","1","","0","","1020","3","0","0","0","0","0","0","2","0","3","","","","N","","","","","","","","","",""
"2011097599","","1","0","0","0","0","0","0","0","0","0","0","","02","9","2011","4","40.421007","-79.980808","","11","0","0","0","0","0","1","0","0","","0","0","0","14","","0","","0","","40 25:15.626","","0","79 58:50.909","0","0","0","0","2301","0","0","0","N","0","0","0","1","02301","0","","1.0","","1","N","N","","0","","0","0","0","","0","","1400","1","0","0","0","0","0","0","2","0","1","","","","N","","","","","","","","","",""
"2011094775","","1","0","0","0","0","0","0","0","0","5","0","","02","9","2011","7","40.654588","-80.055497","","11","0","0","1","0","0","0","0","0","2","0","0","0","02","","0","","0","","40 39:16.516","6","0","80 03:19.789","0","0","0","0","2216","0","0","0","N","0","0","0","1","02505","0","","1.0","","1","N","N","","1","","0","0","1","","0","Y","0207","3","0","0","0","0","0","0","2","0","3","","","","N","","","","","","","","","",""
"2011095528","","2","0","0","0","0","0","0","0","0","1","0","","02","9","2011","3","40.566063","-80.016464","","11","0","0","1","0","0","1","0","0","1","0","0","0","08","","0","","2","","40 33:57.826","3","0","80 00:59.270","0","0","0","0","2108","0","0","0","N","0","0","0","3","02108","0","","1.0","","9","N","N","","0","","0","0","1","","2","N","0802","3","0","0","0","0","0","0","2","0","3","","","","N","","","","","","","","","",""
"2011096276","","2","0","0","0","0","0","0","0","0","1","0","","02","9","2011","5","","","","11","0","0","0","0","1","0","0","0","","0","0","0","08","","0","","1","","","","1","","0","0","0","0","2301","0","0","0","N","0","0","0","5","02301","0","","1.0","","1","N","N","","0","","0","0","0","","3","","0855","2","0","0","0","0","0","0","1","0","2","","","","N","","","","","","","","","",""
"2011095529","","0","0","0","0","0","0","0","0","0","99","0","","02","9","2011","3","40.567182","-80.016116","","11","0","0","0","0","0","1","0","0","1","0","0","0","20","","1","","0","","40 34:01.854","1","0","80 00:58.019","4","0","0","1","2108","0","0","0","N","0","0","0","1","02108","1","","1.0","","1","N","N","","0","","0","0","0","","0","N","2018","1","1","0","0","0","0","0","2","0","1","","","","N","","","","","","","","","",""
"2011096278","","1","0","0","0","0","0","0","0","0","7","0","","02","9","2011","7","40.308361","-79.872771","","11","0","0","0","0","0","0","0","1","2","0","0","0","14","","1","","0","","40 18:30.099","5","0","79 52:21.976","3","0","0","0","2443","0","0","0","N","0","0","0","1","02443","0","","4.0","","3","N","N","","0","","1","0","0","","0","Y","1424","1","1","0","0","0","0","0","1","0","1","","","","N","","","","","","","","","",""
"2011095999","","2","0","1","0","0","0","0","0","0","4","0","","02","9","2011","6","40.536495","-79.843944","","11","0","0","0","0","0","0","0","0","3","0","0","0","23","","4","","0","","40 32:11.382","1","0","79 50:38.198","2","0","0","0","2208","0","0","0","N","0","0","0","6","68D02","2","","1.0","","1","N","N","","1","","0","1","2","","0","Y","2340","5","4","1","0","0","1","0","2","0","5","","","","N","","","","","","","","","",""
"2011096806","","0","0","0","0","0","0","0","0","0","0","1","","02","9","2011","4","40.447789","-80.166261","","11","0","0","0","0","0","0","0","0","1","0","1","0","20","","1","","0","","40 26:52.041","4","2","80 09:58.538","8","0","0","0","2115","0","0","0","Y","0","0","0","1","68B03","0","","1.0","","1","N","N","","0","","0","0","0","","0","N","2057","1","1","0","0","0","1","0","2","0","1","","","","N","","","","","","","","","",""
"2011095596","","1","0","0","0","0","0","0","0","0","4","1","45","02","9","2011","6","40.638516","-80.097694","","11","0","0","0","0","0","0","1","0","2","0","0","0","07","","0","","0","","40 38:18.656","1","0","80 05:51.698","0","0","0","0","2212","0","0","0","N","0","0","0","2","68B03","0","","1.0","","1","N","N","","1","","0","0","0","","0","N","0737","3","0","0","0","0","0","0","2","0","2","","","N","Y","2","1","N","N","N","Y","N","N","N",""
"2011095597","","2","0","0","0","0","0","0","0","0","1","0","","02","9","2011","3","40.665867","-80.093151","","11","0","0","0","0","0","1","0","0","2","0","0","0","07","","2","","0","","40 39:57.121","2","0","80 05:35.344","3","0","0","0","2212","0","0","0","N","0","0","0","4","68B03","1","","1.0","","1","N","N","","0","","1","0","2","","0","N","0715","4","2","0","0","0","0","0","2","0","4","","","","N","","","","","","","","","",""
"2011095257","","2","0","0","0","0","0","0","0","0","4","0","","02","9","2011","4","40.523765","-80.071929","","11","0","0","0","0","0","0","0","0","","0","0","0","07","","0","","1","","40 31:25.554","","0","80 04:18.945","0","0","0","0","2215","0","0","0","N","0","0","0","2","02215","0","","1.0","","1","N","N","","0","","0","0","0","","2","","0715","2","0","0","0","0","0","0","2","0","2","","","","N","","","","","","","","","",""
"2011096075","","2","0","0","0","0","0","0","0","0","4","0","","02","9","2011","5","40.462085","-79.949865","","11","0","0","0","0","0","0","0","0","2","0","0","0","20","","0","","1","","40 27:43.506","6","0","79 56:59.514","0","0","0","0","2301","0","0","0","N","0","0","0","2","02301","0","","1.0","","1","N","N","","0","","0","0","0","","2","Y","2004","2","0","0","0","0","0","0","2","0","2","","","","N","","","","","","","","","",""
"2011097028","","2","0","0","0","0","0","0","0","0","1","0","","02","9","2011","2","40.475867","-80.033028","","11","0","0","0","0","0","0","0","0","","0","0","0","01","","0","","0","","40 28:33.121","","0","80 01:58.900","9","0","0","0","2301","0","0","0","N","0","0","0","6","02301","0","","6.0","","1","N","N","","0","","0","0","0","","0","","0105","2","0","0","0","0","0","6","2","0","2","","","","N","","","","","","","","","",""
"2011094784","","2","0","0","0","0","0","0","0","0","4","0","","02","9","2011","1","40.432375","-79.864854","","11","0","0","0","0","0","0","0","0","2","0","0","0","00","","0","","2","","40 25:56.549","4","7","79 51:53.473","0","0","0","0","2431","0","0","0","N","0","0","0","2","02431","0","","1.0","","1","N","N","","0","","0","0","0","","2","N","0001","2","0","0","0","0","0","0","2","0","2","","","","N","","","","","","","","","",""
"2011096887","","0","0","0","0","0","0","0","0","0","4","0","","02","9","2011","7","40.482134","-79.952459","","11","0","0","0","0","1","0","0","0","","0","0","0","19","","1","","1","","40 28:55.681","","0","79 57:08.853","3","0","0","1","2301","0","0","0","N","0","0","0","2","02301","0","","1.0","","1","N","N","","0","","1","0","1","","3","","1934","2","1","0","0","0","0","0","2","0","2","","","","N","","","","","","","","","",""
"2011097030","","0","0","0","0","0","0","0","0","0","7","1","","02","9","2011","2","40.486524","-79.854831","","11","0","0","0","0","0","0","0","0","","0","1","0","03","","1","","0","","40 29:11.488","","0","79 51:17.392","4","0","0","0","2113","0","0","0","N","0","0","0","1","02113","1","","4.0","","1","N","N","","0","","0","0","0","","0","","0315","1","1","0","0","0","0","0","2","0","1","","","","N","","","","","","","","","",""
"2011097609","","1","0","0","0","0","0","0","0","0","4","1","","02","9","2011","2","40.462247","-79.969641","","11","0","0","0","0","0","0","0","0","","0","1","0","08","","1","","1","","40 27:44.089","","0","79 58:10.707","4","0","0","0","2301","0","0","0","N","0","0","0","3","02301","1","","1.0","","1","N","N","","0","","0","0","0","","3","","0825","2","1","3","0","0","0","0","2","0","2","","","","N","","","","","","","","","",""
"2011097563","","0","0","0","0","0","0","0","0","0","1","0","","02","9","2011","2","40.405215","-79.838884","","11","0","0","0","0","0","0","0","0","","0","0","0","17","","2","","10","","40 24:18.774","","0","79 50:19.982","3","0","0","0","2449","0","0","0","N","0","0","0","2","02449","1","","1.0","","1","N","N","","0","","1","0","0","","0","","1715","2","2","0","0","0","0","0","2","0","2","","","","N","","","","","","","","","",""
"2011096079","","2","0","0","0","0","0","0","0","0","2","0","","02","9","2011","3","40.552116","-80.023354","","11","0","0","0","0","0","0","0","0","1","0","0","0","17","","0","","1","","40 33:07.617","3","0","80 01:24.074","0","0","0","0","2116","0","0","0","N","0","0","0","4","02116","0","","1.0","","1","N","N","","0","","0","0","0","","2","N","1715","2","0","1","0","0","0","0","2","0","2","","","","N","","","","","","","","","",""
"2011096080","","0","0","0","0","0","0","0","0","0","8","0","","02","9","2011","5","40.633071","-80.063768","","11","0","0","0","0","0","0","0","0","","0","0","0","15","","1","","0","","40 37:59.056","","7","80 03:49.563","3","0","0","0","2216","1","0","0","N","1","0","0","4","02505","0","","1.0","","1","N","N","","0","","1","0","1","","3","","1526","2","1","0","0","0","0","0","2","0","1","","","","N","","","","","","","","","",""
"2011096222","","1","0","0","0","0","0","0","0","0","4","0","","02","9","2011","5","40.457604","-79.998007","","11","0","0","0","0","0","0","0","0","","0","0","0","14","","0","","2","","40 27:27.376","","0","79 59:52.825","0","0","0","0","2301","0","0","0","N","0","0","0","3","02301","0","","1.0","","1","N","N","","0","","0","0","1","","0","","1420","2","0","0","0","0","0","0","2","0","2","","","","N","","","","","","","","","",""
"2011096301","","0","0","0","0","0","0","0","0","0","7","0","","02","9","2011","6","40.576947","-80.072223","","11","0","0","0","1","0","0","0","0","","0","0","0","13","","0","","0","","40 34:37.009","","0","80 04:20.002","0","0","0","0","2481","0","0","0","N","0","0","0","1","02481","0","","2.0","","9","N","N","","0","","0","0","1","","0","","1334","1","0","1","0","0","0","0","2","0","1","","","","N","","","","","","","","","",""
"2011096223","","0","0","0","0","0","0","0","0","0","8","0","","02","9","2011","5","40.442095","-80.007238","","11","0","0","0","0","0","0","0","0","","0","0","0","14","","1","","0","","40 26:31.543","","0","80 00:26.057","4","0","0","0","2301","1","0","0","N","1","0","0","2","02301","1","","1.0","","1","N","N","","0","","0","0","0","","0","","1431","2","1","0","0","0","0","0","2","1","1","","","","N","","","","","","","","","",""
"2011095278","","1","0","0","0","0","0","0","0","0","1","0","","02","9","2011","1","40.370366","-80.10075","","11","0","0","0","1","0","0","0","0","","0","0","0","12","","0","","0","","40 22:13.316","","0","80 06:02.701","0","0","0","0","2102","0","0","0","N","0","0","0","3","02102","0","","1.0","","1","N","N","","1","","0","0","0","","0","","1255","2","0","0","0","0","0","0","2","0","2","","","","N","","","","","","","","","",""
"2011097626","","1","0","0","0","0","0","0","0","0","4","0","","02","9","2011","3","40.653195","-80.079494","","11","0","0","0","0","0","2","0","0","","0","0","0","14","","0","","1","","40 39:11.501","","0","80 04:46.179","0","0","0","0","2212","0","0","0","N","0","0","0","2","02505","0","","1.0","","1","N","N","","1","","0","0","1","","3","","1445","3","0","0","0","0","0","0","2","0","3","","","","N","","","","","","","","","",""
"2011096892","","1","0","0","0","0","0","0","0","0","4","0","","02","9","2011","6","40.337709","-79.951406","","11","0","0","0","0","0","0","0","0","1","0","0","0","20","","0","","0","","40 20:15.751","1","7","79 57:05.060","0","0","0","0","2473","0","0","0","N","0","0","0","5","02473","0","","1.0","","1","N","N","","0","","0","0","1","","2","N","2031","2","0","0","0","0","0","0","2","0","2","","","","N","","","","","","","","","",""
"2011094791","","1","0","0","0","0","0","0","0","0","7","0","","02","9","2011","4","40.610545","-79.725261","","11","0","0","0","0","0","1","0","0","","0","0","0","09","","1","","2","","40 36:37.962","","0","79 43:30.939","4","0","0","0","2106","0","0","0","N","0","0","0","1","02106","1","","5.0","","1","N","N","","0","","0","0","0","","0","","0940","1","1","0","0","0","0","0","2","0","1","","","","N","","","","","","","","","",""
"2011097627","","1","0","0","0","0","0","0","0","0","1","0","","02","9","2011","3","40.452868","-79.920964","","11","0","0","0","0","0","0","0","0","","0","0","0","15","","0","","0","","40 27:10.324","","0","79 55:15.470","0","0","0","0","2301","0","0","0","N","0","0","0","2","02301","0","","1.0","","1","N","N","","0","","0","0","1","","0","","1522","2","0","0","0","0","0","0","2","0","2","","","","N","","","","","","","","","",""
"2011094727","","0","0","0","0","0","0","0","0","0","1","0","","02","9","2011","2","40.340942","-80.120699","","11","0","0","0","0","1","0","0","0","1","0","0","0","15","","0","","0","","40 20:27.392","2","0","80 07:14.516","0","0","0","0","2119","0","0","0","N","0","0","0","2","02119","0","","1.0","","1","N","N","","1","","0","0","0","","0","N","1500","2","0","0","0","0","0","0","2","1","2","","","","N","","","","","","","","","",""
"2011096023","","1","0","0","0","0","0","0","0","0","1","0","","02","9","2011","1","40.371786","-80.049376","","11","0","2","0","0","0","0","0","0","1","0","0","0","12","","0","","2","","40 22:18.430","1","0","80 02:57.752","0","0","0","0","2109","0","0","0","N","0","0","0","4","02109","0","","1.0","","1","N","N","","0","","0","0","1","","0","N","1229","2","0","0","0","0","0","0","2","0","2","","","","N","","","","","","","","","",""
"2011096972","","1","0","0","0","0","0","0","0","0","4","0","","02","9","2011","4","40.389573","-79.831633","","11","0","0","0","0","0","0","0","0","1","0","0","0","18","","0","","0","","40 23:22.462","3","0","79 49:53.877","0","0","0","0","2111","0","0","0","N","0","0","0","3","02111","0","","1.0","","9","N","N","","0","","0","0","1","","0","N","1814","3","0","0","0","0","0","0","2","1","3","","","","N","","","","","","","","","",""
"2011096226","","1","0","0","0","0","0","0","0","0","4","0","","02","9","2011","3","40.496311","-80.022529","","11","0","0","0","0","0","0","0","0","1","0","0","0","10","","0","","0","","40 29:46.721","3","0","80 01:21.106","0","0","0","0","2116","0","0","0","N","0","0","0","2","02116","0","","1.0","","9","N","N","","0","","0","0","1","","0","N","1005","2","0","0","0","0","0","0","2","0","2","","","","N","","","","","","","","","",""
"2011096305","","1","0","0","0","0","0","0","0","0","4","0","","02","9","2011","6","40.456828","-80.030168","","11","0","0","0","0","0","1","0","0","","0","0","0","13","","0","","3","","40 27:24.579","","0","80 01:48.604","0","0","0","0","2301","0","0","0","N","0","0","0","2","02301","0","","1.0","","9","N","N","","1","","0","0","0","","0","","1300","2","0","0","0","0","0","0","2","0","2","","","","N","","","","","","","","","",""
"2011096832","","1","0","0","0","0","0","0","0","0","7","0","","02","9","2011","5","40.496846","-79.977623","","11","0","0","0","1","0","0","0","0","3","0","0","0","99","","0","","0","","40 29:48.646","5","0","79 58:39.443","0","0","0","0","2118","0","0","0","N","0","0","0","1","02118","0","","2.0","","1","N","N","","0","","0","0","0","","0","Y","9999","1","0","1","0","0","0","0","2","0","1","","","","N","","","","","","","","","",""
"2011096306","","1","0","0","0","0","0","0","0","0","7","0","","02","9","2011","6","40.557132","-80.140182","","11","0","0","0","0","0","0","0","0","","0","0","0","13","","0","","0","","40 33:25.674","","0","80 08:24.655","0","0","0","0","2459","0","0","0","N","0","0","0","1","02459","0","","4.0","","9","N","N","","0","","0","0","0","","0","","1347","1","0","0","0","0","0","0","1","0","1","","","","N","","","","","","","","","",""
"2011094869","","1","0","0","0","0","0","0","0","0","7","0","","02","9","2011","1","40.625111","-80.054958","","11","0","1","0","0","0","0","0","0","1","0","0","0","20","","0","","0","","40 37:30.399","2","0","80 03:17.848","0","0","0","0","2216","0","0","0","N","0","0","0","1","02505","0","","5.0","","9","N","N","","0","","0","0","0","","0","N","2029","1","0","0","0","0","0","0","2","0","1","","","","N","","","","","","","","","",""
"2011097630","","2","0","0","0","0","0","0","0","0","1","0","","02","9","2011","2","40.370263","-80.100721","","11","0","0","1","0","0","0","0","0","","0","0","0","13","","1","","5","","40 22:12.945","","0","80 06:02.595","4","0","0","0","2102","0","0","0","N","0","0","0","4","02102","1","","1.0","","1","N","N","","0","","0","0","1","","2","","1330","3","1","0","0","0","0","0","2","0","3","","","","N","","","","","","","","","",""
"2011096228","","2","0","0","0","0","0","1","0","0","1","1","30","02","9","2011","6","40.465432","-80.034019","","11","0","0","0","0","0","2","0","0","2","0","0","0","07","","0","","6","","40 27:55.555","2","2","80 02:02.470","0","0","0","0","2301","0","0","0","N","0","0","0","6","02301","0","","1.0","","1","Y","N","","1","","0","0","0","","0","N","0716","4","0","0","0","0","0","0","2","0","4","","","Y","Y","3","1","","","Y","","","","",""
"2011097040","","1","0","0","0","0","0","0","0","0","7","0","","02","9","2011","1","40.618346","-80.055519","","11","0","0","0","0","0","0","0","0","3","0","0","0","00","","1","","0","","40 37:06.047","5","0","80 03:19.869","2","0","0","0","2216","0","0","0","N","0","0","0","1","02505","0","","5.0","","1","N","N","","0","","0","1","0","","0","N","0030","1","1","1","0","1","0","0","1","0","1","","","","N","","","","","","","","","",""
"2011094731","","2","0","0","0","0","0","0","0","0","0","0","","02","9","2011","2","40.38264","-79.895086","","11","0","0","0","0","0","0","0","0","2","0","0","0","16","","0","","0","","40 22:57.504","5","0","79 53:42.309","0","0","0","0","2473","0","0","0","N","0","0","0","4","02473","0","","1.0","","1","N","N","","0","","0","0","1","","0","Y","1649","3","0","1","0","0","0","0","2","0","3","","","","N","","","","","","","","","",""
"2011096229","","1","0","0","0","0","0","0","0","0","2","0","","02","9","2011","6","40.45289","-79.920715","","11","0","0","0","0","0","1","0","0","","0","0","0","08","","0","","1","","40 27:10.404","","0","79 55:14.574","0","0","0","0","2301","0","0","0","N","0","0","0","2","02301","0","","1.0","","1","N","N","","0","","0","0","1","","2","","0805","2","0","0","0","0","0","0","2","0","2","","","","N","","","","","","","","","",""
"2011097632","","1","0","0","0","0","0","0","0","0","7","0","","02","9","2011","2","40.661161","-80.098297","","11","0","0","0","0","1","0","0","0","","0","0","0","17","","0","","0","","40 39:40.178","","0","80 05:53.870","0","0","0","0","2212","0","0","0","N","0","0","0","1","02505","0","","4.0","","9","N","N","","0","","0","0","0","","0","","1715","1","0","0","0","0","0","0","2","0","1","","","","N","","","","","","","","","",""
"2011096898","","2","0","0","0","0","0","0","0","0","5","0","","02","9","2011","7","40.328474","-79.987945","","11","0","0","0","0","0","0","0","0","","0","0","0","18","","0","","0","","40 19:42.506","","0","79 59:16.602","0","0","0","0","2219","0","0","0","N","0","0","0","1","02219","0","","6.0","","1","N","N","","0","","0","0","0","","0","","1825","2","0","0","0","0","0","0","2","0","2","","","","N","","","","","","","","","",""