"CRN","ARRIVAL_TM","AUTOMOBILE_COUNT","BELTED_DEATH_COUNT","BELTED_SUSP_SERIOUS_INJ_COUNT","BICYCLE_COUNT","BICYCLE_DEATH_COUNT","BICYCLE_SUSP_SERIOUS_INJ_COUNT","BUS_COUNT","CHLDPAS_DEATH_COUNT","CHLDPAS_SUSP_SERIOUS_INJ_COUNT","COLLISION_TYPE","COMM_VEH_COUNT","CONS_ZONE_SPD_LIM","COUNTY","CRASH_MONTH","CRASH_YEAR","DAY_OF_WEEK","DEC_LATITUDE","DEC_LONGITUDE","DISPATCH_TM","DISTRICT","DRIVER_COUNT_16YR","DRIVER_COUNT_17YR","DRIVER_COUNT_18YR","DRIVER_COUNT_19YR","DRIVER_COUNT_20YR","DRIVER_COUNT_50_64YR","DRIVER_COUNT_65_74YR","DRIVER_COUNT_75PLUS","EST_HRS_CLOSED","FATAL_COUNT","HEAVY_TRUCK_COUNT","HORSE_BUGGY_COUNT","HOUR_OF_DAY","ILLUMINATION","INJURY_COUNT","INTERSECTION_RELATED","INTERSECT_TYPE","LANE_CLOSED","LATITUDE","LN_CLOSE_DIR","LOCATION_TYPE","LONGITUDE","MAX_SEVERITY_LEVEL","MCYCLE_DEATH_COUNT","MCYCLE_SUSP_SERIOUS_INJ_COUNT","MOTORCYCLE_COUNT","MUNICIPALITY","NONMOTR_COUNT","NONMOTR_DEATH_COUNT","NONMOTR_SUSP_SERIOUS_INJ_COUNT","NTFY_HIWY_MAINT","PED_COUNT","PED_DEATH_COUNT","PED_SUSP_SERIOUS_INJ_COUNT","PERSON_COUNT","POLICE_AGCY","POSSIBLE_INJ_COUNT","RDWY_SURF_TYPE_CD","RELATION_TO_ROAD","ROADWAY_CLEARED","ROAD_CONDITION","SCH_BUS_IND","SCH_ZONE_IND","SECONDARY_CRASH","SMALL_TRUCK_COUNT","SPEC_JURIS_CD","SUSP_MINOR_INJ_COUNT","SUSP_SERIOUS_INJ_COUNT","SUV_COUNT","TCD_FUNC_CD","TCD_TYPE","TFC_DETOUR_IND","TIME_OF_DAY","TOTAL_UNITS","TOT_INJ_COUNT","UNBELTED_OCC_COUNT","UNB_DEATH_COUNT","UNB_SUSP_SERIOUS_INJ_COUNT","UNK_INJ_DEG_COUNT","UNK_INJ_PER_COUNT","URBAN_RURAL","VAN_COUNT","VEHICLE_COUNT","WEATHER1","WEATHER2","WORKERS_PRES","WORK_ZONE_IND","WORK_ZONE_LOC","WORK_ZONE_TYPE","WZ_CLOSE_DETOUR","WZ_FLAGGER","WZ_LAW_OFFCR_IND","WZ_LN_CLOSURE","WZ_MOVING","WZ_OTHER","WZ_SHLDER_MDN","WZ_WORKERS_INJ_KILLED"
"2011095274","","1","0","0","0","0","0","0","0","0","4","0","","02","9","2011","4","40.324532","-79.943641","","11","0","0","0","0","0","1","0","0","","0","0","0","07","","1","","0","","40 19:28.314","","0","79 56:37.106","4","0","0","0","2454","0","0","0","N","0","0","0","2","02454","1","","1.0","","1","N","N","","0","","0","0","1","","0","","0753","2","1","0","0","0","0","0","2","0","2","","","","N","","","","","","","","","",""
"2011094734","","0","0","0","0","0","0","0","0","0","1","0","","02","9","2011","4","40.494414","-79.942547","","11","0","0","0","0","0","2","0","0","1","0","0","0","06","","2","","2","","40 29:39.889","2","2","79 56:33.170","3","0","0","0","2430","0","0","0","N","0","0","0","3","02430","1","","1.0","","1","N","N","","1","","1","0","2","","0","Y","0652","3","2","0","0","0","0","0","2","0","3","","","","N","","","","","","","","","",""
"2011094799","","1","0","0","0","0","0","0","0","0","7","0","","02","9","2011","5","40.448689","-80.165721","","11","0","0","0","1","0","0","0","0","","0","0","0","13","","0","","0","","40 26:55.282","","2","80 09:56.595","0","0","0","0","2115","0","0","0","N","0","0","0","1","68B03","0","","4.0","","1","N","N","","0","","0","0","0","","0","","1309","1","0","0","0","0","0","0","2","0","1","","","","N","","","","","","","","","",""
"2011096979","","2","0","0","0","0","0","0","0","0","1","0","","02","9","2011","1","40.455896","-79.941956","","11","0","0","0","0","0","1","0","0","","0","0","0","19","","0","","1","","40 27:21.227","","0","79 56:31.040","0","0","0","0","2301","0","0","0","N","0","0","0","2","02301","0","","1.0","","1","N","N","","0","","0","0","0","","2","","1906","2","0","0","0","0","0","0","2","0","2","","","","N","","","","","","","","","",""
"2011097059","","2","0","0","0","0","0","0","0","0","1","0","","02","9","2011","5","40.437552","-80.202068","","11","0","0","0","0","0","0","0","0","3","0","0","0","18","","0","","0","","40 26:15.188","4","0","80 12:07.445","0","0","0","0","2214","0","0","0","N","0","0","0","4","68B03","0","","1.0","","1","N","N","","0","","0","0","0","","0","N","1800","2","0","0","0","0","0","0","2","0","2","","","","N","","","","","","","","","",""
"2011096902","","1","0","0","0","0","0","0","0","0","4","0","","02","9","2011","1","40.484349","-80.036986","","11","0","0","0","0","0","0","0","0","2","0","0","0","15","","0","","1","","40 29:03.656","3","0","80 02:13.149","0","0","0","0","2301","0","0","0","N","0","0","0","4","02301","0","","1.0","","1","N","N","","0","","0","0","1","","3","Y","1552","2","0","0","0","0","0","0","2","0","2","","","","N","","","","","","","","","",""
"2011097572","","1","0","0","0","0","0","0","0","0","1","0","","02","9","2011","2","40.412582","-79.98778","","11","0","0","0","0","0","1","0","0","","0","0","0","12","","2","","1","","40 24:45.295","","0","79 59:16.008","8","0","0","0","2447","0","0","0","N","0","0","0","3","02447","0","","1.0","","1","N","N","","1","","0","0","0","","2","","1235","2","2","0","0","0","2","0","2","0","2","","","","N","","","","","","","","","",""
"2011094736","","2","0","0","0","0","0","0","0","0","4","1","","02","9","2011","2","40.308414","-79.889033","","11","0","0","0","0","0","0","0","0","2","0","1","0","12","","2","","1","","40 18:30.290","1","7","79 53:20.517","3","0","0","0","2302","0","0","0","Y","0","0","0","2","02302","0","","1.0","","1","N","N","","0","","2","0","0","","2","Y","1222","3","2","0","0","0","0","0","2","0","3","","","","N","","","","","","","","","",""
"2011096106","","2","0","0","0","0","0","0","0","0","1","0","","02","9","2011","5","40.596934","-79.98209","","11","0","0","0","0","0","1","0","0","","0","0","0","18","","2","","2","","40 35:48.963","","0","79 58:55.525","8","0","0","0","2207","0","0","0","N","0","0","0","2","02207","0","","1.0","","1","N","N","","0","","0","0","0","","0","","1800","2","2","0","0","0","2","0","2","0","2","","","","N","","","","","","","","","",""
"2011095291","","1","0","0","0","0","0","0","0","0","4","1","","02","9","2011","4","40.336431","-79.971576","","11","0","0","0","0","0","0","0","0","1","0","1","0","11","","0","","2","","40 20:11.152","3","0","79 58:17.672","0","0","0","0","2454","0","0","0","N","0","0","0","3","02454","0","","1.0","","1","N","N","","0","","0","0","0","","2","N","1150","2","0","0","0","0","0","0","2","0","2","","","","N","","","","","","","","","",""
"2011097638","","3","0","0","0","0","0","0","0","0","1","0","","02","9","2011","2","40.408692","-79.895197","","11","0","0","0","0","0","1","0","0","","0","0","0","22","","0","","2","","40 24:31.292","","0","79 53:42.710","0","0","0","0","2448","0","0","0","N","0","0","0","4","02448","0","","1.0","","9","N","N","","0","","0","0","0","","2","","2207","3","0","0","0","0","0","0","2","0","3","","","","N","","","","","","","","","",""
"2011096094","","2","0","0","0","0","0","0","0","0","1","0","","02","9","2011","5","40.402973","-79.881648","","11","0","0","1","0","0","0","0","0","","0","0","0","16","","1","","3","","40 24:10.702","","3","79 52:53.931","4","0","0","0","2475","0","0","0","N","0","0","0","7","02475","1","","7.0","","1","N","N","","0","","0","0","0","","0","","1609","2","1","0","0","0","0","0","2","0","2","","","","N","","","","","","","","","",""
"2011096904","","1","0","0","0","0","0","0","0","0","4","0","","02","9","2011","7","40.487213","-79.940537","","11","0","0","0","0","0","0","0","0","1","0","0","0","21","","0","","0","","40 29:13.966","6","0","79 56:25.932","0","0","0","0","2301","0","0","0","N","0","0","0","1","02301","0","","2.0","","1","N","N","","1","","0","0","0","","0","N","2155","2","0","0","0","0","0","0","2","0","2","","","","N","","","","","","","","","",""
"2011096107","","1","0","0","0","0","0","0","0","0","7","0","","02","9","2011","6","40.445006","-79.942807","","11","0","0","0","0","0","0","0","0","","0","0","0","00","","0","","0","","40 26:42.021","","0","79 56:34.105","9","0","0","0","2301","0","0","0","N","0","0","0","1","02301","0","","5.0","","1","N","N","","0","","0","0","0","","0","","0039","1","0","0","0","0","0","1","2","0","1","","","","N","","","","","","","","","",""
"2011094738","","1","0","0","0","0","0","0","0","0","7","0","","02","9","2011","5","40.215417","-79.853833","","11","0","0","0","0","0","0","0","1","1","0","0","0","22","","1","","0","","40 12:55.500","6","0","79 51:13.800","3","0","0","0","2204","0","0","0","N","0","0","0","1","02204","0","","2.0","","1","N","N","","0","","1","0","0","","0","Y","2235","1","1","1","0","0","0","0","1","0","1","","","","N","","","","","","","","","",""
"2011096236","","1","0","0","0","0","0","0","0","0","7","0","","02","9","2011","1","40.42419","-80.030041","","11","0","0","0","0","0","0","0","0","2","0","0","0","14","","0","","0","","40 25:27.084","2","0","80 01:48.149","0","0","0","0","2301","0","0","0","N","0","0","0","1","02301","0","","2.0","","1","N","N","","0","","0","0","0","","0","N","1445","1","0","0","0","0","0","0","2","0","1","","","","N","","","","","","","","","",""
"2011096253","","1","0","0","0","0","0","0","0","0","5","0","","02","9","2011","6","40.427774","-79.979241","","11","0","0","0","0","0","0","0","0","","0","0","0","02","","0","","1","","40 25:39.986","","0","79 58:45.267","9","0","0","0","2301","0","0","0","N","0","0","0","1","02301","0","","2.0","","1","N","N","","0","","0","0","0","","3","","0200","2","0","0","0","0","0","1","2","0","2","","","","N","","","","","","","","","",""
"2011095973","","2","0","0","0","0","0","0","0","0","4","0","","02","9","2011","5","40.238895","-79.865621","","11","0","0","0","0","0","1","0","0","2","0","0","0","16","","0","","1","","40 14:20.021","3","0","79 51:56.234","0","0","0","0","2204","0","0","0","N","0","0","0","2","02204","0","","1.0","","1","N","N","","0","","0","0","0","","0","N","1630","2","0","0","0","0","0","0","1","0","2","","","","N","","","","","","","","","",""
"2011097703","","1","0","0","0","0","0","0","0","0","7","0","","02","9","2011","5","40.4389","-80.007514","","11","0","0","0","0","0","0","0","0","","0","0","0","03","","0","","0","","40 26:20.040","","2","80 00:27.049","0","0","0","0","2301","0","0","0","N","0","0","0","1","68B03","0","","3.0","","1","N","N","","0","","0","0","0","","0","","0335","1","0","0","0","0","0","0","2","0","1","","","","N","","","","","","","","","",""
"2011094739","","1","0","0","0","0","0","0","0","0","3","1","","02","9","2011","7","40.479471","-79.970328","","11","0","0","0","0","0","1","1","0","","0","1","0","08","","0","","1","","40 28:46.095","","0","79 58:13.180","0","0","0","0","2445","0","0","0","N","0","0","0","2","02445","0","","1.0","","1","N","N","","0","","0","0","0","","0","","0854","2","0","0","0","0","0","0","2","0","2","","","","N","","","","","","","","","",""
"2011096238","","1","0","0","0","0","0","0","0","0","7","0","","02","9","2011","7","40.305831","-79.86985","","11","0","0","0","0","1","0","0","0","1","0","0","0","12","","0","","0","","40 18:20.992","1","0","79 52:11.459","0","0","0","0","2443","0","0","0","N","0","0","0","1","02443","0","","4.0","","3","N","N","","0","","0","0","0","","0","N","1247","1","0","0","0","0","0","0","1","0","1","","","","N","","","","","","","","","",""
"2011097704","","1","0","0","0","0","0","0","0","0","1","0","","02","9","2011","2","40.411489","-80.075846","","11","0","0","0","0","0","0","0","0","","0","0","0","17","","1","","0","","40 24:41.361","","2","80 04:33.046","8","0","0","0","2117","0","0","0","N","0","0","0","2","68B03","0","","1.0","","1","N","N","","0","","0","0","1","","4","","1716","2","1","1","0","0","1","0","2","0","2","","","","N","","","","","","","","","",""
"2011096109","","1","0","0","0","0","0","0","0","0","7","0","","02","9","2011","6","40.450597","-79.816912","","11","0","0","0","0","0","0","0","0","1","0","0","0","00","","0","","0","","40 27:02.148","5","0","79 49:00.883","0","0","0","0","2113","0","0","0","N","0","0","0","1","02113","0","","2.0","","1","N","N","","0","","0","0","0","","0","N","0012","1","0","0","0","0","0","0","2","0","1","","","","N","","","","","","","","","",""
"2011097577","","0","0","0","0","0","0","1","0","0","4","1","","02","9","2011","1","40.4385","-79.961171","","11","0","0","0","0","0","0","0","0","1","0","0","0","11","","2","","1","","40 26:18.601","3","0","79 57:40.215","4","0","0","0","2301","0","0","0","N","0","0","0","8","02503","2","","1.0","","1","N","N","","0","","0","0","1","","2","N","1110","2","2","0","0","0","0","0","2","0","2","","","","N","","","","","","","","","",""
"2011095975","","1","0","0","0","0","0","0","0","0","1","0","","02","9","2011","5","40.4513","-80.0283","","11","0","0","0","0","0","0","0","0","","0","0","0","16","","0","","0","","40 27:04.680","","2","80 01:41.880","0","0","0","0","2301","0","0","0","N","0","0","0","3","02301","0","","1.0","","1","N","N","","2","","0","0","0","","0","","1610","3","0","0","0","0","0","0","2","0","3","","","","N","","","","","","","","","",""
"2011095295","","2","0","0","0","0","0","0","0","0","1","0","","02","9","2011","4","40.428377","-79.973769","","11","0","0","0","0","0","1","0","0","","0","0","0","12","","0","","10","","40 25:42.157","","8","79 58:25.569","0","0","0","0","2301","0","0","0","N","0","0","0","2","02301","0","","1.0","","1","N","N","","0","","0","0","0","","2","","1257","2","0","0","0","0","0","0","2","0","2","","","","N","","","","","","","","","",""
"2011097641","","2","0","0","0","0","0","0","0","0","4","0","","02","9","2011","3","40.432039","-79.932481","","11","0","0","0","0","0","0","1","0","","0","0","0","16","","0","","0","","40 25:55.340","","0","79 55:56.930","0","0","0","0","2301","0","0","0","","0","0","0","2","02301","0","","1.0","","1","","","","0","","0","0","0","","0","","1623","2","0","0","0","0","0","0","2","0","2","","","","N","","","","","","","","","",""
"2011096110","","0","0","0","0","0","0","0","0","0","1","0","","02","9","2011","5","40.386361","-79.995024","","11","0","0","0","0","0","1","0","0","","0","0","0","06","","0","","0","","40 23:10.901","","0","79 59:42.087","0","0","0","0","2301","0","0","0","N","0","0","0","3","02301","0","","1.0","","9","N","N","","1","","0","0","2","","0","","0630","3","0","0","0","0","0","0","2","0","3","","","","N","","","","","","","","","",""
"2011097066","","1","0","0","0","0","0","0","0","0","7","0","","02","9","2011","1","40.578029","-79.785801","","11","0","0","0","1","0","0","0","0","2","0","0","0","10","","0","","0","","40 34:40.906","2","0","79 47:08.882","0","0","0","0","2104","0","0","0","N","0","0","0","1","68D02","0","","4.0","","9","N","N","","0","","0","0","0","","0","N","1050","1","0","0","0","0","0","0","2","0","1","","","","N","","","","","","","","","",""
"2011095976","","1","0","0","0","0","0","0","0","0","7","0","","02","9","2011","3","40.333479","-80.027711","","11","0","0","1","0","0","0","0","0","4","0","0","0","21","","1","","0","","40 20:00.524","6","0","80 01:39.759","4","0","0","0","2407","0","0","0","N","0","0","0","1","02407","1","","4.0","","9","N","N","","0","","0","0","0","","0","N","2125","1","1","0","0","0","0","0","2","0","1","","","","N","","","","","","","","","",""
"2011096777","","1","0","0","0","0","0","0","0","0","7","0","","02","9","2011","7","","","","11","0","0","0","0","0","0","0","0","","0","0","0","21","","0","","0","","","","0","","0","0","0","0","2301","0","0","0","N","0","0","0","2","02301","0","","2.0","","1","N","N","","0","","0","0","0","","0","","2120","1","0","0","0","0","0","0","1","0","1","","","","N","","","","","","","","","",""
"2011094744","","1","0","0","0","0","0","0","0","0","1","0","","02","9","2011","2","40.416027","-79.752212","","11","0","0","0","0","0","0","1","1","","0","0","0","15","","1","","2","","40 24:57.697","","0","79 45:07.963","4","0","0","0","2446","0","0","0","N","0","0","0","2","02446","1","","1.0","","1","N","N","","0","","0","0","1","","0","","1511","2","1","0","0","0","0","0","2","0","2","","","","N","","","","","","","","","",""
"2011096258","","2","0","0","0","0","0","0","0","0","6","0","","02","9","2011","6","40.408386","-79.954506","","11","0","0","0","0","1","1","0","0","","0","0","0","09","","2","","0","","40 24:30.189","","0","79 57:16.220","4","0","0","0","2403","0","0","0","","0","0","0","4","02403","1","","1.0","","1","","","","0","","0","0","1","","0","","0950","3","2","0","0","0","1","0","2","0","3","","","","N","","","","","","","","","",""
"2011097210","","0","0","0","0","0","0","0","0","0","4","1","","02","9","2011","6","40.338881","-80.077659","","11","0","0","0","0","0","1","0","0","3","0","1","0","13","","2","","0","","40 20:19.970","6","0","80 04:39.574","4","0","0","0","2123","0","0","0","N","0","0","0","2","02123","2","","1.0","","9","N","N","","0","","0","0","0","","0","Y","1331","2","2","0","0","0","0","0","2","0","2","","","","N","","","","","","","","","",""
"2011095715","","0","0","0","0","0","0","0","0","0","1","1","","02","9","2011","3","40.424909","-79.952181","","11","0","0","0","0","0","1","0","0","1","0","1","0","06","","0","","1","","40 25:29.672","4","0","79 57:07.850","0","0","0","0","2301","0","0","0","N","0","0","0","2","02301","0","","1.0","","9","N","N","","0","","0","0","1","","2","N","0630","2","0","0","0","0","0","0","2","0","2","","","","N","","","","","","","","","",""
"2011124820","","1","0","0","0","0","0","0","0","0","0","0","","02","12","2011","7","40.383188","-80.038911","","11","0","0","0","0","0","0","0","0","1","0","0","0","07","","0","","0","","40 22:59.477","3","0","80 02:20.081","0","0","0","0","2109","0","0","0","N","0","0","0","1","02109","0","","1.0","","1","N","N","","0","","0","0","0","","0","N","0730","1","0","0","0","0","0","0","2","0","1","","","","N","","","","","","","","","",""
"2011096543","","1","0","0","0","0","0","0","0","0","7","0","","02","9","2011","5","40.491161","-79.887267","","11","0","0","0","0","0","0","0","0","","0","0","0","16","","0","","0","","40 29:28.181","","0","79 53:14.162","0","0","0","0","2202","0","0","0","N","0","0","0","1","68D02","0","","4.0","","1","N","N","","0","","0","0","0","","0","","1650","1","0","0","0","0","0","0","2","0","1","","","","N","","","","","","","","","",""
"2011096467","","2","0","0","0","0","0","0","0","0","2","0","","02","9","2011","2","40.538009","-79.995444","","11","0","0","0","0","0","1","0","0","","0","0","0","19","","1","","0","","40 32:16.832","","0","79 59:43.598","8","0","0","0","2116","0","0","0","N","0","0","0","6","02116","0","","1.0","","9","N","N","","0","","0","0","0","","0","","1913","2","1","1","0","0","1","0","2","0","2","","","","N","","","","","","","","","",""
"2011094968","","1","0","0","0","0","0","0","0","0","1","0","","02","9","2011","3","40.338488","-79.89471","","11","0","0","0","0","0","1","0","0","2","0","0","0","12","","2","","0","","40 20:18.558","5","0","79 53:40.955","3","0","0","0","2473","0","0","0","N","0","0","0","3","02473","1","","1.0","","1","N","N","","1","","1","0","1","","0","Y","1227","3","2","0","0","0","0","0","2","0","3","","","","N","","","","","","","","","",""
"2011125594","","1","0","0","0","0","0","0","0","0","4","0","","02","12","2011","2","40.363526","-79.968048","","11","0","0","0","0","0","0","0","0","","0","0","0","18","","1","","5","","40 21:48.693","","0","79 58:04.971","4","0","0","0","2476","0","0","0","N","0","0","0","3","02476","1","","1.0","","9","N","N","","1","","0","0","0","","3","","1825","2","1","1","0","0","0","0","2","0","2","","","","N","","","","","","","","","",""
"2011096469","","1","0","0","0","0","0","0","0","0","7","0","","02","9","2011","6","40.457608","-79.963881","","11","0","0","0","0","0","0","0","0","2","0","0","0","15","","1","","0","","40 27:27.388","5","0","79 57:49.971","4","0","0","0","2301","0","0","0","N","0","0","0","1","02301","1","","5.0","","9","N","N","","0","","0","0","0","","0","Y","1510","1","1","0","0","0","0","0","2","0","1","","","","N","","","","","","","","","",""
"2011124824","","2","0","0","0","0","0","0","0","0","1","0","","02","12","2011","7","40.338923","-79.957751","","11","0","0","0","0","0","0","0","0","1","0","0","0","11","","0","","0","","40 20:20.122","2","0","79 57:27.904","0","0","0","0","2454","0","0","0","N","0","0","0","2","02454","0","","1.0","","1","N","N","","0","","0","0","0","","0","N","1158","2","0","0","0","0","0","0","2","0","2","","","","N","","","","","","","","","",""
"2011097148","","1","0","0","0","0","0","0","0","0","2","1","","02","9","2011","2","40.341593","-80.119645","","11","0","0","0","0","0","2","0","0","","0","1","0","06","","0","","0","","40 20:29.736","","0","80 07:10.722","0","0","0","0","2119","0","0","0","N","0","0","0","2","02119","0","","1.0","","1","N","N","","0","","0","0","0","","0","","0635","2","0","0","0","0","0","0","2","0","2","","","","N","","","","","","","","","",""
"2011094970","","0","0","0","0","0","0","0","0","0","7","0","","02","9","2011","6","40.447271","-79.730993","","11","0","0","0","0","0","1","0","0","3","1","0","0","22","","0","","0","","40 26:50.175","5","0","79 43:51.574","1","1","0","1","2446","0","0","0","N","0","0","0","1","02446","0","2","2.0","","1","N","N","","0","0","0","0","0","","0","Y","2256","1","0","0","0","0","0","0","2","0","1","","","","N","","","","","","","","","",""
"2011097290","","1","0","0","0","0","0","0","0","0","1","0","","02","9","2011","7","40.431235","-80.025469","","11","0","0","0","0","0","0","0","0","","0","0","0","15","","0","","0","","40 25:52.446","","0","80 01:31.690","0","0","0","0","2301","0","0","0","Y","0","0","0","7","68B03","0","","1.0","","1","N","N","","0","","0","0","1","","0","","1546","2","0","0","0","0","0","0","2","0","2","","","","N","","","","","","","","","",""
"2011094890","","2","0","0","0","0","0","0","0","0","4","1","","02","9","2011","2","40.42874","-79.989826","","11","0","0","0","0","0","1","0","0","2","0","1","0","11","","0","","0","","40 25:43.463","1","0","79 59:23.372","0","0","0","0","2301","0","0","0","N","0","0","0","1","02301","0","","6.0","","1","N","N","","0","","0","0","0","","0","N","1112","3","0","0","0","0","0","0","2","0","3","","","","N","","","","","","","","","",""
"2011097149","","1","0","0","0","0","0","0","0","0","8","0","","02","9","2011","5","40.319687","-79.835054","","11","0","0","0","0","0","0","0","1","1","0","0","0","16","","1","","0","","40 19:10.873","5","0","79 50:06.195","3","0","0","0","2469","1","0","0","N","1","0","0","2","02469","0","","1.0","","1","N","N","","0","","1","0","0","","0","Y","1639","2","1","0","0","0","0","0","2","0","1","","","","N","","","","","","","","","",""
"2011124839","","1","0","0","0","0","0","0","0","0","4","0","","02","12","2011","6","40.453032","-79.919682","","11","0","0","0","0","0","0","0","0","","0","0","0","18","","0","","2","","40 27:10.915","","0","79 55:10.855","0","0","0","0","2301","0","0","0","N","0","0","0","2","02301","0","","1.0","","1","N","N","","0","","0","0","1","","3","","1828","2","0","0","0","0","0","0","2","0","2","","","","N","","","","","","","","","",""
"2011094891","","1","0","0","0","0","0","0","0","0","5","0","","02","9","2011","2","40.427764","-79.979064","","11","0","0","0","0","0","0","0","0","","0","0","0","99","","0","","0","","40 25:39.951","","0","79 58:44.632","9","0","0","0","2301","0","0","0","N","0","0","0","1","02301","0","","1.0","","1","N","N","","0","","0","0","0","","0","","9999","2","0","0","0","0","0","1","2","0","2","","","","N","","","","","","","","","",""
"2011124841","","2","0","0","0","0","0","0","0","0","4","0","","02","12","2011","7","40.46539","-79.956725","","11","0","0","0","0","0","0","0","0","","0","0","0","14","","0","","1","","40 27:55.404","","0","79 57:24.210","0","0","0","0","2301","0","0","0","N","0","0","0","2","02301","0","","1.0","","1","N","N","","0","","0","0","0","","3","","1408","2","0","0","0","0","0","0","2","0","2","","","","N","","","","","","","","","",""
"2011094907","","1","0","0","0","0","0","0","0","0","4","0","","02","9","2011","3","40.456567","-80.029179","","11","0","0","0","0","0","1","1","0","2","0","0","0","09","","1","","2","","40 27:23.641","1","0","80 01:45.045","8","0","0","0","2301","0","0","0","N","0","0","0","5","02301","0","","1.0","","9","N","N","","0","","0","0","0","","0","N","0900","2","1","0","0","0","1","0","2","1","2","","","","N","","","","","","","","","",""
"2011095661","","1","0","0","0","0","0","0","0","0","1","0","","02","9","2011","5","40.328756","-80.125304","","11","0","0","0","0","0","1","0","0","2","0","0","0","13","","1","","1","","40 19:43.520","7","0","80 07:31.094","8","0","0","0","2119","0","0","0","N","0","0","0","2","02119","0","","1.0","","1","N","N","","1","","0","0","0","","0","Y","1356","2","1","0","0","0","1","0","2","0","2","","","","N","","","","","","","","","",""
"2011094975","","2","0","0","0","0","0","0","0","0","1","0","","02","9","2011","3","40.446886","-79.927813","","11","0","0","0","0","0","0","0","0","","0","0","0","17","","0","","0","","40 26:48.789","","0","79 55:40.126","0","0","0","0","2301","0","0","0","N","0","0","0","2","02301","0","","6.0","","1","N","N","","1","","0","0","0","","0","","1719","3","0","0","0","0","0","0","2","0","3","","","","N","","","","","","","","","",""
"2011125600","","3","0","0","0","0","0","0","0","0","1","0","","02","12","2011","6","40.449928","-79.826988","","11","0","0","0","0","0","1","0","0","1","0","0","0","18","","0","","2","","40 26:59.740","2","0","79 49:37.155","0","0","0","0","2113","0","0","0","N","0","0","0","5","02113","0","","1.0","","1","N","N","","0","","0","0","1","","0","N","1824","4","0","0","0","0","0","0","2","0","4","","","","N","","","","","","","","","",""
"2011097220","","1","0","0","0","0","0","0","0","0","1","0","","02","9","2011","1","40.328611","-79.945","","11","0","0","0","0","0","0","0","0","1","0","0","0","19","","1","","1","","40 19:43.000","2","0","79 56:42.000","8","0","0","0","2454","0","0","0","N","0","0","0","4","02454","0","","1.0","","1","N","N","","1","","0","0","2","","2","N","1929","5","1","0","0","0","1","0","2","1","5","","","","N","","","","","","","","","",""
"2011125539","","1","0","0","0","0","0","0","0","0","7","0","55","02","11","2011","2","40.640491","-79.998982","","11","0","0","0","0","0","0","0","0","","0","0","0","06","","0","","0","","40 38:25.769","","0","79 59:56.334","0","0","0","0","2216","0","0","0","N","0","0","0","1","68T02","0","","5.0","","9","N","N","","0","","0","0","0","","0","","0618","1","0","0","0","0","0","0","1","0","1","","","N","Y","4","1","N","N","N","N","N","Y","N",""
"2011125601","","2","0","0","0","0","0","0","0","0","4","0","","02","12","2011","2","40.449496","-80.000931","","11","0","0","0","0","0","1","0","0","1","0","0","0","18","","1","","1","","40 26:58.185","2","2","80 00:03.353","8","0","0","0","2301","0","0","0","N","0","0","0","3","02301","0","","1.0","","9","N","N","","0","","0","0","0","","2","N","1800","2","1","0","0","0","1","0","2","0","2","","","","N","","","","","","","","","",""
"2011097143","","1","0","0","0","0","0","0","0","0","7","0","","02","9","2011","2","40.524692","-79.962089","","11","0","0","0","0","1","0","0","0","","0","0","0","99","","0","","1","","40 31:28.891","","0","79 57:43.522","0","0","0","0","2118","0","0","0","N","0","0","0","1","02118","0","","2.0","","1","N","N","","0","","0","0","0","","2","","9999","1","0","0","0","0","0","0","2","0","1","","","","N","","","","","","","","","",""
"2011124846","","2","0","0","0","0","0","0","0","0","4","0","","02","12","2011","7","40.466254","-79.94081","","11","0","0","0","0","0","1","0","0","","0","0","0","14","","0","","1","","40 27:58.514","","0","79 56:26.916","0","0","0","0","2301","0","0","0","N","0","0","0","4","02301","0","","1.0","","1","N","N","","0","","0","0","0","","3","","1430","2","0","0","0","0","0","0","2","0","2","","","","N","","","","","","","","","",""
"2011125603","","0","0","0","0","0","0","0","0","0","4","0","","02","12","2011","2","40.378225","-80.064701","","11","0","0","0","0","0","0","0","0","1","0","0","0","19","","1","","1","","40 22:41.611","4","0","80 03:52.925","4","0","0","0","2109","0","0","0","N","0","0","0","4","02109","1","","1.0","","9","N","N","","0","","0","0","0","","2","N","1926","2","1","0","0","0","0","0","2","2","2","","","","N","","","","","","","","","",""
"2011094912","","1","0","0","0","0","0","0","0","0","99","0","","02","9","2011","3","40.391114","-79.766047","","11","0","0","0","0","0","0","0","0","","0","0","0","07","","0","","1","","40 23:28.009","","0","79 45:57.769","0","0","0","0","2446","0","0","0","N","0","0","0","2","02446","0","","1.0","","1","N","N","","0","","0","0","1","","2","","0703","2","0","0","0","0","0","0","2","0","2","","","","N","","","","","","","","","",""
"2011127023","","0","0","0","0","0","0","0","0","0","8","0","","02","12","2011","5","40.409411","-80.032062","","11","0","0","0","0","0","0","1","0","1","0","0","0","15","","1","","2","","40 24:33.878","4","0","80 01:55.423","8","0","0","0","2301","1","0","0","N","1","0","0","2","02301","0","","1.0","","1","N","N","","0","","0","0","1","","0","N","1500","2","1","0","0","0","1","0","2","0","1","","","","N","","","","","","","","","",""