"CRN","ARRIVAL_TM","AUTOMOBILE_COUNT","BELTED_DEATH_COUNT","BELTED_SUSP_SERIOUS_INJ_COUNT","BICYCLE_COUNT","BICYCLE_DEATH_COUNT","BICYCLE_SUSP_SERIOUS_INJ_COUNT","BUS_COUNT","CHLDPAS_DEATH_COUNT","CHLDPAS_SUSP_SERIOUS_INJ_COUNT","COLLISION_TYPE","COMM_VEH_COUNT","CONS_ZONE_SPD_LIM","COUNTY","CRASH_MONTH","CRASH_YEAR","DAY_OF_WEEK","DEC_LATITUDE","DEC_LONGITUDE","DISPATCH_TM","DISTRICT","DRIVER_COUNT_16YR","DRIVER_COUNT_17YR","DRIVER_COUNT_18YR","DRIVER_COUNT_19YR","DRIVER_COUNT_20YR","DRIVER_COUNT_50_64YR","DRIVER_COUNT_65_74YR","DRIVER_COUNT_75PLUS","EST_HRS_CLOSED","FATAL_COUNT","HEAVY_TRUCK_COUNT","HORSE_BUGGY_COUNT","HOUR_OF_DAY","ILLUMINATION","INJURY_COUNT","INTERSECTION_RELATED","INTERSECT_TYPE","LANE_CLOSED","LATITUDE","LN_CLOSE_DIR","LOCATION_TYPE","LONGITUDE","MAX_SEVERITY_LEVEL","MCYCLE_DEATH_COUNT","MCYCLE_SUSP_SERIOUS_INJ_COUNT","MOTORCYCLE_COUNT","MUNICIPALITY","NONMOTR_COUNT","NONMOTR_DEATH_COUNT","NONMOTR_SUSP_SERIOUS_INJ_COUNT","NTFY_HIWY_MAINT","PED_COUNT","PED_DEATH_COUNT","PED_SUSP_SERIOUS_INJ_COUNT","PERSON_COUNT","POLICE_AGCY","POSSIBLE_INJ_COUNT","RDWY_SURF_TYPE_CD","RELATION_TO_ROAD","ROADWAY_CLEARED","ROAD_CONDITION","SCH_BUS_IND","SCH_ZONE_IND","SECONDARY_CRASH","SMALL_TRUCK_COUNT","SPEC_JURIS_CD","SUSP_MINOR_INJ_COUNT","SUSP_SERIOUS_INJ_COUNT","SUV_COUNT","TCD_FUNC_CD","TCD_TYPE","TFC_DETOUR_IND","TIME_OF_DAY","TOTAL_UNITS","TOT_INJ_COUNT","UNBELTED_OCC_COUNT","UNB_DEATH_COUNT","UNB_SUSP_SERIOUS_INJ_COUNT","UNK_INJ_DEG_COUNT","UNK_INJ_PER_COUNT","URBAN_RURAL","VAN_COUNT","VEHICLE_COUNT","WEATHER1","WEATHER2","WORKERS_PRES","WORK_ZONE_IND","WORK_ZONE_LOC","WORK_ZONE_TYPE","WZ_CLOSE_DETOUR","WZ_FLAGGER","WZ_LAW_OFFCR_IND","WZ_LN_CLOSURE","WZ_MOVING","WZ_OTHER","WZ_SHLDER_MDN","WZ_WORKERS_INJ_KILLED"
"2011124926","","1","0","0","0","0","0","0","0","0","2","0","","02","12","2011","7","40.392419","-80.007914","","11","0","0","0","0","0","0","0","0","1","0","0","0","23","","1","","0","","40 23:32.708","6","0","80 00:28.490","4","0","0","0","2301","0","0","0","N","0","0","0","2","02301","1","","1.0","","1","N","N","","0","","0","0","0","","0","N","2352","2","1","0","0","0","0","1","2","0","2","","","","N","","","","","","","","","",""
"2011126557","","1","0","0","0","0","0","0","0","0","7","0","","02","12","2011","3","40.42104","-80.046583","","11","0","0","0","0","0","0","0","0","","0","0","0","18","","0","","7","","40 25:15.744","","2","80 02:47.700","0","0","0","0","2435","0","0","0","Y","0","0","0","1","68B03","0","","4.0","","9","N","N","","0","","0","0","0","","0","","1846","1","0","0","0","0","0","0","2","0","1","","","","N","","","","","","","","","",""
"2011125899","","1","0","0","0","0","0","0","0","0","1","0","","02","11","2011","4","40.344282","-79.938665","","11","0","0","0","0","0","0","0","0","2","0","0","0","19","","0","","0","","40 20:39.415","2","0","79 56:19.193","0","0","0","0","2473","0","0","0","N","0","0","0","4","02473","0","","1.0","","1","N","N","","1","","0","0","0","","0","N","1922","2","0","0","0","0","0","0","2","0","2","","","","N","","","","","","","","","",""
"2011127345","","3","0","0","0","0","0","0","0","0","1","0","","02","12","2011","5","40.354771","-80.115462","","11","0","0","0","0","0","0","0","0","","0","0","0","12","","1","","0","","40 21:17.175","","0","80 06:55.662","8","0","0","0","2119","0","0","0","N","0","0","0","3","02119","0","","1.0","","1","N","N","","0","","0","0","0","","2","","1240","3","1","0","0","0","1","0","2","0","3","","","","N","","","","","","","","","",""
"2011126721","","1","0","0","0","0","0","0","0","0","5","0","","02","12","2011","4","40.468748","-79.92751","","11","0","0","0","0","0","0","0","0","","0","0","0","18","","0","","2","","40 28:07.492","","0","79 55:39.036","9","0","0","0","2301","0","0","0","N","0","0","0","2","02301","0","","2.0","","9","N","N","","0","","0","0","0","","0","","1840","2","0","0","0","0","0","1","2","0","2","","","","N","","","","","","","","","",""
"2011125219","","1","0","0","0","0","0","0","0","0","4","0","","02","10","2011","7","40.591733","-79.947951","","11","0","0","0","0","0","0","0","1","1","0","0","0","11","","0","","0","","40 35:30.238","1","0","79 56:52.623","0","0","0","0","2207","0","0","0","N","0","0","0","2","02207","0","","1.0","","1","N","N","","0","","0","0","1","","0","N","1108","2","0","0","0","0","0","0","2","0","2","","","","N","","","","","","","","","",""
"2011124435","","1","0","0","0","0","0","0","0","0","2","0","","02","11","2011","4","40.333754","-79.812695","","11","0","0","0","0","0","1","0","0","2","0","0","0","20","","2","","0","","40 20:01.515","5","0","79 48:45.701","8","0","0","0","2477","0","0","0","N","0","0","0","2","02477","0","","1.0","","1","N","N","","0","","0","0","1","","0","Y","2023","2","2","0","0","0","2","0","2","0","2","","","","N","","","","","","","","","",""
"2011124991","","2","0","0","0","0","0","0","0","0","1","0","","02","12","2011","1","40.45288","-79.964954","","11","0","0","0","0","0","0","0","0","","0","0","0","10","","1","","1","","40 27:10.368","","0","79 57:53.834","4","0","0","0","2301","0","0","0","N","0","0","0","2","02301","1","","1.0","","1","N","N","","0","","0","0","0","","2","","1042","2","1","0","0","0","0","0","2","0","2","","","","N","","","","","","","","","",""
"2011125832","","2","0","0","0","0","0","0","0","0","4","0","","02","12","2011","3","40.398969","-79.836445","","11","0","0","0","0","0","0","0","0","","0","0","0","08","","0","","0","","40 23:56.288","","7","79 50:11.202","9","0","0","0","2425","0","0","0","N","0","0","0","4","02425","0","","1.0","","9","N","N","","0","","0","0","0","","0","","0811","2","0","0","0","0","0","4","2","0","2","","","","N","","","","","","","","","",""
"2011126723","","0","0","0","0","0","0","0","0","0","8","0","","02","12","2011","3","40.466058","-79.867168","","11","0","0","0","0","0","0","0","0","","0","0","0","21","","1","","0","","40 27:57.808","","0","79 52:01.805","8","0","0","0","2113","1","0","0","N","1","0","0","2","02113","0","","1.0","","9","N","N","","0","","0","0","1","","0","","2130","2","1","0","0","0","1","0","2","0","1","","","","N","","","","","","","","","",""
"2011124931","","1","0","0","0","0","0","0","0","0","4","0","","02","12","2011","1","40.437658","-79.985151","","11","0","0","0","0","0","0","0","0","","0","0","0","02","","0","","1","","40 26:15.568","","0","79 59:06.543","0","0","0","0","2301","0","0","0","N","0","0","0","4","02301","0","","1.0","","1","N","N","","0","","0","0","1","","1","","0210","2","0","0","0","0","0","0","2","0","2","","","","N","","","","","","","","","",""
"2011126724","","0","0","0","0","0","0","0","0","0","99","0","","02","11","2011","4","40.505699","-79.995619","","11","0","0","0","0","0","0","0","0","","0","0","0","18","","0","","0","","40 30:20.517","","0","79 59:44.227","9","0","0","0","2116","0","0","0","N","0","0","0","3","02116","0","","1.0","","1","N","N","","1","","0","0","1","","0","","1820","2","0","0","0","0","0","1","2","0","2","","","","N","","","","","","","","","",""
"2011124457","","0","0","0","0","0","0","0","0","0","7","1","","02","12","2011","6","40.5831","-80.079427","","11","0","0","0","0","0","0","0","0","","0","1","0","10","","0","","0","","40 34:59.160","","0","80 04:45.937","0","0","0","0","2481","0","0","0","N","0","0","0","1","02481","0","","5.0","","1","N","N","","0","","0","0","0","","0","","1020","1","0","0","0","0","0","0","2","0","1","","","","N","","","","","","","","","",""
"2011125222","","0","0","0","0","0","0","0","0","0","7","0","","02","12","2011","6","40.434147","-79.967747","","11","0","0","0","0","0","0","0","0","","0","0","0","01","","0","","0","","40 26:02.930","","0","79 58:03.890","0","0","0","0","2301","0","0","0","N","0","0","0","1","02301","0","","5.0","","1","N","N","","0","","0","0","1","","3","","0108","1","0","0","0","0","0","0","2","0","1","","","","N","","","","","","","","","",""
"2011125822","","3","0","0","0","0","0","0","0","0","1","0","","02","12","2011","3","40.431546","-79.893154","","11","0","0","0","0","0","1","0","0","","0","0","0","07","","0","","0","","40 25:53.565","","0","79 53:35.354","0","0","0","0","2463","0","0","0","N","0","0","0","3","02463","0","","1.0","","9","N","N","","0","","0","0","0","","0","","0751","3","0","0","0","0","0","0","2","0","3","","","","N","","","","","","","","","",""
"2011125078","","0","0","0","0","0","0","0","0","0","7","0","","02","12","2011","7","40.426861","-80.295187","","11","0","0","0","0","0","1","0","0","1","0","0","0","06","","0","","0","","40 25:36.701","4","1","80 17:42.672","0","0","0","0","2214","0","0","0","Y","0","0","0","1","68B03","0","","2.0","","2","N","N","","0","","0","0","1","","0","N","0622","1","0","0","0","0","0","0","1","0","1","","","","N","","","","","","","","","",""
"2011125611","","1","0","0","0","0","0","0","0","0","4","0","","02","12","2011","2","40.384648","-79.99507","","11","0","0","0","0","0","1","0","1","1","0","0","0","20","","0","","2","","40 23:04.731","4","0","79 59:42.252","0","0","0","0","2301","0","0","0","N","0","0","0","3","02301","0","","1.0","","9","N","N","","1","","0","0","0","","2","N","2042","2","0","0","0","0","0","0","2","0","2","","","","N","","","","","","","","","",""
"2011124920","","1","0","0","0","0","0","0","0","0","5","0","","02","12","2011","7","40.48588","-80.038695","","11","0","0","0","0","0","0","0","0","","0","0","0","22","","0","","0","","40 29:09.168","","0","80 02:19.302","9","0","0","0","2301","0","0","0","N","0","0","0","1","02301","0","","6.0","","1","N","N","","0","","0","0","1","","0","","2209","3","0","0","0","0","0","1","2","1","3","","","","N","","","","","","","","","",""
"2011126707","","1","0","0","0","0","0","0","0","0","4","0","","02","12","2011","4","40.335459","-79.946429","","11","0","0","0","0","0","0","0","0","1","0","0","0","15","","1","","0","","40 20:07.653","3","0","79 56:47.143","3","0","0","0","2473","0","0","0","N","0","0","0","3","02473","0","","1.0","","9","N","N","","0","","1","0","1","","0","Y","1559","2","1","0","0","0","0","0","2","0","2","","","","N","","","","","","","","","",""
"2011124921","","0","0","0","0","0","0","0","0","0","7","0","","02","12","2011","7","40.350938","-79.854491","","11","1","0","0","0","0","0","0","0","","0","0","0","20","","1","","1","","40 21:03.376","","0","79 51:16.167","8","0","0","0","2304","0","0","0","N","0","0","0","2","02304","0","","5.0","","1","N","N","","0","","0","0","1","","0","","2045","1","1","2","0","0","1","0","2","0","1","","","","N","","","","","","","","","",""
"2011124934","","1","0","0","0","0","0","0","0","0","7","0","","02","12","2011","1","40.450414","-79.942977","","11","0","0","0","0","0","0","0","0","2","0","0","0","01","","0","","0","","40 27:01.490","2","0","79 56:34.717","0","0","0","0","2301","0","0","0","N","0","0","0","1","02301","0","","5.0","","1","N","N","","0","","0","0","0","","0","N","0111","1","0","0","0","0","0","0","2","0","1","","","","N","","","","","","","","","",""
"2011127287","","3","0","0","0","0","0","0","0","0","1","0","","02","12","2011","5","40.402618","-80.068203","","11","0","0","0","0","0","1","0","0","","0","0","0","18","","1","","0","","40 24:09.426","","0","80 04:05.531","8","0","0","0","2415","0","0","0","N","0","0","0","7","02415","0","","1.0","","1","N","N","","0","","0","0","0","","0","","1852","3","1","0","0","0","1","0","2","0","3","","","","N","","","","","","","","","",""
"2011125161","","1","0","0","0","0","0","0","0","0","1","0","","02","12","2011","1","40.376647","-79.893959","","11","0","0","0","0","0","0","0","0","","0","0","0","19","","0","","0","","40 22:35.928","","0","79 53:38.254","0","0","0","0","2448","0","0","0","N","0","0","0","2","02448","0","","1.0","","1","N","N","","1","","0","0","0","","2","","1912","2","0","0","0","0","0","0","2","0","2","","","","N","","","","","","","","","",""
"2011124935","","1","0","0","0","0","0","0","0","0","5","0","","02","12","2011","1","40.45801","-79.964835","","11","0","0","0","0","0","0","0","0","2","0","0","0","02","","0","","0","","40 27:28.836","7","0","79 57:53.406","0","0","0","0","2301","0","0","0","N","0","0","0","1","02301","0","","6.0","","1","N","N","","0","","0","0","1","","0","N","0225","2","0","0","0","0","0","0","2","0","2","","","","N","","","","","","","","","",""
"2011127288","","1","0","0","0","0","0","0","0","0","7","0","","02","11","2011","4","40.49766","-80.068208","","11","0","0","0","0","0","1","0","0","4","0","0","0","22","","1","","2","","40 29:51.576","5","0","80 04:05.548","8","0","0","0","2402","0","0","0","N","0","0","0","1","02402","0","","5.0","","1","N","N","","0","","0","0","0","","3","Y","2250","1","1","0","0","0","1","0","2","0","1","","","","N","","","","","","","","","",""
"2011125837","","3","0","0","0","0","0","0","0","0","1","0","","02","12","2011","3","40.454071","-79.949455","","11","0","0","0","0","0","0","0","0","","0","0","0","09","","1","","2","","40 27:14.656","","0","79 56:58.039","4","0","0","0","2301","0","0","0","N","0","0","0","3","02301","1","","1.0","","9","N","N","","0","","0","0","0","","0","","0930","3","1","0","0","0","0","0","2","0","3","","","","N","","","","","","","","","",""
"2011125928","","1","0","0","0","0","0","0","0","0","8","0","","02","12","2011","3","40.470534","-79.887636","","11","0","0","0","0","0","0","0","0","","0","0","0","17","","1","","2","","40 28:13.922","","0","79 53:15.489","8","0","0","0","2113","1","0","0","N","1","0","0","2","02113","0","","2.0","","9","N","N","","0","","0","0","0","","0","","1700","2","1","0","0","0","1","1","2","0","1","","","","N","","","","","","","","","",""
"2011126728","","1","0","0","0","0","0","0","0","0","7","0","","02","12","2011","4","40.457246","-79.997838","","11","0","0","0","0","0","0","1","0","2","0","0","0","19","","1","","2","","40 27:26.085","1","2","79 59:52.216","3","0","0","0","2301","0","0","0","N","0","0","0","1","02301","0","","1.0","","9","N","N","","0","","1","0","0","","0","N","1915","1","1","0","0","0","0","0","2","0","1","","","","N","","","","","","","","","",""
"2011125229","","1","0","0","0","0","0","0","0","0","7","0","","02","12","2011","2","40.435761","-79.962607","","11","0","0","0","0","0","0","0","0","2","0","0","0","02","","0","","2","","40 26:08.738","3","0","79 57:45.386","0","0","0","0","2301","0","0","0","N","0","0","0","1","02301","0","","4.0","","1","N","N","","0","","0","0","0","","0","N","0210","1","0","0","0","0","0","0","2","0","1","","","","N","","","","","","","","","",""
"2011124924","","1","0","0","0","0","0","0","0","0","1","0","","02","12","2011","7","40.354074","-79.914478","","11","0","0","0","0","1","0","0","0","1","0","0","0","18","","1","","3","","40 21:14.668","3","0","79 54:52.121","8","0","0","0","2473","0","0","0","N","0","0","0","3","02473","0","","1.0","","1","N","N","","0","","0","0","1","","2","N","1857","2","1","0","0","0","1","0","2","0","2","","","","N","","","","","","","","","",""
"2011124937","","1","0","0","0","0","0","0","0","0","7","0","","02","12","2011","7","40.496042","-79.911353","","11","0","0","0","0","0","0","0","0","2","0","0","0","02","","1","","0","","40 29:45.750","2","0","79 54:40.870","8","0","0","0","2301","0","0","0","N","0","0","0","3","02301","0","","5.0","","1","N","N","","0","","0","0","0","","0","N","0230","2","1","0","0","0","1","2","2","0","1","","","","N","","","","","","","","","",""
"2011125163","","2","0","0","0","0","0","0","0","0","1","0","","02","12","2011","1","40.437392","-79.999303","","11","0","0","0","0","0","0","0","0","1","0","0","0","17","","0","","1","","40 26:14.611","2","0","79 59:57.489","0","0","0","0","2301","0","0","0","N","0","0","0","2","02301","0","","1.0","","1","N","N","","0","","0","0","0","","2","N","1717","2","0","0","0","0","0","0","2","0","2","","","","N","","","","","","","","","",""
"2011124999","","0","0","0","0","0","0","0","0","0","0","0","","02","12","2011","1","40.449706","-80.025099","","11","0","0","0","0","0","0","0","0","1","0","0","0","12","","1","","6","","40 26:58.940","1","2","80 01:30.356","3","0","0","1","2301","0","0","0","N","0","0","0","2","02301","0","","5.0","","3","N","N","","0","","1","0","0","","0","Y","1213","1","1","0","0","0","0","0","2","0","1","","","","N","","","","","","","","","",""
"2011125839","","2","0","0","0","0","0","0","0","0","4","0","","02","12","2011","3","40.380136","-79.828514","","11","0","0","0","0","0","1","0","0","","0","0","0","07","","0","","1","","40 22:48.490","","0","79 49:42.649","0","0","0","0","2111","0","0","0","N","0","0","0","2","02111","0","","1.0","","9","N","N","","0","","0","0","0","","2","","0730","2","0","0","0","0","0","0","2","0","2","","","","N","","","","","","","","","",""
"2011125000","","1","0","0","0","0","0","0","0","0","4","0","","02","12","2011","7","40.459675","-79.925817","","11","0","0","0","0","0","0","0","0","","0","0","0","14","","0","","0","","40 27:34.830","","7","79 55:32.940","0","0","0","0","2301","0","0","0","N","0","0","0","2","02301","0","","1.0","","1","N","N","","0","","0","0","1","","0","","1445","2","0","0","0","0","0","0","2","0","2","","","","N","","","","","","","","","",""
"2011124464","","2","0","0","0","0","0","0","0","0","1","0","","02","12","2011","6","40.594514","-79.769338","","11","0","0","0","0","1","0","0","0","2","0","0","0","11","","1","","0","","40 35:40.251","1","0","79 46:09.617","8","0","0","0","2104","0","0","0","N","0","0","0","3","02104","0","","1.0","","1","N","N","","0","","0","0","0","","0","N","1157","2","1","0","0","0","1","0","2","0","2","","","","N","","","","","","","","","",""
"2011125629","","1","0","0","0","0","0","0","0","0","7","0","","02","12","2011","2","40.392603","-79.837898","","11","0","0","0","0","1","0","0","0","2","0","0","0","06","","0","","0","","40 23:33.370","4","0","79 50:16.432","0","0","0","0","2111","0","0","0","Y","0","0","0","1","02111","0","","2.0","","1","N","N","","0","","0","0","0","","0","N","0628","1","0","0","0","0","0","0","2","0","1","","","","N","","","","","","","","","",""
"2011125001","","1","0","0","0","0","0","0","0","0","1","0","","02","12","2011","1","40.398198","-79.999739","","11","0","0","0","0","0","0","0","0","","0","0","0","12","","0","","0","","40 23:53.511","","0","79 59:59.060","0","0","0","0","2301","0","0","0","N","0","0","0","2","02301","0","","1.0","","1","N","N","","0","","0","0","1","","0","","1240","2","0","0","0","0","0","0","2","0","2","","","","N","","","","","","","","","",""
"2011125233","","1","0","0","0","0","0","0","0","0","99","0","","02","12","2011","6","40.421095","-80.056814","","11","0","0","0","0","0","0","0","0","","0","0","0","04","","1","","0","","40 25:15.942","","0","80 03:24.530","8","0","0","0","2435","0","0","0","N","0","0","0","1","02435","0","","1.0","","1","N","N","","0","","0","0","0","","0","","0429","1","1","0","0","0","1","0","2","0","1","","","","N","","","","","","","","","",""
"2011125630","","0","0","0","0","0","0","0","0","0","7","0","","02","12","2011","2","40.408491","-80.017936","","11","0","0","0","0","1","0","0","0","2","0","0","0","23","","0","","0","","40 24:30.567","4","0","80 01:04.569","0","0","0","0","2301","0","0","0","N","0","0","0","2","02301","0","","5.0","","9","N","N","","0","","0","0","1","","0","N","2315","1","0","0","0","0","0","0","2","0","1","","","","N","","","","","","","","","",""
"2011127293","","2","0","0","0","0","0","0","0","0","4","0","","02","12","2011","5","40.437655","-79.770029","","11","0","0","0","0","0","0","1","0","","0","0","0","16","","0","","0","","40 26:15.558","","0","79 46:12.104","0","0","0","0","2446","0","0","0","N","0","0","0","3","02446","0","","1.0","","1","N","N","","0","","0","0","1","","3","","1606","3","0","0","0","0","0","0","2","0","3","","","","N","","","","","","","","","",""
"2011125168","","1","0","0","0","0","0","0","0","0","4","0","","02","12","2011","1","40.336431","-79.971576","","11","0","0","0","0","1","0","0","1","","0","0","0","18","","0","","1","","40 20:11.152","","0","79 58:17.672","0","0","0","0","2454","0","0","0","N","0","0","0","2","02454","0","","1.0","","1","N","N","","0","","0","0","0","","2","","1847","2","0","0","0","0","0","0","2","1","2","","","","N","","","","","","","","","",""
"2011124468","","1","0","0","0","0","0","0","0","0","8","0","","02","12","2011","6","40.413977","-79.992026","","11","0","0","0","0","0","0","0","0","","0","0","0","11","","1","","1","","40 24:50.317","","0","79 59:31.293","8","0","0","0","2301","1","0","0","N","1","0","0","2","02301","0","","1.0","","1","N","N","","0","","0","0","0","","0","","1115","2","1","0","0","0","1","0","2","0","1","","","","N","","","","","","","","","",""
"2011125238","","1","0","0","0","0","0","0","0","0","7","0","","02","11","2011","4","40.250108","-79.877745","","11","0","0","0","0","0","0","0","0","2","0","0","0","06","","1","","2","","40 15:00.390","1","0","79 52:39.883","8","0","0","0","2204","0","0","0","N","0","0","0","1","02204","0","","3.0","","1","N","N","","0","","0","0","0","","2","Y","0616","1","1","0","0","0","1","0","1","0","1","","","","N","","","","","","","","","",""
"2011125152","","2","0","0","0","0","0","0","0","0","1","0","","02","12","2011","1","40.429267","-79.999168","","11","0","0","0","0","0","0","0","1","","0","0","0","18","","2","","1","","40 25:45.362","","3","79 59:57.003","3","0","0","0","2301","0","0","0","N","0","0","0","4","02301","0","","1.0","","1","N","N","","0","","1","0","0","","2","","1847","2","2","0","0","0","1","0","2","0","2","","","","N","","","","","","","","","",""
"2011124470","","1","0","0","0","0","0","0","0","0","4","0","","02","12","2011","6","40.455676","-79.993479","","11","0","0","0","0","0","0","0","0","2","0","0","0","13","","0","","2","","40 27:20.433","4","0","79 59:36.524","0","0","0","0","2301","0","0","0","N","0","0","0","4","02301","0","","1.0","","1","N","N","","0","","0","0","1","","3","N","1304","2","0","0","0","0","0","0","2","0","2","","","","N","","","","","","","","","",""
"2011125240","","1","0","0","0","0","0","0","0","0","7","0","","02","11","2011","3","40.426088","-79.980835","","11","0","0","0","0","0","0","0","0","2","0","0","0","23","","0","","1","","40 25:33.916","7","0","79 58:51.006","0","0","0","0","2301","0","0","0","N","0","0","0","1","02301","0","","5.0","","9","N","N","","0","","0","0","0","","3","Y","2334","1","0","0","0","0","0","0","2","0","1","","","","N","","","","","","","","","",""
"2011125154","","1","0","0","0","0","0","0","0","0","7","0","","02","12","2011","1","40.430136","-79.988679","","11","0","0","0","0","0","0","0","0","2","0","0","0","18","","1","","0","","40 25:48.489","2","0","79 59:19.244","8","0","0","0","2301","0","0","0","N","0","0","0","2","02301","0","","2.0","","1","N","N","","0","","0","0","0","","0","N","1800","1","1","1","0","0","1","0","2","0","1","","","","N","","","","","","","","","",""
"2011125173","","1","0","0","0","0","0","0","0","0","1","0","","02","12","2011","1","40.343047","-79.964008","","11","0","0","0","0","0","2","0","0","1","0","0","0","18","","0","","2","","40 20:34.970","4","0","79 57:50.430","0","0","0","0","2454","0","0","0","N","0","0","0","3","02454","0","","1.0","","1","N","N","","1","","0","0","1","","3","N","1845","3","0","0","0","0","0","0","2","0","3","","","","N","","","","","","","","","",""
"2011126739","","1","0","0","0","0","0","0","0","0","1","1","","02","12","2011","2","40.415923","-79.847541","","11","0","0","0","0","0","0","0","0","2","0","1","0","13","","0","","2","","40 24:57.323","4","0","79 50:51.147","0","0","0","0","2431","0","0","0","N","0","0","0","2","02431","0","","1.0","","1","N","N","","0","","0","0","0","","2","N","1305","2","0","0","0","0","0","0","2","0","2","","","","N","","","","","","","","","",""
"2011125920","","2","0","0","0","0","0","0","0","0","4","1","","02","12","2011","3","40.459193","-79.970767","","11","0","0","0","0","0","1","0","0","2","0","0","0","15","","1","","1","","40 27:33.094","6","0","79 58:14.761","4","0","0","0","2301","0","0","0","N","0","0","0","8","02301","1","","1.0","","9","Y","N","","0","","0","0","0","","2","N","1530","3","1","0","0","0","0","0","2","1","3","","","","N","","","","","","","","","",""
"2011124472","","2","0","0","0","0","0","0","0","0","1","0","","02","12","2011","6","40.437663","-79.97255","","11","0","0","0","0","0","1","0","0","","0","0","0","13","","0","","2","","40 26:15.588","","3","79 58:21.180","0","0","0","0","2301","0","0","0","N","0","0","0","5","02301","0","","1.0","","1","N","N","","0","","0","0","1","","2","","1305","3","0","0","0","0","0","0","2","0","3","","","","N","","","","","","","","","",""
"2011124948","","2","0","0","0","0","0","0","0","0","1","0","","02","11","2011","6","40.361385","-79.962281","","11","0","0","0","0","0","0","0","0","","0","0","0","17","","2","","2","","40 21:40.986","","0","79 57:44.211","8","0","0","0","2403","0","0","0","N","0","0","0","3","02403","0","","1.0","","1","N","N","","0","","0","0","1","","0","","1740","3","2","0","0","0","2","0","2","0","3","","","","N","","","","","","","","","",""
"2011127300","","1","0","0","0","0","0","0","0","0","1","0","","02","12","2011","5","40.375363","-79.904862","","11","0","0","0","0","0","1","0","0","1","0","0","0","18","","0","","2","","40 22:31.306","6","0","79 54:17.503","0","0","0","0","2473","0","0","0","N","0","0","0","3","02473","0","","1.0","","1","N","N","","0","","0","0","0","","0","N","1801","2","0","0","0","0","0","0","2","1","2","","","","N","","","","","","","","","",""
"2011125850","","0","0","0","0","0","0","0","0","0","99","0","35","02","12","2011","2","40.666775","-79.933702","","11","0","0","0","0","0","0","0","0","1","0","0","0","19","","0","","0","","40 40:00.391","1","0","79 56:01.326","0","0","0","0","2217","0","0","0","N","0","0","0","1","02505","0","","1.0","","9","N","N","","0","","0","0","1","","0","N","1915","1","0","0","0","0","0","0","1","0","1","","","N","Y","5","2","","","N","","","","",""
"2011124380","","2","0","0","0","0","0","0","0","0","1","0","","02","12","2011","5","40.388702","-79.773718","","11","0","0","0","0","0","0","0","0","1","0","0","0","12","","0","","0","","40 23:19.327","5","7","79 46:25.385","0","0","0","0","2111","0","0","0","N","0","0","0","2","02111","0","","1.0","","1","N","N","","0","","0","0","0","","0","N","1257","2","0","0","0","0","0","0","2","0","2","","","","N","","","","","","","","","",""
"2011125942","","1","0","0","0","0","0","0","0","0","7","0","","02","12","2011","5","40.477705","-80.04652","","11","0","0","0","0","0","0","0","0","","0","0","0","06","","1","","0","","40 28:39.737","","3","80 02:47.472","8","0","0","0","2122","0","0","0","Y","0","0","0","1","02122","0","","9.0","","2","N","N","","0","","0","0","0","","0","","0615","1","1","0","0","0","1","0","2","0","1","","","","N","","","","","","","","","",""
"2011125638","","0","0","0","0","0","0","0","0","0","4","0","","02","12","2011","1","40.432124","-80.003994","","11","0","0","0","0","0","0","0","0","","0","0","0","02","","0","","2","","40 25:55.645","","0","80 00:14.378","0","0","0","0","2301","0","0","0","N","0","0","0","5","02301","0","","1.0","","1","N","N","","0","","0","0","1","","2","","0228","2","0","0","0","0","0","0","2","1","2","","","","N","","","","","","","","","",""
"2011125943","","0","0","0","0","0","0","0","0","0","7","0","","02","12","2011","7","40.474828","-80.132567","","11","1","0","0","0","0","0","0","0","","0","0","0","12","","0","","0","","40 28:29.379","","0","80 07:57.242","0","0","0","0","2115","0","0","0","N","0","0","0","1","02115","0","","2.0","","1","N","N","","0","","0","0","1","","0","","1210","1","0","0","0","0","0","0","2","0","1","","","","N","","","","","","","","","",""
"2011126742","","1","0","0","0","0","0","0","0","0","6","0","","02","12","2011","4","40.472017","-80.005617","","11","0","0","0","0","0","1","0","0","","0","0","0","17","","1","","0","","40 28:19.260","","3","80 00:20.220","4","0","0","0","2301","0","0","0","N","0","0","0","2","02301","1","","1.0","","9","N","N","","0","","0","0","1","","0","","1755","2","1","0","0","0","0","0","2","0","2","","","","N","","","","","","","","","",""
"2011125640","","1","0","0","0","0","0","0","0","0","7","0","","02","12","2011","1","40.658662","-80.047056","","11","0","0","0","0","0","0","0","0","2","0","0","0","23","","1","","0","","40 39:31.183","5","0","80 02:49.401","4","0","0","0","2216","0","0","0","N","0","0","0","1","02505","1","","5.0","","1","N","N","","0","","0","0","0","","0","Y","2333","1","1","0","0","0","0","0","2","0","1","","","","N","","","","","","","","","",""
"2011127316","","0","0","0","0","0","0","0","0","0","7","0","","02","12","2011","3","40.434468","-79.822493","","11","0","0","0","0","0","0","1","0","2","0","0","0","19","","1","","0","","40 26:04.085","3","0","79 49:20.976","8","0","0","0","2419","0","0","0","N","0","0","0","1","02419","0","","5.0","","1","N","N","","0","","0","0","0","","0","N","1921","1","1","0","0","0","1","0","2","1","1","","","","N","","","","","","","","","",""