"CRN","ARRIVAL_TM","AUTOMOBILE_COUNT","BELTED_DEATH_COUNT","BELTED_SUSP_SERIOUS_INJ_COUNT","BICYCLE_COUNT","BICYCLE_DEATH_COUNT","BICYCLE_SUSP_SERIOUS_INJ_COUNT","BUS_COUNT","CHLDPAS_DEATH_COUNT","CHLDPAS_SUSP_SERIOUS_INJ_COUNT","COLLISION_TYPE","COMM_VEH_COUNT","CONS_ZONE_SPD_LIM","COUNTY","CRASH_MONTH","CRASH_YEAR","DAY_OF_WEEK","DEC_LATITUDE","DEC_LONGITUDE","DISPATCH_TM","DISTRICT","DRIVER_COUNT_16YR","DRIVER_COUNT_17YR","DRIVER_COUNT_18YR","DRIVER_COUNT_19YR","DRIVER_COUNT_20YR","DRIVER_COUNT_50_64YR","DRIVER_COUNT_65_74YR","DRIVER_COUNT_75PLUS","EST_HRS_CLOSED","FATAL_COUNT","HEAVY_TRUCK_COUNT","HORSE_BUGGY_COUNT","HOUR_OF_DAY","ILLUMINATION","INJURY_COUNT","INTERSECTION_RELATED","INTERSECT_TYPE","LANE_CLOSED","LATITUDE","LN_CLOSE_DIR","LOCATION_TYPE","LONGITUDE","MAX_SEVERITY_LEVEL","MCYCLE_DEATH_COUNT","MCYCLE_SUSP_SERIOUS_INJ_COUNT","MOTORCYCLE_COUNT","MUNICIPALITY","NONMOTR_COUNT","NONMOTR_DEATH_COUNT","NONMOTR_SUSP_SERIOUS_INJ_COUNT","NTFY_HIWY_MAINT","PED_COUNT","PED_DEATH_COUNT","PED_SUSP_SERIOUS_INJ_COUNT","PERSON_COUNT","POLICE_AGCY","POSSIBLE_INJ_COUNT","RDWY_SURF_TYPE_CD","RELATION_TO_ROAD","ROADWAY_CLEARED","ROAD_CONDITION","SCH_BUS_IND","SCH_ZONE_IND","SECONDARY_CRASH","SMALL_TRUCK_COUNT","SPEC_JURIS_CD","SUSP_MINOR_INJ_COUNT","SUSP_SERIOUS_INJ_COUNT","SUV_COUNT","TCD_FUNC_CD","TCD_TYPE","TFC_DETOUR_IND","TIME_OF_DAY","TOTAL_UNITS","TOT_INJ_COUNT","UNBELTED_OCC_COUNT","UNB_DEATH_COUNT","UNB_SUSP_SERIOUS_INJ_COUNT","UNK_INJ_DEG_COUNT","UNK_INJ_PER_COUNT","URBAN_RURAL","VAN_COUNT","VEHICLE_COUNT","WEATHER1","WEATHER2","WORKERS_PRES","WORK_ZONE_IND","WORK_ZONE_LOC","WORK_ZONE_TYPE","WZ_CLOSE_DETOUR","WZ_FLAGGER","WZ_LAW_OFFCR_IND","WZ_LN_CLOSURE","WZ_MOVING","WZ_OTHER","WZ_SHLDER_MDN","WZ_WORKERS_INJ_KILLED"
"2011125852","","0","0","0","0","0","0","0","0","0","1","0","","02","12","2011","3","40.408443","-80.017811","","11","0","0","1","0","0","1","0","0","","0","0","0","10","","2","","2","","40 24:30.395","","0","80 01:04.118","3","0","0","0","2301","0","0","0","N","0","0","0","2","02301","1","","1.0","","9","N","N","","0","","1","0","1","","2","","1045","2","2","0","0","0","0","0","2","1","2","","","","N","","","","","","","","","",""
"2011125944","","2","0","0","0","0","0","0","0","0","1","0","","02","12","2011","1","40.341919","-80.016357","","11","0","0","0","0","0","1","0","0","","0","0","0","14","","1","","0","","40 20:30.909","","0","80 00:58.885","8","0","0","0","2407","0","0","0","N","0","0","0","2","02407","0","","1.0","","1","N","N","","0","","0","0","0","","0","","1400","2","1","0","0","0","1","0","2","0","2","","","","N","","","","","","","","","",""
"2011127133","","1","0","0","0","0","0","0","0","0","1","0","","02","12","2011","4","40.451131","-79.982469","","11","0","0","0","0","0","0","0","0","","0","0","0","22","","0","","2","","40 27:04.070","","0","79 58:56.890","0","0","0","0","2301","0","0","0","N","0","0","0","2","02301","0","","1.0","","1","N","N","","1","","0","0","0","","2","","2235","2","0","0","0","0","0","0","2","0","2","","","","N","","","","","","","","","",""
"2011126520","","2","0","0","0","0","0","0","0","0","4","0","","02","11","2011","5","40.371545","-80.22901","","11","0","0","0","0","0","1","0","0","","0","0","0","09","","1","","1","","40 22:17.562","","0","80 13:44.436","4","0","0","0","2490","0","0","0","N","0","0","0","2","62422","1","","1.0","","1","N","N","","0","","0","0","0","","0","","0927","2","1","0","0","0","0","0","2","0","2","","","","N","","","","","","","","","",""
"2011124385","","0","0","0","0","0","0","0","0","0","1","0","","02","12","2011","5","40.421983","-79.959399","","11","0","0","0","0","0","1","0","0","1","0","0","0","14","","1","","0","","40 25:19.140","3","0","79 57:33.838","4","0","0","0","2301","0","0","0","N","0","0","0","5","02301","1","","1.0","","1","N","N","","1","","0","0","2","","2","N","1440","4","1","1","0","0","0","0","2","1","4","","","","N","","","","","","","","","",""
"2011124397","","1","0","0","0","0","0","0","0","0","1","0","","02","12","2011","5","40.550714","-80.099479","","11","0","0","0","0","0","0","0","0","","0","0","0","10","","0","","2","","40 33:02.571","","0","80 05:58.125","0","0","0","0","2215","0","0","0","N","0","0","0","3","02215","0","","1.0","","1","N","N","","0","","0","0","1","","0","","1020","2","0","0","0","0","0","0","2","0","2","","","","N","","","","","","","","","",""
"2011127319","","1","0","0","0","0","0","0","0","0","1","0","","02","12","2011","5","40.438869","-79.760496","","11","0","0","0","0","0","0","0","0","","0","1","0","23","","0","","1","","40 26:19.929","","0","79 45:37.786","0","0","0","0","2446","0","0","0","N","0","0","0","2","02446","0","","1.0","","1","N","N","","0","","0","0","0","","2","","2331","2","0","0","0","0","0","0","2","0","2","","","","N","","","","","","","","","",""
"2011125248","","0","0","0","0","0","0","0","0","0","0","1","","02","11","2011","7","40.557053","-80.084468","","11","0","0","0","0","0","0","0","0","3","0","1","0","08","","1","","0","","40 33:25.391","1","0","80 05:04.084","2","0","0","0","2481","0","0","0","Y","0","0","0","1","68B03","0","","4.0","","1","N","N","","0","","0","1","0","","0","N","0817","1","1","1","0","1","0","0","2","0","1","","","","N","","","","","","","","","",""
"2011127307","","1","0","0","0","0","0","0","0","0","7","0","","02","12","2011","5","40.488059","-79.80153","","11","0","0","0","0","0","0","0","0","","0","0","0","04","","1","","2","","40 29:17.011","","0","79 48:05.507","8","0","0","0","2113","0","0","0","N","0","0","0","1","02113","0","","2.0","","1","N","N","","0","","0","0","0","","0","","0445","1","1","1","0","0","1","0","2","0","1","","","","N","","","","","","","","","",""
"2011124480","","0","0","0","0","0","0","0","0","0","1","0","","02","12","2011","5","40.332591","-79.934036","","11","0","0","0","0","0","0","0","0","1","0","0","0","18","","2","","0","","40 19:57.327","2","0","79 56:02.530","8","0","0","0","2473","0","0","0","N","0","0","0","4","02473","0","","1.0","","1","N","N","","1","","0","0","1","","0","N","1828","2","2","0","0","0","2","0","2","0","2","","","","N","","","","","","","","","",""
"2011125249","","1","0","0","0","0","0","0","0","0","1","0","","02","11","2011","4","40.412472","-80.078533","","11","0","0","0","0","0","0","0","0","","0","0","0","19","","0","","0","","40 24:44.898","","0","80 04:42.717","0","0","0","0","2117","0","0","0","N","0","0","0","3","68B03","0","","1.0","","1","N","N","","1","","0","0","0","","0","","1954","2","0","0","0","0","0","0","2","0","2","","","","N","","","","","","","","","",""
"2011124388","","2","0","0","0","0","0","0","0","0","2","0","","02","11","2011","4","40.357616","-79.90163","","11","0","0","1","0","0","0","0","0","3","0","0","0","17","","2","","0","","40 21:27.417","6","0","79 54:05.868","2","0","0","0","2473","0","0","0","N","0","0","0","2","02473","0","","1.0","","1","N","N","","0","","1","1","0","","0","Y","1755","2","2","1","0","1","0","0","2","0","2","","","","N","","","","","","","","","",""
"2011125250","","0","0","0","0","0","0","0","0","0","7","0","","02","12","2011","5","40.426989","-80.292947","","11","0","0","0","0","0","0","0","0","","0","0","0","06","","1","","0","","40 25:37.161","","0","80 17:34.608","4","0","0","0","2214","0","0","0","N","0","0","0","1","68B03","1","","2.0","","2","N","N","","0","","0","0","1","","0","","0639","1","1","0","0","0","0","0","1","0","1","","","","N","","","","","","","","","",""
"2011127310","","1","0","0","0","0","0","0","0","0","1","0","","02","12","2011","5","40.428642","-79.990903","","11","0","0","0","0","0","0","0","0","","0","0","0","06","","0","","0","","40 25:43.111","","0","79 59:27.252","0","0","0","0","2301","0","0","0","N","0","0","0","2","02301","0","","1.0","","1","N","N","","1","","0","0","0","","0","","0657","2","0","0","0","0","0","0","2","0","2","","","","N","","","","","","","","","",""
"2011125039","","1","0","0","0","0","0","0","0","0","7","0","","02","12","2011","6","40.481499","-79.879988","","11","0","0","0","0","0","0","0","0","1","0","0","0","16","","0","","0","","40 28:53.395","4","0","79 52:47.957","0","0","0","0","2113","0","0","0","N","0","0","0","1","02113","0","","2.0","","1","N","N","","0","","0","0","0","","0","N","1626","1","0","0","0","0","0","0","2","0","1","","","","N","","","","","","","","","",""
"2011125858","","2","0","0","0","0","0","0","0","0","1","0","","02","12","2011","2","40.428843","-79.982641","","11","0","0","0","0","0","0","0","0","","0","0","0","14","","0","","0","","40 25:43.836","","0","79 58:57.508","0","0","0","0","2301","0","0","0","N","0","0","0","2","02301","0","","1.0","","9","N","N","","0","","0","0","0","","2","","1404","2","0","0","0","0","0","0","2","0","2","","","","N","","","","","","","","","",""
"2011125251","","1","0","0","0","0","0","0","0","0","7","0","","02","12","2011","5","40.42676","-80.295622","","11","0","0","0","0","0","0","0","0","2","0","0","0","08","","0","","0","","40 25:36.337","4","0","80 17:44.239","0","0","0","0","2214","0","0","0","N","0","0","0","1","68B03","0","","4.0","","2","N","N","","0","","0","0","0","","0","N","0804","1","0","0","0","0","0","0","1","0","1","","","","N","","","","","","","","","",""
"2011125649","","1","0","0","0","0","0","0","0","0","7","0","","02","12","2011","1","40.344289","-79.883633","","11","0","0","0","0","0","0","0","0","","0","0","0","07","","0","","2","","40 20:39.440","","3","79 53:01.080","0","0","0","0","2433","0","0","0","N","0","0","0","1","02433","0","","2.0","","1","N","N","","0","","0","0","0","","0","","0700","1","0","1","0","0","0","0","2","0","1","","","","N","","","","","","","","","",""
"2011124402","","2","0","0","0","0","0","0","0","0","2","0","","02","12","2011","5","40.361568","-80.06384","","11","0","0","0","0","0","1","0","0","2","0","0","0","06","","1","","2","","40 21:41.645","4","0","80 03:49.823","3","0","0","0","2109","0","0","0","N","0","0","0","2","02109","0","","1.0","","1","N","N","","0","","1","0","0","","2","Y","0650","2","1","1","0","0","0","0","2","0","2","","","","N","","","","","","","","","",""
"2011124483","","1","0","0","0","0","0","0","0","0","5","0","","02","12","2011","5","40.496261","-80.056865","","11","0","0","0","0","0","0","0","0","","0","0","0","19","","1","","0","","40 29:46.538","","0","80 03:24.714","8","0","0","0","2404","0","0","0","N","0","0","0","4","02404","0","","6.0","","1","N","N","","0","","0","0","1","","0","","1901","2","1","1","0","0","1","0","2","0","2","","","","N","","","","","","","","","",""
"2011125252","","1","0","0","0","0","0","0","0","0","7","0","","02","12","2011","5","40.522352","-80.273088","","11","0","0","0","0","0","0","0","0","","0","0","0","07","","0","","0","","40 31:20.466","","3","80 16:23.118","0","0","0","0","2203","0","0","0","Y","0","0","0","1","68B03","0","","2.0","","2","N","N","","0","","0","0","0","","0","","0745","1","0","0","0","0","0","0","2","0","1","","","","N","","","","","","","","","",""
"2011125795","","3","0","0","0","0","0","0","0","0","99","0","","02","12","2011","3","40.437737","-79.986557","","11","0","0","0","0","0","0","0","1","2","0","0","0","05","","0","","1","","40 26:15.853","5","0","79 59:11.605","0","0","0","0","2301","0","0","0","N","0","0","0","3","02301","0","","1.0","","9","N","N","","0","","0","0","0","","1","N","0552","3","0","0","0","0","0","0","2","0","3","","","","N","","","","","","","","","",""
"2011125186","","0","0","0","0","0","0","0","0","0","7","0","","02","12","2011","1","40.2069","-79.910725","","11","0","0","0","1","0","0","0","0","2","0","0","0","99","","3","","0","","40 12:24.841","6","0","79 54:38.610","3","0","0","0","2118","0","0","0","N","0","0","0","3","02118","2","","5.0","","1","N","N","","0","","1","0","1","","0","Y","9999","1","3","1","0","0","0","0","1","0","1","","","","N","","","","","","","","","",""
"2011125253","","2","0","0","0","0","0","0","0","0","1","0","","02","12","2011","7","40.435346","-79.98244","","11","0","0","0","0","0","4","0","0","2","0","0","0","16","","0","","0","","40 26:07.247","4","0","79 58:56.785","0","0","0","0","2301","0","0","0","N","0","0","0","5","68B03","0","","1.0","","1","N","N","","0","","0","0","2","","0","N","1610","4","0","0","0","0","0","0","2","0","4","","","","N","","","","","","","","","",""
"2011125876","","0","0","0","0","0","0","0","0","0","8","0","","02","12","2011","3","40.465908","-79.953611","","11","0","0","0","0","0","0","0","0","","0","0","0","12","","1","","2","","40 27:57.268","","0","79 57:12.999","3","0","0","0","2301","1","0","0","N","1","0","0","2","02301","0","","1.0","","9","N","N","","0","","1","0","0","","2","","1220","2","1","0","0","0","0","0","2","1","1","","","","N","","","","","","","","","",""
"2011124485","","2","0","0","0","0","0","0","0","0","4","0","","02","12","2011","5","40.452966","-80.039423","","11","0","0","0","0","0","0","0","0","","0","0","0","22","","0","","2","","40 27:10.676","","0","80 02:21.924","9","0","0","0","2301","0","0","0","N","0","0","0","3","02301","0","","1.0","","1","N","N","","0","","0","0","0","","2","","2230","2","0","0","0","0","0","1","2","0","2","","","","N","","","","","","","","","",""
"2011125254","","1","0","0","0","0","0","0","0","0","1","0","","02","12","2011","7","40.431219","-80.025499","","11","0","0","0","0","0","1","0","0","1","0","0","0","19","","1","","0","","40 25:52.388","3","0","80 01:31.795","8","0","0","0","2301","0","0","0","N","0","0","0","3","68B03","0","","1.0","","1","N","N","","1","","0","0","0","","0","N","1905","2","1","0","0","0","1","0","2","0","2","","","","N","","","","","","","","","",""
"2011124894","","2","0","0","0","0","0","0","0","0","1","0","","02","12","2011","7","40.351802","-80.114103","","11","0","0","1","0","0","0","1","0","1","0","0","0","15","","0","","0","","40 21:06.487","2","0","80 06:50.769","0","0","0","0","2119","0","0","0","N","0","0","0","6","02119","0","","1.0","","1","N","N","","0","","0","0","1","","0","N","1525","3","0","0","0","0","0","0","2","0","3","","","","N","","","","","","","","","",""
"2011125188","","0","0","0","0","0","0","0","0","0","7","0","","02","12","2011","1","40.393525","-79.791677","","11","0","0","0","0","0","0","0","0","2","0","0","0","19","","1","","2","","40 23:36.690","6","0","79 47:30.037","8","0","0","0","2470","0","0","0","N","0","0","0","1","02424","0","","5.0","","1","N","N","","0","","0","0","1","","0","Y","1906","1","1","0","0","0","1","0","2","0","1","","","","N","","","","","","","","","",""
"2011124342","","0","0","0","0","0","0","0","0","0","7","0","","02","12","2011","5","40.427253","-80.284468","","11","0","0","0","0","0","0","0","0","3","0","0","0","06","","0","","0","","40 25:38.112","3","0","80 17:04.086","0","0","0","0","2214","0","0","0","N","0","0","0","1","68B03","0","","3.0","","2","N","N","","1","","0","0","0","","0","N","0625","1","0","0","0","0","0","0","1","0","1","","","","N","","","","","","","","","",""
"2011125189","","1","0","0","0","0","0","0","0","0","7","0","","02","12","2011","1","40.409105","-79.902215","","11","0","0","0","0","0","0","0","0","","0","0","0","03","","0","","0","","40 24:32.779","","0","79 54:07.973","0","0","0","0","2448","0","0","0","N","0","0","0","1","02448","0","","2.0","","1","N","N","","0","","0","0","0","","0","","0326","1","0","0","0","0","0","0","2","0","1","","","","N","","","","","","","","","",""
"2011124490","","2","0","0","0","0","0","0","0","0","4","0","","02","12","2011","6","40.43875","-79.959903","","11","0","0","0","0","0","0","0","0","","0","0","0","15","","0","","1","","40 26:19.500","","0","79 57:35.652","0","0","0","0","2301","0","0","0","N","0","0","0","2","02301","0","","1.0","","1","N","N","","0","","0","0","0","","3","","1505","2","0","0","0","0","0","0","2","0","2","","","","N","","","","","","","","","",""
"2011126189","","0","0","0","0","0","0","0","0","0","7","0","","02","12","2011","4","40.461018","-80.018674","","11","0","0","0","0","0","1","0","0","2","0","0","0","08","","1","","0","","40 27:39.665","2","0","80 01:07.228","8","0","0","0","2301","0","0","0","N","0","0","0","1","02301","0","","5.0","","9","N","N","","0","","0","0","1","","0","N","0840","1","1","1","0","0","1","0","2","0","1","","","","N","","","","","","","","","",""
"2011126979","","1","0","0","0","0","0","0","0","0","4","0","","02","12","2011","5","40.346129","-79.835876","","11","0","0","0","0","0","0","0","1","1","0","0","0","11","","0","","3","","40 20:46.064","2","7","79 50:09.153","0","0","0","0","2304","0","0","0","N","0","0","0","2","02304","0","","1.0","","1","N","N","","1","","0","0","0","","3","N","1102","2","0","0","0","0","0","0","2","0","2","","","","N","","","","","","","","","",""
"2011132298","","1","0","0","0","0","0","0","0","0","1","0","","02","12","2011","5","40.396195","-80.023707","","11","0","0","0","0","0","2","0","0","","0","0","0","12","","0","","1","","40 23:46.302","","0","80 01:25.345","0","0","0","0","2301","0","0","0","N","0","0","0","2","02301","0","","1.0","","1","N","N","","0","","0","0","1","","2","","1245","2","0","0","0","0","0","0","2","0","2","","","","N","","","","","","","","","",""
"2011133034","","0","0","0","0","0","0","1","0","0","1","1","","02","12","2011","4","40.345862","-79.973188","","11","0","0","0","0","0","0","1","0","","0","0","0","09","","2","","0","","40 20:45.104","","0","79 58:23.475","8","0","0","0","2403","0","0","0","N","0","0","0","4","02403","0","","1.0","","9","Y","N","","0","","0","0","0","","0","","0901","3","2","0","0","0","2","0","2","1","3","","","","N","","","","","","","","","",""
"2011124507","","0","0","0","0","0","0","0","0","0","7","0","","02","12","2011","6","40.478823","-80.078259","","11","0","0","0","0","0","1","0","0","3","0","0","0","16","","1","","0","","40 28:43.762","6","1","80 04:41.731","4","0","0","0","2122","0","0","0","N","0","0","0","1","02122","1","","2.0","","1","N","N","","1","","0","0","0","","0","Y","1635","1","1","0","0","0","0","0","2","0","1","","","","N","","","","","","","","","",""
"2011126191","","1","0","0","0","0","0","0","0","0","8","0","","02","12","2011","3","40.448809","-79.987534","","11","0","0","0","0","0","0","0","0","","0","0","0","17","","1","","1","","40 26:55.712","","0","79 59:15.122","8","0","0","0","2301","1","0","0","N","1","0","0","2","02301","0","","1.0","","98","N","N","","0","","0","0","0","","2","","1700","2","1","0","0","0","1","0","2","0","1","","","","N","","","","","","","","","",""
"2011125365","","1","0","0","0","0","0","0","0","0","5","1","","02","12","2011","2","40.438042","-79.994155","","11","0","0","0","0","0","1","0","0","1","0","1","0","10","","0","","6","","40 26:16.952","2","3","79 59:38.958","0","0","0","0","2301","0","0","0","N","0","0","0","2","02301","0","","1.0","","1","N","N","","0","","0","0","0","","0","N","1000","2","0","0","0","0","0","0","2","0","2","","","","N","","","","","","","","","",""
"2011130817","","1","0","0","0","0","0","0","0","0","1","0","","02","12","2011","2","40.470449","-80.011677","","11","0","0","0","0","0","0","0","0","","0","0","0","01","","0","","0","","40 28:13.616","","0","80 00:42.037","0","0","0","0","2301","0","0","0","N","0","0","0","1","02301","0","","6.0","","1","N","N","","0","","0","0","1","","0","","0114","2","0","0","0","0","0","0","2","0","2","","","","N","","","","","","","","","",""
"2011124510","","1","0","0","0","0","0","0","0","0","7","0","","02","12","2011","6","40.479763","-80.179729","","11","0","0","0","0","0","0","0","0","2","0","0","0","02","","1","","0","","40 28:47.147","6","0","80 10:47.025","3","0","0","0","2213","0","0","0","N","0","0","0","1","02213","0","","5.0","","1","N","N","","0","","1","0","0","","0","Y","0205","1","1","0","0","0","0","0","2","0","1","","","","N","","","","","","","","","",""
"2011124585","","0","0","0","0","0","0","0","0","0","5","0","","02","12","2011","5","40.490451","-79.911293","","11","0","0","0","0","0","0","0","0","2","0","0","0","05","","1","","0","","40 29:25.624","3","3","79 54:40.654","4","0","0","0","2112","0","0","0","N","0","0","0","2","68D02","1","","1.0","","2","N","N","","0","","0","0","2","","0","N","0537","2","1","0","0","0","0","0","2","0","2","","","","N","","","","","","","","","",""
"2011126067","","2","0","0","0","0","0","0","0","0","1","0","","02","12","2011","3","40.429023","-79.999334","","11","0","0","0","0","0","1","0","0","2","0","0","0","18","","3","","0","","40 25:44.482","1","4","79 59:57.604","8","0","0","0","2301","0","0","0","N","0","0","0","5","02301","0","","1.0","","1","N","N","","1","","0","0","0","","0","N","1857","3","3","0","0","0","3","0","2","0","3","","","","N","","","","","","","","","",""
"2011130819","","2","0","0","0","0","0","0","0","0","4","0","","02","12","2011","7","40.352505","-79.918605","","11","0","0","1","0","0","0","0","0","1","0","0","0","18","","0","","0","","40 21:09.018","3","0","79 55:06.978","0","0","0","0","2473","0","0","0","Y","0","0","0","2","02473","0","","1.0","","2","N","N","","0","","0","0","0","","0","N","1847","2","0","0","0","0","0","0","2","0","2","","","","N","","","","","","","","","",""
"2011124521","","0","0","0","0","0","0","0","0","0","4","0","","02","12","2011","5","40.366752","-80.014496","","11","0","0","0","0","0","0","0","0","","0","0","0","18","","1","","0","","40 22:00.308","","7","80 00:52.185","8","0","0","0","2416","0","0","0","N","0","0","0","3","02416","0","","1.0","","1","N","N","","1","","0","0","1","","0","","1808","2","1","0","0","0","1","0","2","0","2","","","","N","","","","","","","","","",""
"2011124667","","1","0","0","0","0","0","0","0","0","0","0","","02","11","2011","2","40.339288","-79.913571","","11","0","0","0","0","0","1","0","0","","0","0","0","12","","0","","3","","40 20:21.437","","0","79 54:48.854","0","0","0","0","2473","0","0","0","Y","0","0","0","1","02473","0","","1.0","","1","N","N","","0","","0","0","0","","3","","1258","1","0","0","0","0","0","0","2","0","1","","","","N","","","","","","","","","",""
"2011126055","","2","0","0","0","0","0","0","0","0","1","0","","02","12","2011","3","40.366817","-80.041338","","11","0","0","0","0","0","1","0","0","2","0","0","0","19","","2","","0","","40 22:00.541","3","0","80 02:28.817","4","0","0","0","2109","0","0","0","N","0","0","0","3","02109","2","","1.0","","9","N","N","","0","","0","0","1","","0","Y","1949","3","2","0","0","0","0","0","2","0","3","","","","N","","","","","","","","","",""
"2011126069","","2","0","0","0","0","0","0","0","0","4","0","","02","12","2011","3","40.450559","-79.93008","","11","0","0","0","0","0","1","0","0","","0","0","0","17","","1","","1","","40 27:02.012","","0","79 55:48.288","4","0","0","0","2301","0","0","0","N","0","0","0","3","02301","1","","1.0","","9","N","N","","0","","0","0","0","","3","","1740","2","1","0","0","0","0","0","2","0","2","","","","N","","","","","","","","","",""
"2011126923","","2","0","0","0","0","0","0","0","0","1","0","","02","12","2011","4","40.430269","-80.02846","","11","0","0","0","0","0","0","1","0","","0","0","0","14","","0","","3","","40 25:48.968","","0","80 01:42.455","9","0","0","0","2301","0","0","0","N","0","0","0","3","02301","0","","1.0","","9","N","N","","0","","0","0","0","","0","","1440","2","0","0","0","0","0","1","2","0","2","","","","N","","","","","","","","","",""
"2011124668","","0","0","0","0","0","0","0","0","0","7","0","","02","12","2011","5","40.486737","-79.913081","","11","0","0","0","0","0","0","0","0","1","0","0","0","05","","0","","0","","40 29:12.253","1","3","79 54:47.090","0","0","0","0","2301","0","0","0","N","0","0","0","1","02301","0","","3.0","","2","N","N","","0","","0","0","1","","0","N","0540","1","0","0","0","0","0","0","2","0","1","","","","N","","","","","","","","","",""
"2011132238","","2","0","0","0","0","0","0","0","0","1","0","","02","12","2011","4","40.538056","-79.839551","","11","0","0","0","0","0","1","2","0","1","0","0","0","06","","0","","1","","40 32:17.000","4","0","79 50:22.383","0","0","0","0","2208","0","0","0","N","0","0","0","4","02208","0","","1.0","","1","N","N","","1","","0","0","0","","2","Y","0659","4","0","0","0","0","0","0","2","1","4","","","","N","","","","","","","","","",""
"2011130759","","1","0","0","0","0","0","0","0","0","7","0","","02","12","2011","1","40.338833","-79.911573","","11","0","0","0","0","0","0","0","0","","0","0","0","02","","0","","0","","40 20:19.800","","0","79 54:41.662","0","0","0","0","2473","0","0","0","N","0","0","0","1","02473","0","","2.0","","7","N","N","","0","","0","0","0","","0","","0200","1","0","0","0","0","0","0","2","0","1","","","","N","","","","","","","","","",""
"2011132306","","1","0","0","0","0","0","0","0","0","4","1","","02","12","2011","3","40.34497","-79.924171","","11","0","0","1","0","0","0","0","0","2","0","1","0","22","","3","","2","","40 20:41.893","1","0","79 55:27.016","4","0","0","0","2473","0","0","0","N","0","0","0","3","02473","2","","1.0","","9","N","N","","0","","0","0","0","","3","Y","2235","2","3","0","0","0","1","0","2","0","2","","","","N","","","","","","","","","",""
"2011133042","","2","0","0","0","0","0","0","0","0","4","0","","02","12","2011","6","40.454112","-79.996601","","11","0","0","0","0","0","0","1","0","","0","0","0","12","","0","","1","","40 27:14.804","","0","79 59:47.764","0","0","0","0","2301","0","0","0","N","0","0","0","2","02301","0","","1.0","","1","N","N","","0","","0","0","0","","2","","1200","2","0","0","0","0","0","0","2","0","2","","","","N","","","","","","","","","",""
"2011126136","","0","0","0","0","0","0","0","0","0","1","0","","02","12","2011","4","40.464927","-79.831046","","11","0","0","0","0","0","1","0","0","","0","0","0","07","","0","","0","","40 27:53.737","","0","79 49:51.765","0","0","0","0","2113","0","0","0","N","0","0","0","2","02113","0","","1.0","","8","N","N","","0","","0","0","2","","0","","0700","2","0","0","0","0","0","0","2","0","2","","","","N","","","","","","","","","",""
"2011124669","","0","0","0","0","0","0","0","0","0","7","0","","02","12","2011","5","40.486242","-79.913334","","11","0","0","0","0","0","0","0","0","1","0","0","0","05","","0","","10","","40 29:10.470","2","3","79 54:48.001","0","0","0","0","2301","0","0","0","N","0","0","0","1","02301","0","","1.0","","2","N","N","","1","","0","0","0","","0","N","0540","1","0","0","0","0","0","0","2","0","1","","","","N","","","","","","","","","",""
"2011130822","","2","0","0","0","0","0","0","0","0","2","0","","02","12","2011","6","40.379681","-79.807788","","11","0","0","0","0","0","1","0","0","2","0","0","0","07","","2","","0","","40 22:46.853","6","0","79 48:28.038","3","0","0","0","2424","0","0","0","N","0","0","0","3","02424","0","","1.0","","1","N","N","","1","","1","0","0","","0","N","0710","3","2","0","0","0","1","0","2","0","3","","","","N","","","","","","","","","",""
"2011133061","","1","0","0","0","0","0","0","0","0","4","0","25","02","12","2011","5","40.624158","-80.053756","","11","0","0","0","0","0","0","0","0","","0","0","0","12","","0","","0","","40 37:26.969","","7","80 03:13.522","0","0","0","0","2216","0","0","0","N","0","0","0","2","02505","0","","1.0","","1","N","N","","1","","0","0","0","","0","","1217","2","0","0","0","0","0","0","1","0","2","","","Y","Y","4","1","","","N","Y","","","Y",""
"2011124671","","1","0","0","0","0","0","0","0","0","7","0","","02","12","2011","7","","","","11","0","0","0","0","0","0","0","0","2","0","0","0","01","","0","","0","","","1","2","","9","0","0","0","2301","0","0","0","N","0","0","0","2","02301","0","","2.0","","1","N","N","","0","","0","0","0","","0","N","0120","1","0","1","0","0","0","1","1","0","1","","","","N","","","","","","","","","",""
"2011126200","","0","0","0","0","0","0","0","0","0","7","0","","02","12","2011","4","40.450193","-80.107667","","11","0","0","0","0","0","0","0","0","","0","0","0","12","","0","","2","","40 27:00.694","","0","80 06:27.601","0","0","0","0","2126","0","0","0","N","0","0","0","1","02126","0","","2.0","","9","N","N","","0","","0","0","0","","0","","1233","2","0","0","0","0","0","0","2","1","1","","","","N","","","","","","","","","",""
"2011133063","","1","0","0","0","0","0","0","0","0","7","0","","02","12","2011","6","40.333543","-79.984051","","11","0","1","0","0","0","0","0","0","","0","0","0","12","","1","","0","","40 20:00.753","","0","79 59:02.582","8","0","0","0","2403","0","0","0","Y","0","0","0","5","02403","0","","4.0","","1","Y","N","","0","","0","0","0","","0","","1230","1","1","0","0","0","1","0","2","0","1","","","","N","","","","","","","","","",""
"2011126139","","1","0","0","0","0","0","0","0","0","2","0","","02","12","2011","4","40.244914","-79.920938","","11","0","0","0","0","0","1","0","0","2","0","0","0","06","","2","","0","","40 14:41.690","6","0","79 55:15.377","3","0","0","0","2204","0","0","0","N","0","0","0","2","02204","1","","1.0","","9","N","N","","0","","1","0","1","","0","Y","0655","2","2","0","0","0","0","0","1","0","2","","","","N","","","","","","","","","",""