"CRN","ARRIVAL_TM","AUTOMOBILE_COUNT","BELTED_DEATH_COUNT","BELTED_SUSP_SERIOUS_INJ_COUNT","BICYCLE_COUNT","BICYCLE_DEATH_COUNT","BICYCLE_SUSP_SERIOUS_INJ_COUNT","BUS_COUNT","CHLDPAS_DEATH_COUNT","CHLDPAS_SUSP_SERIOUS_INJ_COUNT","COLLISION_TYPE","COMM_VEH_COUNT","CONS_ZONE_SPD_LIM","COUNTY","CRASH_MONTH","CRASH_YEAR","DAY_OF_WEEK","DEC_LATITUDE","DEC_LONGITUDE","DISPATCH_TM","DISTRICT","DRIVER_COUNT_16YR","DRIVER_COUNT_17YR","DRIVER_COUNT_18YR","DRIVER_COUNT_19YR","DRIVER_COUNT_20YR","DRIVER_COUNT_50_64YR","DRIVER_COUNT_65_74YR","DRIVER_COUNT_75PLUS","EST_HRS_CLOSED","FATAL_COUNT","HEAVY_TRUCK_COUNT","HORSE_BUGGY_COUNT","HOUR_OF_DAY","ILLUMINATION","INJURY_COUNT","INTERSECTION_RELATED","INTERSECT_TYPE","LANE_CLOSED","LATITUDE","LN_CLOSE_DIR","LOCATION_TYPE","LONGITUDE","MAX_SEVERITY_LEVEL","MCYCLE_DEATH_COUNT","MCYCLE_SUSP_SERIOUS_INJ_COUNT","MOTORCYCLE_COUNT","MUNICIPALITY","NONMOTR_COUNT","NONMOTR_DEATH_COUNT","NONMOTR_SUSP_SERIOUS_INJ_COUNT","NTFY_HIWY_MAINT","PED_COUNT","PED_DEATH_COUNT","PED_SUSP_SERIOUS_INJ_COUNT","PERSON_COUNT","POLICE_AGCY","POSSIBLE_INJ_COUNT","RDWY_SURF_TYPE_CD","RELATION_TO_ROAD","ROADWAY_CLEARED","ROAD_CONDITION","SCH_BUS_IND","SCH_ZONE_IND","SECONDARY_CRASH","SMALL_TRUCK_COUNT","SPEC_JURIS_CD","SUSP_MINOR_INJ_COUNT","SUSP_SERIOUS_INJ_COUNT","SUV_COUNT","TCD_FUNC_CD","TCD_TYPE","TFC_DETOUR_IND","TIME_OF_DAY","TOTAL_UNITS","TOT_INJ_COUNT","UNBELTED_OCC_COUNT","UNB_DEATH_COUNT","UNB_SUSP_SERIOUS_INJ_COUNT","UNK_INJ_DEG_COUNT","UNK_INJ_PER_COUNT","URBAN_RURAL","VAN_COUNT","VEHICLE_COUNT","WEATHER1","WEATHER2","WORKERS_PRES","WORK_ZONE_IND","WORK_ZONE_LOC","WORK_ZONE_TYPE","WZ_CLOSE_DETOUR","WZ_FLAGGER","WZ_LAW_OFFCR_IND","WZ_LN_CLOSURE","WZ_MOVING","WZ_OTHER","WZ_SHLDER_MDN","WZ_WORKERS_INJ_KILLED"
"2011126099","","2","0","0","0","0","0","0","0","0","1","0","","02","12","2011","3","40.33245","-79.93379","","11","0","0","0","1","0","0","0","0","1","0","0","0","","","1","","1","","40 19:56.821","2","0","79 56:01.645","8","0","0","0","2473","0","0","0","N","0","0","0","2","02473","0","","1.0","","9","N","N","","0","","0","0","0","","2","N","","2","1","0","0","0","1","0","2","0","2","","","","N","","","","","","","","","",""
"2011124630","","0","0","0","0","0","0","0","0","0","2","0","","02","12","2011","5","40.359081","-79.974796","","11","0","0","0","0","0","1","0","0","","0","0","0","","","0","","0","","40 21:32.691","","0","79 58:29.264","0","0","0","0","2476","0","0","0","N","0","0","0","1","02476","0","","6.0","","1","N","N","","0","","0","0","1","","0","","","2","0","0","0","0","0","0","2","1","2","","","","N","","","","","","","","","",""
"2011131486","","1","0","0","0","0","0","0","0","0","7","0","","02","10","2011","6","40.610756","-79.760263","","11","0","0","0","0","0","0","0","0","2","0","0","0","","","0","","0","","40 36:38.723","2","2","79 45:36.945","0","0","0","0","2202","0","0","0","N","0","0","0","1","68D02","0","","3.0","","1","N","N","","0","","0","0","0","","0","N","","1","0","0","0","0","0","0","2","0","1","","","","N","","","","","","","","","",""
"2011124645","","0","0","0","0","0","0","0","0","0","8","0","","02","12","2011","6","40.450916","-79.943053","","11","0","0","0","0","0","0","0","0","1","0","0","0","","","1","","1","","40 27:03.297","3","0","79 56:34.990","3","0","0","0","2301","1","0","0","N","1","0","0","2","02301","0","","1.0","","1","N","N","","0","","1","0","1","","2","N","","2","1","0","0","0","0","0","2","0","1","","","","N","","","","","","","","","",""
"2011131487","","0","0","0","0","0","0","0","0","0","7","0","","02","12","2011","2","40.539009","-79.840612","","11","0","0","0","0","0","0","0","0","","0","0","0","","","1","","0","","40 32:20.434","","2","79 50:26.204","4","0","0","0","2208","0","0","0","N","0","0","0","1","68D02","1","","5.0","","1","N","N","","0","","0","0","0","","0","","","1","1","1","0","0","0","0","2","1","1","","","","N","","","","","","","","","",""
"2011126101","","2","0","0","0","0","0","0","0","0","4","0","","02","12","2011","3","40.388183","-80.01091","","11","0","0","0","0","0","0","0","0","1","0","0","0","","","0","","1","","40 23:17.458","4","0","80 00:39.276","0","0","0","0","2301","0","0","0","N","0","0","0","2","02301","0","","1.0","","9","N","N","","0","","0","0","0","","3","N","","2","0","0","0","0","0","0","2","0","2","","","","N","","","","","","","","","",""
"2011124633","","1","0","0","0","0","0","0","0","0","8","0","","02","12","2011","6","40.439991","-79.991306","","11","0","0","0","1","0","0","0","0","","0","0","0","","","1","","0","","40 26:23.969","","0","79 59:28.701","4","0","0","0","2301","1","0","0","N","1","0","0","2","02301","1","","1.0","","1","N","N","","0","","0","0","0","","0","","","2","1","1","0","0","0","0","2","0","1","","","","N","","","","","","","","","",""
"2011126967","","2","0","0","0","0","0","0","0","0","1","0","","02","12","2011","5","40.434956","-79.992845","","11","0","0","0","0","0","0","1","0","","0","0","0","","","1","","0","","40 26:05.842","","0","79 59:34.242","8","0","0","0","2301","0","0","0","N","0","0","0","3","02301","0","","1.0","","1","N","N","","0","","0","0","1","","0","","","3","1","0","0","0","1","0","2","0","3","","","","N","","","","","","","","","",""
"2011133006","","1","0","0","0","0","0","0","0","0","1","0","","02","12","2011","5","40.424719","-79.859389","","11","0","0","0","0","0","0","0","0","1","0","0","0","","","2","","1","","40 25:28.989","4","0","79 51:33.799","4","0","0","0","2431","0","0","0","N","0","0","0","3","02431","2","","1.0","","1","N","N","","1","","0","0","0","","2","N","","2","2","0","0","0","0","0","2","0","2","","","","N","","","","","","","","","",""
"2011125336","","1","0","0","0","0","0","0","0","0","1","0","","02","12","2011","6","40.415417","-79.876818","","11","0","0","0","0","0","0","0","0","","0","0","0","","","0","","1","","40 24:55.501","","0","79 52:36.544","0","0","0","0","2463","0","0","0","N","0","0","0","2","02463","0","","1.0","","1","N","N","","1","","0","0","0","","0","","","2","0","2","0","0","0","0","2","0","2","","","","N","","","","","","","","","",""
"2011125416","","1","0","0","0","0","0","0","0","0","4","0","","02","8","2011","7","40.646083","-79.709513","","11","0","0","0","1","0","0","1","0","1","0","0","0","","","3","","2","","40 38:45.899","2","7","79 42:34.246","3","0","0","0","2106","0","0","0","N","0","0","0","3","02106","2","","1.0","","1","N","N","","1","","1","0","0","","3","Y","","2","3","0","0","0","0","0","2","0","2","","","","N","","","","","","","","","",""
"2011132273","","2","0","0","0","0","0","0","0","0","1","0","","02","12","2011","4","40.348629","-79.975089","","11","0","0","0","0","0","1","0","1","1","0","0","0","","","0","","0","","40 20:55.066","2","0","79 58:30.319","0","0","0","0","2476","0","0","0","N","0","0","0","2","02476","0","","1.0","","9","N","N","","0","","0","0","0","","0","N","","2","0","0","0","0","0","0","2","0","2","","","","N","","","","","","","","","",""
"2011130803","","1","0","0","0","0","0","0","0","0","7","0","","02","12","2011","1","40.323996","-80.138309","","11","0","0","0","1","0","0","0","0","6","0","0","0","","","1","","0","","40 19:26.384","7","0","80 08:17.912","3","0","0","0","2119","0","0","0","N","0","0","0","2","02119","0","","2.0","","7","N","N","","0","","1","0","0","","0","Y","","1","1","0","0","0","0","0","2","0","1","","","","N","","","","","","","","","",""
"2011124495","","1","0","0","0","0","0","0","0","0","1","0","","02","12","2011","6","40.37122","-80.032818","","11","0","0","0","0","0","0","0","0","1","0","0","0","","","0","","2","","40 22:16.392","3","0","80 01:58.146","0","0","0","0","2109","0","0","0","N","0","0","0","2","02109","0","","1.0","","1","N","N","","0","","0","0","1","","0","N","","2","0","0","0","0","0","0","2","0","2","","","","N","","","","","","","","","",""
"2011125417","","1","0","0","0","0","0","0","0","0","4","0","","02","8","2011","7","40.621289","-79.728298","","11","0","0","0","0","0","1","0","0","","0","0","0","","","3","","2","","40 37:16.639","","0","79 43:41.874","4","0","0","0","2106","0","0","0","N","0","0","0","6","02106","3","","1.0","","1","N","N","","0","","0","0","0","","3","","","2","3","0","0","0","0","0","2","1","2","","","","N","","","","","","","","","",""
"2011126245","","2","0","0","0","0","0","0","0","0","4","0","","02","12","2011","5","","","","11","0","0","0","0","0","0","0","0","1","0","0","0","","","0","","0","","","4","7","","0","0","0","0","2446","0","0","0","N","0","0","0","2","02446","0","","1.0","","1","N","N","","0","","0","0","0","","0","N","","2","0","2","0","0","0","0","1","0","2","","","","N","","","","","","","","","",""
"2011124636","","2","0","0","0","0","0","0","0","0","1","0","","02","12","2011","6","40.455046","-79.710826","","11","0","0","0","0","0","0","1","0","1","0","0","0","","","0","","2","","40 27:18.167","1","0","79 42:38.972","9","0","0","0","2466","0","0","0","N","0","0","0","7","02466","0","","1.0","","1","N","N","","0","","0","0","1","","2","N","","3","0","0","0","0","0","1","2","0","3","","","","N","","","","","","","","","",""
"2011125418","","2","0","0","0","0","0","0","0","0","5","0","","02","11","2011","4","40.447539","-80.165035","","11","0","0","0","0","0","0","0","0","","0","0","0","","","0","","6","","40 26:51.140","","2","80 09:54.126","0","0","0","0","2115","0","0","0","N","0","0","0","2","02115","0","","1.0","","1","N","N","","0","","0","0","0","","3","","","2","0","0","0","0","0","0","2","0","2","","","","N","","","","","","","","","",""
"2011126181","","2","0","0","0","0","0","0","0","0","4","1","","02","12","2011","5","40.437428","-79.979527","","11","0","0","0","0","0","1","1","0","1","0","0","0","","","1","","1","","40 26:14.740","3","0","79 58:46.297","8","0","0","0","2301","0","0","0","N","0","0","0","4","02301","0","","1.0","","1","N","N","","0","","0","0","0","","3","N","","3","1","0","0","0","1","0","2","1","3","","","","N","","","","","","","","","",""
"2011130805","","1","0","0","0","0","0","0","0","0","1","0","","02","12","2011","7","40.400403","-80.030881","","11","0","0","0","0","0","0","0","0","1","0","0","0","","","0","","2","","40 24:01.450","6","0","80 01:51.171","0","0","0","0","2301","0","0","0","N","0","0","0","1","02301","0","","1.0","","1","N","N","","0","","0","0","1","","0","N","","2","0","0","0","0","0","0","2","0","2","","","","N","","","","","","","","","",""
"2011125339","","0","0","0","0","0","0","0","0","0","6","0","","02","11","2011","4","40.50658","-79.842875","","11","0","0","0","0","0","1","0","0","","0","0","0","","","0","","1","","40 30:23.687","","0","79 50:34.351","0","0","0","0","2468","0","0","0","N","0","0","0","2","02468","0","","1.0","","1","N","N","","0","","0","0","2","","2","","","2","0","0","0","0","0","0","2","0","2","","","","N","","","","","","","","","",""
"2011125419","","2","0","0","0","0","0","0","0","0","4","0","","02","12","2011","6","40.439967","-80.087558","","11","0","0","0","0","1","1","0","0","","0","0","0","","","0","","0","","40 26:23.880","","0","80 05:15.210","0","0","0","0","2115","0","0","0","N","0","0","0","2","02115","0","","1.0","","1","N","N","","0","","0","0","0","","0","","","2","0","0","0","0","0","0","2","0","2","","","","N","","","","","","","","","",""
"2011133024","","1","0","0","0","0","0","0","0","0","4","1","","02","12","2011","6","40.483769","-80.04999","","11","0","0","0","0","0","0","0","0","1","0","1","0","","","0","","0","","40 29:01.567","1","0","80 02:59.964","0","0","0","0","2301","0","0","0","N","0","0","0","3","02301","0","","1.0","","1","N","N","","0","","0","0","0","","0","N","","2","0","0","0","0","0","0","2","0","2","","","","N","","","","","","","","","",""
"2011124498","","1","0","0","0","0","0","0","0","0","99","0","35","02","12","2011","6","40.459023","-79.985468","","11","0","0","0","0","0","0","0","0","1","0","0","0","","","0","","0","","40 27:32.483","4","0","79 59:07.684","0","0","0","0","2301","0","0","0","N","0","0","0","1","02301","0","","1.0","","1","N","N","","0","","0","0","0","","0","N","","1","0","0","0","0","0","0","2","0","1","","","Y","Y","4","1","","","N","","","","Y",""
"2011125420","","1","0","0","0","0","0","0","0","0","7","0","","02","11","2011","3","40.528806","-80.240517","","11","0","0","0","1","0","0","0","0","","0","0","0","","","0","","0","","40 31:43.702","","0","80 14:25.861","0","0","0","0","2213","0","0","0","N","0","0","0","1","02213","0","","4.0","","1","N","N","","0","","0","0","0","","0","","","1","0","0","0","0","0","0","2","0","1","","","","N","","","","","","","","","",""
"2011132292","","0","0","0","0","0","0","0","0","0","4","0","","02","12","2011","5","40.442442","-80.00323","","11","0","0","0","0","0","0","1","0","","0","0","0","","","0","","1","","40 26:32.791","","0","80 00:11.628","0","0","0","0","2301","0","0","0","N","0","0","0","3","02301","0","","1.0","","1","N","N","","1","","0","0","1","","2","","","2","0","0","0","0","0","0","2","0","2","","","","N","","","","","","","","","",""
"2011132358","","1","0","0","0","0","0","0","0","0","1","0","","02","12","2011","5","40.53017","-79.874422","","11","0","1","0","0","0","1","0","0","2","0","0","0","","","1","","0","","40 31:48.612","1","0","79 52:27.919","8","0","0","0","2432","0","0","0","N","0","0","0","4","02432","0","","1.0","","1","N","N","","0","","0","0","1","","0","N","","2","1","0","0","0","1","0","2","0","2","","","","N","","","","","","","","","",""
"2011126835","","1","0","0","0","0","0","0","0","0","1","0","","02","11","2011","5","40.417719","-80.055538","","11","0","0","0","0","0","0","0","0","1","0","0","0","","","0","","0","","40 25:03.787","3","0","80 03:19.935","0","0","0","0","2435","0","0","0","N","0","0","0","2","68B03","0","","1.0","","1","N","N","","0","","0","0","0","","0","N","","2","0","0","0","0","0","0","2","1","2","","","","N","","","","","","","","","",""
"2011125341","","1","0","0","0","0","0","0","0","0","7","0","","02","12","2011","2","40.410278","-80.024637","","11","0","0","0","0","0","0","0","0","1","0","0","0","","","1","","0","","40 24:37.000","2","0","80 01:28.693","8","0","0","0","2301","0","0","0","N","0","0","0","1","02301","0","","2.0","","1","N","N","","0","","0","0","0","","0","N","","1","1","0","0","0","1","0","2","0","1","","","","N","","","","","","","","","",""
"2011124652","","2","0","0","0","0","0","0","0","0","5","0","","02","11","2011","2","40.447137","-79.895168","","11","0","0","0","0","0","0","1","0","1","0","0","0","","","1","","1","","40 26:49.694","1","0","79 53:42.603","4","0","0","0","2301","0","0","0","N","0","0","0","3","02301","1","","1.0","","1","N","N","","0","","0","0","1","","2","N","","3","1","0","0","0","0","0","2","0","3","","","","N","","","","","","","","","",""
"2011125421","","2","0","0","0","0","0","0","0","0","1","0","","02","12","2011","6","40.5303","-80.188417","","11","0","0","0","0","0","0","0","0","2","0","0","0","","","0","","0","","40 31:49.081","3","0","80 11:18.300","0","0","0","0","2213","0","0","0","N","0","0","0","3","02213","0","","1.0","","1","N","N","","0","","0","0","0","","0","N","","2","0","0","0","0","0","0","2","0","2","","","","N","","","","","","","","","",""
"2011132293","","1","0","0","0","0","0","0","0","0","4","0","","02","12","2011","5","40.6304","-80.057178","","11","0","0","0","0","0","1","0","1","1","0","0","0","","","0","","0","","40 37:49.440","5","7","80 03:25.839","0","0","0","0","2216","0","0","0","N","0","0","0","3","02505","0","","1.0","","1","N","N","","0","","0","0","1","","0","N","","2","0","0","0","0","0","0","2","0","2","","","","N","","","","","","","","","",""
"2011133027","","1","0","0","0","0","0","0","0","0","1","0","","02","12","2011","6","40.421188","-79.799861","","11","0","0","0","0","0","1","1","0","1","0","0","0","","","1","","2","","40 25:16.276","4","0","79 47:59.499","4","0","0","0","2446","0","0","0","N","0","0","0","2","02446","1","","1.0","","1","N","N","","0","","0","0","1","","0","N","","2","1","0","0","0","0","0","2","0","2","","","","N","","","","","","","","","",""
"2011126836","","1","0","0","0","0","0","0","0","0","7","0","","02","11","2011","7","40.432203","-79.960155","","11","0","0","0","1","0","0","0","0","","0","0","0","","","1","","0","","40 25:55.930","","0","79 57:36.557","4","0","0","0","2301","0","0","0","N","0","0","0","1","68B03","1","","2.0","","1","N","N","","0","","0","0","0","","0","","","1","1","0","0","0","0","0","2","0","1","","","","N","","","","","","","","","",""
"2011125422","","0","0","0","0","0","0","0","0","0","4","0","","02","12","2011","5","40.326499","-80.04829","","11","0","0","0","0","0","0","1","0","1","0","0","0","","","0","","0","","40 19:35.395","3","7","80 02:53.844","0","0","0","0","2407","0","0","0","N","0","0","0","2","02407","0","","1.0","","1","N","N","","1","","0","0","1","","3","N","","2","0","0","0","0","0","0","2","0","2","","","","N","","","","","","","","","",""
"2011126837","","0","0","0","0","0","0","0","0","0","7","0","","02","11","2011","1","40.428649","-79.955944","","11","0","0","0","0","0","0","0","0","1","0","0","0","","","1","","0","","40 25:43.138","3","0","79 57:21.398","4","0","0","0","2301","0","0","0","N","0","0","0","1","68B03","1","","3.0","","1","N","N","","0","","0","0","1","","0","N","","1","1","0","0","0","0","0","2","0","1","","","","N","","","","","","","","","",""
"2011124576","","2","0","0","0","0","0","0","0","0","1","0","","02","12","2011","5","40.45044","-80.111107","","11","0","0","0","0","1","0","0","0","","0","0","0","","","2","","0","","40 27:01.585","","0","80 06:39.986","4","0","0","0","2115","0","0","0","N","0","0","0","2","68B03","2","","1.0","","1","N","N","","0","","0","0","0","","0","","","2","2","0","0","0","0","0","2","0","2","","","","N","","","","","","","","","",""
"2011126912","","1","0","0","0","0","0","0","0","0","1","0","","02","12","2011","4","40.343574","-79.985189","","11","0","0","0","0","0","1","0","1","","0","0","0","","","0","","0","","40 20:36.866","","0","79 59:06.679","0","0","0","0","2403","0","0","0","N","0","0","0","2","02403","0","","1.0","","9","N","N","","0","","0","0","1","","0","","","2","0","0","0","0","0","0","2","0","2","","","","N","","","","","","","","","",""
"2011125423","","2","0","0","0","0","0","0","0","0","1","0","","02","12","2011","7","40.34766","-80.053714","","11","0","0","0","0","0","2","0","0","","0","0","0","","","1","","0","","40 20:51.576","","0","80 03:13.371","3","0","0","0","2407","0","0","0","N","0","0","0","6","02407","0","","1.0","","1","N","N","","0","","1","0","1","","2","","","3","1","0","0","0","0","0","2","0","3","","","","N","","","","","","","","","",""
"2011130747","","2","0","0","0","0","0","0","0","0","0","0","","02","12","2011","7","40.445472","-79.999193","","11","0","0","0","0","0","0","0","0","2","0","0","0","","","0","","10","","40 26:43.699","7","8","79 59:57.095","0","0","0","0","2301","0","0","0","N","0","0","0","4","02301","0","","1.0","","2","N","N","","0","","0","0","0","","0","Y","","2","0","0","0","0","0","0","2","0","2","","","","N","","","","","","","","","",""
"2011130810","","0","0","0","0","0","0","0","0","0","6","0","","02","12","2011","7","40.347393","-79.92787","","11","0","0","0","0","0","1","0","0","","0","0","0","","","1","","0","","40 20:50.614","","0","79 55:40.332","4","0","0","0","2473","0","0","0","N","0","0","0","2","02473","1","","1.0","","2","N","N","","0","","0","0","1","","0","","","2","1","0","0","0","0","0","2","1","2","","","","N","","","","","","","","","",""
"2011126838","","1","0","0","0","0","0","0","0","0","99","0","","02","12","2011","1","40.437922","-80.197422","","11","0","0","0","0","1","0","0","0","","0","0","0","","","0","","0","","40 26:16.520","","0","80 11:50.720","0","0","0","0","2214","0","0","0","N","0","0","0","1","68B03","0","","1.0","","1","N","N","","0","","0","0","0","","0","","","1","0","0","0","0","0","0","2","0","1","","","","N","","","","","","","","","",""
"2011124577","","0","0","0","0","0","0","0","0","0","1","0","","02","12","2011","5","40.435351","-79.967196","","11","0","0","0","0","0","0","2","0","1","0","0","0","","","0","","7","","40 26:07.265","4","2","79 58:01.904","0","0","0","0","2301","0","0","0","N","0","0","0","3","68B03","0","","1.0","","1","N","N","","0","","0","0","1","","0","N","","2","0","0","0","0","0","0","2","1","2","","","","N","","","","","","","","","",""
"2011125359","","1","0","0","0","0","0","0","0","0","7","0","","02","12","2011","2","40.348275","-79.945597","","11","0","0","0","0","0","0","0","0","1","0","0","0","","","1","","0","","40 20:53.791","4","0","79 56:44.148","8","0","0","0","2473","0","0","0","N","0","0","0","1","02473","0","","4.0","","1","N","N","","0","","0","0","0","","0","N","","1","1","0","0","0","1","0","2","0","1","","","","N","","","","","","","","","",""
"2011130748","","1","0","1","0","0","0","0","0","0","7","0","","02","12","2011","7","40.349952","-79.969542","","11","0","0","0","0","0","0","0","0","2","0","0","0","","","1","","10","","40 20:59.827","6","0","79 58:10.352","2","0","0","0","2403","0","0","0","N","0","0","0","2","02403","0","","2.0","","7","N","N","","0","","0","1","0","","0","Y","","1","1","0","0","0","0","0","2","0","1","","","","N","","","","","","","","","",""
"2011132440","","0","0","0","0","0","0","0","0","0","7","0","","02","12","2011","4","40.526578","-80.016869","","11","0","0","0","0","0","0","0","0","","0","0","0","","","0","","0","","40 31:35.680","","0","80 01:00.728","0","0","0","0","2116","0","0","0","N","0","0","0","3","02116","0","","5.0","","9","N","N","","0","","0","0","1","","0","","","1","0","0","0","0","0","0","2","0","1","","","","N","","","","","","","","","",""
"2011130950","","1","0","0","0","0","0","0","0","0","99","0","","02","12","2011","5","40.350198","-80.148024","","11","0","0","0","0","0","0","0","0","","0","0","0","","","0","","0","","40 21:00.711","","0","80 08:52.886","0","0","0","0","2119","0","0","0","N","0","0","0","1","02119","0","","1.0","","1","N","N","","0","","0","0","0","","0","","","1","0","0","0","0","0","0","2","0","1","","","","N","","","","","","","","","",""
"2011131856","","1","0","0","0","0","0","0","0","0","4","0","","02","12","2011","4","40.430082","-79.985261","","11","0","0","0","0","0","0","0","0","","0","0","0","","","0","","0","","40 25:48.295","","7","79 59:06.939","0","0","0","0","2301","0","0","0","N","0","0","0","2","02301","0","","1.0","","9","N","N","","0","","0","0","1","","0","","","2","0","0","0","0","0","0","2","0","2","","","","N","","","","","","","","","",""
"2011131703","","1","0","0","0","0","0","0","0","0","8","0","","02","12","2011","5","40.44719","-79.947355","","11","0","0","0","0","0","1","0","0","","0","0","0","","","1","","0","","40 26:49.883","","0","79 56:50.479","8","0","0","0","2301","1","0","0","N","1","0","0","2","02301","0","","1.0","","1","N","N","","0","","0","0","0","","0","","","2","1","0","0","0","1","0","2","0","1","","","","N","","","","","","","","","",""
"2011131031","","1","0","0","0","0","0","0","0","0","8","0","","02","12","2011","4","40.392467","-79.900257","","11","0","0","0","0","0","0","0","0","1","0","0","0","","","1","","2","","40 23:32.881","5","0","79 54:00.925","3","0","0","0","2448","1","0","0","N","1","0","0","2","02448","0","","1.0","","1","N","N","","0","","1","0","0","","3","Y","","2","1","0","0","0","0","0","2","0","1","","","","N","","","","","","","","","",""
"2011133228","","1","0","0","0","0","0","0","0","0","5","0","","02","12","2011","6","40.56495","-79.956914","","11","0","0","0","0","0","0","0","0","","0","0","0","","","0","","2","","40 33:53.820","","0","79 57:24.892","0","0","0","0","2207","0","0","0","N","0","0","0","3","02207","0","","1.0","","9","N","N","","0","","0","0","1","","3","","","2","0","0","0","0","0","0","2","0","2","","","","N","","","","","","","","","",""
"2011131922","","1","0","0","0","0","0","1","0","0","1","1","","02","12","2011","4","40.423049","-79.88751","","11","0","0","0","0","0","0","1","0","","0","0","0","","","0","","2","","40 25:22.976","","0","79 53:15.036","0","0","0","0","2463","0","0","0","N","0","0","0","3","02463","0","","1.0","","9","Y","N","","0","","0","0","0","","3","","","2","0","0","0","0","0","0","2","0","2","","","","N","","","","","","","","","",""
"2011133119","","1","0","0","0","0","0","0","0","0","7","0","","02","12","2011","2","40.352855","-80.142258","","11","0","0","0","0","0","1","0","0","","0","0","0","","","0","","0","","40 21:10.278","","0","80 08:32.127","0","0","0","0","2119","0","0","0","N","0","0","0","1","02119","0","","1.0","","1","N","N","","0","","0","0","0","","0","","","1","0","0","0","0","0","0","2","0","1","","","","N","","","","","","","","","",""
"2011131845","","2","0","0","0","0","0","0","0","0","2","0","","02","12","2011","4","40.379359","-79.853681","","11","0","0","0","0","0","0","0","0","","0","0","0","","","1","","3","","40 22:45.694","","0","79 51:13.251","4","0","0","0","2303","0","0","0","N","0","0","0","1","02303","1","","4.0","","9","N","N","","0","","0","0","1","","0","","","3","1","0","0","0","0","0","2","0","3","","","","N","","","","","","","","","",""
"2011133309","","1","0","0","0","0","0","0","0","0","1","0","","02","12","2011","3","40.412959","-80.065528","","11","0","0","0","0","0","2","0","0","","0","0","0","","","0","","0","","40 24:46.653","","0","80 03:55.902","0","0","0","0","2435","0","0","0","N","0","0","0","4","68B03","0","","1.0","","9","N","N","","0","","0","0","2","","0","","","3","0","0","0","0","0","0","2","0","3","","","","N","","","","","","","","","",""
"2011130954","","1","0","0","0","0","0","0","0","0","4","0","","02","12","2011","2","40.430302","-80.000609","","11","0","0","0","0","1","0","0","0","","0","0","0","","","1","","2","","40 25:49.087","","0","80 00:02.192","3","0","0","0","2301","0","0","0","N","0","0","0","3","02301","0","","1.0","","1","N","N","","0","","1","0","1","","3","","","2","1","2","0","0","0","0","2","0","2","","","","N","","","","","","","","","",""
"2011133310","","1","0","0","0","0","0","0","0","0","5","0","","02","12","2011","4","40.4283","-79.947681","","11","0","1","0","0","0","0","0","0","","0","0","0","","","0","","0","","40 25:41.879","","3","79 56:51.653","0","0","0","0","2301","0","0","0","N","0","0","0","2","68B03","0","","1.0","","9","N","N","","0","","0","0","1","","0","","","2","0","0","0","0","0","0","2","0","2","","","","N","","","","","","","","","",""
"2011130832","","1","0","0","0","0","0","0","0","0","7","0","","02","12","2011","7","40.587861","-79.925092","","11","0","0","0","0","0","0","0","0","2","0","0","0","","","0","","0","","40 35:16.299","1","0","79 55:30.331","0","0","0","0","2207","0","0","0","N","0","0","0","2","02207","0","","2.0","","2","N","N","","0","","0","0","0","","0","N","","1","0","0","0","0","0","0","1","0","1","","","","N","","","","","","","","","",""
"2011133311","","1","0","0","0","0","0","0","0","0","1","0","","02","12","2011","4","40.425484","-79.906623","","11","0","0","0","0","0","0","0","0","","0","0","0","","","0","","0","","40 25:31.743","","4","79 54:23.842","0","0","0","0","2301","0","0","0","N","0","0","0","2","68B03","0","","1.0","","9","N","N","","0","","0","0","1","","0","","","2","0","0","0","0","0","0","2","0","2","","","","N","","","","","","","","","",""
"2011131111","","0","0","0","0","0","0","0","0","0","4","0","","02","12","2011","7","40.667846","-79.715079","","11","0","0","0","0","0","0","1","0","3","0","0","0","","","2","","0","","40 40:04.246","5","3","79 42:54.284","3","0","0","0","2106","0","0","0","Y","0","0","0","4","68D02","1","","3.0","","2","N","N","","1","","1","0","1","","0","Y","","2","2","1","0","0","0","0","2","0","2","","","","N","","","","","","","","","",""
"2011131178","","2","0","0","0","0","0","0","0","0","6","0","","02","12","2011","2","40.440437","-79.991426","","11","0","0","0","0","0","0","0","0","","0","0","0","","","1","","2","","40 26:25.573","","0","79 59:29.134","8","0","0","0","2301","0","0","0","N","0","0","0","3","02301","0","","1.0","","1","N","N","","0","","0","0","0","","2","","","2","1","0","0","0","1","0","2","0","2","","","","N","","","","","","","","","",""
"2011131927","","1","0","0","0","0","0","0","0","0","4","0","","02","12","2011","4","40.43458","-79.989819","","11","0","0","0","0","1","0","0","0","","0","0","0","","","0","","1","","40 26:04.489","","0","79 59:23.348","0","0","0","0","2301","0","0","0","N","0","0","0","2","02301","0","","1.0","","9","N","N","","0","","0","0","1","","2","","","2","0","0","0","0","0","0","2","0","2","","","","N","","","","","","","","","",""