"CRN","ARRIVAL_TM","AUTOMOBILE_COUNT","BELTED_DEATH_COUNT","BELTED_SUSP_SERIOUS_INJ_COUNT","BICYCLE_COUNT","BICYCLE_DEATH_COUNT","BICYCLE_SUSP_SERIOUS_INJ_COUNT","BUS_COUNT","CHLDPAS_DEATH_COUNT","CHLDPAS_SUSP_SERIOUS_INJ_COUNT","COLLISION_TYPE","COMM_VEH_COUNT","CONS_ZONE_SPD_LIM","COUNTY","CRASH_MONTH","CRASH_YEAR","DAY_OF_WEEK","DEC_LATITUDE","DEC_LONGITUDE","DISPATCH_TM","DISTRICT","DRIVER_COUNT_16YR","DRIVER_COUNT_17YR","DRIVER_COUNT_18YR","DRIVER_COUNT_19YR","DRIVER_COUNT_20YR","DRIVER_COUNT_50_64YR","DRIVER_COUNT_65_74YR","DRIVER_COUNT_75PLUS","EST_HRS_CLOSED","FATAL_COUNT","HEAVY_TRUCK_COUNT","HORSE_BUGGY_COUNT","HOUR_OF_DAY","ILLUMINATION","INJURY_COUNT","INTERSECTION_RELATED","INTERSECT_TYPE","LANE_CLOSED","LATITUDE","LN_CLOSE_DIR","LOCATION_TYPE","LONGITUDE","MAX_SEVERITY_LEVEL","MCYCLE_DEATH_COUNT","MCYCLE_SUSP_SERIOUS_INJ_COUNT","MOTORCYCLE_COUNT","MUNICIPALITY","NONMOTR_COUNT","NONMOTR_DEATH_COUNT","NONMOTR_SUSP_SERIOUS_INJ_COUNT","NTFY_HIWY_MAINT","PED_COUNT","PED_DEATH_COUNT","PED_SUSP_SERIOUS_INJ_COUNT","PERSON_COUNT","POLICE_AGCY","POSSIBLE_INJ_COUNT","RDWY_SURF_TYPE_CD","RELATION_TO_ROAD","ROADWAY_CLEARED","ROAD_CONDITION","SCH_BUS_IND","SCH_ZONE_IND","SECONDARY_CRASH","SMALL_TRUCK_COUNT","SPEC_JURIS_CD","SUSP_MINOR_INJ_COUNT","SUSP_SERIOUS_INJ_COUNT","SUV_COUNT","TCD_FUNC_CD","TCD_TYPE","TFC_DETOUR_IND","TIME_OF_DAY","TOTAL_UNITS","TOT_INJ_COUNT","UNBELTED_OCC_COUNT","UNB_DEATH_COUNT","UNB_SUSP_SERIOUS_INJ_COUNT","UNK_INJ_DEG_COUNT","UNK_INJ_PER_COUNT","URBAN_RURAL","VAN_COUNT","VEHICLE_COUNT","WEATHER1","WEATHER2","WORKERS_PRES","WORK_ZONE_IND","WORK_ZONE_LOC","WORK_ZONE_TYPE","WZ_CLOSE_DETOUR","WZ_FLAGGER","WZ_LAW_OFFCR_IND","WZ_LN_CLOSURE","WZ_MOVING","WZ_OTHER","WZ_SHLDER_MDN","WZ_WORKERS_INJ_KILLED"
"2011133235","","1","0","0","0","0","0","0","0","0","5","0","","02","12","2011","6","40.437629","-79.984226","","11","0","0","0","0","0","0","1","0","","0","0","0","","","0","","1","","40 26:15.464","","0","79 59:03.214","0","0","0","0","2301","0","0","0","N","0","0","0","1","02301","0","","5.0","","1","N","N","","0","","0","0","0","","2","","","3","0","0","0","0","0","0","2","2","3","","","","N","","","","","","","","","",""
"2011131723","","0","0","0","0","0","0","0","0","0","7","0","","02","12","2011","1","40.636439","-79.909207","","11","0","0","1","0","0","0","0","0","","0","0","0","","","0","","0","","40 38:11.180","","0","79 54:33.145","0","0","0","0","2220","0","0","0","N","0","0","0","2","02220","0","","5.0","","1","N","N","","0","","0","0","1","","0","","","1","0","0","0","0","0","0","1","0","1","","","","N","","","","","","","","","",""
"2011133236","","1","0","0","0","0","0","0","0","0","4","0","","02","12","2011","6","40.441717","-80.239486","","11","0","0","0","1","0","1","0","0","","0","0","0","","","1","","1","","40 26:30.180","","0","80 14:22.150","8","0","0","0","2214","0","0","0","N","0","0","0","2","02214","0","","1.0","","9","N","N","","1","","0","0","0","","2","","","2","1","0","0","0","1","0","2","0","2","","","","N","","","","","","","","","",""
"2011131851","","1","0","0","0","0","0","0","0","0","4","0","","02","12","2011","3","40.498799","-80.007117","","11","0","0","0","0","0","1","1","0","1","0","1","0","","","0","","0","","40 29:55.677","2","7","80 00:25.621","0","0","0","0","2116","0","0","0","N","0","0","0","3","02116","0","","1.0","","1","N","N","","0","","0","0","0","","0","N","","2","0","2","0","0","0","0","2","0","2","","","","N","","","","","","","","","",""
"2011131648","","1","0","0","0","0","0","0","0","0","8","0","","02","12","2011","3","40.473195","-80.015564","","11","0","0","0","0","0","1","0","0","","0","0","0","","","1","","0","","40 28:23.502","","0","80 00:56.030","8","0","0","0","2301","1","0","0","N","1","0","0","2","02301","0","","1.0","","9","N","N","","0","","0","0","0","","0","","","2","1","0","0","0","1","0","2","0","1","","","","N","","","","","","","","","",""
"2011131712","","2","0","0","0","0","0","0","0","0","1","0","","02","12","2011","6","40.447148","-79.895274","","11","1","0","0","0","0","0","0","0","","0","0","0","","","1","","0","","40 26:49.732","","0","79 53:42.987","8","0","0","0","2301","0","0","0","N","0","0","0","2","02301","0","","1.0","","1","N","N","","0","","0","0","0","","0","","","2","1","0","0","0","1","0","2","0","2","","","","N","","","","","","","","","",""
"2011133237","","1","0","0","0","0","0","0","0","0","0","0","","02","12","2011","3","40.4617","-79.716876","","11","0","0","0","0","0","0","0","1","1","0","0","0","","","0","","2","","40 27:42.120","7","0","79 43:00.753","0","0","0","0","2466","0","0","0","N","0","0","0","1","02466","0","","1.0","","1","N","N","","0","","0","0","0","","0","Y","","1","0","0","0","0","0","0","2","0","1","","","","N","","","","","","","","","",""
"2011131852","","0","0","0","0","0","0","0","0","0","4","0","","02","12","2011","4","40.618779","-79.908108","","11","0","0","0","0","0","1","0","0","2","0","0","0","","","2","","2","","40 37:07.606","6","0","79 54:29.188","3","0","0","0","2220","0","0","0","N","0","0","0","3","02220","1","","1.0","","9","N","N","","0","","1","0","2","","3","Y","","2","2","0","0","0","0","0","2","0","2","","","","N","","","","","","","","","",""
"2011131181","","1","0","0","0","0","0","0","0","0","1","0","","02","12","2011","6","40.406983","-79.913422","","11","0","0","0","0","0","0","0","0","","0","0","0","","","0","","0","","40 24:25.140","","3","79 54:48.320","0","0","0","0","2438","0","0","0","N","0","0","0","2","02438","0","","1.0","","9","N","N","","1","","0","0","0","","0","","","2","0","0","0","0","0","0","2","0","2","","","","N","","","","","","","","","",""
"2011130962","","1","0","0","0","0","0","0","0","0","1","0","","02","12","2011","2","40.590809","-79.996977","","11","0","0","1","0","0","1","0","0","","0","0","0","","","0","","0","","40 35:26.911","","0","79 59:49.117","9","0","0","0","2108","0","0","0","N","0","0","0","2","02501","0","","1.0","","1","N","N","","1","","0","0","0","","0","","","2","0","0","0","0","0","2","1","0","2","","","","N","","","","","","","","","",""
"2011133251","","1","0","0","0","0","0","0","0","0","7","0","","02","12","2011","6","40.340357","-80.121643","","11","0","0","0","0","0","1","1","0","","0","0","0","","","1","","0","","40 20:25.285","","0","80 07:17.913","8","0","0","0","2119","0","0","0","Y","0","0","0","2","02119","0","","1.0","","9","N","N","","0","","0","0","1","","0","","","2","1","1","0","0","1","0","2","0","2","","","","N","","","","","","","","","",""
"2011130369","","1","0","0","0","0","0","0","0","0","7","0","","02","12","2011","6","40.537913","-79.763764","","11","0","0","0","0","0","0","0","0","1","0","0","0","","","1","","0","","40 32:16.487","6","0","79 45:49.549","8","0","0","0","2466","0","0","0","N","0","0","0","1","02466","0","","5.0","","1","N","N","","0","","0","0","0","","0","Y","","1","1","0","0","0","1","0","1","0","1","","","","N","","","","","","","","","",""
"2011131866","","2","0","0","0","0","0","0","0","0","4","0","","02","12","2011","4","40.437428","-79.979527","","11","0","0","0","0","0","0","2","0","","0","0","0","","","0","","1","","40 26:14.740","","0","79 58:46.297","0","0","0","0","2301","0","0","0","N","0","0","0","3","02301","0","","1.0","","9","N","N","","0","","0","0","0","","3","","","2","0","0","0","0","0","0","2","0","2","","","","N","","","","","","","","","",""
"2011130838","","2","0","0","0","0","0","0","0","0","7","0","","02","12","2011","7","40.480617","-80.120009","","11","0","0","0","0","0","1","0","0","3","0","0","0","","","1","","0","","40 28:50.221","6","3","80 07:12.031","4","0","0","0","2115","0","0","0","N","0","0","0","2","02126","1","","4.0","","2","N","N","","0","","0","0","0","","0","Y","","2","1","0","0","0","0","0","2","0","2","","","","N","","","","","","","","","",""
"2011131650","","3","0","0","0","0","0","0","0","0","1","0","","02","12","2011","3","40.312063","-79.893996","","11","0","0","0","0","0","2","0","1","1","0","0","0","","","0","","2","","40 18:43.426","1","0","79 53:38.384","0","0","0","0","2302","0","0","0","N","0","0","0","3","02302","0","","1.0","","9","N","N","","0","","0","0","0","","3","N","","3","0","0","0","0","0","0","2","0","3","","","","N","","","","","","","","","",""
"2011133252","","0","0","0","0","0","0","0","0","0","7","0","","02","12","2011","6","40.400388","-80.209973","","11","0","0","0","0","0","0","0","0","3","0","0","0","","","2","","0","","40 24:01.397","5","0","80 12:35.903","2","0","0","0","2214","0","0","0","N","0","0","0","2","02214","0","","5.0","","9","N","N","","1","","1","1","0","","0","Y","","1","2","2","0","1","0","0","1","0","1","","","","N","","","","","","","","","",""
"2011131868","","1","0","0","0","0","0","0","0","0","4","0","","02","12","2011","4","40.457258","-79.973578","","11","0","0","0","0","0","0","0","0","1","0","0","0","","","1","","1","","40 27:26.128","3","0","79 58:24.880","8","0","0","0","2301","0","0","0","N","0","0","0","2","02301","0","","1.0","","9","N","N","","1","","0","0","0","","3","N","","2","1","0","0","0","1","0","2","0","2","","","","N","","","","","","","","","",""
"2011130436","","1","0","0","0","0","0","0","0","0","4","0","","02","12","2011","7","40.615364","-79.933865","","11","0","1","0","0","0","0","0","0","1","0","0","0","","","0","","1","","40 36:55.311","4","0","79 56:01.915","0","0","0","0","2207","0","0","0","N","0","0","0","5","02207","0","","1.0","","9","N","N","","0","","0","0","0","","3","N","","2","0","0","0","0","0","0","2","1","2","","","","N","","","","","","","","","",""
"2011132457","","2","0","0","0","0","0","0","0","0","6","0","","02","12","2011","5","40.517715","-80.052526","","11","0","0","0","0","0","0","1","0","2","0","0","0","","","0","","2","","40 31:03.773","3","8","80 03:09.095","0","0","0","0","2116","0","0","0","N","0","0","0","2","02116","0","","1.0","","9","N","N","","0","","0","0","0","","3","N","","2","0","0","0","0","0","0","2","0","2","","","","N","","","","","","","","","",""
"2011130373","","2","0","0","0","0","0","0","0","0","4","0","","02","12","2011","7","40.552116","-80.023354","","11","0","0","1","0","0","0","0","0","1","0","0","0","","","0","","1","","40 33:07.617","3","0","80 01:24.074","0","0","0","0","2116","0","0","0","N","0","0","0","3","02116","0","","1.0","","1","N","N","","0","","0","0","0","","2","N","","2","0","0","0","0","0","0","2","0","2","","","","N","","","","","","","","","",""
"2011131186","","2","0","0","0","0","0","0","0","0","4","0","","02","12","2011","4","40.435359","-80.012936","","11","0","0","0","0","0","1","0","0","1","0","0","0","","","1","","1","","40 26:07.292","4","0","80 00:46.569","4","0","0","0","2301","0","0","0","N","0","0","0","2","02301","1","","1.0","","1","N","N","","0","","0","0","0","","2","N","","2","1","0","0","0","0","0","2","0","2","","","","N","","","","","","","","","",""
"2011132458","","1","0","0","0","0","0","0","0","0","2","0","","02","12","2011","5","40.441375","-80.020722","","11","0","0","0","0","0","1","0","0","","0","0","0","","","2","","0","","40 26:28.951","","7","80 01:14.600","3","0","0","0","2301","0","0","0","N","0","0","0","3","02301","1","","1.0","","9","N","N","","0","","1","0","1","","2","","","2","2","0","0","0","0","0","2","0","2","","","","N","","","","","","","","","",""
"2011130843","","1","0","0","0","0","0","0","0","0","4","0","","02","12","2011","1","40.338318","-80.051483","","11","0","0","0","0","0","0","0","0","","0","0","0","","","1","","1","","40 20:17.944","","0","80 03:05.338","4","0","0","0","2407","0","0","0","N","0","0","0","4","02407","1","","1.0","","1","N","N","","0","","0","0","0","","2","","","2","1","0","0","0","0","0","2","1","2","","","","N","","","","","","","","","",""
"2011132459","","1","0","0","0","0","0","0","0","0","4","0","","02","12","2011","5","40.437629","-79.984229","","11","0","0","0","0","0","2","0","0","1","0","0","0","","","0","","1","","40 26:15.464","3","0","79 59:03.224","0","0","0","0","2301","0","0","0","N","0","0","0","3","02301","0","","1.0","","9","N","N","","1","","0","0","0","","1","N","","2","0","0","0","0","0","0","2","0","2","","","","N","","","","","","","","","",""
"2011131668","","1","0","0","0","0","0","0","0","0","1","0","","02","12","2011","3","40.661902","-79.933916","","11","0","0","0","0","0","0","0","0","","0","0","0","","","0","","0","","40 39:42.847","","0","79 56:02.098","0","0","0","0","2217","0","0","0","N","0","0","0","3","02505","0","","1.0","","9","N","N","","0","","0","0","1","","0","","","2","0","0","0","0","0","0","2","0","2","","","","N","","","","","","","","","",""
"2011130982","","1","0","0","0","0","0","0","0","0","5","0","","02","12","2011","7","40.352168","-80.145883","","11","0","0","0","0","0","0","0","0","","0","0","0","","","0","","0","","40 21:07.804","","0","80 08:45.180","0","0","0","0","2119","0","0","0","Y","0","0","0","2","02119","0","","1.0","","2","N","N","","0","","0","0","1","","0","","","2","0","0","0","0","0","0","2","0","2","","","","N","","","","","","","","","",""
"2011130440","","1","0","0","0","0","0","0","0","0","7","0","","02","12","2011","7","40.430933","-80.053425","","11","0","0","0","0","0","0","0","0","1","0","0","0","","","0","","0","","40 25:51.358","1","0","80 03:12.331","0","0","0","0","2301","0","0","0","N","0","0","0","1","02301","0","","5.0","","9","N","N","","0","","0","0","0","","0","N","","1","0","0","0","0","0","0","2","0","1","","","","N","","","","","","","","","",""
"2011130377","","2","0","0","0","0","0","0","0","0","4","0","","02","12","2011","7","40.37306","-80.034279","","11","0","0","0","0","0","0","0","0","2","0","0","0","","","0","","2","","40 22:23.016","2","0","80 02:03.406","0","0","0","0","2109","0","0","0","N","0","0","0","2","02109","0","","1.0","","9","N","N","","0","","0","0","0","","2","Y","","2","0","0","0","0","0","0","2","0","2","","","","N","","","","","","","","","",""
"2011131189","","1","0","0","0","0","0","0","0","0","7","0","","02","12","2011","2","40.476503","-79.780108","","11","0","0","1","0","0","0","0","0","","0","0","0","","","0","","0","","40 28:35.410","","0","79 46:48.389","0","0","0","0","2113","0","0","0","N","0","0","0","2","02113","0","","2.0","","9","N","N","","0","","0","0","0","","0","","","1","0","0","0","0","0","0","2","0","1","","","","N","","","","","","","","","",""
"2011132474","","1","0","0","0","0","0","0","0","0","2","0","","02","12","2011","5","40.317265","-79.888379","","11","0","0","0","0","0","0","0","0","1","0","0","0","","","0","","0","","40 19:02.154","4","0","79 53:18.164","0","0","0","0","2433","0","0","0","N","0","0","0","1","02433","0","","2.0","","1","N","N","","0","","0","0","2","","0","N","","3","0","1","0","0","0","0","2","0","3","","","","N","","","","","","","","","",""
"2011133262","","2","0","0","0","0","0","0","0","0","4","0","","02","12","2011","6","40.343119","-79.940694","","11","0","0","0","0","0","0","0","0","2","0","0","0","","","1","","0","","40 20:35.230","2","0","79 56:26.500","3","0","0","0","2473","0","0","0","N","0","0","0","2","02473","0","","1.0","","9","N","N","","0","","1","0","0","","0","N","","2","1","0","0","0","0","0","2","0","2","","","","N","","","","","","","","","",""
"2011132538","","1","0","0","0","0","0","0","0","0","7","0","","02","12","2011","4","40.49668","-79.867701","","11","0","0","0","0","0","0","0","0","","0","0","0","","","0","","0","","40 29:48.049","","0","79 52:03.724","0","0","0","0","2112","0","0","0","N","0","0","0","1","68D02","0","","2.0","","9","N","N","","0","","0","0","0","","0","","","1","0","1","0","0","0","0","2","0","1","","","","N","","","","","","","","","",""
"2011130378","","1","0","0","0","0","0","0","0","0","7","0","","02","12","2011","7","40.328906","-79.856881","","11","0","0","0","0","0","0","1","0","","0","0","0","","","0","","0","","40 19:44.061","","0","79 51:24.771","0","0","0","0","2442","0","0","0","","0","0","0","1","02442","0","","5.0","","9","","","","0","","0","0","0","","0","","","1","0","0","0","0","0","0","2","0","1","","","","N","","","","","","","","","",""
"2011131940","","1","0","0","0","0","0","0","0","0","0","0","","02","12","2011","5","40.549721","-80.038427","","11","0","0","0","0","0","0","0","0","2","0","0","0","","","0","","10","","40 32:58.995","7","0","80 02:18.337","0","0","0","0","2116","0","0","0","N","0","0","0","1","02116","0","","1.0","","1","N","N","","0","","0","0","0","","0","N","","1","0","0","0","0","0","0","2","0","1","","","","N","","","","","","","","","",""
"2011133263","","1","0","0","0","0","0","0","0","0","7","0","","02","12","2011","6","40.513801","-79.778503","","11","0","0","0","0","0","0","0","0","1","0","0","0","","","0","","0","","40 30:49.683","1","0","79 46:42.610","0","0","0","0","2466","0","0","0","N","0","0","0","1","02466","0","","2.0","","9","N","N","","0","","0","0","0","","0","N","","1","0","0","0","0","0","0","2","0","1","","","","N","","","","","","","","","",""
"2011130379","","1","0","0","0","0","0","0","0","0","2","0","","02","12","2011","6","40.445631","-80.003331","","11","0","0","0","0","0","0","0","0","2","0","0","0","","","3","","0","","40 26:44.270","7","3","80 00:11.990","3","0","0","0","2301","0","0","0","N","0","0","0","3","02301","0","","1.0","","1","N","N","","0","","3","0","1","","0","Y","","2","3","0","0","0","0","0","2","0","2","","","","N","","","","","","","","","",""
"2011130443","","3","0","0","0","0","0","0","0","0","1","0","","02","12","2011","7","40.412213","-80.007065","","11","0","0","0","1","0","0","0","0","1","0","0","0","","","4","","0","","40 24:43.965","5","3","80 00:25.433","4","0","0","0","2301","0","0","0","N","0","0","0","9","02301","4","","1.0","","2","N","N","","0","","0","0","1","","0","N","","4","4","0","0","0","0","0","2","0","4","","","","N","","","","","","","","","",""
"2011131942","","2","0","0","0","0","0","0","0","0","1","0","","02","12","2011","4","40.394569","-80.066153","","11","0","0","0","0","0","0","0","2","","0","0","0","","","1","","2","","40 23:40.447","","0","80 03:58.152","4","0","0","0","2117","0","0","0","N","0","0","0","2","02117","1","","1.0","","9","N","N","","0","","0","0","0","","3","","","2","1","0","0","0","0","0","2","0","2","","","","N","","","","","","","","","",""
"2011131659","","1","0","0","0","0","0","0","0","0","0","0","","02","12","2011","1","40.46475","-79.857404","","11","0","0","0","0","0","0","0","0","","0","0","0","","","0","","0","","40 27:53.100","","0","79 51:26.655","0","0","0","0","2113","0","0","0","N","0","0","0","1","02113","0","","5.0","","1","N","N","","1","","0","0","0","","0","","","2","0","0","0","0","0","0","2","0","2","","","","N","","","","","","","","","",""
"2011131065","","1","0","0","0","0","0","0","0","0","4","0","","02","12","2011","2","40.468358","-80.13757","","11","0","0","0","0","0","2","0","0","1","0","0","0","","","0","","2","","40 28:06.088","3","0","80 08:15.252","0","0","0","0","2115","0","0","0","N","0","0","0","2","02115","0","","1.0","","1","N","N","","1","","0","0","0","","3","N","","2","0","0","0","0","0","0","2","0","2","","","","N","","","","","","","","","",""
"2011130380","","1","0","0","0","0","0","0","0","0","1","0","","02","12","2011","7","40.372777","-79.982053","","11","0","0","0","0","0","0","0","0","","0","0","0","","","1","","0","","40 22:21.997","","0","79 58:55.392","3","0","0","0","2413","0","0","0","N","0","0","0","2","02413","0","","1.0","","9","N","N","","0","","1","0","0","","0","","","2","1","0","0","0","0","0","2","1","2","","","","N","","","","","","","","","",""
"2011131877","","1","0","0","0","0","0","0","0","0","2","0","","02","12","2011","4","40.38327","-79.930462","","11","0","0","0","1","0","1","0","0","2","0","0","0","","","2","","1","","40 22:59.773","3","0","79 55:49.664","4","0","0","0","2301","0","0","0","N","0","0","0","4","02301","1","","1.0","","9","N","N","","1","","0","0","0","","2","Y","","2","2","0","0","0","1","0","2","0","2","","","","N","","","","","","","","","",""
"2011132464","","1","0","0","0","0","0","0","0","0","7","0","","02","12","2011","5","40.462576","-79.857136","","11","0","0","0","0","0","0","0","0","5","0","0","0","","","0","","0","","40 27:45.273","6","0","79 51:25.691","9","0","0","0","2113","0","0","0","N","0","0","0","1","02113","0","","5.0","","9","N","N","","0","","0","0","0","","0","Y","","1","0","0","0","0","0","1","2","0","1","","","","N","","","","","","","","","",""
"2011131673","","1","0","0","0","0","0","0","0","0","1","0","","02","12","2011","3","40.414138","-80.0095","","11","0","0","0","0","0","0","0","0","","0","0","0","","","1","","7","","40 24:50.897","","2","80 00:34.199","4","0","0","0","2301","0","0","0","N","0","0","0","2","02301","1","","1.0","","9","N","N","","1","","0","0","0","","0","","","2","1","0","0","0","0","0","2","0","2","","","","N","","","","","","","","","",""
"2011132478","","0","0","0","0","0","0","0","0","0","0","0","","02","12","2011","7","40.350107","-79.96895","","11","0","0","0","0","0","0","0","0","2","0","0","0","","","1","","0","","40 21:00.386","5","0","79 58:08.219","8","0","0","0","2403","0","0","0","N","0","0","0","2","02403","0","","2.0","","2","N","N","","0","","0","0","0","","0","Y","","1","1","0","0","0","1","0","2","1","1","","","","N","","","","","","","","","",""
"2011130988","","1","0","0","0","0","0","0","0","0","1","0","","02","12","2011","1","40.505329","-80.008679","","11","0","0","0","0","0","1","0","0","","0","0","0","","","2","","0","","40 30:19.185","","0","80 00:31.244","8","0","0","0","2116","0","0","0","N","0","0","0","5","02116","0","","1.0","","1","N","N","","0","","0","0","2","","0","","","3","2","0","0","0","2","0","2","0","3","","","","N","","","","","","","","","",""
"2011131053","","2","0","0","0","0","0","0","0","0","1","0","","02","12","2011","2","40.441826","-79.919885","","11","0","0","0","0","0","0","0","0","","0","0","0","","","1","","1","","40 26:30.573","","0","79 55:11.586","8","0","0","0","2301","0","0","0","N","0","0","0","2","02301","0","","1.0","","1","N","N","","0","","0","0","0","","2","","","2","1","0","0","0","1","0","2","0","2","","","","N","","","","","","","","","",""
"2011131066","","0","0","0","0","0","0","0","0","0","1","0","","02","12","2011","7","40.540482","-80.14653","","11","0","0","0","0","0","0","0","0","","0","0","0","","","1","","0","","40 32:25.735","","3","80 08:47.509","4","0","0","0","2115","0","0","0","N","0","0","0","4","02115","1","","1.0","","2","N","N","","1","","0","0","0","","0","","","2","1","0","0","0","0","0","2","1","2","","","","N","","","","","","","","","",""
"2011130381","","0","0","0","0","0","0","0","0","0","0","0","","02","12","2011","7","40.437628","-79.971114","","11","0","0","0","0","0","0","0","0","3","0","0","0","","","0","","2","","40 26:15.460","6","0","79 58:16.010","0","0","0","0","2301","0","0","0","N","0","0","0","0","02301","0","","5.0","","1","N","N","","0","","0","0","1","","0","Y","","1","0","0","0","0","0","0","2","0","1","","","","N","","","","","","","","","",""
"2011131661","","2","0","0","0","0","0","0","0","0","5","0","","02","12","2011","3","40.382229","-79.995887","","11","0","0","0","0","0","1","0","0","","0","0","0","","","0","","5","","40 22:56.024","","0","79 59:45.194","0","0","0","0","2301","0","0","0","N","0","0","0","3","02301","0","","1.0","","9","N","N","","0","","0","0","0","","2","","","2","0","0","0","0","0","0","2","0","2","","","","N","","","","","","","","","",""
"2011130989","","1","0","0","0","0","0","0","0","0","4","0","","02","8","2011","5","40.45289","-79.920715","","11","0","0","0","1","0","0","0","0","","0","0","0","","","0","","1","","40 27:10.404","","0","79 55:14.574","0","0","0","0","2301","0","0","0","N","0","0","0","2","02301","0","","1.0","","1","N","N","","0","","0","0","1","","2","","","2","0","0","0","0","0","0","2","0","2","","","","N","","","","","","","","","",""
"2011131054","","0","0","0","0","0","0","0","0","0","1","0","","02","12","2011","2","40.490784","-79.784005","","11","0","0","0","0","0","2","0","0","","0","0","0","","","1","","0","","40 29:26.822","","0","79 47:02.418","8","0","0","0","2466","0","0","0","N","0","0","0","2","02466","0","","1.0","","9","N","N","","1","","0","0","1","","0","","","2","1","0","0","0","1","0","2","0","2","","","","N","","","","","","","","","",""
"2011131067","","2","0","0","0","0","0","0","0","0","4","0","","02","11","2011","4","40.524489","-80.224312","","11","0","0","0","0","0","0","0","0","1","0","0","0","","","0","","2","","40 31:28.161","6","0","80 13:27.524","0","0","0","0","2213","0","0","0","N","0","0","0","3","02213","0","","1.0","","1","N","N","","0","","0","0","0","","3","N","","2","0","0","0","0","0","0","2","0","2","","","","N","","","","","","","","","",""
"2011130382","","0","0","0","0","0","0","0","0","0","7","0","","02","12","2011","5","40.652536","-79.838827","","11","0","0","0","0","0","0","1","0","5","0","0","0","","","1","","3","","40 39:09.128","5","0","79 50:19.778","4","0","0","0","2220","0","0","0","N","0","0","0","1","02220","1","","5.0","","9","N","N","","1","","0","0","0","","0","Y","","1","1","0","0","0","0","0","1","0","1","","","","N","","","","","","","","","",""
"2011131662","","4","0","0","0","0","0","0","0","0","1","0","","02","12","2011","6","40.438578","-79.769724","","11","0","0","0","1","0","1","0","0","","0","0","0","","","1","","0","","40 26:18.882","","0","79 46:11.005","4","0","0","0","2446","0","0","0","N","0","0","0","6","02446","1","","1.0","","1","N","N","","0","","0","0","0","","0","","","4","1","0","0","0","0","0","2","0","4","","","","N","","","","","","","","","",""
"2011131055","","2","0","0","0","0","0","0","0","0","4","0","","02","12","2011","2","40.367801","-80.027719","","11","0","0","0","0","1","0","0","0","1","0","0","0","","","1","","0","","40 22:04.082","1","0","80 01:39.790","4","0","0","0","2109","0","0","0","N","0","0","0","6","02109","1","","1.0","","1","N","N","","0","","0","0","0","","0","N","","2","1","0","0","0","0","0","2","0","2","","","","N","","","","","","","","","",""
"2011131068","","1","0","0","0","0","0","0","0","0","1","0","","02","12","2011","2","40.457431","-80.184237","","11","0","0","0","0","0","0","0","0","","0","0","0","","","0","","0","","40 27:26.753","","7","80 11:03.252","0","0","0","0","2213","0","0","0","N","0","0","0","2","02213","0","","1.0","","1","N","N","","0","","0","0","1","","0","","","2","0","0","0","0","0","0","2","0","2","","","","N","","","","","","","","","",""
"2011131197","","1","0","0","0","0","0","0","0","0","4","0","","02","12","2011","2","40.476419","-79.760319","","11","0","0","0","0","0","0","0","1","","0","0","0","","","1","","2","","40 28:35.110","","0","79 45:37.149","8","0","0","0","2466","0","0","0","N","0","0","0","6","02466","0","","1.0","","1","N","N","","0","","0","0","0","","3","","","2","1","1","0","0","1","0","2","1","2","","","","N","","","","","","","","","",""
"2011131663","","1","0","0","0","0","0","0","0","0","4","0","","02","12","2011","3","40.450685","-80.023413","","11","0","0","0","0","0","0","0","1","","0","0","0","","","0","","1","","40 27:02.465","","0","80 01:24.288","0","0","0","0","2301","0","0","0","N","0","0","0","3","02301","0","","1.0","","9","N","N","","0","","0","0","0","","2","","","2","0","2","0","0","0","0","2","1","2","","","","N","","","","","","","","","",""
"2011131739","","1","0","0","0","0","0","0","0","0","1","0","","02","12","2011","5","40.428833","-80.029324","","11","0","0","0","0","0","0","0","0","","0","0","0","","","0","","0","","40 25:43.800","","0","80 01:45.567","0","0","0","0","2301","0","0","0","N","0","0","0","3","68B03","0","","1.0","","9","N","N","","1","","0","0","0","","0","","","2","0","0","0","0","0","0","2","0","2","","","","N","","","","","","","","","",""
"2011131947","","2","0","0","0","0","0","0","0","0","4","0","","02","12","2011","4","40.411004","-79.955525","","11","0","0","0","0","0","0","1","0","2","0","0","0","","","0","","2","","40 24:39.614","1","0","79 57:19.891","0","0","0","0","2301","0","0","0","N","0","0","0","4","02301","0","","1.0","","9","N","N","","1","","0","0","0","","2","N","","3","0","0","0","0","0","0","2","0","3","","","","N","","","","","","","","","",""
"2011133269","","1","0","0","0","0","0","0","0","0","1","0","","02","12","2011","6","40.451509","-79.908149","","11","0","0","0","0","0","0","0","0","2","0","0","0","","","1","","1","","40 27:05.432","1","0","79 54:29.335","4","0","0","0","2301","0","0","0","N","0","0","0","3","02301","1","","1.0","","1","N","N","","0","","0","0","1","","2","N","","2","1","0","0","0","0","1","2","0","2","","","","N","","","","","","","","","",""
"2011131740","","2","0","0","0","0","0","0","0","0","5","0","","02","12","2011","6","40.425927","-80.031004","","11","0","0","0","0","0","1","0","0","","0","0","0","","","1","","7","","40 25:33.338","","2","80 01:51.613","8","0","0","0","2301","0","0","0","N","0","0","0","2","68B03","0","","1.0","","1","N","N","","0","","0","0","0","","0","","","2","1","0","0","0","1","0","2","0","2","","","","N","","","","","","","","","",""