"CRN","ARRIVAL_TM","AUTOMOBILE_COUNT","BELTED_DEATH_COUNT","BELTED_SUSP_SERIOUS_INJ_COUNT","BICYCLE_COUNT","BICYCLE_DEATH_COUNT","BICYCLE_SUSP_SERIOUS_INJ_COUNT","BUS_COUNT","CHLDPAS_DEATH_COUNT","CHLDPAS_SUSP_SERIOUS_INJ_COUNT","COLLISION_TYPE","COMM_VEH_COUNT","CONS_ZONE_SPD_LIM","COUNTY","CRASH_MONTH","CRASH_YEAR","DAY_OF_WEEK","DEC_LATITUDE","DEC_LONGITUDE","DISPATCH_TM","DISTRICT","DRIVER_COUNT_16YR","DRIVER_COUNT_17YR","DRIVER_COUNT_18YR","DRIVER_COUNT_19YR","DRIVER_COUNT_20YR","DRIVER_COUNT_50_64YR","DRIVER_COUNT_65_74YR","DRIVER_COUNT_75PLUS","EST_HRS_CLOSED","FATAL_COUNT","HEAVY_TRUCK_COUNT","HORSE_BUGGY_COUNT","HOUR_OF_DAY","ILLUMINATION","INJURY_COUNT","INTERSECTION_RELATED","INTERSECT_TYPE","LANE_CLOSED","LATITUDE","LN_CLOSE_DIR","LOCATION_TYPE","LONGITUDE","MAX_SEVERITY_LEVEL","MCYCLE_DEATH_COUNT","MCYCLE_SUSP_SERIOUS_INJ_COUNT","MOTORCYCLE_COUNT","MUNICIPALITY","NONMOTR_COUNT","NONMOTR_DEATH_COUNT","NONMOTR_SUSP_SERIOUS_INJ_COUNT","NTFY_HIWY_MAINT","PED_COUNT","PED_DEATH_COUNT","PED_SUSP_SERIOUS_INJ_COUNT","PERSON_COUNT","POLICE_AGCY","POSSIBLE_INJ_COUNT","RDWY_SURF_TYPE_CD","RELATION_TO_ROAD","ROADWAY_CLEARED","ROAD_CONDITION","SCH_BUS_IND","SCH_ZONE_IND","SECONDARY_CRASH","SMALL_TRUCK_COUNT","SPEC_JURIS_CD","SUSP_MINOR_INJ_COUNT","SUSP_SERIOUS_INJ_COUNT","SUV_COUNT","TCD_FUNC_CD","TCD_TYPE","TFC_DETOUR_IND","TIME_OF_DAY","TOTAL_UNITS","TOT_INJ_COUNT","UNBELTED_OCC_COUNT","UNB_DEATH_COUNT","UNB_SUSP_SERIOUS_INJ_COUNT","UNK_INJ_DEG_COUNT","UNK_INJ_PER_COUNT","URBAN_RURAL","VAN_COUNT","VEHICLE_COUNT","WEATHER1","WEATHER2","WORKERS_PRES","WORK_ZONE_IND","WORK_ZONE_LOC","WORK_ZONE_TYPE","WZ_CLOSE_DETOUR","WZ_FLAGGER","WZ_LAW_OFFCR_IND","WZ_LN_CLOSURE","WZ_MOVING","WZ_OTHER","WZ_SHLDER_MDN","WZ_WORKERS_INJ_KILLED"
"2011130450","","3","0","0","0","0","0","0","0","0","1","0","","02","12","2011","6","40.60218","-79.757158","","11","0","0","0","0","0","2","0","0","1","0","0","0","","","0","","0","","40 36:07.849","2","0","79 45:25.770","0","0","0","0","2464","0","0","0","N","0","0","0","4","02464","0","","1.0","","1","N","N","","0","","0","0","1","","2","N","","4","0","1","0","0","0","0","2","0","4","","","","N","","","","","","","","","",""
"2011131199","","1","0","0","0","0","0","0","0","0","1","0","25","02","12","2011","2","40.600178","-80.048357","","11","0","0","0","0","0","0","0","1","","0","0","0","","","0","","0","","40 36:00.640","","0","80 02:54.085","0","0","0","0","2216","0","0","0","N","0","0","0","6","02505","0","","1.0","","1","N","N","","1","","0","0","1","","8","","","3","0","0","0","0","0","0","2","0","3","","","N","Y","3","1","","","N","Y","","","Y",""
"2011130853","","1","0","0","0","0","0","0","0","0","7","0","","02","12","2011","7","40.480155","-80.257237","","11","0","0","0","0","1","0","0","0","1","0","0","0","","","0","","0","","40 28:48.558","4","3","80 15:26.054","0","0","0","0","2203","0","0","0","Y","0","0","0","4","68B03","0","","4.0","","2","N","N","","1","","0","0","0","","0","N","","2","0","0","0","0","0","0","2","0","2","","","","N","","","","","","","","","",""
"2011131741","","2","0","0","0","0","0","0","0","0","7","0","","02","12","2011","2","40.42855","-79.935476","","11","0","0","0","0","0","0","0","0","2","0","0","0","","","0","","0","","40 25:42.780","3","0","79 56:07.712","0","0","0","0","2301","0","0","0","N","0","0","0","2","68B03","0","","4.0","","1","N","N","","0","","0","0","0","","0","N","","2","0","0","0","0","0","0","2","0","2","","","","N","","","","","","","","","",""
"2011130854","","1","0","0","0","0","0","0","0","0","1","0","","02","12","2011","1","40.421105","-80.045841","","11","0","0","0","0","0","0","0","0","1","0","0","0","","","0","","6","","40 25:15.978","4","0","80 02:45.027","0","0","0","0","2435","0","0","0","N","0","0","0","2","68B03","0","","1.0","","1","N","N","","0","","0","0","1","","4","N","","2","0","0","0","0","0","0","2","0","2","","","","N","","","","","","","","","",""
"2011131885","","1","0","0","0","0","0","0","0","0","4","0","","02","12","2011","4","40.4532","-79.992708","","11","0","0","0","0","0","1","1","0","","0","0","0","","","0","","1","","40 27:11.520","","0","79 59:33.748","0","0","0","0","2301","0","0","0","N","0","0","0","2","02301","0","","1.0","","9","N","N","","0","","0","0","0","","2","","","2","0","0","0","0","0","0","2","1","2","","","","N","","","","","","","","","",""
"2011130452","","0","0","0","0","0","0","0","0","0","7","0","","02","12","2011","7","40.38082","-79.967589","","11","0","0","0","0","0","0","0","0","","0","0","0","","","1","","2","","40 22:50.952","","0","79 58:03.320","4","0","0","0","2413","0","0","0","N","0","0","0","2","02413","1","","2.0","","2","N","N","","0","","0","0","1","","0","","","1","1","0","0","0","0","0","2","0","1","","","","N","","","","","","","","","",""
"2011131680","","1","0","0","0","0","0","0","0","0","2","0","","02","12","2011","3","40.513231","-79.94588","","11","0","0","0","0","0","0","1","0","","0","0","0","","","1","","0","","40 30:47.631","","0","79 56:45.167","4","0","0","0","2118","0","0","0","N","0","0","0","1","02118","1","","1.0","","9","N","N","","1","","0","0","0","","0","","","2","1","0","0","0","0","0","2","0","2","","","","N","","","","","","","","","",""
"2011130453","","1","0","0","0","0","0","0","0","0","7","0","","02","12","2011","7","40.429722","-80.000883","","11","0","0","0","0","0","0","0","0","3","0","0","0","","","0","","0","","40 25:47.000","6","3","80 00:03.180","0","0","0","0","2301","0","0","0","N","0","0","0","2","02301","0","","1.0","","2","N","N","","0","","0","0","0","","0","N","","1","0","0","0","0","0","0","2","0","1","","","","N","","","","","","","","","",""
"2011132420","","2","0","0","0","0","0","0","0","0","1","0","","02","12","2011","5","40.398808","-79.855691","","11","0","0","0","0","0","1","0","0","1","0","0","0","","","0","","0","","40 23:55.708","2","0","79 51:20.487","0","0","0","0","2449","0","0","0","N","0","0","0","3","02449","0","","1.0","","1","N","N","","0","","0","0","0","","3","N","","2","0","1","0","0","0","0","2","0","2","","","","N","","","","","","","","","",""
"2011130997","","0","0","0","0","0","0","0","0","0","7","0","","02","12","2011","7","40.454344","-80.058603","","11","0","0","0","0","0","0","0","0","","0","0","0","","","1","","0","","40 27:15.640","","0","80 03:30.971","3","0","0","0","2301","0","0","0","N","0","0","0","1","02301","0","","5.0","","9","N","N","","0","","1","0","1","","0","","","1","1","1","0","0","0","0","2","0","1","","","","N","","","","","","","","","",""
"2011131074","","1","0","0","0","0","0","0","0","0","4","0","","02","12","2011","2","40.469833","-79.963717","","11","0","0","0","0","0","0","0","0","","0","0","0","","","0","","1","","40 28:11.397","","0","79 57:49.382","9","0","0","0","2301","0","0","0","N","0","0","0","2","02301","0","","1.0","","1","N","N","","0","","0","0","1","","0","","","2","0","0","0","0","0","1","2","0","2","","","","N","","","","","","","","","",""
"2011131682","","1","0","0","0","0","0","0","0","0","7","0","","02","12","2011","7","40.398905","-79.855944","","11","0","0","0","0","0","0","0","0","","0","0","0","","","0","","0","","40 23:56.057","","0","79 51:21.397","0","0","0","0","2449","0","0","0","N","0","0","0","0","02449","0","","5.0","","1","N","N","","0","","0","0","0","","0","","","1","0","0","0","0","0","0","2","0","1","","","","N","","","","","","","","","",""
"2011132487","","1","0","0","0","0","0","0","0","0","7","0","","02","12","2011","6","40.443863","-80.027591","","11","0","0","0","0","0","0","0","0","","0","0","0","","","0","","3","","40 26:37.906","","0","80 01:39.328","0","0","0","0","2301","0","0","0","N","0","0","0","1","02301","0","","2.0","","9","N","N","","0","","0","0","0","","0","","","1","0","0","0","0","0","0","2","0","1","","","","N","","","","","","","","","",""
"2011131063","","2","0","0","0","0","0","0","0","0","4","0","","02","12","2011","2","40.448982","-79.997906","","11","0","0","0","0","0","0","0","0","","0","0","0","","","0","","2","","40 26:56.335","","0","79 59:52.461","9","0","0","0","2301","0","0","0","N","0","0","0","2","02301","0","","1.0","","1","N","N","","0","","0","0","0","","3","","","2","0","0","0","0","0","1","2","0","2","","","","N","","","","","","","","","",""
"2011130455","","1","0","0","0","0","0","0","0","0","4","0","","02","12","2011","7","40.431115","-79.973809","","11","0","0","0","0","0","0","0","0","3","0","0","0","","","1","","0","","40 25:52.013","1","3","79 58:25.714","8","0","0","0","2301","0","0","0","N","0","0","0","2","02301","0","","1.0","","2","N","N","","0","","0","0","1","","0","Y","","2","1","0","0","0","1","0","2","0","2","","","","N","","","","","","","","","",""
"2011130932","","1","0","0","0","0","0","0","0","0","7","0","","02","12","2011","2","40.361221","-79.993111","","11","0","0","0","0","0","0","0","0","2","0","0","0","","","1","","0","","40 21:40.396","6","0","79 59:35.201","3","0","0","0","2476","0","0","0","N","0","0","0","1","02476","0","","5.0","","1","N","N","","0","","1","0","0","","0","N","","1","1","1","0","0","0","0","2","0","1","","","","N","","","","","","","","","",""
"2011131064","","1","0","0","0","0","0","0","0","0","7","0","","02","12","2011","6","40.445746","-80.158764","","11","0","0","0","0","0","1","0","0","1","0","0","0","","","0","","0","","40 26:44.686","1","0","80 09:31.549","0","0","0","0","2115","0","0","0","N","0","0","0","1","02115","0","","2.0","","1","N","N","","0","","0","0","0","","0","N","","2","0","0","0","0","0","0","2","0","1","","","","N","","","","","","","","","",""
"2011131822","","1","0","0","0","0","0","0","0","0","4","0","","02","12","2011","3","40.484182","-79.819301","","11","0","0","0","0","0","0","1","0","1","0","0","0","","","1","","1","","40 29:03.056","6","0","79 49:09.482","8","0","0","0","2113","0","0","0","N","0","0","0","2","02113","0","","1.0","","1","N","N","","1","","0","0","0","","2","N","","2","1","0","0","0","1","0","2","0","2","","","","N","","","","","","","","","",""
"2011131904","","2","0","0","0","0","0","0","0","0","1","0","","02","12","2011","1","40.3919","-79.884888","","11","0","0","0","0","0","1","0","0","1","0","0","0","","","1","","0","","40 23:30.840","1","0","79 53:05.596","8","0","0","0","2473","0","0","0","N","0","0","0","1","02473","0","","4.0","","2","N","N","","0","","0","0","0","","0","Y","","3","1","0","0","0","1","0","2","1","3","","","","N","","","","","","","","","",""
"2011131684","","1","0","0","0","0","0","0","0","0","7","0","","02","12","2011","7","40.534336","-79.844195","","11","0","0","0","0","0","0","0","0","1","0","0","0","","","0","","0","","40 32:03.610","3","0","79 50:39.101","0","0","0","0","2208","0","0","0","N","0","0","0","1","02208","0","","5.0","","9","N","N","","0","","0","0","0","","0","Y","","1","0","0","0","0","0","0","2","0","1","","","","N","","","","","","","","","",""
"2011133207","","2","0","0","0","0","0","0","0","0","5","0","","02","12","2011","2","40.432779","-79.746719","","11","0","0","0","0","0","0","0","0","","0","0","0","","","1","","0","","40 25:58.005","","0","79 44:48.188","4","0","0","0","2446","0","0","0","N","0","0","0","3","68T09","1","","1.0","","1","N","N","","0","","0","0","0","","0","","","2","1","0","0","0","0","0","2","0","2","","","","N","","","","","","","","","",""
"2011130471","","0","0","0","0","0","0","0","0","0","1","0","","02","12","2011","7","40.392603","-79.934029","","11","0","1","0","0","0","1","0","0","3","0","0","0","","","1","","0","","40 23:33.372","6","0","79 56:02.503","4","0","0","0","2301","0","0","0","N","0","0","0","6","02301","1","","1.0","","2","N","N","","0","","0","0","2","","0","Y","","2","1","0","0","0","0","0","2","0","2","","","","N","","","","","","","","","",""
"2011132426","","1","0","0","0","0","0","0","0","0","4","0","","02","12","2011","4","40.409509","-80.080223","","11","0","0","0","0","0","0","1","0","1","0","0","0","","","1","","2","","40 24:34.231","6","0","80 04:48.802","4","0","0","0","2415","0","0","0","N","0","0","0","2","02415","1","","1.0","","9","N","N","","0","","0","0","1","","3","Y","","2","1","0","0","0","0","0","2","0","2","","","","N","","","","","","","","","",""
"2011132427","","0","0","0","0","0","0","0","0","0","7","0","","02","12","2011","4","40.34282","-80.148064","","11","0","0","0","0","0","0","0","0","","0","0","0","","","0","","0","","40 20:34.152","","0","80 08:53.032","9","0","0","0","2119","0","0","0","N","0","0","0","1","02119","0","","5.0","","9","N","N","","0","","0","0","1","","0","","","1","0","0","0","0","0","1","2","0","1","","","","N","","","","","","","","","",""
"2011133280","","0","0","0","0","0","0","0","0","0","2","0","","02","12","2011","7","40.384977","-80.026217","","11","0","0","0","0","1","0","0","0","1","0","0","0","","","3","","0","","40 23:05.917","7","0","80 01:34.381","2","0","0","0","2109","0","0","0","N","0","0","0","3","02109","2","","1.0","","1","N","N","","1","","0","1","1","","0","Y","","2","3","1","0","1","0","0","2","0","2","","","","N","","","","","","","","","",""
"2011130937","","2","0","0","0","0","0","0","0","0","1","0","","02","12","2011","6","40.438113","-79.774199","","11","0","0","0","0","0","0","1","0","","0","0","0","","","0","","2","","40 26:17.205","","0","79 46:27.115","0","0","0","0","2446","0","0","0","N","0","0","0","2","02446","0","","1.0","","1","N","N","","0","","0","0","0","","2","","","2","0","0","0","0","0","0","2","0","2","","","","N","","","","","","","","","",""
"2011132494","","1","0","0","0","0","0","0","0","0","2","0","","02","12","2011","6","40.385188","-79.933299","","11","0","0","0","0","0","1","0","0","2","0","0","0","","","4","","0","","40 23:06.675","6","0","79 55:59.876","3","0","0","0","2301","0","0","0","N","0","0","0","6","02301","3","","1.0","","9","N","N","","0","","1","0","0","","0","N","","2","4","0","0","0","0","0","2","1","2","","","","N","","","","","","","","","",""
"2011130397","","1","0","0","0","0","0","0","0","0","1","0","","02","12","2011","7","40.331351","-79.965239","","11","0","0","0","0","0","1","0","0","1","0","0","0","","","0","","0","","40 19:52.863","4","0","79 57:54.860","0","0","0","0","2454","0","0","0","N","0","0","0","2","02454","0","","1.0","","9","N","N","","0","","0","0","1","","0","N","","2","0","0","0","0","0","0","2","0","2","","","","N","","","","","","","","","",""
"2011131689","","1","0","0","0","0","0","0","0","0","4","0","","02","12","2011","3","40.440468","-79.991526","","11","0","1","0","0","0","0","0","0","","0","0","0","","","0","","1","","40 26:25.686","","2","79 59:29.493","0","0","0","0","2301","0","0","0","N","0","0","0","3","02301","0","","1.0","","9","N","N","","0","","0","0","1","","2","","","2","0","1","0","0","0","0","2","0","2","","","","N","","","","","","","","","",""
"2011133213","","1","0","0","0","0","0","0","0","0","7","0","","02","12","2011","7","40.563471","-79.819762","","11","0","0","0","1","0","0","0","0","","0","0","0","","","0","","0","","40 33:48.497","","0","79 49:11.143","0","0","0","0","2208","0","0","0","N","0","0","0","1","02208","0","","3.0","","2","N","N","","0","","0","0","0","","0","","","1","0","0","0","0","0","0","2","0","1","","","","N","","","","","","","","","",""
"2011131910","","2","0","0","0","0","0","0","0","0","4","0","","02","12","2011","3","40.39182","-80.016755","","11","0","1","0","0","0","0","0","0","","0","0","0","","","0","","2","","40 23:30.552","","0","80 01:00.318","0","0","0","0","2301","0","0","0","N","0","0","0","2","02301","0","","1.0","","9","N","N","","0","","0","0","0","","3","","","2","0","0","0","0","0","0","2","0","2","","","","N","","","","","","","","","",""
"2011130866","","1","0","0","0","0","0","0","0","0","4","0","","02","12","2011","7","40.667444","-79.715296","","11","0","0","0","0","0","1","0","0","3","0","0","0","","","2","","0","","40 40:02.799","5","3","79 42:55.067","4","0","0","0","2106","0","0","0","Y","0","0","0","2","68D02","1","","1.0","","2","N","N","","1","","0","0","0","","0","Y","","2","2","0","0","0","1","0","2","0","2","","","","N","","","","","","","","","",""
"2011133215","","2","0","0","0","0","0","0","0","0","6","0","","02","12","2011","6","40.515343","-79.840935","","11","0","0","0","0","0","0","0","1","","0","0","0","","","0","","0","","40 30:55.234","","0","79 50:27.366","0","0","0","0","2451","0","0","0","N","0","0","0","1","02451","0","","1.0","","9","N","N","","0","","0","0","0","","0","","","2","0","0","0","0","0","0","2","0","2","","","","N","","","","","","","","","",""
"2011132431","","3","0","0","0","0","0","0","0","0","5","0","","02","12","2011","5","40.443852","-79.896488","","11","0","0","0","0","0","1","0","0","","0","0","0","","","0","","0","","40 26:37.867","","0","79 53:47.356","0","0","0","0","2301","0","0","0","N","0","0","0","1","02301","0","","2.0","","9","N","N","","0","","0","0","0","","0","","","4","0","0","0","0","0","0","2","0","3","","","","N","","","","","","","","","",""
"2011131691","","1","0","0","0","0","0","0","0","0","7","0","","02","12","2011","2","40.382427","-79.982918","","11","0","0","0","0","0","0","0","0","","0","0","0","","","1","","2","","40 22:56.737","","0","79 58:58.504","4","0","0","0","2301","0","0","0","N","0","0","0","1","02301","1","","5.0","","1","N","N","","0","","0","0","0","","0","","","1","1","0","0","0","0","0","2","0","1","","","","N","","","","","","","","","",""
"2011132499","","2","0","0","0","0","0","0","0","0","4","0","","02","12","2011","3","40.622488","-79.726413","","11","0","1","0","0","0","1","0","0","","0","0","0","","","0","","1","","40 37:20.958","","0","79 43:35.088","0","0","0","0","2106","0","0","0","N","0","0","0","3","02106","0","","1.0","","1","N","N","","0","","0","0","0","","3","","","2","0","0","0","0","0","0","2","0","2","","","","N","","","","","","","","","",""
"2011133298","","1","0","0","0","0","0","0","0","0","4","0","","02","12","2011","6","40.382321","-80.044012","","11","0","0","0","0","0","0","0","0","","0","0","0","","","0","","2","","40 22:56.356","","0","80 02:38.444","0","0","0","0","2109","0","0","0","N","0","0","0","2","02109","0","","1.0","","1","N","N","","0","","0","0","1","","2","","","2","0","0","0","0","0","0","2","0","2","","","","N","","","","","","","","","",""
"2011132500","","0","0","0","0","0","0","0","0","0","0","1","","02","12","2011","4","40.614493","-79.720345","","11","0","0","0","0","0","0","0","0","9","0","1","0","","","0","","2","","40 36:52.174","5","0","79 43:13.242","0","0","0","0","2106","0","0","0","N","0","0","0","1","02106","0","","5.0","","9","N","N","","0","","0","0","0","","0","Y","","1","0","0","0","0","0","0","2","0","1","","","","N","","","","","","","","","",""
"2011133287","","1","0","0","0","0","0","0","0","0","4","0","","02","12","2011","7","40.456922","-79.894133","","11","0","0","0","0","0","0","0","0","2","0","0","0","","","1","","1","","40 27:24.919","3","0","79 53:38.878","4","0","0","0","2301","0","0","0","N","0","0","0","3","02301","1","","1.0","","1","N","N","","1","","0","0","1","","0","Y","","3","1","0","0","0","0","0","2","0","3","","","","N","","","","","","","","","",""
"2011132434","","2","0","0","0","0","0","0","0","0","1","0","","02","12","2011","5","40.485131","-79.927501","","11","0","0","0","0","0","0","0","0","","0","0","0","","","1","","0","","40 29:06.471","","0","79 55:39.003","4","0","0","0","2301","0","0","0","N","0","0","0","1","02301","1","","6.0","","1","N","N","","0","","0","0","1","","0","","","3","1","0","0","0","0","0","2","0","3","","","","N","","","","","","","","","",""
"2011131837","","2","0","0","0","0","0","0","0","0","1","0","","02","12","2011","4","40.449706","-80.025099","","11","0","0","0","0","0","1","0","0","","0","0","0","","","0","","1","","40 26:58.940","","2","80 01:30.356","9","0","0","0","2301","0","0","0","N","0","0","0","2","02301","0","","7.0","","9","N","N","","0","","0","0","0","","2","","","2","0","0","0","0","0","2","2","0","2","","","","N","","","","","","","","","",""
"2011133112","","0","0","0","0","0","0","0","0","0","1","1","","02","12","2011","3","40.643433","-80.076688","","11","0","0","0","0","0","0","0","0","1","0","1","0","","","0","","2","","40 38:36.358","2","0","80 04:36.076","0","0","0","0","2212","0","0","0","N","0","0","0","2","02505","0","","1.0","","9","N","N","","0","","0","0","1","","3","N","","2","0","1","0","0","0","0","2","0","2","","","","N","","","","","","","","","",""
"2011130945","","0","0","0","0","0","0","0","0","0","5","1","","02","12","2011","2","40.454254","-79.99466","","11","0","0","0","0","0","0","1","0","","0","1","0","","","0","","3","","40 27:15.315","","0","79 59:40.776","0","0","0","0","2301","0","0","0","N","0","0","0","2","02301","0","","1.0","","1","N","N","","0","","0","0","1","","4","","","2","0","0","0","0","0","0","2","0","2","","","","N","","","","","","","","","",""
"2011133113","","1","0","0","0","0","0","0","0","0","1","0","","02","12","2011","6","40.473765","-79.821329","","11","0","1","0","0","0","0","0","0","","0","0","0","","","0","","0","","40 28:25.553","","0","79 49:16.784","0","0","0","0","2113","0","0","0","N","0","0","0","4","02113","0","","1.0","","1","N","N","","0","","0","0","1","","0","","","2","0","0","0","0","0","0","2","0","2","","","","N","","","","","","","","","",""
"2011131696","","0","0","0","0","0","0","0","0","0","7","0","","02","12","2011","3","40.398259","-79.999779","","11","0","0","0","0","0","0","0","0","","0","0","0","","","1","","1","","40 23:53.732","","0","79 59:59.203","4","0","0","0","2301","0","0","0","N","0","0","0","1","02301","1","","2.0","","9","N","N","","0","","0","0","1","","0","","","1","1","0","0","0","0","0","2","0","1","","","","N","","","","","","","","","",""
"2011133222","","0","0","0","0","0","0","0","0","0","99","0","","02","12","2011","5","40.462634","-80.201654","","11","0","0","0","0","0","0","0","0","","0","0","0","","","0","","0","","40 27:45.482","","0","80 12:05.954","0","0","0","0","2203","0","0","0","N","0","0","0","1","02203","0","","2.0","","9","N","N","","0","","0","0","1","","0","","","1","0","0","0","0","0","0","2","0","1","","","","N","","","","","","","","","",""
"2011131839","","1","0","0","0","0","0","0","0","0","7","0","","02","12","2011","1","40.462918","-80.031745","","11","0","0","0","0","0","0","0","0","","0","0","0","","","0","","0","","40 27:46.504","","0","80 01:54.281","0","0","0","0","2301","0","0","0","N","0","0","0","1","02301","0","","1.0","","9","","N","","0","","0","0","0","","0","","","1","0","0","0","0","0","0","2","0","1","","","","N","","","","","","","","","",""
"2011131027","","0","0","0","0","0","0","0","0","0","4","0","","02","12","2011","1","40.552326","-79.967992","","11","1","0","0","0","0","1","0","0","1","0","0","0","","","0","","2","","40 33:08.372","3","0","79 58:04.771","0","0","0","0","2118","0","0","0","N","0","0","0","3","02118","0","","1.0","","1","N","N","","0","","0","0","1","","0","N","","2","0","1","0","0","0","0","2","1","2","","","","N","","","","","","","","","",""
"2011133223","","0","0","0","0","0","0","0","0","0","7","0","","02","12","2011","6","40.581474","-80.082582","","11","0","0","0","0","0","1","0","0","","0","0","0","","","0","","0","","40 34:53.308","","0","80 04:57.295","0","0","0","0","2481","0","0","0","N","0","0","0","1","02481","0","","5.0","","9","N","N","","0","","0","0","1","","0","","","1","0","0","0","0","0","0","2","0","1","","","","N","","","","","","","","","",""
"2011131633","","1","0","0","0","0","0","0","0","0","4","0","","02","12","2011","3","40.577849","-80.220346","","11","0","0","0","0","0","0","0","0","","0","0","0","","","0","","1","","40 34:40.255","","0","80 13:13.246","0","0","0","0","2441","0","0","0","N","0","0","0","3","02441","0","","1.0","","9","N","N","","0","","0","0","1","","3","","","2","0","0","0","0","0","0","2","0","2","","","","N","","","","","","","","","",""
"2011131699","","2","0","0","0","0","0","0","0","0","7","0","","02","12","2011","7","40.443472","-79.990845","","11","0","0","0","0","0","1","1","0","","0","0","0","","","1","","3","","40 26:36.499","","0","79 59:27.041","4","0","0","0","2301","0","0","0","N","0","0","0","11","02301","1","","2.0","","2","N","N","","0","","0","0","3","","0","","","5","1","1","0","0","0","0","2","0","5","","","","N","","","","","","","","","",""
"2011133224","","2","0","0","0","0","0","0","0","0","4","0","","02","12","2011","6","40.438202","-79.830514","","11","0","0","0","0","0","4","0","0","2","0","0","0","","","3","","1","","40 26:17.528","6","0","79 49:49.850","4","0","0","0","2419","0","0","0","N","0","0","0","7","02419","1","","1.0","","1","N","N","","1","","0","0","2","","2","Y","","6","3","0","0","0","2","0","2","1","6","","","","N","","","","","","","","","",""
"2011131634","","2","0","0","0","0","0","0","0","0","1","0","","02","12","2011","3","40.415444","-79.924874","","11","0","0","0","0","0","0","0","0","1","0","0","0","","","0","","1","","40 24:55.598","1","0","79 55:29.546","0","0","0","0","2301","0","0","0","N","0","0","0","4","02301","0","","1.0","","9","N","N","","1","","0","0","0","","2","N","","3","0","0","0","0","0","0","2","0","3","","","","N","","","","","","","","","",""
"2011131017","","0","0","0","0","0","0","0","0","0","8","0","","02","12","2011","2","40.438761","-79.997342","","11","0","0","0","0","0","0","0","0","","0","0","0","","","1","","1","","40 26:19.539","","0","79 59:50.431","8","0","0","0","2301","1","0","0","N","1","0","0","3","02301","0","","1.0","","1","N","N","","0","","0","0","0","","2","","","2","1","0","0","0","1","0","2","1","1","","","","N","","","","","","","","","",""
"2011132639","","0","0","0","0","0","0","0","0","0","4","0","","02","12","2011","1","40.387641","-80.090992","","11","0","0","0","0","0","2","0","0","","0","0","0","","","2","","2","","40 23:15.509","","7","80 05:27.572","4","0","0","0","2437","0","0","0","N","0","0","0","2","02437","2","","1.0","","1","N","N","","0","","0","0","1","","2","","","2","2","0","0","0","0","0","2","1","2","","","","N","","","","","","","","","",""
"2011131920","","1","0","0","0","0","0","0","0","0","1","0","","02","12","2011","3","40.340858","-80.171595","","11","0","0","0","0","0","1","1","0","1","0","0","0","","","3","","2","","40 20:27.087","5","0","80 10:17.742","3","0","0","0","2119","0","0","0","N","0","0","0","3","02119","2","","1.0","","9","N","N","","1","","1","0","0","","2","N","","2","3","0","0","0","0","0","2","0","2","","","","N","","","","","","","","","",""
"2011130486","","1","0","0","0","0","0","0","0","0","1","0","","02","12","2011","7","40.442262","-79.993561","","11","0","0","0","0","0","1","0","0","3","0","0","0","","","1","","3","","40 26:32.142","4","2","79 59:36.821","8","0","0","0","2301","0","0","0","N","0","0","0","6","02301","0","","1.0","","2","N","N","","0","","0","0","0","","0","Y","","2","1","0","0","0","1","0","2","1","2","","","","N","","","","","","","","","",""
"2011129260","","2","0","0","0","0","0","0","0","0","4","0","","02","12","2011","3","40.523789","-79.947167","","11","0","0","0","0","0","1","0","1","","0","0","0","","","1","","0","","40 31:25.640","","7","79 56:49.800","3","0","0","0","2118","0","0","0","N","0","0","0","2","02118","0","","1.0","","1","N","N","","0","","1","0","0","","0","","","2","1","1","0","0","0","0","2","0","2","","","","N","","","","","","","","","",""
"2011130487","","2","0","0","0","0","0","0","0","0","4","0","","02","12","2011","7","40.385672","-79.933481","","11","0","0","0","0","0","1","0","0","2","0","0","0","","","0","","0","","40 23:08.420","1","3","79 56:00.533","0","0","0","0","2301","0","0","0","N","0","0","0","2","02301","0","","1.0","","2","N","N","","0","","0","0","0","","0","N","","2","0","0","0","0","0","0","2","0","2","","","","N","","","","","","","","","",""
"2011130551","","1","0","0","0","0","0","0","0","0","2","0","","02","12","2011","7","40.450559","-79.93008","","11","0","0","0","0","1","0","0","0","","0","0","0","","","0","","1","","40 27:02.012","","0","79 55:48.288","0","0","0","0","2301","0","0","0","N","0","0","0","3","02301","0","","1.0","","9","N","N","","0","","0","0","1","","3","","","2","0","0","0","0","0","0","2","0","2","","","","N","","","","","","","","","",""
"2011130565","","2","0","0","0","0","0","0","0","0","4","0","","02","12","2011","7","40.492535","-80.049406","","11","0","0","0","0","0","1","1","0","","0","0","0","","","0","","1","","40 29:33.126","","0","80 02:57.861","0","0","0","0","2404","0","0","0","N","0","0","0","2","02404","0","","1.0","","9","N","N","","0","","0","0","0","","0","","","2","0","0","0","0","0","0","2","0","2","","","","N","","","","","","","","","",""
"2011130692","","1","0","0","0","0","0","0","0","0","99","0","","02","12","2011","5","40.577604","-79.785681","","11","0","0","0","0","0","1","0","0","","0","0","0","","","0","","0","","40 34:39.375","","0","79 47:08.450","0","0","0","0","2104","0","0","0","N","0","0","0","2","68D02","0","","1.0","","1","N","N","","0","","0","0","0","","0","","","1","0","0","0","0","0","0","2","0","1","","","","N","","","","","","","","","",""