"CRN","ARRIVAL_TM","AUTOMOBILE_COUNT","BELTED_DEATH_COUNT","BELTED_SUSP_SERIOUS_INJ_COUNT","BICYCLE_COUNT","BICYCLE_DEATH_COUNT","BICYCLE_SUSP_SERIOUS_INJ_COUNT","BUS_COUNT","CHLDPAS_DEATH_COUNT","CHLDPAS_SUSP_SERIOUS_INJ_COUNT","COLLISION_TYPE","COMM_VEH_COUNT","CONS_ZONE_SPD_LIM","COUNTY","CRASH_MONTH","CRASH_YEAR","DAY_OF_WEEK","DEC_LATITUDE","DEC_LONGITUDE","DISPATCH_TM","DISTRICT","DRIVER_COUNT_16YR","DRIVER_COUNT_17YR","DRIVER_COUNT_18YR","DRIVER_COUNT_19YR","DRIVER_COUNT_20YR","DRIVER_COUNT_50_64YR","DRIVER_COUNT_65_74YR","DRIVER_COUNT_75PLUS","EST_HRS_CLOSED","FATAL_COUNT","HEAVY_TRUCK_COUNT","HORSE_BUGGY_COUNT","HOUR_OF_DAY","ILLUMINATION","INJURY_COUNT","INTERSECTION_RELATED","INTERSECT_TYPE","LANE_CLOSED","LATITUDE","LN_CLOSE_DIR","LOCATION_TYPE","LONGITUDE","MAX_SEVERITY_LEVEL","MCYCLE_DEATH_COUNT","MCYCLE_SUSP_SERIOUS_INJ_COUNT","MOTORCYCLE_COUNT","MUNICIPALITY","NONMOTR_COUNT","NONMOTR_DEATH_COUNT","NONMOTR_SUSP_SERIOUS_INJ_COUNT","NTFY_HIWY_MAINT","PED_COUNT","PED_DEATH_COUNT","PED_SUSP_SERIOUS_INJ_COUNT","PERSON_COUNT","POLICE_AGCY","POSSIBLE_INJ_COUNT","RDWY_SURF_TYPE_CD","RELATION_TO_ROAD","ROADWAY_CLEARED","ROAD_CONDITION","SCH_BUS_IND","SCH_ZONE_IND","SECONDARY_CRASH","SMALL_TRUCK_COUNT","SPEC_JURIS_CD","SUSP_MINOR_INJ_COUNT","SUSP_SERIOUS_INJ_COUNT","SUV_COUNT","TCD_FUNC_CD","TCD_TYPE","TFC_DETOUR_IND","TIME_OF_DAY","TOTAL_UNITS","TOT_INJ_COUNT","UNBELTED_OCC_COUNT","UNB_DEATH_COUNT","UNB_SUSP_SERIOUS_INJ_COUNT","UNK_INJ_DEG_COUNT","UNK_INJ_PER_COUNT","URBAN_RURAL","VAN_COUNT","VEHICLE_COUNT","WEATHER1","WEATHER2","WORKERS_PRES","WORK_ZONE_IND","WORK_ZONE_LOC","WORK_ZONE_TYPE","WZ_CLOSE_DETOUR","WZ_FLAGGER","WZ_LAW_OFFCR_IND","WZ_LN_CLOSURE","WZ_MOVING","WZ_OTHER","WZ_SHLDER_MDN","WZ_WORKERS_INJ_KILLED"
"2011132120","","1","0","0","0","0","0","0","0","0","7","0","","02","11","2011","5","40.498364","-80.102211","","11","0","0","0","0","0","0","0","0","9","0","0","0","","","1","","0","","40 29:54.111","2","0","80 06:07.960","4","0","0","0","2126","0","0","0","N","0","0","0","1","02126","1","","2.0","","1","N","N","","0","","0","0","0","","0","N","","1","1","0","0","0","0","0","2","0","1","","","","N","","","","","","","","","",""
"2011130012","","2","0","0","0","0","0","0","0","0","4","0","","02","12","2011","3","40.376461","-80.067458","","11","0","0","0","0","0","0","0","1","","0","0","0","","","0","","1","","40 22:35.260","","0","80 04:02.850","0","0","0","0","2117","0","0","0","N","0","0","0","3","02117","0","","1.0","","1","N","N","","0","","0","0","0","","2","","","2","0","0","0","0","0","0","2","0","2","","","","N","","","","","","","","","",""
"2011129322","","1","0","0","0","0","0","0","0","0","1","1","","02","12","2011","4","40.353118","-79.889259","","11","0","0","0","0","0","1","0","0","","0","1","0","","","1","","3","","40 21:11.224","","0","79 53:21.332","8","0","0","0","2423","0","0","0","N","0","0","0","3","02304","0","","2.0","","1","N","N","","0","","0","0","0","","0","","","2","1","0","0","0","1","0","2","0","2","","","","N","","","","","","","","","",""
"2011130083","","1","0","0","0","0","0","0","0","0","7","0","","02","12","2011","6","40.425354","-79.729971","","11","0","0","0","0","0","0","0","0","1","0","0","0","","","0","","0","","40 25:31.274","1","0","79 43:47.895","0","0","0","0","2446","0","0","0","N","0","0","0","1","02446","0","","5.0","","1","N","N","","0","","0","0","0","","0","N","","1","0","0","0","0","0","0","2","0","1","","","","N","","","","","","","","","",""
"2011130480","","0","0","0","0","0","0","0","0","0","4","0","","02","12","2011","7","40.473467","-80.028625","","11","0","0","0","0","0","1","0","0","2","0","0","0","","","1","","3","","40 28:24.481","1","0","80 01:43.050","4","0","0","0","2301","0","0","0","N","0","0","0","3","02301","1","","1.0","","9","N","N","","0","","0","0","2","","3","N","","2","1","0","0","0","0","0","2","0","2","","","","N","","","","","","","","","",""
"2011132121","","0","0","0","0","0","0","0","0","0","4","0","","02","12","2011","4","40.537388","-79.837415","","11","0","1","0","0","0","0","0","0","1","0","0","0","","","2","","0","","40 32:14.597","2","0","79 50:14.694","4","0","0","0","2208","0","0","0","N","0","0","0","3","02208","2","","1.0","","9","N","N","","1","","0","0","1","","0","N","","2","2","0","0","0","0","0","2","0","2","","","","N","","","","","","","","","",""
"2011130014","","1","0","0","0","0","0","0","0","0","5","0","","02","12","2011","6","40.463648","-79.923495","","11","0","0","0","0","0","2","0","0","1","0","0","0","","","1","","5","","40 27:49.131","4","0","79 55:24.582","8","0","0","0","2301","0","0","0","N","0","0","0","2","02301","0","","1.0","","1","N","N","","1","","0","0","0","","2","N","","2","1","0","0","0","1","0","2","0","2","","","","N","","","","","","","","","",""
"2011129327","","1","0","0","0","0","0","0","0","0","1","0","","02","12","2011","4","40.612734","-79.947442","","11","0","0","0","1","0","0","0","0","1","0","0","0","","","0","","0","","40 36:45.842","1","7","79 56:50.790","0","0","0","0","2207","0","0","0","N","0","0","0","3","02207","0","","1.0","","9","N","N","","1","","0","0","0","","0","N","","2","0","0","0","0","0","0","2","0","2","","","","N","","","","","","","","","",""
"2011131297","","1","0","0","0","0","0","0","0","0","8","0","","02","12","2011","3","40.44113","-80.004041","","11","0","0","0","0","0","1","0","0","","0","0","0","","","1","","1","","40 26:28.068","","0","80 00:14.547","4","0","0","0","2301","1","0","0","N","1","0","0","3","02301","1","","1.0","","9","N","N","","0","","0","0","0","","2","","","2","1","0","0","0","0","0","2","0","1","","","","N","","","","","","","","","",""
"2011131439","","3","0","0","0","0","0","0","0","0","4","0","","02","12","2011","7","40.513771","-80.159174","","11","0","0","1","0","0","0","0","0","2","0","0","0","","","0","","0","","40 30:49.575","6","0","80 09:33.026","0","0","0","0","2420","0","0","0","N","0","0","0","1","02420","0","","6.0","","1","N","N","","0","","0","0","0","","0","Y","","3","0","0","0","0","0","0","2","0","3","","","","N","","","","","","","","","",""
"2011129328","","1","0","0","0","0","0","0","0","0","7","0","","02","12","2011","3","40.573162","-79.99433","","11","0","0","1","0","0","0","0","0","","0","0","0","","","1","","2","","40 34:23.382","","0","79 59:39.587","8","0","0","0","2108","0","0","0","N","0","0","0","1","02108","0","","5.0","","1","N","N","","0","","0","0","1","","3","","","3","1","0","0","0","1","0","2","0","2","","","","N","","","","","","","","","",""
"2011132138","","2","0","0","0","0","0","0","0","0","1","0","","02","12","2011","4","40.368767","-80.036278","","11","0","0","0","0","0","1","0","0","1","0","0","0","","","2","","0","","40 22:07.561","3","0","80 02:10.602","4","0","0","0","2416","0","0","0","N","0","0","0","3","02416","2","","1.0","","9","N","N","","0","","0","0","1","","0","N","","3","2","0","0","0","0","0","2","0","3","","","","N","","","","","","","","","",""
"2011128529","","0","0","0","0","0","0","0","0","0","7","0","","02","12","2011","2","40.466026","-80.075336","","11","0","0","0","0","0","0","0","0","3","0","0","0","","","1","","0","","40 27:57.693","6","0","80 04:31.209","3","0","0","0","2444","0","0","0","N","0","0","0","1","02444","0","","5.0","","1","N","N","","1","","1","0","0","","0","Y","","1","1","0","0","0","0","0","2","0","1","","","","N","","","","","","","","","",""
"2011129329","","1","0","0","0","0","0","0","0","0","4","0","","02","12","2011","3","40.439808","-80.152447","","11","0","0","0","0","0","0","0","0","1","0","0","0","","","2","","1","","40 26:23.308","3","6","80 09:08.810","8","0","0","0","2115","0","0","0","N","0","0","0","3","02115","0","","1.0","","1","N","N","","0","","0","0","1","","2","N","","2","2","0","0","0","2","0","2","0","2","","","","N","","","","","","","","","",""
"2011131234","","2","0","0","0","0","0","0","0","0","6","0","","02","12","2011","3","40.396597","-79.982316","","11","0","0","1","0","0","0","0","0","1","0","0","0","","","2","","0","","40 23:47.749","7","0","79 58:56.337","4","0","0","0","2301","0","0","0","N","0","0","0","2","02301","2","","1.0","","9","N","N","","1","","0","0","1","","0","Y","","4","2","2","0","0","0","0","2","0","4","","","","N","","","","","","","","","",""
"2011130561","","1","0","0","0","0","0","0","0","0","1","0","","02","12","2011","7","40.493806","-79.861141","","11","0","0","0","0","0","0","0","0","","0","0","0","","","0","","0","","40 29:37.703","","0","79 51:40.108","9","0","0","0","2408","0","0","0","N","0","0","0","1","02408","0","","6.0","","9","N","N","","0","","0","0","0","","0","","","2","0","0","0","0","0","1","2","0","2","","","","N","","","","","","","","","",""
"2011132126","","3","0","0","0","0","0","0","0","0","1","0","","02","12","2011","2","40.454403","-79.994453","","11","0","0","0","1","0","1","0","0","","0","0","0","","","0","","0","","40 27:15.850","","0","79 59:40.030","0","0","0","0","2301","0","0","0","N","0","0","0","3","02301","0","","1.0","","1","N","N","","0","","0","0","0","","0","","","3","0","0","0","0","0","0","2","0","3","","","","N","","","","","","","","","",""
"2011130089","","0","0","0","0","0","0","1","0","0","4","1","","02","12","2011","6","40.439925","-79.994182","","11","0","0","0","0","0","1","0","0","","0","0","0","","","1","","2","","40 26:23.730","","0","79 59:39.055","4","0","0","0","2301","0","0","0","N","0","0","0","13","02503","1","","1.0","","1","N","N","","0","","0","0","0","","2","","","2","1","12","0","0","0","0","2","1","2","","","","N","","","","","","","","","",""
"2011128689","","0","0","0","0","0","0","0","0","0","8","0","","02","12","2011","2","40.530577","-80.009757","","11","0","0","0","0","0","0","0","0","","0","0","0","","","1","","1","","40 31:50.078","","0","80 00:35.126","3","0","0","0","2116","1","0","0","N","1","0","0","2","02116","0","","1.0","","1","N","N","","0","","1","0","1","","2","","","2","1","0","0","0","0","0","2","0","1","","","","N","","","","","","","","","",""
"2011129486","","1","0","0","0","0","0","0","0","0","7","0","","02","12","2011","1","40.518515","-79.929713","","11","0","1","0","0","0","0","0","0","","0","0","0","","","1","","0","","40 31:06.653","","0","79 55:46.968","4","0","0","0","2112","0","0","0","N","0","0","0","1","02112","1","","5.0","","1","N","N","","0","","0","0","0","","0","","","1","1","0","0","0","0","0","2","0","1","","","","N","","","","","","","","","",""
"2011128056","","0","0","0","0","0","0","0","0","0","1","0","","02","12","2011","5","40.534287","-79.969432","","11","0","0","0","0","0","1","0","0","1","0","0","0","","","0","","0","","40 32:03.434","2","0","79 58:09.954","0","0","0","0","2118","0","0","0","N","0","0","0","5","02118","0","","1.0","","1","N","N","","1","","0","0","2","","0","N","","3","0","0","0","0","0","0","2","0","3","","","","N","","","","","","","","","",""
"2011129690","","0","0","0","0","0","0","0","0","0","4","0","","02","12","2011","5","40.424953","-79.980739","","11","0","0","0","0","0","0","0","0","1","0","1","0","","","0","","0","","40 25:29.829","5","0","79 58:50.661","0","0","0","0","2301","0","0","0","N","0","0","0","3","02301","0","","1.0","","9","N","N","","1","","0","0","0","","0","Y","","2","0","0","0","0","0","0","2","0","2","","","","N","","","","","","","","","",""
"2011128201","","1","0","0","0","0","0","0","0","0","1","0","","02","12","2011","7","40.407051","-79.913624","","11","0","0","0","0","0","1","1","0","","0","0","0","","","1","","0","","40 24:25.382","","3","79 54:49.045","8","0","0","0","2438","0","0","0","N","0","0","0","5","02438","0","","1.0","","1","N","N","","1","","0","0","0","","0","","","2","1","0","0","0","1","1","2","0","2","","","","N","","","","","","","","","",""
"2011127855","","2","0","0","0","0","0","0","0","0","4","0","","02","12","2011","7","40.310345","-79.915736","","11","0","0","0","0","0","1","0","0","","0","0","0","","","1","","3","","40 18:37.242","","0","79 54:56.651","8","0","0","0","2440","0","0","0","N","0","0","0","2","02440","0","","1.0","","1","N","N","","0","","0","0","0","","3","","","2","1","0","0","0","1","0","2","0","2","","","","N","","","","","","","","","",""
"2011127919","","0","0","0","0","0","0","0","0","0","1","0","","02","12","2011","7","40.429936","-80.028684","","11","0","0","0","1","0","0","0","0","","0","0","0","","","0","","3","","40 25:47.769","","2","80 01:43.261","0","0","0","0","2301","0","0","0","N","0","0","0","5","02301","0","","1.0","","1","N","N","","0","","0","0","2","","4","","","2","0","0","0","0","0","0","2","0","2","","","","N","","","","","","","","","",""
"2011129693","","1","0","0","0","0","0","0","0","0","7","0","","02","12","2011","5","40.305597","-79.822378","","11","0","0","0","1","0","0","0","0","","0","0","0","","","0","","0","","40 18:20.148","","0","79 49:20.562","0","0","0","0","2105","0","0","0","N","0","0","0","1","02105","0","","2.0","","9","N","N","","0","","0","0","0","","0","","","1","0","0","0","0","0","0","1","0","1","","","","N","","","","","","","","","",""
"2011128144","","0","0","0","0","0","0","0","0","0","99","0","","02","12","2011","1","40.406434","-80.014965","","11","0","0","0","0","0","0","0","0","1","0","0","0","","","0","","0","","40 24:23.162","4","0","80 00:53.874","0","0","0","0","2301","0","0","0","N","0","0","0","1","02301","0","","1.0","","1","N","N","","1","","0","0","0","","0","N","","1","0","0","0","0","0","0","2","0","1","","","","N","","","","","","","","","",""
"2011127858","","1","0","0","0","0","0","0","0","0","7","0","","02","12","2011","2","40.535972","-80.020903","","11","0","0","0","0","0","0","0","0","1","0","0","0","","","0","","0","","40 32:09.500","1","0","80 01:15.249","0","0","0","0","2116","0","0","0","N","0","0","0","1","02116","0","","4.0","","9","N","N","","0","","0","0","0","","0","N","","1","0","0","0","0","0","0","2","0","1","","","","N","","","","","","","","","",""
"2011130183","","2","0","0","0","0","0","0","0","0","1","0","","02","12","2011","4","40.344296","-79.940704","","11","0","0","0","0","0","2","0","0","","0","0","0","","","1","","1","","40 20:39.464","","0","79 56:26.536","4","0","0","0","2473","0","0","0","N","0","0","0","2","02473","1","","1.0","","1","N","N","","0","","0","0","0","","2","","","2","1","0","0","0","0","0","2","0","2","","","","N","","","","","","","","","",""
"2011127859","","1","0","0","0","0","0","0","0","0","4","0","","02","12","2011","7","40.371959","-80.078053","","11","0","0","0","0","0","1","0","0","2","0","0","0","","","1","","2","","40 22:19.054","3","0","80 04:40.989","8","0","0","0","2109","0","0","0","N","0","0","0","5","02109","0","","1.0","","1","N","N","","1","","0","0","1","","2","Y","","3","1","1","0","0","1","0","2","0","3","","","","N","","","","","","","","","",""
"2011128617","","1","0","0","0","0","0","0","0","0","8","0","","02","12","2011","3","40.441956","-79.962881","","11","0","0","0","0","0","0","0","0","","0","0","0","","","1","","1","","40 26:31.041","","0","79 57:46.371","4","0","0","0","2301","1","0","0","N","1","0","0","2","02301","1","","1.0","","1","N","N","","0","","0","0","0","","2","","","2","1","0","0","0","0","0","2","0","1","","","","N","","","","","","","","","",""
"2011128684","","0","0","0","0","0","0","0","0","0","7","0","","02","12","2011","5","40.400208","-79.835258","","11","0","0","0","0","0","0","0","0","1","0","0","0","","","1","","2","","40 24:00.748","1","0","79 50:06.928","3","0","0","0","2425","0","0","0","N","0","0","0","2","02425","0","","5.0","","1","N","N","","0","","1","0","1","","3","N","","1","1","0","0","0","0","0","2","0","1","","","","N","","","","","","","","","",""
"2011127935","","0","0","0","0","0","0","0","0","0","8","0","","02","12","2011","7","40.337073","-79.949678","","11","0","0","0","0","0","0","0","0","","0","0","0","","","1","","0","","40 20:13.463","","0","79 56:58.841","8","0","0","0","2454","1","0","0","N","1","0","0","2","02454","0","","1.0","","1","N","N","","0","","0","0","1","","0","","","2","1","0","0","0","1","1","2","0","1","","","","N","","","","","","","","","",""
"2011127439","","1","0","0","0","0","0","0","0","0","4","0","","02","12","2011","6","40.393163","-80.050345","","11","0","0","0","0","0","1","0","0","1","0","0","0","","","0","","1","","40 23:35.386","1","0","80 03:01.242","0","0","0","0","2109","0","0","0","N","0","0","0","2","02109","0","","1.0","","1","N","N","","0","","0","0","1","","3","N","","2","0","1","0","0","0","0","2","0","2","","","","N","","","","","","","","","",""
"2011127860","","2","0","0","0","0","0","0","0","0","1","0","","02","12","2011","7","40.454805","-80.041186","","11","0","0","0","0","1","1","0","0","2","0","0","0","","","0","","3","","40 27:17.298","1","0","80 02:28.271","0","0","0","0","2301","0","0","0","N","0","0","0","2","02301","0","","1.0","","1","N","N","","0","","0","0","0","","0","N","","2","0","0","0","0","0","0","2","0","2","","","","N","","","","","","","","","",""
"2011127924","","1","0","0","0","0","0","0","0","0","7","0","","02","12","2011","6","40.608233","-80.003747","","11","1","0","0","0","0","0","0","0","","0","0","0","","","6","","0","","40 36:29.640","","0","80 00:13.490","2","0","0","0","2108","0","0","0","N","0","0","0","6","02501","0","","5.0","","1","N","N","","0","","5","1","0","","8","","","1","6","5","0","1","0","0","1","0","1","","","","N","","","","","","","","","",""
"2011130185","","1","0","0","0","0","0","0","0","0","4","0","","02","12","2011","6","40.424146","-80.043428","","11","0","1","0","0","0","0","0","0","","0","0","0","","","1","","2","","40 25:26.926","","7","80 02:36.342","3","0","0","0","2435","0","0","0","N","0","0","0","2","02435","0","","1.0","","1","N","N","","0","","1","0","1","","2","","","2","1","0","0","0","0","0","2","0","2","","","","N","","","","","","","","","",""
"2011129494","","0","0","0","0","0","0","0","0","0","7","0","","02","12","2011","4","40.380783","-79.926921","","11","0","0","0","0","0","0","1","0","3","0","0","0","","","0","","0","","40 22:50.820","3","0","79 55:36.916","0","0","0","0","2301","0","0","0","N","0","0","0","1","02301","0","","5.0","","1","N","N","","1","","0","0","0","","0","N","","1","0","0","0","0","0","0","2","0","1","","","","N","","","","","","","","","",""
"2011130358","","1","0","0","0","0","0","0","0","0","7","0","","02","12","2011","5","40.548612","-80.037046","","11","0","0","0","1","0","0","0","0","","0","0","0","","","0","","0","","40 32:55.003","","7","80 02:13.364","0","0","0","0","2116","0","0","0","","0","0","0","1","02116","0","","4.0","","1","","","","0","","0","0","0","","0","","","2","0","0","0","0","0","0","2","0","1","","","","N","","","","","","","","","",""
"2011130186","","3","0","0","0","0","0","0","0","0","1","0","","02","12","2011","6","40.409456","-80.048678","","11","0","0","0","0","0","1","0","1","2","0","0","0","","","1","","0","","40 24:34.040","2","0","80 02:55.241","8","0","0","0","2435","0","0","0","N","0","0","0","9","02435","0","","1.0","","1","N","N","","0","","0","0","1","","0","N","","4","1","0","0","0","1","0","2","0","4","","","","N","","","","","","","","","",""
"2011128699","","1","0","0","0","0","0","0","0","0","4","0","","02","12","2011","1","40.5369","-80.021811","","11","0","0","0","0","0","2","0","0","","0","0","0","","","0","","0","","40 32:12.840","","7","80 01:18.519","0","0","0","0","2116","0","0","0","N","0","0","0","2","02116","0","","2.0","","1","N","N","","1","","0","0","0","","0","","","2","0","1","0","0","0","0","2","0","2","","","","N","","","","","","","","","",""
"2011128700","","0","0","0","1","0","0","0","0","0","8","0","","02","12","2011","3","40.438892","-79.934087","","11","0","0","0","0","0","1","0","0","","0","0","0","","","1","","1","","40 26:20.011","","0","79 56:02.713","3","0","0","0","2301","1","0","0","N","0","0","0","2","02301","0","","1.0","","1","N","N","","0","","1","0","1","","3","","","2","1","0","0","0","0","0","2","0","1","","","","N","","","","","","","","","",""
"2011128068","","1","0","0","0","0","0","0","0","0","1","0","","02","12","2011","7","40.511725","-79.947756","","11","0","0","0","0","0","1","0","0","1","0","0","0","","","0","","0","","40 30:42.211","1","0","79 56:51.921","0","0","0","0","2118","0","0","0","N","0","0","0","2","02118","0","","1.0","","1","N","N","","0","","0","0","1","","0","N","","2","0","0","0","0","0","0","2","0","2","","","","N","","","","","","","","","",""
"2011127927","","1","0","0","0","0","0","0","0","0","4","1","","02","12","2011","7","40.464397","-79.933297","","11","0","0","0","0","0","0","0","0","","0","1","0","","","0","","0","","40 27:51.829","","0","79 55:59.869","0","0","0","0","2301","0","0","0","N","0","0","0","2","02301","0","","1.0","","1","N","N","","0","","0","0","0","","0","","","2","0","0","0","0","0","0","2","0","2","","","","N","","","","","","","","","",""
"2011129701","","2","0","0","0","0","0","0","0","0","1","0","","02","12","2011","4","40.313728","-80.089714","","11","0","0","0","0","0","1","2","1","2","0","0","0","","","0","","1","","40 18:49.421","3","0","80 05:22.971","0","0","0","0","2123","0","0","0","N","0","0","0","4","02123","0","","1.0","","1","N","N","","2","","0","0","0","","2","N","","4","0","0","0","0","0","0","2","0","4","","","","N","","","","","","","","","",""
"2011130236","","1","0","0","0","0","0","0","0","0","1","1","","02","12","2011","3","40.440618","-79.993058","","11","0","0","0","0","0","1","0","0","","0","1","0","","","1","","6","","40 26:26.223","","2","79 59:35.008","8","0","0","0","2301","0","0","0","N","0","0","0","2","02301","0","","7.0","","1","N","N","","0","","0","0","0","","0","","","2","1","0","0","0","1","0","2","0","2","","","","N","","","","","","","","","",""
"2011127865","","1","0","0","0","0","0","0","0","0","4","0","","02","12","2011","2","40.438188","-79.986514","","11","0","0","0","0","0","0","0","0","","0","0","0","","","0","","1","","40 26:17.476","","0","79 59:11.450","0","0","0","0","2301","0","0","0","N","0","0","0","2","02301","0","","1.0","","1","N","N","","0","","0","0","0","","3","","","2","0","0","0","0","0","0","2","1","2","","","","N","","","","","","","","","",""
"2011130177","","2","0","0","0","0","0","0","0","0","4","0","","02","5","2011","7","40.387589","-80.090909","","11","0","0","0","0","0","0","0","0","","0","0","0","","","0","","1","","40 23:15.322","","0","80 05:27.271","0","0","0","0","2437","0","0","0","N","0","0","0","3","02437","0","","1.0","","9","N","N","","0","","0","0","1","","2","","","3","0","0","0","0","0","0","2","0","3","","","","N","","","","","","","","","",""
"2011128640","","1","0","0","0","0","0","0","0","0","1","0","","02","12","2011","3","40.38676","-80.049721","","11","0","0","0","0","1","0","0","0","1","0","0","0","","","0","","0","","40 23:12.336","6","0","80 02:58.995","0","0","0","0","2109","0","0","0","N","0","0","0","1","02109","0","","1.0","","1","N","N","","0","","0","0","1","","0","Y","","2","0","0","0","0","0","0","2","0","2","","","","N","","","","","","","","","",""
"2011130190","","1","0","0","0","0","0","0","0","0","1","0","","02","12","2011","6","40.455739","-79.710237","","11","0","0","0","0","0","1","0","0","","0","0","0","","","1","","0","","40 27:20.659","","0","79 42:36.852","4","0","0","0","2466","0","0","0","N","0","0","0","6","02466","1","","1.0","","1","N","N","","0","","0","0","2","","0","","","3","1","0","0","0","0","0","2","0","3","","","","N","","","","","","","","","",""
"2011129500","","2","0","0","0","0","0","0","0","0","1","0","","02","12","2011","1","40.451364","-79.958778","","11","0","0","0","0","0","0","0","0","","0","0","0","","","1","","0","","40 27:04.910","","0","79 57:31.600","4","0","0","0","2301","0","0","0","N","0","0","0","1","02301","1","","1.0","","1","N","N","","0","","0","0","0","","0","","","2","1","0","0","0","0","0","2","0","2","","","","N","","","","","","","","","",""
"2011130237","","1","0","0","0","0","0","0","0","0","4","0","","02","12","2011","6","40.382205","-79.995981","","11","0","0","0","0","0","1","0","0","1","0","0","0","","","1","","1","","40 22:55.939","2","0","79 59:45.533","3","0","0","0","2301","0","0","0","N","0","0","0","2","02301","0","","1.0","","1","N","N","","0","","1","0","1","","2","N","","2","1","0","0","0","0","0","2","0","2","","","","N","","","","","","","","","",""
"2011129637","","1","0","0","0","0","0","0","0","0","7","0","55","02","12","2011","7","40.640407","-80.009235","","11","0","0","0","0","0","0","0","0","2","0","0","0","","","1","","0","","40 38:25.465","3","0","80 00:33.246","4","0","0","0","2216","0","0","0","N","0","0","0","1","68T02","1","","3.0","","1","N","N","","0","","0","0","0","","8","N","","1","1","1","0","0","0","0","2","0","1","","","N","Y","8","1","N","N","N","N","N","Y","N",""
"2011129703","","1","0","0","0","0","0","0","0","0","8","0","","02","12","2011","2","40.465234","-80.053705","","11","0","0","0","0","0","1","0","0","","0","0","0","","","1","","0","","40 27:54.842","","7","80 03:13.338","4","0","0","0","2444","1","0","0","N","1","0","0","2","02444","1","","2.0","","1","N","N","","0","","0","0","0","","0","","","2","1","0","0","0","0","0","2","0","1","","","","N","","","","","","","","","",""
"2011130191","","2","0","0","0","0","0","0","0","0","1","0","","02","12","2011","5","40.381709","-79.812084","","11","0","0","0","0","0","0","0","0","2","0","0","0","","","3","","0","","40 22:54.152","5","0","79 48:43.502","8","0","0","0","2424","0","0","0","N","0","0","0","4","02424","0","","1.0","","9","N","N","","0","","0","0","0","","2","Y","","2","3","0","0","0","3","0","2","0","2","","","","N","","","","","","","","","",""
"2011127943","","1","0","0","0","0","0","0","0","0","7","0","","02","11","2011","4","40.566957","-79.796316","","11","0","0","0","1","0","0","0","0","2","0","0","0","","","1","","2","","40 34:01.044","3","0","79 47:46.736","4","0","0","0","2206","0","0","0","Y","0","0","0","2","02206","1","","3.0","","1","N","N","","0","","0","0","0","","2","N","","1","1","1","0","0","0","0","2","0","1","","","","N","","","","","","","","","",""
"2011130366","","1","0","0","0","0","0","0","0","0","1","0","","02","12","2011","4","40.445268","-80.059462","","11","0","0","0","0","0","0","0","0","1","0","0","0","","","1","","0","","40 26:42.963","4","0","80 03:34.062","3","0","0","0","2439","0","0","0","N","0","0","0","1","02439","0","","1.0","","9","N","N","","1","","1","0","0","","0","N","","2","1","0","0","0","0","0","2","0","2","","","","N","","","","","","","","","",""
"2011130239","","2","0","0","0","0","0","0","0","0","2","0","","02","12","2011","6","40.470219","-79.908537","","11","0","0","0","0","0","0","0","0","","0","0","0","","","0","","10","","40 28:12.788","","0","79 54:30.734","0","0","0","0","2301","0","0","0","N","0","0","0","2","02301","0","","1.0","","1","N","N","","0","","0","0","0","","0","","","2","0","1","0","0","0","0","2","0","2","","","","N","","","","","","","","","",""
"2011127868","","1","0","0","0","0","0","0","0","0","4","0","","02","12","2011","7","40.377487","-79.987118","","11","0","0","0","0","0","0","0","0","","0","0","0","","","0","","0","","40 22:38.952","","7","79 59:13.624","9","0","0","0","2476","0","0","0","N","0","0","0","3","02476","0","","5.0","","1","N","N","","1","","0","0","0","","0","","","3","0","0","0","0","0","1","2","0","2","","","","N","","","","","","","","","",""
"2011127882","","2","0","0","0","0","0","0","0","0","1","0","","02","10","2011","6","40.429698","-79.956821","","11","0","0","0","0","1","0","0","0","","0","0","0","","","0","","0","","40 25:46.911","","0","79 57:24.554","0","0","0","0","2301","0","0","0","N","0","0","0","7","68B03","0","","1.0","","1","N","N","","0","","0","0","1","","0","","","3","0","0","0","0","0","0","2","0","3","","","","N","","","","","","","","","",""
"2011130193","","1","0","0","0","0","0","1","0","0","1","1","","02","12","2011","6","40.439368","-79.961815","","11","0","0","0","0","0","0","0","0","2","0","0","0","","","2","","2","","40 26:21.724","1","0","79 57:42.534","4","0","0","0","2301","0","0","0","N","0","0","0","4","02503","2","","1.0","","1","N","N","","0","","0","0","0","","3","N","","2","2","1","0","0","0","0","2","0","2","","","","N","","","","","","","","","",""
"2011128155","","1","0","0","0","0","0","0","0","0","1","0","","02","12","2011","5","40.405981","-80.107148","","11","0","0","0","0","0","0","0","0","","0","0","0","","","1","","0","","40 24:21.530","","0","80 06:25.731","4","0","0","0","2102","0","0","0","N","0","0","0","2","68B03","1","","1.0","","1","N","N","","1","","0","0","0","","0","","","2","1","0","0","0","0","0","2","0","2","","","","N","","","","","","","","","",""