"CRN","ARRIVAL_TM","AUTOMOBILE_COUNT","BELTED_DEATH_COUNT","BELTED_SUSP_SERIOUS_INJ_COUNT","BICYCLE_COUNT","BICYCLE_DEATH_COUNT","BICYCLE_SUSP_SERIOUS_INJ_COUNT","BUS_COUNT","CHLDPAS_DEATH_COUNT","CHLDPAS_SUSP_SERIOUS_INJ_COUNT","COLLISION_TYPE","COMM_VEH_COUNT","CONS_ZONE_SPD_LIM","COUNTY","CRASH_MONTH","CRASH_YEAR","DAY_OF_WEEK","DEC_LATITUDE","DEC_LONGITUDE","DISPATCH_TM","DISTRICT","DRIVER_COUNT_16YR","DRIVER_COUNT_17YR","DRIVER_COUNT_18YR","DRIVER_COUNT_19YR","DRIVER_COUNT_20YR","DRIVER_COUNT_50_64YR","DRIVER_COUNT_65_74YR","DRIVER_COUNT_75PLUS","EST_HRS_CLOSED","FATAL_COUNT","HEAVY_TRUCK_COUNT","HORSE_BUGGY_COUNT","HOUR_OF_DAY","ILLUMINATION","INJURY_COUNT","INTERSECTION_RELATED","INTERSECT_TYPE","LANE_CLOSED","LATITUDE","LN_CLOSE_DIR","LOCATION_TYPE","LONGITUDE","MAX_SEVERITY_LEVEL","MCYCLE_DEATH_COUNT","MCYCLE_SUSP_SERIOUS_INJ_COUNT","MOTORCYCLE_COUNT","MUNICIPALITY","NONMOTR_COUNT","NONMOTR_DEATH_COUNT","NONMOTR_SUSP_SERIOUS_INJ_COUNT","NTFY_HIWY_MAINT","PED_COUNT","PED_DEATH_COUNT","PED_SUSP_SERIOUS_INJ_COUNT","PERSON_COUNT","POLICE_AGCY","POSSIBLE_INJ_COUNT","RDWY_SURF_TYPE_CD","RELATION_TO_ROAD","ROADWAY_CLEARED","ROAD_CONDITION","SCH_BUS_IND","SCH_ZONE_IND","SECONDARY_CRASH","SMALL_TRUCK_COUNT","SPEC_JURIS_CD","SUSP_MINOR_INJ_COUNT","SUSP_SERIOUS_INJ_COUNT","SUV_COUNT","TCD_FUNC_CD","TCD_TYPE","TFC_DETOUR_IND","TIME_OF_DAY","TOTAL_UNITS","TOT_INJ_COUNT","UNBELTED_OCC_COUNT","UNB_DEATH_COUNT","UNB_SUSP_SERIOUS_INJ_COUNT","UNK_INJ_DEG_COUNT","UNK_INJ_PER_COUNT","URBAN_RURAL","VAN_COUNT","VEHICLE_COUNT","WEATHER1","WEATHER2","WORKERS_PRES","WORK_ZONE_IND","WORK_ZONE_LOC","WORK_ZONE_TYPE","WZ_CLOSE_DETOUR","WZ_FLAGGER","WZ_LAW_OFFCR_IND","WZ_LN_CLOSURE","WZ_MOVING","WZ_OTHER","WZ_SHLDER_MDN","WZ_WORKERS_INJ_KILLED"
"2011127362","","1","0","0","0","0","0","0","0","0","7","0","","02","12","2011","5","40.578931","-79.784936","","11","0","0","1","0","0","0","0","0","","0","0","0","","","1","","0","","40 34:44.152","","0","79 47:05.771","8","0","0","0","2104","0","0","0","N","0","0","0","1","68D02","0","","2.0","","1","N","N","","0","","0","0","0","","0","","","1","1","1","0","0","1","0","2","0","1","","","","N","","","","","","","","","",""
"2011129464","","1","0","0","0","0","0","0","0","0","1","0","","02","12","2011","4","40.426386","-80.061971","","11","0","0","0","0","0","0","0","0","2","0","0","0","","","1","","0","","40 25:34.988","1","0","80 03:43.094","8","0","0","0","2435","0","0","0","","0","0","0","3","02435","0","","1.0","","9","","N","","2","","0","0","0","","0","N","","3","1","1","0","0","1","0","2","0","3","","","","N","","","","","","","","","",""
"2011127972","","1","0","0","0","0","0","0","0","0","6","0","","02","12","2011","1","40.416463","-80.013177","","11","0","0","0","0","0","0","0","0","","0","0","0","","","0","","0","","40 24:59.266","","0","80 00:47.437","0","0","0","0","2301","0","0","0","N","0","0","0","0","02301","0","","4.0","","1","N","N","","0","","0","0","0","","0","","","2","0","0","0","0","0","0","2","0","2","","","","N","","","","","","","","","",""
"2011129478","","1","0","0","0","0","0","0","0","0","7","0","","02","12","2011","5","40.554143","-79.806325","","11","0","0","0","0","0","0","0","0","2","0","0","0","","","0","","3","","40 33:14.914","3","0","79 48:22.770","0","0","0","0","2121","0","0","0","Y","0","0","0","1","02121","0","","5.0","","1","N","N","","0","","0","0","0","","0","N","","1","0","0","0","0","0","0","2","0","1","","","","N","","","","","","","","","",""
"2011127973","","2","0","0","0","0","0","0","0","0","2","0","","02","12","2011","7","40.545938","-79.901336","","11","0","0","1","0","0","0","0","1","","0","0","0","","","0","","2","","40 32:45.376","","0","79 54:04.808","0","0","0","0","2209","0","0","0","N","0","0","0","8","02209","0","","1.0","","1","N","N","","1","","0","0","0","","0","","","3","0","1","0","0","0","0","2","0","3","","","","N","","","","","","","","","",""
"2011128049","","1","0","0","0","0","0","0","0","0","6","0","","02","12","2011","7","40.377896","-80.003753","","11","0","0","0","0","0","0","1","0","1","0","0","0","","","2","","2","","40 22:40.426","4","0","80 00:13.512","8","0","0","0","2301","0","0","0","N","0","0","0","3","02301","0","","1.0","","1","N","N","","0","","0","0","1","","2","N","","2","2","1","0","0","2","0","2","0","2","","","","N","","","","","","","","","",""
"2011130222","","1","0","0","0","0","0","0","0","0","7","0","","02","12","2011","5","40.352076","-79.908696","","11","0","0","0","0","0","0","0","0","","0","0","0","","","1","","0","","40 21:07.474","","0","79 54:31.307","8","0","0","0","2473","0","0","0","N","0","0","0","1","02473","0","","5.0","","1","N","N","","0","","0","0","0","","0","","","1","1","0","0","0","1","0","2","0","1","","","","N","","","","","","","","","",""
"2011127974","","2","0","0","0","0","0","0","0","0","1","0","","02","12","2011","7","40.394468","-80.030459","","11","0","0","0","0","0","1","0","0","","0","0","0","","","0","","0","","40 23:40.085","","0","80 01:49.652","0","0","0","0","2422","0","0","0","N","0","0","0","1","02422","0","","6.0","","1","N","N","","0","","0","0","1","","0","","","3","0","0","0","0","0","0","2","0","3","","","","N","","","","","","","","","",""
"2011128050","","0","0","0","0","0","0","0","0","0","4","0","","02","12","2011","1","40.387335","-79.983867","","11","0","0","0","0","0","1","0","0","","0","0","0","","","0","","1","","40 23:14.406","","0","79 59:01.921","0","0","0","0","2301","0","0","0","N","0","0","0","2","02301","0","","1.0","","1","N","N","","1","","0","0","1","","2","","","2","0","0","0","0","0","0","2","0","2","","","","N","","","","","","","","","",""
"2011130344","","3","0","0","0","0","0","0","0","0","1","0","","02","12","2011","7","40.42494","-79.920021","","11","0","0","0","0","0","1","1","0","","0","0","0","","","1","","1","","40 25:29.784","","0","79 55:12.075","8","0","0","0","2301","0","0","0","N","0","0","0","4","02301","0","","1.0","","9","N","N","","0","","0","0","0","","3","","","3","1","0","0","0","1","0","2","0","3","","","","N","","","","","","","","","",""
"2011128674","","1","0","0","0","0","0","0","0","0","1","0","","02","12","2011","5","40.364736","-80.048104","","11","0","0","0","0","0","2","0","0","","0","0","0","","","0","","1","","40 21:53.048","","0","80 02:53.175","0","0","0","0","2109","0","0","0","N","0","0","0","2","02109","0","","1.0","","1","N","N","","1","","0","0","0","","2","","","2","0","0","0","0","0","0","2","0","2","","","","N","","","","","","","","","",""
"2011130347","","1","0","0","0","0","0","0","0","0","7","0","","02","12","2011","7","40.461578","-79.967126","","11","0","0","0","0","0","0","0","1","","0","0","0","","","0","","1","","40 27:41.680","","0","79 58:01.653","0","0","0","0","2301","0","0","0","N","0","0","0","1","02301","0","","5.0","","9","N","N","","0","","0","0","0","","2","","","1","0","0","0","0","0","0","2","0","1","","","","N","","","","","","","","","",""
"2011128135","","1","0","0","0","0","0","0","0","0","4","0","","02","12","2011","1","40.448242","-79.986892","","11","0","0","0","0","0","1","0","0","1","0","0","0","","","0","","2","","40 26:53.670","1","0","79 59:12.810","0","0","0","0","2301","0","0","0","N","0","0","0","2","02301","0","","1.0","","1","N","N","","0","","0","0","0","","2","Y","","2","0","0","0","0","0","0","2","1","2","","","","N","","","","","","","","","",""
"2011130348","","1","0","0","0","0","0","0","0","0","0","0","","02","12","2011","7","40.485305","-80.009501","","11","0","0","0","0","0","1","0","0","1","0","0","0","","","0","","5","","40 29:07.098","3","2","80 00:34.205","9","0","0","0","2301","0","0","0","N","0","0","0","2","02301","0","","1.0","","9","N","N","","0","","0","0","0","","2","N","","1","0","0","0","0","0","1","2","0","1","","","","N","","","","","","","","","",""
"2011130349","","3","0","0","0","0","0","0","0","0","4","0","","02","12","2011","7","40.436788","-79.922947","","11","0","0","0","0","0","1","1","0","","0","0","0","","","0","","0","","40 26:12.436","","0","79 55:22.609","9","0","0","0","2301","0","0","0","N","0","0","0","3","02301","0","","1.0","","9","N","N","","0","","0","0","0","","0","","","4","0","0","0","0","0","2","2","1","4","","","","N","","","","","","","","","",""
"2011128137","","2","0","0","0","0","0","0","0","0","4","0","","02","12","2011","3","40.437953","-80.053855","","11","0","0","0","0","0","1","0","0","1","0","0","0","","","0","","2","","40 26:16.632","3","0","80 03:13.877","0","0","0","0","2301","0","0","0","N","0","0","0","2","02301","0","","1.0","","1","N","N","","0","","0","0","0","","0","N","","2","0","0","0","0","0","0","2","0","2","","","","N","","","","","","","","","",""
"2011128198","","2","0","0","0","0","0","0","0","0","4","0","","02","12","2011","2","40.521145","-80.173698","","11","0","0","0","1","0","1","0","0","","0","0","0","","","0","","1","","40 31:16.123","","0","80 10:25.312","0","0","0","0","2420","0","0","0","N","0","0","0","3","02420","0","","1.0","","3","N","N","","0","","0","0","0","","3","","","2","0","0","0","0","0","0","2","0","2","","","","N","","","","","","","","","",""
"2011129232","","1","0","0","0","0","0","0","0","0","4","0","","02","12","2011","4","40.464794","-80.027323","","11","0","0","0","0","0","0","0","0","","0","0","0","","","0","","0","","40 27:53.257","","0","80 01:38.361","0","0","0","0","2301","0","0","0","N","0","0","0","1","02301","0","","1.0","","9","N","N","","0","","0","0","1","","0","","","2","0","0","0","0","0","0","2","0","2","","","","N","","","","","","","","","",""
"2011127586","","2","0","0","0","0","0","0","0","0","4","0","","02","12","2011","7","40.495863","-79.910481","","11","0","0","0","0","0","0","0","0","2","0","0","0","","","0","","6","","40 29:45.106","2","8","79 54:37.730","0","0","0","0","2401","0","0","0","N","0","0","0","8","68D02","0","","7.0","","1","N","N","","0","","0","0","0","","0","N","","2","0","0","0","0","0","0","2","0","2","","","","N","","","","","","","","","",""
"2011128359","","0","0","0","0","0","0","0","0","0","7","0","","02","12","2011","2","40.442167","-80.029444","","11","0","0","0","0","0","0","0","0","","0","0","0","","","0","","0","","40 26:31.800","","0","80 01:46.000","0","0","0","0","2301","0","0","0","N","0","0","0","1","02301","0","","5.0","","1","N","N","","0","","0","0","1","","0","","","1","0","0","0","0","0","0","2","0","1","","","","N","","","","","","","","","",""
"2011129912","","2","1","1","0","0","0","0","0","0","7","1","","02","9","2011","1","40.610009","-80.094948","","11","0","0","0","1","0","0","0","0","4","1","1","0","","","2","","0","","40 36:36.033","2","0","80 05:41.811","1","0","0","0","2481","0","0","0","N","0","0","0","4","68B03","1","1","3.0","","1","N","N","","0","0","0","1","0","","0","Y","","3","2","0","0","0","0","0","2","0","3","","","","N","","","","","","","","","",""
"2011127587","","0","0","0","0","0","0","0","0","0","1","0","","02","12","2011","5","40.495659","-79.869166","","11","0","0","0","0","0","0","0","0","","0","0","0","","","0","","0","","40 29:44.374","","0","79 52:08.999","0","0","0","0","2112","0","0","0","N","0","0","0","3","68D02","0","","1.0","","1","N","N","","2","","0","0","0","","0","","","2","0","0","0","0","0","0","2","0","2","","","","N","","","","","","","","","",""
"2011128347","","1","0","0","0","0","0","0","0","0","1","0","","02","12","2011","1","40.528182","-79.878431","","11","0","1","0","0","0","0","0","0","","0","0","0","","","0","","0","","40 31:41.455","","7","79 52:42.351","0","0","0","0","2432","0","0","0","N","0","0","0","3","02432","0","","1.0","","1","N","N","","0","","0","0","2","","0","","","3","0","1","0","0","0","0","2","0","3","","","","N","","","","","","","","","",""
"2011128360","","2","0","0","0","0","0","0","0","0","1","0","","02","8","2011","2","40.429952","-80.024895","","11","0","0","0","0","0","0","0","0","","0","0","0","","","1","","0","","40 25:47.826","","0","80 01:29.621","8","0","0","0","2301","0","0","0","N","0","0","0","2","00000","0","","1.0","","9","N","N","","0","","0","0","0","","0","","","2","1","0","0","0","1","0","2","0","2","","","","N","","","","","","","","","",""
"2011127434","","1","0","0","0","0","0","0","0","0","2","0","","02","12","2011","3","40.40693","-79.877442","","11","0","0","0","0","0","1","1","0","","0","0","0","","","0","","2","","40 24:24.948","","8","79 52:38.791","0","0","0","0","2456","0","0","0","N","0","0","0","2","02456","0","","1.0","","9","N","N","","1","","0","0","0","","3","","","2","0","0","0","0","0","0","2","0","2","","","","N","","","","","","","","","",""
"2011127588","","1","0","0","0","0","0","0","0","0","1","0","","02","12","2011","6","40.406238","-80.035706","","11","0","0","0","0","0","2","0","0","1","0","0","0","","","0","","0","","40 24:22.457","1","0","80 02:08.541","0","0","0","0","2301","0","0","0","N","0","0","0","2","02301","0","","1.0","","1","N","N","","0","","0","0","1","","2","N","","2","0","0","0","0","0","0","2","0","2","","","","N","","","","","","","","","",""
"2011128349","","1","0","0","0","0","0","0","0","0","2","0","","02","12","2011","2","40.359457","-80.004609","","11","0","0","0","0","0","0","1","0","","0","0","0","","","0","","0","","40 21:34.045","","0","80 00:16.592","0","0","0","0","2476","0","0","0","N","0","0","0","1","02476","0","","1.0","","1","N","N","","0","","0","0","0","","0","","","2","0","0","0","0","0","0","2","0","2","","","","N","","","","","","","","","",""
"2011127665","","0","0","0","0","0","0","0","0","0","7","0","","02","12","2011","7","40.493336","-79.789788","","11","0","0","0","0","0","0","0","0","","0","0","0","","","1","","0","","40 29:36.008","","0","79 47:23.236","8","0","0","0","2113","0","0","0","N","0","0","0","1","02113","0","","5.0","","1","N","N","","0","","0","0","1","","0","","","1","1","0","0","0","1","0","2","0","1","","","","N","","","","","","","","","",""
"2011128427","","1","0","0","0","0","0","0","0","0","4","0","","02","12","2011","2","40.443139","-80.029193","","11","0","0","0","0","0","0","0","0","3","0","0","0","","","0","","0","","40 26:35.302","5","3","80 01:45.094","9","0","0","0","2301","0","0","0","N","0","0","0","2","02301","0","","1.0","","1","N","N","","0","","0","0","1","","0","N","","2","0","0","0","0","0","1","2","0","2","","","","N","","","","","","","","","",""
"2011127436","","3","0","0","0","0","0","0","0","0","1","0","","02","10","2011","3","40.377334","-80.097129","","11","0","0","0","0","0","0","1","1","1","0","0","0","","","1","","0","","40 22:38.402","1","0","80 05:49.666","8","0","0","0","2102","0","0","0","N","0","0","0","4","02102","0","","1.0","","1","N","N","","0","","0","0","0","","0","N","","3","1","0","0","0","1","0","2","0","3","","","","N","","","","","","","","","",""
"2011128350","","1","0","0","0","0","0","0","0","0","1","0","","02","12","2011","6","40.534461","-80.053882","","11","0","0","0","0","0","0","1","1","2","0","0","0","","","2","","0","","40 32:04.059","6","7","80 03:13.975","3","0","0","0","2116","0","0","0","N","0","0","0","3","02116","0","","1.0","","1","N","N","","1","","2","0","0","","0","N","","2","2","2","0","0","0","0","2","0","2","","","","N","","","","","","","","","",""
"2011128363","","1","0","0","0","0","0","0","0","0","5","1","","02","12","2011","2","40.439925","-79.994182","","11","0","0","0","0","0","0","0","0","1","0","1","0","","","0","","2","","40 26:23.730","2","0","79 59:39.055","0","0","0","0","2301","0","0","0","N","0","0","0","2","02301","0","","1.0","","1","N","N","","0","","0","0","0","","0","N","","2","0","0","0","0","0","0","2","0","2","","","","N","","","","","","","","","",""
"2011128351","","2","0","0","0","0","0","0","0","0","1","0","","02","12","2011","2","40.420392","-79.991165","","11","0","0","0","0","0","0","1","0","1","0","0","0","","","0","","0","","40 25:13.411","3","0","79 59:28.194","0","0","0","0","2301","0","0","0","N","0","0","0","4","02301","0","","1.0","","1","N","N","","0","","0","0","0","","0","N","","2","0","3","0","0","0","0","2","0","2","","","","N","","","","","","","","","",""
"2011127667","","2","0","0","0","0","0","0","0","0","2","0","","02","12","2011","7","40.429296","-79.996681","","11","0","0","0","0","0","0","0","0","1","0","0","0","","","2","","0","","40 25:45.466","5","0","79 59:48.052","8","0","0","0","2301","0","0","0","N","0","0","0","2","02301","0","","1.0","","1","N","N","","0","","0","0","0","","0","Y","","2","2","0","0","0","2","0","2","0","2","","","","N","","","","","","","","","",""
"2011128222","","2","0","0","0","0","0","0","0","0","5","0","","02","12","2011","1","40.448296","-79.959349","","11","0","0","0","0","0","0","0","0","1","0","0","0","","","2","","0","","40 26:53.865","6","0","79 57:33.656","4","0","0","0","2301","0","0","0","N","0","0","0","3","02301","2","","2.0","","1","N","N","","0","","0","0","0","","0","N","","2","2","1","0","0","0","0","2","0","2","","","","N","","","","","","","","","",""
"2011129853","","2","0","0","0","0","0","0","0","0","4","0","","02","12","2011","5","40.473449","-79.861681","","11","1","0","0","0","0","1","0","0","","0","0","0","","","0","","2","","40 28:24.417","","0","79 51:42.053","0","0","0","0","2113","0","0","0","N","0","0","0","2","02113","0","","1.0","","9","N","N","","0","","0","0","0","","3","","","2","0","0","0","0","0","0","2","0","2","","","","N","","","","","","","","","",""
"2011129054","","2","0","0","0","0","0","0","0","0","1","0","","02","12","2011","3","40.390278","-80.058638","","11","0","0","0","0","0","0","0","1","2","0","0","0","","","1","","0","","40 23:25.001","2","0","80 03:31.095","4","0","0","0","2109","0","0","0","N","0","0","0","3","02109","1","","1.0","","1","N","N","","0","","0","0","0","","0","Y","","2","1","1","0","0","0","0","2","0","2","","","","N","","","","","","","","","",""
"2011128211","","1","0","0","0","0","0","0","0","0","0","0","","02","12","2011","5","40.558065","-79.83916","","11","0","0","0","0","0","0","0","0","2","0","0","0","","","1","","0","","40 33:29.034","5","0","79 50:20.975","4","0","0","0","2208","0","0","0","N","0","0","0","1","02208","1","","2.0","","2","N","N","","0","","0","0","0","","0","Y","","1","1","0","0","0","0","0","2","0","1","","","","N","","","","","","","","","",""
"2011129714","","0","0","0","0","0","0","0","0","0","8","0","","02","12","2011","5","40.44122","-79.959191","","11","0","0","0","0","0","0","0","0","","0","0","0","","","1","","2","","40 26:28.393","","0","79 57:33.086","8","0","0","0","2301","1","0","0","N","1","0","0","2","02301","0","","1.0","","9","N","N","","1","","0","0","0","","2","","","2","1","0","0","0","1","0","2","0","1","","","","N","","","","","","","","","",""
"2011127455","","2","0","0","0","0","0","0","0","0","1","0","","02","12","2011","6","40.483992","-79.906907","","11","0","0","0","0","0","2","0","0","","0","0","0","","","0","","0","","40 29:02.370","","0","79 54:24.864","0","0","0","0","2301","0","0","0","N","0","0","0","2","02301","0","","1.0","","1","N","N","","0","","0","0","0","","0","","","2","0","0","0","0","0","0","2","0","2","","","","N","","","","","","","","","",""
"2011128225","","1","0","0","0","0","0","0","0","0","7","0","","02","12","2011","1","40.43778","-79.972856","","11","0","0","0","0","0","0","0","0","2","0","0","0","","","0","","2","","40 26:16.008","4","0","79 58:22.281","0","0","0","0","2301","0","0","0","N","0","0","0","1","02301","0","","5.0","","1","N","N","","0","","0","0","0","","2","N","","1","0","0","0","0","0","0","2","0","1","","","","N","","","","","","","","","",""
"2011129857","","1","0","0","0","0","0","0","0","0","2","0","","02","12","2011","5","40.355536","-79.967882","","11","0","0","0","0","0","0","0","0","","0","0","0","","","0","","0","","40 21:19.928","","0","79 58:04.376","0","0","0","0","2403","0","0","0","N","0","0","0","1","02403","0","","2.0","","9","N","N","","1","","0","0","0","","0","","","2","0","1","0","0","0","0","2","0","2","","","","N","","","","","","","","","",""
"2011129040","","1","0","0","0","0","0","0","0","0","1","0","","02","12","2011","3","40.386101","-80.048755","","11","0","0","0","0","0","1","0","0","2","0","0","0","","","0","","0","","40 23:09.963","6","0","80 02:55.518","9","0","0","0","2109","0","0","0","N","0","0","0","5","02109","0","","1.0","","1","N","N","","1","","0","0","2","","0","Y","","4","0","0","0","0","0","1","2","0","4","","","","N","","","","","","","","","",""
"2011129858","","1","0","0","0","0","0","0","0","0","4","0","","02","12","2011","5","40.376104","-79.9116","","11","0","0","0","0","0","1","0","0","","0","0","0","","","0","","1","","40 22:33.974","","0","79 54:41.760","0","0","0","0","2301","0","0","0","N","0","0","0","4","02301","0","","1.0","","9","N","N","","0","","0","0","0","","3","","","2","0","0","0","0","0","0","2","1","2","","","","N","","","","","","","","","",""
"2011128448","","1","0","0","0","0","0","0","0","0","1","0","","02","12","2011","7","40.506318","-80.223245","","11","0","0","1","0","0","0","0","0","1","0","0","0","","","0","","0","","40 30:22.743","2","0","80 13:23.681","0","0","0","0","2213","0","0","0","N","0","0","0","5","02213","0","","1.0","","1","N","N","","0","","0","0","1","","2","N","","2","0","0","0","0","0","0","2","0","2","","","","N","","","","","","","","","",""
"2011129059","","0","0","0","0","0","0","0","0","0","8","0","","02","12","2011","3","40.386268","-80.048193","","11","0","0","0","0","0","0","0","0","1","0","0","0","","","1","","2","","40 23:10.564","7","0","80 02:53.494","8","0","0","0","2109","1","0","0","N","1","0","0","2","02109","0","","1.0","","1","N","N","","0","","0","0","1","","0","Y","","2","1","0","0","0","1","0","2","0","1","","","","N","","","","","","","","","",""
"2011129045","","1","0","0","0","0","0","0","0","0","4","0","","02","12","2011","2","40.454118","-79.890785","","11","0","0","0","0","0","0","0","0","","0","0","0","","","1","","1","","40 27:14.824","","0","79 53:26.826","4","0","0","0","2301","0","0","0","N","0","0","0","2","02301","1","","1.0","","1","N","N","","0","","0","0","1","","2","","","2","1","0","0","0","0","1","2","0","2","","","","N","","","","","","","","","",""
"2011129848","","2","0","0","0","0","0","0","0","0","4","0","","02","12","2011","5","40.463561","-79.957552","","11","0","0","0","0","0","1","0","0","","0","0","0","","","0","","1","","40 27:48.819","","0","79 57:27.187","0","0","0","0","2301","0","0","0","N","0","0","0","2","02301","0","","1.0","","9","N","N","","0","","0","0","0","","3","","","2","0","0","0","0","0","0","2","0","2","","","","N","","","","","","","","","",""
"2011129061","","0","0","0","0","0","0","0","0","0","7","0","","02","11","2011","1","40.668059","-80.020929","","11","0","0","0","0","0","0","0","0","6","0","0","0","","","1","","0","","40 40:05.014","6","0","80 01:15.344","8","0","0","0","2216","0","0","0","N","0","0","0","1","02505","0","","5.0","","9","N","N","","0","","0","0","1","","0","Y","","1","1","0","0","0","1","0","2","0","1","","","","N","","","","","","","","","",""
"2011127677","","0","0","0","0","0","0","0","0","0","7","1","","02","12","2011","6","40.598167","-79.829302","","11","0","0","0","0","0","0","0","0","","0","1","0","","","0","","0","","40 35:53.402","","4","79 49:45.486","0","0","0","0","2209","0","0","0","N","0","0","0","1","02209","0","","1.0","","1","N","N","","0","","0","0","0","","0","","","1","0","0","0","0","0","0","1","0","1","","","","N","","","","","","","","","",""
"2011129199","","0","0","0","0","0","0","0","0","0","7","1","55","02","12","2011","2","40.642671","-80.013676","","11","0","0","0","0","0","0","0","0","","0","1","0","","","0","","0","","40 38:33.614","","0","80 00:49.235","0","0","0","0","2216","0","0","0","Y","0","0","0","1","68T02","0","","4.0","","1","N","N","","0","","0","0","0","","0","","","1","0","0","0","0","0","0","2","0","1","","","N","Y","4","1","N","N","N","Y","N","N","N",""
"2011129049","","1","0","0","0","0","0","0","0","0","7","0","","02","12","2011","3","40.534533","-79.977879","","11","0","0","0","0","0","0","0","0","2","0","0","0","","","1","","0","","40 32:04.320","6","0","79 58:40.366","3","0","0","0","2118","0","0","0","N","0","0","0","2","02118","0","","5.0","","1","N","N","","0","","1","0","0","","0","Y","","1","1","0","0","0","0","0","2","0","1","","","","N","","","","","","","","","",""
"2011128982","","1","0","0","0","0","0","0","0","0","1","0","","02","11","2011","7","40.420265","-80.046375","","11","0","0","0","0","0","0","0","0","1","0","0","0","","","1","","6","","40 25:12.954","4","2","80 02:46.951","3","0","0","0","2435","0","0","0","N","0","0","0","2","68B03","0","","1.0","","1","N","N","","1","","1","0","0","","3","N","","2","1","0","0","0","0","0","2","0","2","","","","N","","","","","","","","","",""
"2011129063","","1","0","0","0","0","0","0","0","0","4","0","","02","12","2011","3","40.404519","-80.055525","","11","0","0","0","0","0","1","0","0","","0","0","0","","","0","","3","","40 24:16.270","","7","80 03:19.889","0","0","0","0","2435","0","0","0","N","0","0","0","2","02435","0","","1.0","","1","N","N","","1","","0","0","0","","2","","","2","0","0","0","0","0","0","2","0","2","","","","N","","","","","","","","","",""
"2011128313","","0","0","0","0","0","0","0","0","0","7","0","","02","12","2011","2","40.481879","-80.064996","","11","0","0","0","0","0","1","0","0","2","0","0","0","","","1","","2","","40 28:54.764","5","99","80 03:53.985","3","0","0","0","2122","0","0","0","N","0","0","0","1","02122","0","","2.0","","1","N","N","","0","","1","0","1","","0","N","","1","1","0","0","0","0","0","2","0","1","","","","N","","","","","","","","","",""
"2011129064","","1","0","0","0","0","0","0","0","0","8","0","","02","12","2011","3","40.448413","-79.934205","","11","0","0","0","0","0","0","0","0","1","0","0","0","","","1","","2","","40 26:54.286","3","0","79 56:03.138","8","0","0","0","2301","1","0","0","N","1","0","0","2","02301","0","","1.0","","1","N","N","","0","","0","0","0","","2","N","","2","1","1","0","0","1","0","2","0","1","","","","N","","","","","","","","","",""
"2011128443","","2","0","0","0","0","0","0","0","0","4","0","","02","12","2011","2","40.394215","-79.986434","","11","0","0","0","0","0","0","0","0","","0","0","0","","","1","","2","","40 23:39.174","","0","79 59:11.162","4","0","0","0","2301","0","0","0","N","0","0","0","2","02301","1","","1.0","","1","N","N","","0","","0","0","0","","3","","","2","1","0","0","0","0","1","2","0","2","","","","N","","","","","","","","","",""
"2011129202","","1","0","0","0","0","0","0","0","0","7","0","","02","12","2011","6","40.583507","-79.970511","","11","0","0","0","0","0","0","1","0","2","0","0","0","","","0","","0","","40 35:00.625","2","0","79 58:13.838","0","0","0","0","2207","0","0","0","N","0","0","0","1","02207","0","","5.0","","1","N","N","","0","","0","0","0","","0","N","","1","0","0","0","0","0","0","2","0","1","","","","N","","","","","","","","","",""
"2011129789","","1","0","0","0","0","0","0","0","0","99","0","","02","11","2011","5","40.428863","-80.132246","","11","0","0","0","0","0","0","0","0","","0","0","0","","","0","","0","","40 25:43.908","","0","80 07:56.084","0","0","0","0","2102","0","0","0","N","0","0","0","1","68B03","0","","1.0","","1","N","N","","0","","0","0","0","","0","","","1","0","0","0","0","0","0","2","0","1","","","","N","","","","","","","","","",""
"2011127618","","2","0","0","0","0","0","0","0","0","5","0","","02","12","2011","6","40.463346","-79.896765","","11","0","0","0","0","0","1","0","0","","0","0","0","","","1","","10","","40 27:48.045","","0","79 53:48.354","8","0","0","0","2301","0","0","0","N","0","0","0","1","02301","0","","1.0","","1","N","N","","0","","0","0","0","","0","","","2","1","1","0","0","1","0","2","0","2","","","","N","","","","","","","","","",""
"2011129790","","1","0","0","0","0","0","0","0","0","7","0","","02","12","2011","4","40.43949","-80.009408","","11","0","0","0","0","0","0","0","0","","0","0","0","","","1","","0","","40 26:22.165","","0","80 00:33.867","3","0","0","0","2301","0","0","0","N","0","0","0","1","68B03","0","","2.0","","1","N","N","","0","","1","0","0","","0","","","1","1","1","0","0","0","0","2","0","1","","","","N","","","","","","","","","",""
"2011129053","","1","0","0","1","0","0","0","0","0","8","0","","02","12","2011","3","40.593603","-79.963198","","11","0","0","0","0","0","0","0","1","1","0","0","0","","","1","","2","","40 35:36.972","4","0","79 57:47.512","8","0","0","0","2207","1","0","0","N","0","0","0","2","02207","0","","1.0","","1","N","N","","0","","0","0","0","","0","N","","2","1","0","0","0","1","0","2","0","1","","","","N","","","","","","","","","",""
"2011127619","","1","0","0","0","0","0","1","0","0","1","1","","02","12","2011","6","40.44234","-79.76018","","11","0","0","0","0","0","1","0","0","","0","0","0","","","0","","2","","40 26:32.424","","0","79 45:36.648","0","0","0","0","2446","0","0","0","","0","0","0","2","02503","0","","1.0","","1","","","","0","","0","0","0","","9","","","2","0","0","0","0","0","0","2","0","2","","","","N","","","","","","","","","",""