"CRN","ARRIVAL_TM","AUTOMOBILE_COUNT","BELTED_DEATH_COUNT","BELTED_SUSP_SERIOUS_INJ_COUNT","BICYCLE_COUNT","BICYCLE_DEATH_COUNT","BICYCLE_SUSP_SERIOUS_INJ_COUNT","BUS_COUNT","CHLDPAS_DEATH_COUNT","CHLDPAS_SUSP_SERIOUS_INJ_COUNT","COLLISION_TYPE","COMM_VEH_COUNT","CONS_ZONE_SPD_LIM","COUNTY","CRASH_MONTH","CRASH_YEAR","DAY_OF_WEEK","DEC_LATITUDE","DEC_LONGITUDE","DISPATCH_TM","DISTRICT","DRIVER_COUNT_16YR","DRIVER_COUNT_17YR","DRIVER_COUNT_18YR","DRIVER_COUNT_19YR","DRIVER_COUNT_20YR","DRIVER_COUNT_50_64YR","DRIVER_COUNT_65_74YR","DRIVER_COUNT_75PLUS","EST_HRS_CLOSED","FATAL_COUNT","HEAVY_TRUCK_COUNT","HORSE_BUGGY_COUNT","HOUR_OF_DAY","ILLUMINATION","INJURY_COUNT","INTERSECTION_RELATED","INTERSECT_TYPE","LANE_CLOSED","LATITUDE","LN_CLOSE_DIR","LOCATION_TYPE","LONGITUDE","MAX_SEVERITY_LEVEL","MCYCLE_DEATH_COUNT","MCYCLE_SUSP_SERIOUS_INJ_COUNT","MOTORCYCLE_COUNT","MUNICIPALITY","NONMOTR_COUNT","NONMOTR_DEATH_COUNT","NONMOTR_SUSP_SERIOUS_INJ_COUNT","NTFY_HIWY_MAINT","PED_COUNT","PED_DEATH_COUNT","PED_SUSP_SERIOUS_INJ_COUNT","PERSON_COUNT","POLICE_AGCY","POSSIBLE_INJ_COUNT","RDWY_SURF_TYPE_CD","RELATION_TO_ROAD","ROADWAY_CLEARED","ROAD_CONDITION","SCH_BUS_IND","SCH_ZONE_IND","SECONDARY_CRASH","SMALL_TRUCK_COUNT","SPEC_JURIS_CD","SUSP_MINOR_INJ_COUNT","SUSP_SERIOUS_INJ_COUNT","SUV_COUNT","TCD_FUNC_CD","TCD_TYPE","TFC_DETOUR_IND","TIME_OF_DAY","TOTAL_UNITS","TOT_INJ_COUNT","UNBELTED_OCC_COUNT","UNB_DEATH_COUNT","UNB_SUSP_SERIOUS_INJ_COUNT","UNK_INJ_DEG_COUNT","UNK_INJ_PER_COUNT","URBAN_RURAL","VAN_COUNT","VEHICLE_COUNT","WEATHER1","WEATHER2","WORKERS_PRES","WORK_ZONE_IND","WORK_ZONE_LOC","WORK_ZONE_TYPE","WZ_CLOSE_DETOUR","WZ_FLAGGER","WZ_LAW_OFFCR_IND","WZ_LN_CLOSURE","WZ_MOVING","WZ_OTHER","WZ_SHLDER_MDN","WZ_WORKERS_INJ_KILLED"
"2011135467","","1","0","0","0","0","0","0","0","0","4","0","","02","12","2011","5","40.400704","-80.096921","","11","0","0","0","0","0","0","1","0","2","0","0","0","","","0","","2","","40 24:02.536","4","0","80 05:48.914","0","0","0","0","2415","0","0","0","N","0","0","0","3","02415","0","","1.0","","1","N","N","","1","","0","0","0","","3","N","","2","0","0","0","0","0","0","2","0","2","","","","N","","","","","","","","","",""
"2011135528","","2","0","0","0","0","0","0","0","0","4","0","","02","12","2011","5","40.461447","-79.861813","","11","1","0","0","0","0","1","0","0","1","0","0","0","","","1","","2","","40 27:41.209","7","0","79 51:42.526","8","0","0","0","2113","0","0","0","N","0","0","0","3","02113","0","","1.0","","1","N","N","","0","","0","0","0","","0","N","","2","1","0","0","0","1","0","2","0","2","","","","N","","","","","","","","","",""
"2011135663","","1","0","0","0","0","0","0","0","0","7","0","","02","12","2011","7","40.352998","-79.843896","","11","0","0","0","0","0","0","0","0","","0","0","0","","","3","","2","","40 21:10.794","","0","79 50:38.027","4","0","0","0","2304","0","0","0","N","0","0","0","3","02304","1","","4.0","","1","N","N","","0","","0","0","0","","0","","","1","3","0","0","0","2","0","2","0","1","","","","N","","","","","","","","","",""
"2011133409","","1","0","0","0","0","0","0","0","0","4","0","","02","12","2011","7","40.447868","-79.827525","","11","0","0","0","0","0","1","0","1","2","0","0","0","","","1","","0","","40 26:52.323","5","0","79 49:39.089","3","0","0","0","2113","0","0","0","N","0","0","0","3","02113","0","","1.0","","1","N","N","","1","","1","0","0","","0","N","","2","1","1","0","0","0","0","2","0","2","","","","N","","","","","","","","","",""
"2011134225","","1","0","0","0","0","0","0","0","0","7","0","","02","12","2011","1","40.474611","-79.733665","","11","0","0","0","0","0","0","0","0","1","0","0","0","","","1","","0","","40 28:28.600","5","0","79 44:01.195","8","0","0","0","2466","0","0","0","N","0","0","0","1","02466","0","","5.0","","2","N","N","","0","","0","0","0","","0","N","","1","1","0","0","0","1","0","2","0","1","","","","N","","","","","","","","","",""
"2011134531","","0","0","0","0","0","0","0","0","0","7","0","","02","12","2011","4","40.522271","-80.034395","","11","0","0","0","0","0","0","0","0","","0","0","0","","","0","","1","","40 31:20.176","","0","80 02:03.821","0","0","0","0","2474","0","0","0","N","0","0","0","5","02474","0","","4.0","","1","N","N","","0","","0","0","0","","2","","","1","0","0","0","0","0","0","2","1","1","","","","N","","","","","","","","","",""
"2011134591","","2","0","0","0","0","0","0","0","0","4","0","","02","12","2011","2","40.536966","-79.839046","","11","0","0","0","0","0","0","1","1","2","0","0","0","","","3","","2","","40 32:13.077","3","0","79 50:20.565","8","0","0","0","2208","0","0","0","N","0","0","0","3","02208","0","","1.0","","1","N","N","","0","","0","0","0","","1","Y","","2","3","0","0","0","3","0","2","0","2","","","","N","","","","","","","","","",""
"2011133961","","1","0","0","0","0","0","0","0","0","5","0","","02","12","2011","2","40.508062","-79.836055","","11","0","0","0","0","0","0","0","0","","0","0","0","","","0","","0","","40 30:29.023","","0","79 50:09.798","0","0","0","0","2468","0","0","0","N","0","0","0","0","02468","0","","4.0","","1","N","N","","1","","0","0","0","","0","","","2","0","0","0","0","0","0","2","0","2","","","","N","","","","","","","","","",""
"2011135529","","1","0","0","0","0","0","0","0","0","8","0","","02","12","2011","6","40.46586","-79.922782","","11","0","0","0","0","0","1","0","0","","0","0","0","","","1","","5","","40 27:57.096","","0","79 55:22.015","4","0","0","0","2301","1","0","0","N","1","0","0","2","02301","1","","1.0","","1","N","N","","0","","0","0","0","","2","","","2","1","0","0","0","0","0","2","0","1","","","","N","","","","","","","","","",""
"2011134532","","1","0","0","0","0","0","0","0","0","1","0","","02","12","2011","7","40.518022","-80.004789","","11","0","0","0","0","0","0","0","0","1","0","0","0","","","0","","0","","40 31:04.879","1","0","80 00:17.240","0","0","0","0","2116","0","0","0","","0","0","0","2","02116","0","","1.0","","1","","","","0","","0","0","0","","0","N","","2","0","0","0","0","0","0","2","1","2","","","","N","","","","","","","","","",""
"2011135665","","1","0","0","0","0","0","0","0","0","7","0","","02","12","2011","6","40.518417","-80.026304","","11","0","0","0","0","0","1","0","0","","0","0","0","","","0","","0","","40 31:06.301","","0","80 01:34.693","0","0","0","0","2474","0","0","0","N","0","0","0","1","02474","0","","5.0","","1","N","N","","0","","0","0","0","","0","","","1","0","0","0","0","0","0","2","0","1","","","","N","","","","","","","","","",""
"2011135531","","2","0","0","0","0","0","0","0","0","6","0","","02","12","2011","5","40.501641","-80.051343","","11","0","0","0","0","0","1","0","0","2","0","0","0","","","1","","0","","40 30:05.906","5","0","80 03:04.834","4","0","0","0","2404","0","0","0","N","0","0","0","2","02404","1","","1.0","","9","N","N","","0","","0","0","1","","0","Y","","3","1","1","0","0","0","0","2","0","3","","","","N","","","","","","","","","",""
"2011134594","","2","0","0","0","0","0","0","0","0","2","0","","02","12","2011","4","40.491673","-79.88167","","11","0","0","0","0","0","0","1","0","","0","0","0","","","0","","2","","40 29:30.024","","0","79 52:54.012","0","0","0","0","2112","0","0","0","N","0","0","0","2","02112","0","","1.0","","9","N","N","","0","","0","0","0","","2","","","2","0","0","0","0","0","0","2","0","2","","","","N","","","","","","","","","",""
"2011133838","","1","0","0","0","0","0","0","0","0","1","0","","02","12","2011","1","40.498755","-80.2802","","11","0","0","0","0","0","0","0","1","","0","0","0","","","0","","1","","40 29:55.517","","0","80 16:48.719","0","0","0","0","2203","0","0","0","N","0","0","0","3","02203","0","","1.0","","1","N","N","","0","","0","0","1","","2","","","2","0","0","0","0","0","0","2","0","2","","","","N","","","","","","","","","",""
"2011134095","","2","0","0","0","0","0","0","0","0","1","0","","02","12","2011","2","40.444202","-80.028173","","11","0","0","0","0","0","0","2","0","2","0","0","0","","","0","","1","","40 26:39.126","2","0","80 01:41.424","0","0","0","0","2301","0","0","0","N","0","0","0","3","02301","0","","1.0","","1","N","N","","0","","0","0","1","","2","N","","3","0","0","0","0","0","0","2","0","3","","","","N","","","","","","","","","",""
"2011135668","","2","0","0","0","0","0","0","0","0","5","0","","02","12","2011","7","40.455773","-79.968287","","11","0","0","0","0","0","0","0","0","1","0","0","0","","","0","","0","","40 27:20.782","5","0","79 58:05.833","0","0","0","0","2301","0","0","0","N","0","0","0","1","02301","0","","6.0","","9","N","N","","0","","0","0","0","","0","N","","2","0","0","0","0","0","0","2","0","2","","","","N","","","","","","","","","",""
"2011134536","","0","0","0","0","0","0","0","0","0","8","0","","02","12","2011","4","40.48793","-80.042445","","11","0","0","0","0","0","0","0","0","","0","0","0","","","1","","2","","40 29:16.548","","0","80 02:32.802","4","0","0","0","2301","1","0","0","N","1","0","0","2","02301","1","","1.0","","1","N","N","","1","","0","0","0","","0","","","2","1","0","0","0","0","0","2","0","1","","","","N","","","","","","","","","",""
"2011135349","","1","0","0","0","0","0","0","0","0","7","0","","02","12","2011","6","40.364932","-79.846098","","11","0","0","0","0","0","0","0","0","","0","0","0","","","0","","0","","40 21:53.754","","0","79 50:45.951","9","0","0","0","2303","0","0","0","N","0","0","0","1","02303","0","","5.0","","1","N","N","","0","","0","0","0","","0","","","1","0","0","0","0","0","1","2","0","1","","","","N","","","","","","","","","",""
"2011135534","","0","0","0","0","0","0","0","0","0","7","0","","02","12","2011","6","40.462633","-79.967236","","11","0","0","0","0","0","0","0","0","","0","0","0","","","0","","5","","40 27:45.479","","0","79 58:02.049","0","0","0","0","2301","0","0","0","N","0","0","0","1","02301","0","","5.0","","1","N","N","","0","","0","0","1","","2","","","2","0","0","0","0","0","0","2","0","1","","","","N","","","","","","","","","",""
"2011134537","","1","0","0","0","0","0","0","0","0","4","0","","02","12","2011","7","40.550471","-80.019388","","11","0","0","0","0","0","1","0","0","1","0","0","0","","","1","","1","","40 33:01.696","2","0","80 01:09.795","8","0","0","0","2116","0","0","0","","0","0","0","2","02116","0","","1.0","","1","","","","1","","0","0","0","","2","N","","2","1","0","0","0","1","0","2","0","2","","","","N","","","","","","","","","",""
"2011135537","","1","0","0","0","0","0","0","0","0","7","0","","02","12","2011","1","40.396303","-79.817022","","11","0","0","0","0","0","0","0","0","3","0","0","0","","","0","","2","","40 23:46.690","7","0","79 49:01.279","0","0","0","0","2111","0","0","0","N","0","0","0","1","02111","0","","5.0","","1","N","N","","0","","0","0","1","","0","N","","3","0","0","0","0","0","0","2","1","3","","","","N","","","","","","","","","",""
"2011134182","","0","0","0","0","0","0","0","0","0","8","0","","02","12","2011","5","40.534256","-80.010924","","11","0","0","0","0","0","0","0","0","2","0","0","0","","","0","","3","","40 32:03.320","1","0","80 00:39.328","0","0","0","0","2116","1","0","0","N","1","0","0","5","02116","0","","1.0","","9","N","N","","1","","0","0","1","","0","N","","3","0","1","0","0","0","0","2","0","2","","","","N","","","","","","","","","",""
"2011133843","","2","0","0","0","0","0","0","0","0","99","0","","02","12","2011","5","40.460759","-79.915919","","11","0","0","0","0","0","0","0","1","","0","0","0","","","0","","1","","40 27:38.732","","0","79 54:57.308","0","0","0","0","2301","0","0","0","N","0","0","0","2","02301","0","","1.0","","1","N","N","","0","","0","0","0","","2","","","2","0","0","0","0","0","0","2","0","2","","","","N","","","","","","","","","",""
"2011135539","","2","0","0","0","0","0","0","0","0","1","0","","02","12","2011","2","40.348168","-79.947286","","11","0","0","0","0","0","0","1","0","","0","0","0","","","0","","1","","40 20:53.403","","0","79 56:50.231","0","0","0","0","2473","0","0","0","N","0","0","0","3","02473","0","","1.0","","1","N","N","","0","","0","0","1","","2","","","3","0","0","0","0","0","0","2","0","3","","","","N","","","","","","","","","",""
"2011135552","","1","0","0","0","0","0","0","0","0","7","0","","02","12","2011","5","40.32068","-80.08702","","11","0","0","0","0","0","0","0","0","1","0","0","0","","","0","","2","","40 19:14.448","2","0","80 05:13.272","0","0","0","0","2123","0","0","0","N","0","0","0","1","02123","0","","4.0","","1","N","N","","0","","0","0","0","","3","Y","","1","0","0","0","0","0","0","2","0","1","","","","N","","","","","","","","","",""
"2011133857","","1","0","0","0","0","0","0","0","0","4","0","","02","12","2011","2","40.391557","-80.047184","","11","0","0","1","0","0","0","0","0","2","0","0","0","","","0","","2","","40 23:29.605","5","0","80 02:49.862","0","0","0","0","2109","0","0","0","N","0","0","0","2","02109","0","","1.0","","1","N","N","","0","","0","0","1","","3","Y","","2","0","0","0","0","0","0","2","0","2","","","","N","","","","","","","","","",""
"2011134615","","0","0","0","0","0","0","0","0","0","7","0","","02","12","2011","4","40.482504","-79.809267","","11","0","0","0","0","0","1","0","0","","0","0","0","","","1","","0","","40 28:57.013","","0","79 48:33.360","4","0","0","0","2113","0","0","0","N","0","0","0","1","02113","1","","5.0","","9","N","N","","0","","0","0","1","","0","","","1","1","0","0","0","0","0","2","0","1","","","","N","","","","","","","","","",""
"2011134679","","2","0","0","0","0","0","0","0","0","5","0","","02","12","2011","6","40.392635","-80.087655","","11","0","0","0","0","0","0","1","0","","0","0","0","","","0","","0","","40 23:33.486","","0","80 05:15.558","0","0","0","0","2437","0","0","0","N","0","0","0","2","02437","0","","6.0","","1","N","N","","0","","0","0","0","","0","","","2","0","0","0","0","0","0","2","0","2","","","","N","","","","","","","","","",""
"2011135484","","2","0","0","0","0","0","0","0","0","4","0","","02","12","2011","6","40.45259","-79.910391","","11","0","0","0","0","0","0","0","0","","0","0","0","","","1","","1","","40 27:09.323","","0","79 54:37.408","4","0","0","0","2301","0","0","0","N","0","0","0","2","02301","1","","1.0","","1","N","N","","0","","0","0","0","","2","","","2","1","0","0","0","0","0","2","0","2","","","","N","","","","","","","","","",""
"2011134106","","2","0","0","0","0","0","0","0","0","4","0","","02","12","2011","2","40.444202","-80.028173","","11","0","0","0","0","0","0","1","0","2","0","0","0","","","1","","1","","40 26:39.126","2","0","80 01:41.424","4","0","0","0","2301","0","0","0","N","0","0","0","4","02301","1","","1.0","","1","N","N","","0","","0","0","0","","2","N","","2","1","0","0","0","0","0","2","0","2","","","","N","","","","","","","","","",""
"2011135678","","1","0","0","0","0","0","0","0","0","7","0","","02","12","2011","6","40.579551","-79.910298","","11","0","0","0","0","0","0","0","0","","0","0","0","","","0","","0","","40 34:46.384","","0","79 54:37.073","0","0","0","0","2209","0","0","0","N","0","0","0","1","02209","0","","2.0","","98","N","N","","0","","0","0","0","","0","","","1","0","0","0","0","0","0","1","0","1","","","","N","","","","","","","","","",""
"2011134547","","1","0","0","0","0","0","0","0","0","1","0","","02","12","2011","5","40.519742","-80.004903","","11","0","0","0","0","0","0","0","0","1","0","0","0","","","2","","0","","40 31:11.070","1","0","80 00:17.649","8","0","0","0","2116","0","0","0","N","0","0","0","4","02116","0","","1.0","","1","N","N","","0","","0","0","1","","0","N","","2","2","0","0","0","2","0","2","0","2","","","","N","","","","","","","","","",""
"2011133858","","2","0","0","0","0","0","0","0","0","5","0","","02","12","2011","4","40.434012","-79.788308","","11","0","0","0","0","1","0","0","0","1","0","0","0","","","1","","0","","40 26:02.442","3","0","79 47:17.910","4","0","0","0","2446","0","0","0","N","0","0","0","3","02446","1","","1.0","","9","N","N","","0","","0","0","0","","0","N","","2","1","0","0","0","0","0","2","0","2","","","","N","","","","","","","","","",""
"2011135555","","0","0","0","0","0","0","0","0","0","7","0","","02","12","2011","6","40.436337","-80.100434","","11","0","0","0","0","0","1","0","0","","0","0","0","","","0","","0","","40 26:10.814","","0","80 06:01.562","0","0","0","0","2115","0","0","0","N","0","0","0","1","02115","0","","4.0","","9","N","N","","1","","0","0","0","","0","","","1","0","0","0","0","0","0","2","0","1","","","","N","","","","","","","","","",""
"2011134173","","1","0","0","0","0","0","0","0","0","7","0","","02","12","2011","7","40.565873","-80.152138","","11","0","0","0","0","0","0","0","0","","0","0","0","","","1","","0","","40 33:57.141","","0","80 09:07.698","4","0","0","0","2459","0","0","0","N","0","0","0","4","02459","1","","5.0","","1","N","N","","0","","0","0","0","","0","","","1","1","0","0","0","0","0","1","0","1","","","","N","","","","","","","","","",""
"2011133440","","1","0","0","0","0","0","0","0","0","7","0","","02","12","2011","7","40.487062","-80.26915","","11","0","0","0","0","0","0","0","0","2","0","0","0","","","0","","0","","40 29:13.424","3","2","80 16:08.940","0","0","0","0","2203","0","0","0","","0","0","0","1","02501","0","","2.0","","2","","","","0","","0","0","0","","0","Y","","1","0","0","0","0","0","0","1","0","1","","","","N","","","","","","","","","",""
"2011135556","","1","0","0","0","0","0","0","0","0","4","0","","02","12","2011","3","40.447031","-80.1584","","11","0","0","0","0","0","0","0","0","1","0","0","0","","","0","","0","","40 26:49.313","1","7","80 09:30.241","0","0","0","0","2115","0","0","0","N","0","0","0","2","02115","0","","1.0","","9","N","N","","1","","0","0","0","","0","N","","2","0","0","0","0","0","0","2","0","2","","","","N","","","","","","","","","",""
"2011135692","","1","0","0","0","0","0","0","0","0","7","0","","02","12","2011","7","40.444114","-79.927887","","11","0","0","0","0","0","0","0","0","","0","0","0","","","1","","1","","40 26:38.811","","0","79 55:40.393","3","0","0","0","2301","0","0","0","","0","0","0","1","02301","0","","5.0","","1","","","","0","","1","0","2","","2","","","3","1","1","0","0","0","0","2","0","3","","","","N","","","","","","","","","",""
"2011133860","","1","0","0","0","0","0","0","0","0","2","0","","02","12","2011","2","40.476411","-79.872178","","11","0","0","0","1","0","0","0","0","","0","0","0","","","0","","0","","40 28:35.080","","0","79 52:19.840","0","0","0","0","2113","0","0","0","N","0","0","0","3","02113","0","","1.0","","1","N","N","","0","","0","0","1","","0","","","2","0","0","0","0","0","0","2","0","2","","","","N","","","","","","","","","",""
"2011135557","","1","0","0","0","0","0","0","0","0","1","0","","02","12","2011","4","40.337448","-80.014331","","11","0","0","0","0","0","1","0","0","1","0","0","0","","","1","","0","","40 20:14.814","4","0","80 00:51.591","4","0","0","0","2407","0","0","0","N","0","0","0","2","02407","1","","1.0","","1","N","N","","0","","0","0","1","","0","N","","2","1","0","0","0","0","0","2","0","2","","","","N","","","","","","","","","",""
"2011135488","","1","0","0","0","0","0","0","0","0","4","0","","02","12","2011","6","40.420071","-79.948861","","11","0","0","0","0","0","1","0","0","2","0","0","0","","","1","","0","","40 25:12.256","1","0","79 56:55.900","8","0","0","0","2301","0","0","0","N","0","0","0","2","02301","0","","1.0","","1","N","N","","2","","0","0","0","","0","N","","3","1","0","0","0","1","1","2","0","3","","","","N","","","","","","","","","",""
"2011133981","","3","0","0","0","0","0","0","0","0","4","0","","02","12","2011","3","40.339309","-79.849674","","11","0","1","0","0","0","0","0","0","3","0","0","0","","","0","","2","","40 20:21.514","5","0","79 50:58.828","0","0","0","0","2304","0","0","0","N","0","0","0","2","02304","0","","1.0","","1","N","N","","1","","0","0","0","","0","Y","","4","0","0","0","0","0","0","2","0","4","","","","N","","","","","","","","","",""
"2011135620","","1","0","0","0","0","0","0","0","0","8","0","","02","12","2011","6","40.457512","-79.917393","","11","0","0","0","0","0","0","0","0","","0","0","0","","","1","","2","","40 27:27.044","","0","79 55:02.616","8","0","0","0","2301","1","0","0","N","1","0","0","4","02301","0","","1.0","","1","N","N","","0","","0","0","0","","2","","","2","1","0","0","0","1","0","2","0","1","","","","N","","","","","","","","","",""
"2011134559","","2","0","0","0","0","0","0","0","0","4","0","","02","12","2011","4","40.426975","-79.980753","","11","0","0","0","0","0","0","0","0","1","0","0","0","","","0","","1","","40 25:37.110","1","0","79 58:50.710","0","0","0","0","2301","0","0","0","N","0","0","0","2","02301","0","","1.0","","9","N","N","","0","","0","0","0","","2","N","","2","0","0","0","0","0","0","2","0","2","","","","N","","","","","","","","","",""
"2011133863","","1","0","0","0","0","0","0","0","0","4","0","","02","12","2011","6","40.328624","-80.029049","","11","0","0","0","0","0","0","0","1","","0","0","0","","","1","","1","","40 19:43.048","","0","80 01:44.577","8","0","0","0","2407","0","0","0","N","0","0","0","2","02407","0","","1.0","","1","N","N","","0","","0","0","0","","3","","","2","1","0","0","0","1","0","2","1","2","","","","N","","","","","","","","","",""
"2011133430","","1","0","0","0","0","0","0","0","0","2","0","","02","12","2011","6","40.569236","-79.78745","","11","0","1","0","0","0","0","0","0","3","0","0","0","","","5","","0","","40 34:09.250","3","0","79 47:14.819","3","0","0","0","2206","0","0","0","N","0","0","0","6","02206","1","","1.0","","9","N","N","","0","","3","0","0","","0","Y","","2","5","1","0","0","1","0","1","1","2","","","","N","","","","","","","","","",""
"2011134193","","0","0","0","0","0","0","0","0","0","4","0","","02","12","2011","3","40.526013","-79.842703","","11","0","0","0","0","0","0","0","1","","0","0","0","","","0","","1","","40 31:33.645","","0","79 50:33.731","0","0","0","0","2451","0","0","0","N","0","0","0","7","02451","0","","1.0","","9","N","N","","0","","0","0","2","","0","","","2","0","0","0","0","0","0","2","0","2","","","","N","","","","","","","","","",""
"2011133985","","2","0","0","0","0","0","0","0","0","7","0","","02","12","2011","3","40.538044","-79.839716","","11","0","0","0","0","0","0","0","0","","0","0","0","","","0","","2","","40 32:16.958","","7","79 50:22.976","0","0","0","0","2208","0","0","0","N","0","0","0","1","02208","0","","5.0","","1","N","N","","0","","0","0","0","","3","","","2","0","0","0","0","0","0","2","0","2","","","","N","","","","","","","","","",""
"2011135625","","1","0","0","0","0","0","0","0","0","5","0","","02","12","2011","6","40.441746","-80.021584","","11","0","0","0","0","0","1","0","0","","0","0","0","","","0","","0","","40 26:30.286","","7","80 01:17.704","0","0","0","0","2301","0","0","0","N","0","0","0","3","02301","0","","1.0","","1","N","N","","1","","0","0","0","","2","","","2","0","0","0","0","0","0","2","0","2","","","","N","","","","","","","","","",""
"2011134196","","0","0","0","0","0","0","0","0","0","7","0","","02","12","2011","3","40.454647","-79.946264","","11","0","0","0","0","0","0","0","0","1","0","0","0","","","1","","0","","40 27:16.729","3","0","79 56:46.550","8","0","0","0","2301","0","0","0","N","0","0","0","1","02301","0","","5.0","","9","N","N","","0","","0","0","1","","0","N","","1","1","0","0","0","1","0","2","0","1","","","","N","","","","","","","","","",""
"2011134555","","2","0","0","0","0","0","0","0","0","1","0","","02","12","2011","3","40.404893","-79.934708","","11","0","0","0","0","0","0","1","0","","0","0","0","","","1","","0","","40 24:17.614","","0","79 56:04.948","8","0","0","0","2301","0","0","0","N","0","0","0","1","02301","0","","4.0","","9","N","N","","0","","0","0","0","","0","","","2","1","0","0","0","1","0","2","0","2","","","","N","","","","","","","","","",""
"2011134625","","2","0","0","0","0","0","0","0","0","7","0","","02","12","2011","7","40.507232","-80.037072","","11","0","0","0","0","0","0","0","0","3","0","0","0","","","0","","0","","40 30:26.034","6","3","80 02:13.459","0","0","0","0","2116","0","0","0","N","0","0","0","4","02116","0","","1.0","","2","N","N","","0","","0","0","0","","0","Y","","2","0","0","0","0","0","0","2","0","2","","","","N","","","","","","","","","",""
"2011133371","","2","0","0","0","0","0","0","0","0","4","0","","02","12","2011","6","40.480082","-79.849275","","11","0","0","0","0","0","0","1","0","","0","0","0","","","0","","0","","40 28:48.296","","0","79 50:57.389","0","0","0","0","2113","0","0","0","N","0","0","0","1","02113","0","","6.0","","1","N","N","","0","","0","0","1","","0","","","3","0","0","0","0","0","0","2","0","3","","","","N","","","","","","","","","",""
"2011133372","","0","0","0","0","0","0","0","0","0","4","0","","02","12","2011","2","40.461057","-79.866331","","11","0","0","0","0","0","1","0","0","2","0","0","0","","","0","","1","","40 27:39.806","2","0","79 51:58.790","0","0","0","0","2113","0","0","0","N","0","0","0","2","02113","0","","1.0","","1","N","N","","0","","0","0","2","","2","N","","2","0","0","0","0","0","0","2","0","2","","","","N","","","","","","","","","",""
"2011134130","","1","0","0","0","0","0","0","0","0","7","0","","02","12","2011","3","40.564005","-79.958218","","11","0","0","0","0","0","0","0","0","1","0","0","0","","","0","","0","","40 33:50.419","1","0","79 57:29.584","0","0","0","0","2207","0","0","0","N","0","0","0","1","02207","0","","2.0","","9","N","N","","0","","0","0","0","","0","N","","1","0","0","0","0","0","0","2","0","1","","","","N","","","","","","","","","",""
"2011134198","","0","0","0","0","0","0","0","0","0","7","0","","02","12","2011","3","40.237338","-79.896562","","11","0","0","0","1","0","0","0","0","","0","0","0","","","0","","2","","40 14:14.416","","0","79 53:47.623","0","0","0","0","2204","0","0","0","N","0","0","0","2","02204","0","","5.0","","9","N","N","","0","","0","0","1","","0","","","1","0","0","0","0","0","0","1","0","1","","","","N","","","","","","","","","",""
"2011133809","","0","0","0","0","0","0","0","0","0","7","0","","02","12","2011","2","40.284721","-79.998705","","11","0","0","0","0","0","0","0","0","2","0","0","0","","","0","","0","","40 17:04.994","1","0","79 59:55.338","0","0","0","0","2219","0","0","0","N","0","0","0","1","02219","0","","5.0","","1","N","N","","1","","0","0","0","","0","N","","1","0","0","0","0","0","0","2","0","1","","","","N","","","","","","","","","",""
"2011134566","","1","0","0","0","0","0","0","0","0","1","0","","02","12","2011","6","40.441683","-79.760363","","11","0","0","0","0","0","1","0","0","","0","0","0","","","1","","0","","40 26:30.059","","0","79 45:37.305","4","0","0","0","2446","0","0","0","N","0","0","0","3","02446","1","","1.0","","1","N","N","","0","","0","0","1","","0","","","2","1","0","0","0","0","0","2","0","2","","","","N","","","","","","","","","",""
"2011135496","","1","0","0","0","0","0","0","0","0","1","0","","02","12","2011","6","40.448942","-80.019965","","11","0","0","0","0","0","0","0","0","1","0","0","0","","","5","","1","","40 26:56.191","1","3","80 01:11.874","8","0","0","0","2301","0","0","0","N","0","0","0","6","02301","0","","1.0","","1","N","N","","0","","0","0","1","","2","N","","2","5","0","0","0","5","0","2","0","2","","","","N","","","","","","","","","",""
"2011133988","","1","0","0","0","0","0","0","0","0","7","0","","02","12","2011","3","40.563776","-79.958435","","11","0","0","0","0","0","0","0","0","1","0","0","0","","","0","","0","","40 33:49.593","2","0","79 57:30.367","0","0","0","0","2207","0","0","0","N","0","0","0","1","02207","0","","5.0","","1","N","N","","0","","0","0","0","","0","N","","1","0","0","0","0","0","0","2","0","1","","","","N","","","","","","","","","",""
"2011135702","","1","0","0","0","0","0","0","0","0","7","0","","02","12","2011","6","40.538068","-80.079243","","11","0","0","0","0","0","0","0","0","","0","0","0","","","1","","0","","40 32:17.044","","0","80 04:45.275","8","0","0","0","2215","0","0","0","Y","0","0","0","2","68B03","0","","3.0","","9","N","N","","0","","0","0","0","","0","","","1","1","0","0","0","1","0","2","0","1","","","","N","","","","","","","","","",""
"2011134199","","0","0","0","0","0","0","0","0","0","7","0","","02","12","2011","2","40.391119","-79.815743","","11","0","0","0","0","0","0","0","1","","0","0","0","","","0","","2","","40 23:28.028","","0","79 48:56.674","0","0","0","0","2111","0","0","0","N","0","0","0","1","02111","0","","2.0","","1","N","N","","0","","0","0","1","","3","","","1","0","0","0","0","0","0","2","0","1","","","","N","","","","","","","","","",""
"2011134567","","1","0","0","0","0","0","0","0","0","7","0","","02","12","2011","3","40.446494","-79.848378","","11","0","0","0","0","0","0","0","0","","0","0","0","","","0","","2","","40 26:47.378","","0","79 50:54.160","0","0","0","0","2419","0","0","0","N","0","0","0","1","02419","0","","5.0","","9","N","N","","0","","0","0","0","","1","","","1","0","0","0","0","0","0","2","0","1","","","","N","","","","","","","","","",""