"CRN","ARRIVAL_TM","AUTOMOBILE_COUNT","BELTED_DEATH_COUNT","BELTED_SUSP_SERIOUS_INJ_COUNT","BICYCLE_COUNT","BICYCLE_DEATH_COUNT","BICYCLE_SUSP_SERIOUS_INJ_COUNT","BUS_COUNT","CHLDPAS_DEATH_COUNT","CHLDPAS_SUSP_SERIOUS_INJ_COUNT","COLLISION_TYPE","COMM_VEH_COUNT","CONS_ZONE_SPD_LIM","COUNTY","CRASH_MONTH","CRASH_YEAR","DAY_OF_WEEK","DEC_LATITUDE","DEC_LONGITUDE","DISPATCH_TM","DISTRICT","DRIVER_COUNT_16YR","DRIVER_COUNT_17YR","DRIVER_COUNT_18YR","DRIVER_COUNT_19YR","DRIVER_COUNT_20YR","DRIVER_COUNT_50_64YR","DRIVER_COUNT_65_74YR","DRIVER_COUNT_75PLUS","EST_HRS_CLOSED","FATAL_COUNT","HEAVY_TRUCK_COUNT","HORSE_BUGGY_COUNT","HOUR_OF_DAY","ILLUMINATION","INJURY_COUNT","INTERSECTION_RELATED","INTERSECT_TYPE","LANE_CLOSED","LATITUDE","LN_CLOSE_DIR","LOCATION_TYPE","LONGITUDE","MAX_SEVERITY_LEVEL","MCYCLE_DEATH_COUNT","MCYCLE_SUSP_SERIOUS_INJ_COUNT","MOTORCYCLE_COUNT","MUNICIPALITY","NONMOTR_COUNT","NONMOTR_DEATH_COUNT","NONMOTR_SUSP_SERIOUS_INJ_COUNT","NTFY_HIWY_MAINT","PED_COUNT","PED_DEATH_COUNT","PED_SUSP_SERIOUS_INJ_COUNT","PERSON_COUNT","POLICE_AGCY","POSSIBLE_INJ_COUNT","RDWY_SURF_TYPE_CD","RELATION_TO_ROAD","ROADWAY_CLEARED","ROAD_CONDITION","SCH_BUS_IND","SCH_ZONE_IND","SECONDARY_CRASH","SMALL_TRUCK_COUNT","SPEC_JURIS_CD","SUSP_MINOR_INJ_COUNT","SUSP_SERIOUS_INJ_COUNT","SUV_COUNT","TCD_FUNC_CD","TCD_TYPE","TFC_DETOUR_IND","TIME_OF_DAY","TOTAL_UNITS","TOT_INJ_COUNT","UNBELTED_OCC_COUNT","UNB_DEATH_COUNT","UNB_SUSP_SERIOUS_INJ_COUNT","UNK_INJ_DEG_COUNT","UNK_INJ_PER_COUNT","URBAN_RURAL","VAN_COUNT","VEHICLE_COUNT","WEATHER1","WEATHER2","WORKERS_PRES","WORK_ZONE_IND","WORK_ZONE_LOC","WORK_ZONE_TYPE","WZ_CLOSE_DETOUR","WZ_FLAGGER","WZ_LAW_OFFCR_IND","WZ_LN_CLOSURE","WZ_MOVING","WZ_OTHER","WZ_SHLDER_MDN","WZ_WORKERS_INJ_KILLED"
"2011135497","","1","0","0","0","0","0","0","0","0","4","0","","02","12","2011","4","40.500035","-80.012548","","11","0","0","0","0","0","0","0","0","","0","0","0","","","2","","2","","40 30:00.125","","2","80 00:45.171","8","0","0","0","2116","0","0","0","N","0","0","0","2","02116","0","","1.0","","1","N","N","","1","","0","0","0","","0","","","2","2","0","0","0","2","0","2","0","2","","","","N","","","","","","","","","",""
"2011134882","","0","0","0","0","0","0","0","0","0","7","0","","02","12","2011","7","40.624856","-80.096504","","11","0","0","0","0","0","1","0","0","","0","0","0","","","0","","0","","40 37:29.483","","3","80 05:47.415","0","0","0","0","2212","0","0","0","N","0","0","0","2","68B03","0","","4.0","","2","N","N","","0","","0","0","1","","0","","","1","0","0","0","0","0","0","2","0","1","","","","N","","","","","","","","","",""
"2011135434","","2","0","0","0","0","0","0","0","0","1","0","55","02","12","2011","2","40.655137","-80.070522","","11","0","0","0","0","0","1","0","0","","0","0","0","","","0","","0","","40 39:18.493","","0","80 04:13.878","0","0","0","0","2212","0","0","0","N","0","0","0","6","68T02","0","","1.0","","1","N","N","","0","","0","0","2","","0","","","4","0","0","0","0","0","0","2","0","4","","","N","Y","3","1","N","N","N","N","N","N","Y",""
"2011134119","","1","0","0","0","0","0","0","0","0","7","0","","02","12","2011","1","40.475494","-79.734259","","11","0","0","0","0","0","0","0","0","","0","0","0","","","0","","0","","40 28:31.779","","0","79 44:03.334","0","0","0","0","2466","0","0","0","N","0","0","0","1","02466","0","","5.0","","2","N","N","","0","","0","0","0","","0","","","1","0","0","0","0","0","0","2","0","1","","","","N","","","","","","","","","",""
"2011134883","","3","0","0","0","0","0","0","0","0","1","0","","02","12","2011","5","40.429619","-79.878363","","11","0","0","0","0","0","0","0","0","1","0","0","0","","","1","","0","","40 25:46.627","4","0","79 52:42.106","8","0","0","0","2426","0","0","0","N","0","0","0","3","68B03","0","","1.0","","1","N","N","","0","","0","0","0","","0","N","","3","1","0","0","0","1","0","2","0","3","","","","N","","","","","","","","","",""
"2011134569","","0","0","0","0","0","0","0","0","0","8","0","","02","12","2011","3","40.339597","-79.952839","","11","0","0","0","0","0","0","0","0","1","0","0","0","","","1","","0","","40 20:22.550","7","7","79 57:10.220","8","0","0","0","2473","1","0","0","N","1","0","0","2","02473","0","","1.0","","1","N","N","","0","","0","0","1","","0","Y","","2","1","0","0","0","1","0","2","0","1","","","","N","","","","","","","","","",""
"2011133930","","2","0","0","0","0","0","0","0","0","4","0","","02","12","2011","2","40.331555","-79.844592","","11","0","0","0","1","0","1","0","0","2","0","0","0","","","0","","2","","40 19:53.598","4","0","79 50:40.530","0","0","0","0","2304","0","0","0","N","0","0","0","2","02304","0","","1.0","","1","N","N","","0","","0","0","0","","2","Y","","2","0","0","0","0","0","0","2","0","2","","","","N","","","","","","","","","",""
"2011135631","","2","0","0","0","0","0","0","0","0","4","0","","02","12","2011","6","40.431758","-79.791389","","11","0","1","0","0","0","0","0","0","1","0","0","0","","","0","","0","","40 25:54.330","1","7","79 47:29.000","0","0","0","0","2446","0","0","0","Y","0","0","0","2","02446","0","","1.0","","1","N","N","","0","","0","0","0","","2","N","","2","0","0","0","0","0","0","2","0","2","","","","N","","","","","","","","","",""
"2011134884","","0","0","0","0","0","0","0","0","0","7","0","","02","12","2011","1","40.381041","-80.09715","","11","0","0","0","0","0","0","1","0","1","0","0","0","","","1","","0","","40 22:51.747","2","3","80 05:49.741","8","0","0","0","2102","0","0","0","N","0","0","0","1","68B03","0","","4.0","","2","N","N","","0","","0","0","0","","0","N","","1","1","1","0","0","1","0","2","1","1","","","","N","","","","","","","","","",""
"2011134000","","2","0","0","0","0","0","0","0","0","1","0","","02","12","2011","5","40.427343","-80.030743","","11","0","0","0","0","0","0","0","0","","0","0","0","","","0","","0","","40 25:38.433","","0","80 01:50.676","0","0","0","0","2301","0","0","0","N","0","0","0","2","68B03","0","","1.0","","1","N","N","","0","","0","0","0","","0","","","2","0","0","0","0","0","0","2","0","2","","","","N","","","","","","","","","",""
"2011133454","","2","0","0","0","0","0","0","0","0","4","0","","02","12","2011","6","40.333597","-80.030886","","11","0","0","0","1","0","0","0","0","","0","0","0","","","0","","0","","40 20:00.950","","0","80 01:51.190","0","0","0","0","2407","0","0","0","N","0","0","0","2","02407","0","","1.0","","1","N","N","","0","","0","0","0","","3","","","2","0","0","0","0","0","0","2","0","2","","","","N","","","","","","","","","",""
"2011134632","","1","0","0","0","0","0","0","0","0","7","0","","02","12","2011","7","40.507933","-80.036967","","11","0","0","0","0","0","1","0","0","3","0","0","0","","","0","","0","","40 30:28.560","6","3","80 02:13.080","0","0","0","0","2116","0","0","0","N","0","0","0","3","02116","0","","1.0","","2","N","N","","0","","0","0","1","","0","Y","","2","0","0","0","0","0","0","2","0","2","","","","N","","","","","","","","","",""
"2011135501","","2","0","0","0","0","0","0","0","0","7","0","","02","12","2011","6","40.435856","-79.971933","","11","0","0","0","0","0","0","0","0","","0","0","0","","","1","","0","","40 26:09.082","","0","79 58:18.957","8","0","0","0","2301","0","0","0","N","0","0","0","3","02301","0","","2.0","","1","N","N","","0","","0","0","0","","0","","","2","1","0","0","0","1","0","2","0","2","","","","N","","","","","","","","","",""
"2011134001","","3","0","0","0","0","0","0","0","0","1","0","","02","12","2011","7","40.426484","-79.893148","","11","0","0","0","0","0","0","0","0","","0","0","0","","","1","","0","","40 25:35.344","","0","79 53:35.334","4","0","0","0","2301","0","0","0","N","0","0","0","3","68B03","1","","1.0","","9","N","N","","0","","0","0","0","","0","","","3","1","0","0","0","0","0","2","0","3","","","","N","","","","","","","","","",""
"2011134824","","2","0","0","0","0","0","0","0","0","4","0","","02","12","2011","3","40.347627","-79.83256","","11","0","0","0","0","0","0","0","0","","0","0","0","","","0","","1","","40 20:51.457","","0","79 49:57.216","9","0","0","0","2304","0","0","0","N","0","0","0","3","02304","0","","1.0","","9","N","N","","0","","0","0","0","","2","","","2","0","0","0","0","0","1","2","0","2","","","","N","","","","","","","","","",""
"2011134206","","1","0","0","0","0","0","0","0","0","4","0","","02","12","2011","3","40.382229","-79.995887","","11","0","0","0","0","0","0","1","0","1","0","0","0","","","1","","5","","40 22:56.024","1","0","79 59:45.194","8","0","0","0","2301","0","0","0","N","0","0","0","3","02301","0","","1.0","","9","N","N","","0","","0","0","0","","2","N","","2","1","0","0","0","1","0","2","1","2","","","","N","","","","","","","","","",""
"2011135502","","1","0","0","0","0","0","0","0","0","1","0","","02","12","2011","6","40.552598","-80.103579","","11","0","0","0","1","0","0","0","0","","0","0","0","","","0","","0","","40 33:09.352","","0","80 06:12.886","0","0","0","0","2215","0","0","0","N","0","0","0","3","02215","0","","1.0","","1","N","N","","1","","0","0","0","","0","","","2","0","0","0","0","0","0","2","0","2","","","","N","","","","","","","","","",""
"2011134634","","0","0","0","0","0","0","0","0","0","1","0","","02","12","2011","5","40.388705","-79.830194","","11","0","0","0","0","1","0","0","0","2","0","0","0","","","1","","0","","40 23:19.337","4","0","79 49:48.700","4","0","0","0","2111","0","0","0","N","0","0","0","2","02111","1","","1.0","","1","N","N","","1","","0","0","1","","0","N","","2","1","0","0","0","0","0","2","0","2","","","","N","","","","","","","","","",""
"2011133457","","0","0","0","0","0","0","0","0","0","7","0","","02","11","2011","2","40.425879","-80.124677","","11","0","0","0","0","0","1","0","0","","0","0","0","","","0","","0","","40 25:33.164","","0","80 07:28.837","0","0","0","0","2115","0","0","0","N","0","0","0","1","68B03","0","","2.0","","1","N","N","","0","","0","0","1","","0","","","1","0","0","0","0","0","0","2","0","1","","","","N","","","","","","","","","",""
"2011133944","","2","0","0","0","0","0","0","0","0","1","0","","02","12","2011","2","40.233508","-79.856931","","11","0","0","0","0","0","0","0","0","","0","0","0","","","2","","1","","40 14:00.630","","0","79 51:24.953","4","0","0","0","2204","0","0","0","N","0","0","0","4","02204","2","","1.0","","1","N","N","","0","","0","0","1","","2","","","4","2","1","0","0","0","0","1","1","4","","","","N","","","","","","","","","",""
"2011134827","","1","0","0","0","0","0","0","0","0","4","0","","02","12","2011","4","40.366471","-79.821202","","11","0","0","0","0","0","2","0","0","","0","0","0","","","2","","0","","40 21:59.295","","7","79 49:16.328","4","0","0","0","2111","0","0","0","N","0","0","0","6","02111","2","","1.0","","8","N","N","","0","","0","0","0","","0","","","2","2","0","0","0","0","0","2","1","2","","","","N","","","","","","","","","",""
"2011133818","","0","0","0","0","0","0","0","0","0","7","0","","02","12","2011","7","40.512283","-79.831221","","11","0","1","0","0","0","0","0","0","4","0","0","0","","","2","","0","","40 30:44.217","5","0","79 49:52.394","3","0","0","0","2113","0","0","0","N","0","0","0","2","02113","0","","5.0","","1","N","N","","0","","2","0","1","","0","Y","","1","2","2","0","0","0","0","2","0","1","","","","N","","","","","","","","","",""
"2011133936","","2","0","0","0","0","0","0","0","0","4","0","","02","12","2011","6","40.534722","-79.84344","","11","0","0","0","0","0","1","0","0","1","0","0","0","","","0","","0","","40 32:04.998","2","0","79 50:36.385","0","0","0","0","2208","0","0","0","N","0","0","0","3","02208","0","","1.0","","1","N","N","","1","","0","0","0","","0","N","","3","0","0","0","0","0","0","2","0","3","","","","N","","","","","","","","","",""
"2011133945","","2","0","0","0","0","0","0","0","0","1","0","","02","12","2011","2","40.45876","-79.928976","","11","0","0","0","0","0","1","0","0","","0","0","0","","","3","","2","","40 27:31.536","","0","79 55:44.313","4","0","0","0","2301","0","0","0","N","0","0","0","4","02301","3","","1.0","","1","N","N","","0","","0","0","1","","2","","","3","3","0","0","0","0","0","2","0","3","","","","N","","","","","","","","","",""
"2011134828","","0","0","0","0","0","0","0","0","0","7","0","","02","12","2011","1","40.591583","-80.017856","","11","0","0","0","0","0","0","0","0","3","0","0","0","","","0","","0","","40 35:29.697","7","0","80 01:04.282","0","0","0","0","2108","0","0","0","N","0","0","0","1","02108","0","","4.0","","9","N","N","","1","","0","0","0","","0","Y","","1","0","0","0","0","0","0","2","0","1","","","","N","","","","","","","","","",""
"2011134637","","1","0","0","0","0","0","0","0","0","4","0","","02","12","2011","4","40.552116","-80.023354","","11","0","0","0","0","0","1","0","0","","0","0","0","","","1","","1","","40 33:07.617","","0","80 01:24.074","8","0","0","0","2116","0","0","0","N","0","0","0","2","02116","0","","1.0","","1","N","N","","0","","0","0","1","","2","","","2","1","0","0","0","1","0","2","0","2","","","","N","","","","","","","","","",""
"2011134829","","1","0","0","0","0","0","0","0","0","7","0","","02","12","2011","7","40.55113","-79.899847","","11","0","0","0","1","0","0","0","0","","0","0","0","","","0","","2","","40 33:04.067","","0","79 53:59.450","0","0","0","0","2209","0","0","0","N","0","0","0","2","02209","0","","4.0","","1","N","N","","0","","0","0","0","","3","","","1","0","0","0","0","0","0","2","0","1","","","","N","","","","","","","","","",""
"2011135712","","1","0","0","0","0","0","0","0","0","7","0","","02","12","2011","5","40.497364","-79.925213","","11","0","0","0","0","0","0","0","0","2","0","0","0","","","0","","0","","40 29:50.512","1","0","79 55:30.767","0","0","0","0","2112","0","0","0","N","0","0","0","1","68D02","0","","4.0","","2","N","N","","0","","0","0","0","","0","N","","1","0","0","0","0","0","0","2","0","1","","","","N","","","","","","","","","",""
"2011134965","","0","0","0","0","0","0","0","0","0","7","0","","02","12","2011","4","40.541705","-79.745442","","11","0","0","0","1","0","0","0","0","2","0","0","0","","","1","","2","","40 32:30.138","1","0","79 44:43.591","4","0","0","0","2466","0","0","0","N","0","0","0","1","02466","1","","2.0","","2","N","N","","1","","0","0","0","","3","N","","1","1","0","0","0","0","0","1","0","1","","","","N","","","","","","","","","",""
"2011134578","","2","0","0","0","0","0","0","0","0","4","0","","02","12","2011","4","40.431166","-80.001905","","11","0","0","0","0","0","2","0","0","","0","0","0","","","0","","2","","40 25:52.198","","0","80 00:06.858","0","0","0","0","2301","0","0","0","N","0","0","0","5","02301","0","","1.0","","1","N","N","","0","","0","0","1","","2","","","3","0","0","0","0","0","0","2","0","3","","","","N","","","","","","","","","",""
"2011133947","","3","0","0","0","0","0","0","0","0","1","0","","02","12","2011","1","40.438765","-79.749371","","11","0","0","0","0","0","3","1","0","1","0","0","0","","","2","","0","","40 26:19.553","4","0","79 44:57.737","4","0","0","0","2446","0","0","0","N","0","0","0","6","02446","2","","1.0","","1","N","N","","0","","0","0","1","","0","N","","4","2","0","0","0","0","0","2","0","4","","","","N","","","","","","","","","",""
"2011134830","","2","0","0","0","0","0","0","0","0","4","0","","02","12","2011","3","40.347445","-80.026972","","11","0","0","0","0","1","0","0","0","","0","0","0","","","1","","0","","40 20:50.802","","0","80 01:37.099","3","0","0","0","2407","0","0","0","N","0","0","0","7","02407","0","","1.0","","9","N","N","","0","","1","0","0","","0","","","2","1","0","0","0","0","0","2","0","2","","","","N","","","","","","","","","",""
"2011135639","","1","0","0","0","0","0","0","0","0","1","0","","02","12","2011","6","40.387115","-79.99566","","11","0","0","0","0","0","1","0","0","","0","0","0","","","0","","0","","40 23:13.613","","0","79 59:44.377","0","0","0","0","2301","0","0","0","N","0","0","0","2","02301","0","","1.0","","1","N","N","","0","","0","0","0","","0","","","2","0","0","0","0","0","0","2","1","2","","","","N","","","","","","","","","",""
"2011135651","","0","0","0","0","0","0","0","0","0","7","0","","02","12","2011","7","40.360243","-79.869182","","11","0","0","0","0","0","0","0","0","4","0","0","0","","","1","","0","","40 21:36.875","6","0","79 52:09.056","8","0","0","0","2473","0","0","0","N","0","0","0","1","02473","0","","2.0","","9","N","N","","1","","0","0","0","","0","Y","","1","1","0","0","0","1","0","2","0","1","","","","N","","","","","","","","","",""
"2011133397","","0","0","0","0","0","0","0","0","0","0","0","","02","12","2011","5","40.285724","-80.015812","","11","0","0","0","0","0","1","0","0","1","0","0","0","","","1","","0","","40 17:08.606","2","0","80 00:56.922","3","0","0","0","2219","0","0","0","N","0","0","0","2","02219","0","","1.0","","1","N","N","","1","","1","0","1","","0","N","","2","1","0","0","0","0","0","2","0","2","","","","N","","","","","","","","","",""
"2011135713","","0","0","0","0","0","0","0","0","0","7","0","","02","12","2011","5","40.490637","-79.879219","","11","0","0","0","0","0","0","0","0","2","0","0","0","","","0","","0","","40 29:26.292","1","0","79 52:45.187","0","0","0","0","2112","0","0","0","N","0","0","0","4","68D02","0","","4.0","","2","N","N","","0","","0","0","1","","0","N","","1","0","0","0","0","0","0","2","0","1","","","","N","","","","","","","","","",""
"2011133824","","1","0","0","0","0","0","0","0","0","4","0","","02","12","2011","2","40.41362","-79.989734","","11","0","0","0","0","0","0","0","0","3","0","0","0","","","1","","1","","40 24:49.032","5","0","79 59:23.042","8","0","0","0","2301","0","0","0","N","0","0","0","3","02301","0","","1.0","","1","N","N","","0","","0","0","0","","3","Y","","2","1","0","0","0","1","0","2","1","2","","","","N","","","","","","","","","",""
"2011135519","","1","0","0","0","0","0","0","0","0","7","0","","02","12","2011","6","40.443689","-79.960951","","11","0","0","0","0","0","0","0","0","","0","0","0","","","1","","10","","40 26:37.280","","0","79 57:39.423","4","0","0","0","2301","0","0","0","N","0","0","0","1","02506","1","","4.0","","1","N","N","","0","","0","0","0","","0","","","1","1","0","0","0","0","0","2","0","1","","","","N","","","","","","","","","",""
"2011135642","","2","0","0","0","0","0","0","0","0","2","0","","02","12","2011","6","40.428773","-79.985344","","11","0","0","0","0","0","0","0","0","","0","0","0","","","0","","1","","40 25:43.581","","0","79 59:07.240","0","0","0","0","2301","0","0","0","N","0","0","0","3","02301","0","","1.0","","9","N","N","","0","","0","0","0","","3","","","2","0","0","0","0","0","0","2","0","2","","","","N","","","","","","","","","",""
"2011133387","","1","0","0","0","0","0","0","0","0","7","0","","02","12","2011","7","40.349501","-79.873372","","11","0","0","0","0","0","0","0","0","1","0","0","0","","","1","","0","","40 20:58.204","2","0","79 52:24.140","4","0","0","0","2304","0","0","0","N","0","0","0","1","02304","1","","5.0","","2","N","N","","0","","0","0","0","","0","Y","","1","1","0","0","0","0","0","2","0","1","","","","N","","","","","","","","","",""
"2011135456","","0","0","0","0","0","0","0","0","0","8","0","","02","12","2011","6","40.460858","-79.706386","","11","0","0","0","0","0","1","0","0","","0","0","0","","","1","","0","","40 27:39.087","","0","79 42:22.989","8","0","0","0","2466","1","0","0","N","1","0","0","2","02466","0","","2.0","","1","N","N","","0","","0","0","0","","0","","","2","1","0","0","0","1","0","2","1","1","","","","N","","","","","","","","","",""
"2011134011","","1","0","0","0","0","0","0","0","0","7","0","","02","12","2011","7","40.609234","-79.762138","","11","0","0","0","0","0","0","0","0","1","0","0","0","","","1","","0","","40 36:33.242","2","0","79 45:43.695","4","0","0","0","2464","0","0","0","N","0","0","0","1","68D02","1","","2.0","","1","N","N","","0","","0","0","0","","0","N","","1","1","0","0","0","0","0","1","0","1","","","","N","","","","","","","","","",""
"2011134149","","1","0","0","0","0","0","0","0","0","2","1","","02","12","2011","3","40.453149","-80.039615","","11","0","0","0","0","0","2","0","0","","0","1","0","","","0","","0","","40 27:11.337","","0","80 02:22.614","0","0","0","0","2301","0","0","0","N","0","0","0","3","02301","0","","1.0","","9","N","N","","0","","0","0","1","","0","","","3","0","0","0","0","0","0","2","0","3","","","","N","","","","","","","","","",""
"2011134012","","1","0","0","0","0","0","0","0","0","99","0","","02","12","2011","7","40.65662","-79.723687","","11","0","0","0","0","0","0","0","0","","0","0","0","","","0","","0","","40 39:23.832","","0","79 43:25.274","0","0","0","0","2106","0","0","0","N","0","0","0","1","68D02","0","","1.0","","1","N","N","","0","","0","0","0","","0","","","1","0","0","0","0","0","0","2","0","1","","","","N","","","","","","","","","",""
"2011134150","","0","0","0","0","0","0","0","0","0","4","0","","02","12","2011","3","40.452538","-79.981143","","11","0","0","0","0","0","0","0","0","","0","0","0","","","2","","1","","40 27:09.136","","0","79 58:52.114","4","0","0","0","2301","0","0","0","N","0","0","0","2","02301","2","","1.0","","9","N","N","","0","","0","0","2","","0","","","2","2","0","0","0","0","0","2","0","2","","","","N","","","","","","","","","",""
"2011134523","","2","0","0","0","0","0","0","0","0","4","0","","02","12","2011","3","40.441942","-80.075745","","11","0","0","0","0","0","0","0","0","","0","0","0","","","2","","1","","40 26:30.991","","0","80 04:32.682","8","0","0","0","2421","0","0","0","N","0","0","0","4","02421","0","","1.0","","9","N","N","","0","","0","0","0","","3","","","2","2","1","0","0","2","0","2","0","2","","","","N","","","","","","","","","",""
"2011134584","","2","0","0","0","0","0","0","0","0","4","0","","02","12","2011","2","40.428774","-79.985283","","11","0","0","0","0","0","0","0","1","","0","0","0","","","1","","1","","40 25:43.587","","0","79 59:07.020","4","0","0","0","2301","0","0","0","N","0","0","0","7","02301","1","","1.0","","1","N","N","","0","","0","0","0","","3","","","2","1","1","0","0","0","0","2","0","2","","","","N","","","","","","","","","",""
"2011134013","","0","0","1","0","0","0","0","0","0","7","0","","02","12","2011","1","40.53483","-79.845869","","11","0","0","0","0","0","0","0","0","1","0","0","0","","","1","","0","","40 32:05.389","2","3","79 50:45.129","2","0","0","0","2208","0","0","0","Y","0","0","0","2","68D02","0","","4.0","","2","N","N","","1","","0","1","0","","0","N","","1","1","0","0","0","0","0","2","0","1","","","","N","","","","","","","","","",""
"2011135337","","2","0","0","0","0","0","0","0","0","4","0","","02","12","2011","6","40.424941","-79.976605","","11","0","0","0","0","0","0","0","0","","0","0","0","","","0","","1","","40 25:29.787","","1","79 58:35.778","0","0","0","0","2301","0","0","0","N","0","0","0","3","02301","0","","1.0","","1","N","N","","0","","0","0","0","","3","","","2","0","0","0","0","0","0","2","0","2","","","","N","","","","","","","","","",""
"2011133828","","2","0","0","0","0","0","0","0","0","4","0","","02","12","2011","2","40.394212","-80.027124","","11","0","0","0","0","0","0","1","0","1","0","0","0","","","0","","2","","40 23:39.163","2","0","80 01:37.646","0","0","0","0","2301","0","0","0","N","0","0","0","3","02301","0","","1.0","","1","N","N","","0","","0","0","0","","3","N","","2","0","0","0","0","0","0","2","0","2","","","","N","","","","","","","","","",""
"2011135523","","2","0","0","0","0","0","0","0","0","4","0","","02","12","2011","5","40.414293","-79.846314","","11","1","0","0","0","0","0","0","0","2","0","0","0","","","1","","2","","40 24:51.453","3","0","79 50:46.730","4","0","0","0","2431","0","0","0","N","0","0","0","2","02431","1","","1.0","","9","N","N","","0","","0","0","0","","0","N","","2","1","0","0","0","0","0","2","0","2","","","","N","","","","","","","","","",""
"2011134014","","1","0","0","0","0","0","0","0","0","7","0","","02","12","2011","1","40.53483","-79.845869","","11","0","0","0","0","0","1","0","0","1","0","0","0","","","2","","0","","40 32:05.389","2","3","79 50:45.129","3","0","0","0","2208","0","0","0","Y","0","0","0","3","68D02","1","","2.0","","2","N","N","","1","","1","0","0","","0","N","","2","2","0","0","0","0","0","2","0","2","","","","N","","","","","","","","","",""
"2011135338","","2","0","0","0","0","0","0","0","0","1","0","","02","12","2011","5","40.401882","-80.067775","","11","0","0","0","0","0","0","0","0","1","0","0","0","","","0","","1","","40 24:06.774","4","0","80 04:03.991","0","0","0","0","2117","0","0","0","N","0","0","0","2","02117","0","","1.0","","1","N","N","","0","","0","0","0","","0","N","","2","0","0","0","0","0","0","2","0","2","","","","N","","","","","","","","","",""
"2011134586","","1","0","0","0","0","0","0","0","0","7","0","","02","12","2011","4","40.437741","-79.913127","","11","0","0","0","0","0","1","0","0","","0","0","0","","","1","","2","","40 26:15.867","","0","79 54:47.257","3","0","0","0","2301","0","0","0","N","0","0","0","1","02301","0","","4.0","","9","N","N","","0","","1","0","0","","0","","","1","1","0","0","0","0","0","2","0","1","","","","N","","","","","","","","","",""
"2011134153","","2","0","0","0","0","0","0","0","0","4","0","","02","12","2011","3","40.455673","-79.91473","","11","0","0","0","0","0","0","0","0","","0","0","0","","","0","","0","","40 27:20.423","","0","79 54:53.029","0","0","0","0","2301","0","0","0","N","0","0","0","3","02301","0","","1.0","","9","N","N","","0","","0","0","0","","0","","","2","0","1","0","0","0","0","2","0","2","","","","N","","","","","","","","","",""
"2011133957","","1","0","0","0","0","0","0","0","0","1","0","","02","12","2011","2","40.379859","-79.813579","","11","0","0","0","0","0","0","0","1","2","0","0","0","","","0","","3","","40 22:47.492","5","0","79 48:48.884","0","0","0","0","2424","0","0","0","N","0","0","0","2","02424","0","","1.0","","1","N","N","","0","","0","0","1","","0","N","","2","0","0","0","0","0","0","2","0","2","","","","N","","","","","","","","","",""
"2011134239","","0","0","0","0","0","0","0","0","0","1","0","","02","12","2011","7","40.632933","-79.714525","","11","0","0","0","0","0","0","0","1","","0","0","0","","","0","","0","","40 37:58.558","","0","79 42:52.289","0","0","0","0","2106","0","0","0","N","0","0","0","3","02106","0","","1.0","","1","N","N","","0","","0","0","0","","0","","","2","0","0","0","0","0","0","2","2","2","","","","N","","","","","","","","","",""
"2011134993","","0","0","0","0","0","0","0","0","0","7","0","","02","12","2011","4","40.350302","-79.799813","","11","0","0","0","0","0","0","0","0","3","0","0","0","","","1","","2","","40 21:01.086","5","0","79 47:59.325","4","0","0","0","2477","0","0","0","Y","0","0","0","1","02477","1","","5.0","","2","N","N","","0","","0","0","1","","0","Y","","1","1","1","0","0","0","0","2","0","1","","","","N","","","","","","","","","",""
"2011133609","","1","0","0","0","0","0","0","0","0","7","0","","02","12","2011","7","40.422179","-80.103481","","11","0","0","0","0","0","0","0","0","1","0","0","0","","","1","","0","","40 25:19.845","2","2","80 06:12.530","8","0","0","0","2115","0","0","0","Y","0","0","0","1","68B03","0","","3.0","","9","N","N","","0","","0","0","0","","0","N","","1","1","0","0","0","1","0","2","0","1","","","","N","","","","","","","","","",""
"2011135145","","0","0","0","0","0","0","0","0","0","7","0","","02","12","2011","5","40.443882","-79.938809","","11","0","0","0","0","0","1","0","0","","0","0","0","","","1","","0","","40 26:37.974","","0","79 56:19.714","8","0","0","0","2301","0","0","0","N","0","0","0","1","02301","0","","5.0","","2","N","N","","0","","0","0","1","","0","","","1","1","0","0","0","1","0","2","0","1","","","","N","","","","","","","","","",""
"2011133696","","1","0","0","0","0","0","0","0","0","7","0","","02","12","2011","2","40.424173","-79.978879","","11","0","0","0","0","0","0","0","0","2","0","0","0","","","0","","0","","40 25:27.022","4","0","79 58:43.964","9","0","0","0","2301","0","0","0","N","0","0","0","2","02301","0","","4.0","","1","N","N","","0","","0","0","0","","0","Y","","1","0","0","0","0","0","2","2","0","1","","","","N","","","","","","","","","",""
"2011135801","","1","0","0","0","0","0","0","0","0","8","0","","02","12","2011","6","40.407678","-79.943437","","11","0","0","0","0","0","1","0","0","","0","0","0","","","1","","0","","40 24:27.641","","0","79 56:36.372","4","0","0","0","2301","1","0","0","N","1","0","0","3","02301","1","","1.0","","1","N","N","","0","","0","0","0","","0","","","2","1","0","0","0","0","0","2","0","1","","","","N","","","","","","","","","",""
"2011133549","","2","0","0","0","0","0","0","0","0","2","0","","02","12","2011","6","40.507912","-80.002882","","11","0","0","0","1","0","0","0","0","1","0","0","0","","","0","","0","","40 30:28.483","5","0","80 00:10.375","0","0","0","0","2116","0","0","0","N","0","0","0","6","02116","0","","1.0","","9","N","N","","0","","0","0","0","","0","N","","2","0","2","0","0","0","0","2","0","2","","","","N","","","","","","","","","",""