"CRN","ARRIVAL_TM","AUTOMOBILE_COUNT","BELTED_DEATH_COUNT","BELTED_SUSP_SERIOUS_INJ_COUNT","BICYCLE_COUNT","BICYCLE_DEATH_COUNT","BICYCLE_SUSP_SERIOUS_INJ_COUNT","BUS_COUNT","CHLDPAS_DEATH_COUNT","CHLDPAS_SUSP_SERIOUS_INJ_COUNT","COLLISION_TYPE","COMM_VEH_COUNT","CONS_ZONE_SPD_LIM","COUNTY","CRASH_MONTH","CRASH_YEAR","DAY_OF_WEEK","DEC_LATITUDE","DEC_LONGITUDE","DISPATCH_TM","DISTRICT","DRIVER_COUNT_16YR","DRIVER_COUNT_17YR","DRIVER_COUNT_18YR","DRIVER_COUNT_19YR","DRIVER_COUNT_20YR","DRIVER_COUNT_50_64YR","DRIVER_COUNT_65_74YR","DRIVER_COUNT_75PLUS","EST_HRS_CLOSED","FATAL_COUNT","HEAVY_TRUCK_COUNT","HORSE_BUGGY_COUNT","HOUR_OF_DAY","ILLUMINATION","INJURY_COUNT","INTERSECTION_RELATED","INTERSECT_TYPE","LANE_CLOSED","LATITUDE","LN_CLOSE_DIR","LOCATION_TYPE","LONGITUDE","MAX_SEVERITY_LEVEL","MCYCLE_DEATH_COUNT","MCYCLE_SUSP_SERIOUS_INJ_COUNT","MOTORCYCLE_COUNT","MUNICIPALITY","NONMOTR_COUNT","NONMOTR_DEATH_COUNT","NONMOTR_SUSP_SERIOUS_INJ_COUNT","NTFY_HIWY_MAINT","PED_COUNT","PED_DEATH_COUNT","PED_SUSP_SERIOUS_INJ_COUNT","PERSON_COUNT","POLICE_AGCY","POSSIBLE_INJ_COUNT","RDWY_SURF_TYPE_CD","RELATION_TO_ROAD","ROADWAY_CLEARED","ROAD_CONDITION","SCH_BUS_IND","SCH_ZONE_IND","SECONDARY_CRASH","SMALL_TRUCK_COUNT","SPEC_JURIS_CD","SUSP_MINOR_INJ_COUNT","SUSP_SERIOUS_INJ_COUNT","SUV_COUNT","TCD_FUNC_CD","TCD_TYPE","TFC_DETOUR_IND","TIME_OF_DAY","TOTAL_UNITS","TOT_INJ_COUNT","UNBELTED_OCC_COUNT","UNB_DEATH_COUNT","UNB_SUSP_SERIOUS_INJ_COUNT","UNK_INJ_DEG_COUNT","UNK_INJ_PER_COUNT","URBAN_RURAL","VAN_COUNT","VEHICLE_COUNT","WEATHER1","WEATHER2","WORKERS_PRES","WORK_ZONE_IND","WORK_ZONE_LOC","WORK_ZONE_TYPE","WZ_CLOSE_DETOUR","WZ_FLAGGER","WZ_LAW_OFFCR_IND","WZ_LN_CLOSURE","WZ_MOVING","WZ_OTHER","WZ_SHLDER_MDN","WZ_WORKERS_INJ_KILLED"
"2011123986","","1","0","0","0","0","0","0","0","0","0","0","","02","12","2011","5","40.406848","-79.953936","","11","0","0","0","0","0","0","0","0","3","0","0","0","","","1","","0","","40 24:24.653","2","0","79 57:14.171","8","0","0","0","2403","0","0","0","N","0","0","0","1","02403","0","","1.0","","2","N","N","","0","","0","0","0","","0","N","","1","1","0","0","0","1","0","2","0","1","","","","N","","","","","","","","","",""
"2011121722","","1","0","0","0","0","0","0","0","0","4","0","","02","11","2011","5","40.478191","-79.758118","","11","0","0","0","0","0","1","0","0","1","0","0","0","","","1","","2","","40 28:41.489","3","0","79 45:29.223","4","0","0","0","2466","0","0","0","N","0","0","0","2","02466","1","","1.0","","1","N","N","","1","","0","0","0","","0","N","","2","1","0","0","0","0","0","2","0","2","","","","N","","","","","","","","","",""
"2011122476","","0","0","0","0","0","0","0","0","0","7","0","","02","11","2011","3","40.548066","-79.994886","","11","0","0","0","0","0","0","0","0","","0","0","0","","","0","","0","","40 32:53.038","","0","79 59:41.591","0","0","0","0","2116","0","0","0","N","0","0","0","1","02116","0","","4.0","","9","N","N","","0","","0","0","1","","0","","","1","0","1","0","0","0","0","2","0","1","","","","N","","","","","","","","","",""
"2011122548","","2","0","0","0","0","0","0","0","0","4","0","","02","11","2011","7","40.462673","-79.899532","","11","0","0","0","0","0","0","0","0","2","0","0","0","","","0","","0","","40 27:45.622","1","0","79 53:58.315","9","0","0","0","2301","0","0","0","N","0","0","0","1","02301","0","","1.0","","1","N","N","","0","","0","0","0","","0","N","","2","0","0","0","0","0","1","2","0","2","","","","N","","","","","","","","","",""
"2011133510","","0","0","0","0","0","0","0","0","0","7","0","","02","12","2011","7","40.388613","-80.016207","","11","0","0","0","0","0","0","0","0","1","0","0","0","","","1","","2","","40 23:19.006","4","0","80 00:58.345","8","0","0","0","2301","0","0","0","N","0","0","0","1","02301","0","","5.0","","1","N","N","","0","","0","0","1","","0","N","","1","1","1","0","0","1","0","2","0","1","","","","N","","","","","","","","","",""
"2011135032","","1","0","0","0","0","0","0","0","0","1","0","","02","12","2011","3","40.434563","-79.99683","","11","0","0","0","1","0","0","0","0","2","0","0","0","","","1","","6","","40 26:04.428","3","2","79 59:48.589","4","0","0","0","2301","0","0","0","N","0","0","0","3","68B03","1","","1.0","","9","N","N","","1","","0","0","0","","4","N","","2","1","0","0","0","0","0","2","0","2","","","","N","","","","","","","","","",""
"2011133585","","0","0","0","0","0","0","0","0","0","2","0","","02","12","2011","1","40.599576","-79.947521","","11","0","0","0","0","0","1","0","0","2","0","0","0","","","1","","1","","40 35:58.472","1","0","79 56:51.075","8","0","0","0","2207","0","0","0","N","0","0","0","2","02207","0","","1.0","","1","N","N","","0","","0","0","2","","2","N","","2","1","0","0","0","1","0","2","0","2","","","","N","","","","","","","","","",""
"2011135093","","2","0","0","0","0","0","0","0","0","4","0","","02","12","2011","3","40.508468","-79.952092","","11","0","0","0","0","0","0","0","0","","0","0","0","","","0","","3","","40 30:30.483","","0","79 57:07.532","0","0","0","0","2118","0","0","0","N","0","0","0","2","02118","0","","1.0","","9","N","N","","0","","0","0","0","","3","","","2","0","0","0","0","0","0","2","0","2","","","","N","","","","","","","","","",""
"2011135764","","2","0","0","0","0","0","0","0","0","1","0","","02","12","2011","3","40.622382","-80.070219","","11","0","0","0","0","0","1","0","0","","0","0","0","","","1","","0","","40 37:20.576","","0","80 04:12.789","4","0","0","0","2212","0","0","0","N","0","0","0","2","02505","1","","1.0","","9","N","N","","0","","0","0","0","","2","","","2","1","2","0","0","0","0","2","0","2","","","","N","","","","","","","","","",""
"2011133511","","2","0","0","0","0","0","0","0","0","4","0","","02","12","2011","7","40.465342","-80.074632","","11","0","0","0","0","0","0","0","0","2","0","0","0","","","0","","1","","40 27:55.231","3","0","80 04:28.675","0","0","0","0","2444","0","0","0","N","0","0","0","2","02444","0","","1.0","","1","N","N","","0","","0","0","0","","2","N","","2","0","0","0","0","0","0","2","0","2","","","","N","","","","","","","","","",""
"2011135033","","1","0","0","0","0","0","0","0","0","1","0","","02","12","2011","3","40.431541","-79.872148","","11","0","0","0","0","0","0","0","0","1","0","0","0","","","2","","0","","40 25:53.548","3","0","79 52:19.731","4","0","0","0","2411","0","0","0","N","0","0","0","3","68B03","2","","1.0","","9","N","N","","0","","0","0","1","","0","N","","2","2","0","0","0","0","0","2","0","2","","","","N","","","","","","","","","",""
"2011135841","","1","0","0","0","0","0","0","0","0","7","0","","02","12","2011","4","40.64729","-80.104426","","11","0","0","0","0","0","0","0","0","1","0","0","0","","","0","","2","","40 38:50.245","6","0","80 06:15.933","0","0","0","0","2212","0","0","0","N","0","0","0","1","02505","0","","5.0","","2","N","N","","0","","0","0","0","","0","Y","","1","0","0","0","0","0","0","2","0","1","","","","N","","","","","","","","","",""
"2011135118","","1","0","0","0","0","0","0","0","0","4","0","","02","12","2011","4","40.457258","-79.973578","","11","0","0","0","0","0","1","0","0","","0","0","0","","","1","","1","","40 27:26.128","","0","79 58:24.880","3","0","0","0","2301","0","0","0","N","0","0","0","2","02301","0","","1.0","","1","N","N","","0","","1","0","1","","3","","","2","1","0","0","0","0","0","2","0","2","","","","N","","","","","","","","","",""
"2011134425","","0","0","0","0","0","0","0","0","0","7","0","","02","12","2011","4","40.438061","-79.994014","","11","0","0","0","0","0","0","0","0","","0","0","0","","","1","","1","","40 26:17.019","","0","79 59:38.452","3","0","0","0","2301","0","0","0","N","0","0","0","1","02301","0","","5.0","","9","N","N","","0","","1","0","1","","2","","","1","1","0","0","0","0","0","2","0","1","","","","N","","","","","","","","","",""
"2011123308","","0","0","0","0","0","0","0","0","0","7","0","","02","11","2011","3","40.386669","-79.984986","","11","0","0","0","0","0","0","0","0","","0","0","0","","","1","","0","","40 23:12.008","","0","79 59:05.949","8","0","0","0","2301","0","0","0","N","0","0","0","1","02301","0","","4.0","","1","N","Y","","1","","0","0","0","","0","","","1","1","0","0","0","1","0","2","0","1","","","","N","","","","","","","","","",""
"2011133512","","2","0","0","0","0","0","0","0","0","4","0","","02","12","2011","6","40.343426","-79.970109","","11","0","0","0","0","1","0","0","0","2","0","0","0","","","0","","2","","40 20:36.335","2","7","79 58:12.394","0","0","0","0","2403","0","0","0","N","0","0","0","5","02403","0","","1.0","","1","N","N","","1","","0","0","0","","2","N","","3","0","0","0","0","0","0","2","0","3","","","","N","","","","","","","","","",""
"2011135842","","0","0","0","0","0","0","0","0","0","5","0","","02","12","2011","7","40.389708","-79.933338","","11","0","0","0","0","0","0","0","0","","0","0","0","","","0","","1","","40 23:22.947","","0","79 56:00.018","0","0","0","0","2301","0","0","0","N","0","0","0","2","02301","0","","1.0","","1","N","N","","0","","0","0","2","","2","","","2","0","0","0","0","0","0","2","0","2","","","","N","","","","","","","","","",""
"2011135095","","2","0","0","0","0","0","0","0","0","1","0","","02","12","2011","4","40.629168","-79.889873","","11","0","0","1","1","0","0","0","0","","0","0","0","","","1","","0","","40 37:45.006","","7","79 53:23.541","8","0","0","0","2220","0","0","0","N","0","0","0","2","02220","0","","1.0","","1","N","N","","0","","0","0","0","","0","","","2","1","0","0","0","1","0","1","0","2","","","","N","","","","","","","","","",""
"2011121725","","0","0","0","0","0","0","0","0","0","5","0","","02","11","2011","5","40.419471","-80.046206","","11","0","0","0","0","0","1","0","0","2","0","0","0","","","0","","0","","40 25:10.096","2","0","80 02:46.342","0","0","0","0","2435","0","0","0","N","0","0","0","2","02435","0","","1.0","","1","N","N","","1","","0","0","1","","0","N","","2","0","1","0","0","0","0","2","0","2","","","","N","","","","","","","","","",""
"2011123295","","1","0","0","0","0","0","0","0","0","4","0","","02","11","2011","3","40.406549","-80.083724","","11","0","0","0","0","0","0","0","1","1","0","0","0","","","1","","0","","40 24:23.575","4","7","80 05:01.406","4","0","0","0","2117","0","0","0","N","0","0","0","5","02117","1","","1.0","","1","N","N","","0","","0","0","1","","0","N","","2","1","0","0","0","0","0","2","0","2","","","","N","","","","","","","","","",""
"2011133662","","2","0","0","0","0","0","0","0","0","4","0","","02","12","2011","1","40.393394","-80.081035","","11","0","0","0","0","0","0","0","1","2","0","0","0","","","1","","2","","40 23:36.218","4","0","80 04:51.726","8","0","0","0","2117","0","0","0","N","0","0","0","2","02117","0","","1.0","","1","N","N","","0","","0","0","0","","3","N","","2","1","0","0","0","1","0","2","0","2","","","","N","","","","","","","","","",""
"2011135767","","1","0","0","0","0","0","0","0","0","4","0","","02","12","2011","4","40.481522","-80.042211","","11","0","0","0","0","0","0","0","0","","0","0","0","","","0","","0","","40 28:53.480","","0","80 02:31.960","0","0","0","0","2301","0","0","0","N","0","0","0","2","02301","0","","1.0","","1","N","N","","0","","0","0","1","","0","","","2","0","1","0","0","0","0","2","0","2","","","","N","","","","","","","","","",""
"2011135187","","3","0","0","0","0","0","0","0","0","1","0","","02","12","2011","4","40.533905","-80.011079","","11","0","0","0","0","0","3","0","0","1","0","0","0","","","0","","0","","40 32:02.058","2","0","80 00:39.883","0","0","0","0","2116","0","0","0","N","0","0","0","6","02116","0","","1.0","","1","N","N","","0","","0","0","1","","0","N","","4","0","0","0","0","0","0","2","0","4","","","","N","","","","","","","","","",""
"2011123297","","1","0","0","0","0","0","0","0","0","7","0","","02","11","2011","3","40.29411","-79.832048","","11","0","0","0","0","0","0","0","1","2","0","0","0","","","1","","2","","40 17:38.796","5","0","79 49:55.373","8","0","0","0","2443","0","0","0","N","0","0","0","1","02443","0","","2.0","","9","N","N","","0","","0","0","0","","0","Y","","1","1","0","0","0","1","0","2","0","1","","","","N","","","","","","","","","",""
"2011122501","","1","0","0","0","0","0","0","0","0","4","0","","02","11","2011","1","40.419527","-79.885047","","11","0","1","0","0","0","0","0","0","1","0","0","0","","","1","","0","","40 25:10.297","5","0","79 53:06.169","4","0","0","0","2463","0","0","0","N","0","0","0","2","02463","1","","1.0","","9","N","N","","0","","0","0","1","","0","Y","","2","1","0","0","0","0","0","2","0","2","","","","N","","","","","","","","","",""
"2011135768","","1","0","0","0","0","0","0","0","0","4","0","","02","12","2011","6","40.493509","-80.325747","","11","0","0","0","0","0","1","0","0","1","0","0","0","","","0","","0","","40 29:36.633","4","7","80 19:32.689","0","0","0","0","2203","0","0","0","N","0","0","0","2","02203","0","","1.0","","1","N","N","","0","","0","0","0","","0","N","","2","0","0","0","0","0","0","1","1","2","","","","N","","","","","","","","","",""
"2011122485","","1","0","0","0","0","0","0","0","0","4","0","","02","11","2011","1","40.442181","-79.994981","","11","0","0","0","0","0","0","0","0","","0","0","0","","","0","","1","","40 26:31.851","","0","79 59:41.931","0","0","0","0","2301","0","0","0","N","0","0","0","2","02301","0","","1.0","","9","N","N","","0","","0","0","0","","2","","","2","0","0","0","0","0","0","2","1","2","","","","N","","","","","","","","","",""
"2011123312","","2","0","0","0","0","0","0","0","0","1","0","","02","11","2011","3","40.353897","-79.98983","","11","0","0","0","0","0","1","0","0","2","0","0","0","","","0","","0","","40 21:14.029","2","0","79 59:23.389","0","0","0","0","2476","0","0","0","N","0","0","0","4","02476","0","","1.0","","1","N","N","","1","","0","0","0","","0","Y","","4","0","0","0","0","0","0","2","1","4","","","","N","","","","","","","","","",""
"2011133517","","4","0","0","0","0","0","0","0","0","5","0","","02","12","2011","7","40.466087","-79.952597","","11","0","0","0","0","0","1","0","0","1","0","0","0","","","0","","0","","40 27:57.913","3","0","79 57:09.348","0","0","0","0","2301","0","0","0","N","0","0","0","1","02301","0","","6.0","","1","N","N","","0","","0","0","0","","0","N","","4","0","0","0","0","0","0","2","0","4","","","","N","","","","","","","","","",""
"2011133529","","0","0","0","0","0","0","0","0","0","7","0","","02","12","2011","1","40.514093","-79.805053","","11","0","0","0","0","0","0","0","0","2","0","0","0","","","2","","0","","40 30:50.735","3","3","79 48:18.190","3","0","0","0","2113","0","0","0","N","0","0","0","2","02113","1","","2.0","","1","N","N","","0","","1","0","1","","0","N","","1","2","0","0","0","0","0","2","0","1","","","","N","","","","","","","","","",""
"2011135125","","2","0","0","0","0","0","0","0","0","1","0","","02","12","2011","5","40.449833","-79.929631","","11","0","0","0","0","0","1","0","0","1","0","0","0","","","0","","1","","40 26:59.400","2","0","79 55:46.670","0","0","0","0","2301","0","0","0","N","0","0","0","2","02301","0","","1.0","","1","N","N","","0","","0","0","0","","2","N","","2","0","0","0","0","0","0","2","0","2","","","","N","","","","","","","","","",""
"2011123313","","2","0","0","0","0","0","0","0","0","4","0","","02","11","2011","7","40.361297","-79.982515","","11","0","0","0","0","0","0","0","0","","0","0","0","","","0","","2","","40 21:40.669","","0","79 58:57.053","0","0","0","0","2413","0","0","0","N","0","0","0","3","02413","0","","1.0","","1","N","N","","0","","0","0","0","","0","","","2","0","0","0","0","0","0","2","0","2","","","","N","","","","","","","","","",""
"2011133518","","1","0","0","0","0","0","0","0","0","7","0","","02","12","2011","7","40.393658","-79.794408","","11","0","0","0","0","0","0","0","0","2","0","0","0","","","0","","0","","40 23:37.168","4","0","79 47:39.868","0","0","0","0","2470","0","0","0","N","0","0","0","1","02424","0","","4.0","","1","N","N","","0","","0","0","0","","0","Y","","1","0","0","0","0","0","0","2","0","1","","","","N","","","","","","","","","",""
"2011133676","","1","0","0","0","0","0","0","0","0","7","0","","02","12","2011","1","40.444005","-80.029708","","11","0","0","0","0","0","0","0","0","1","0","0","0","","","0","","3","","40 26:38.419","3","2","80 01:46.948","0","0","0","0","2301","0","0","0","Y","0","0","0","0","02301","0","","3.0","","1","N","N","","0","","0","0","0","","3","N","","1","0","0","0","0","0","0","2","0","1","","","","N","","","","","","","","","",""
"2011122487","","1","0","0","0","0","0","0","0","0","7","0","","02","11","2011","1","40.340032","-79.859868","","11","0","1","0","0","0","0","0","0","2","0","0","0","","","0","","2","","40 20:24.116","4","3","79 51:35.525","0","0","0","0","2304","0","0","0","N","0","0","0","1","02304","0","","2.0","","9","N","N","","0","","0","0","0","","2","Y","","1","0","0","0","0","0","0","2","0","1","","","","N","","","","","","","","","",""
"2011133531","","1","0","0","0","0","0","0","0","0","7","0","","02","12","2011","1","40.468321","-79.720397","","11","0","0","0","0","0","0","0","0","","0","0","0","","","0","","0","","40 28:05.955","","0","79 43:13.429","0","0","0","0","2466","0","0","0","N","0","0","0","1","02466","0","","5.0","","1","N","N","","1","","0","0","0","","0","","","2","0","0","0","0","0","0","2","0","2","","","","N","","","","","","","","","",""
"2011134371","","2","0","0","0","0","0","0","0","0","1","0","","02","12","2011","3","40.484413","-79.81614","","11","0","0","0","0","0","0","0","0","","0","0","0","","","0","","0","","40 29:03.888","","0","79 48:58.103","0","0","0","0","2113","0","0","0","N","0","0","0","2","02113","0","","1.0","","9","N","N","","0","","0","0","0","","0","","","2","0","0","0","0","0","0","2","0","2","","","","N","","","","","","","","","",""
"2011135127","","2","0","0","0","0","0","0","0","0","6","0","","02","12","2011","2","40.590368","-79.968549","","11","0","0","0","1","0","0","0","0","2","0","0","0","","","0","","0","","40 35:25.324","4","0","79 58:06.776","0","0","0","0","2207","0","0","0","N","0","0","0","1","02207","0","","1.0","","1","N","N","","0","","0","0","0","","0","N","","2","0","0","0","0","0","0","2","0","2","","","","N","","","","","","","","","",""
"2011135772","","0","0","0","0","0","0","0","0","0","7","0","","02","12","2011","6","40.362607","-79.977461","","11","0","0","0","0","0","0","0","0","2","0","0","0","","","1","","0","","40 21:45.385","3","0","79 58:38.859","8","0","0","0","2476","0","0","0","N","0","0","0","1","02476","0","","5.0","","1","N","N","","0","","0","0","1","","0","N","","1","1","0","0","0","1","0","2","0","1","","","","N","","","","","","","","","",""
"2011135102","","1","0","0","0","0","0","0","0","0","1","0","35","02","12","2011","4","40.458441","-79.986331","","11","0","0","0","0","0","0","0","0","2","0","0","0","","","0","","0","","40 27:30.386","2","7","79 59:10.793","0","0","0","0","2301","0","0","0","N","0","0","0","5","02301","0","","1.0","","1","N","N","","0","","0","0","1","","0","N","","2","0","0","0","0","0","0","2","0","2","","","N","Y","3","1","Y","","N","","","","",""
"2011133679","","2","0","0","0","0","0","0","0","0","1","0","","02","12","2011","1","40.492279","-79.904388","","11","0","0","0","0","0","0","0","0","","0","0","0","","","0","","0","","40 29:32.204","","0","79 54:15.796","0","0","0","0","2401","0","0","0","N","0","0","0","2","02401","0","","6.0","","1","N","N","","0","","0","0","0","","0","","","2","0","0","0","0","0","0","2","0","2","","","","N","","","","","","","","","",""
"2011122492","","1","0","0","0","0","0","0","0","0","1","0","","02","11","2011","1","40.613151","-80.054636","","11","0","1","0","0","0","0","0","0","","0","0","0","","","0","","0","","40 36:47.345","","0","80 03:16.690","0","0","0","0","2216","0","0","0","N","0","0","0","3","02505","0","","1.0","","9","N","N","","0","","0","0","1","","0","","","2","0","0","0","0","0","0","2","0","2","","","","N","","","","","","","","","",""
"2011135785","","2","0","0","0","0","0","0","0","0","4","0","","02","12","2011","7","40.425799","-80.019809","","11","0","0","0","0","0","0","0","0","","0","0","0","","","0","","1","","40 25:32.876","","0","80 01:11.311","9","0","0","0","2301","0","0","0","N","0","0","0","2","02301","0","","1.0","","1","N","N","","0","","0","0","0","","2","","","2","0","0","0","0","0","1","2","0","2","","","","N","","","","","","","","","",""
"2011122509","","2","0","0","0","0","0","0","0","0","4","0","","02","11","2011","1","40.467497","-79.825544","","11","0","0","0","0","0","0","0","0","2","0","0","0","","","6","","0","","40 28:02.988","4","0","79 49:31.959","8","0","0","0","2113","0","0","0","N","0","0","0","7","02113","0","","1.0","","9","N","N","","0","","0","0","0","","2","N","","2","6","5","0","0","6","1","2","0","2","","","","N","","","","","","","","","",""
"2011135774","","2","0","0","0","0","0","0","0","0","4","0","","02","12","2011","3","40.299985","-79.921892","","11","0","0","0","0","0","1","0","0","1","0","0","0","","","1","","0","","40 17:59.947","2","0","79 55:18.810","8","0","0","0","2440","0","0","0","N","0","0","0","5","02440","0","","1.0","","9","N","N","","0","","0","0","0","","0","Y","","2","1","0","0","0","1","0","2","0","2","","","","N","","","","","","","","","",""
"2011133522","","1","0","0","0","0","0","0","0","0","7","0","","02","12","2011","7","40.427519","-79.928159","","11","0","0","0","0","0","0","0","0","2","0","0","0","","","0","","2","","40 25:39.067","4","0","79 55:41.374","0","0","0","0","2301","0","0","0","N","0","0","0","1","02301","0","","4.0","","1","N","N","","0","","0","0","0","","0","N","","1","0","0","0","0","0","0","2","0","1","","","","N","","","","","","","","","",""
"2011133682","","1","0","0","0","0","0","0","0","0","7","0","","02","12","2011","7","40.462482","-79.927828","","11","0","0","0","0","0","0","0","0","1","0","0","0","","","1","","1","","40 27:44.935","4","0","79 55:40.180","4","0","0","0","2301","0","0","0","N","0","0","0","2","02301","1","","5.0","","1","N","N","","0","","0","0","0","","2","Y","","1","1","0","0","0","0","1","2","0","1","","","","N","","","","","","","","","",""
"2011123318","","4","0","0","0","0","0","0","0","0","1","0","","02","11","2011","2","40.585611","-80.036054","","11","0","0","0","0","0","1","1","1","","0","0","0","","","2","","1","","40 35:08.199","","0","80 02:09.795","4","0","0","0","2108","0","0","0","N","0","0","0","5","02108","2","","1.0","","9","N","N","","0","","0","0","0","","0","","","4","2","0","0","0","0","0","2","0","4","","","","N","","","","","","","","","",""
"2011122552","","3","0","0","0","0","0","0","0","0","4","0","","02","11","2011","2","40.415575","-80.025947","","11","0","0","0","0","0","0","0","0","","0","0","0","","","0","","0","","40 24:56.070","","0","80 01:33.409","0","0","0","0","2301","0","0","0","N","0","0","0","1","02301","0","","1.0","","9","N","N","","1","","0","0","4","","0","","","9","0","0","0","0","0","0","2","1","9","","","","N","","","","","","","","","",""
"2011124000","","0","0","1","0","0","0","0","0","0","4","1","","02","11","2011","4","40.34132","-80.022424","","11","0","0","0","0","0","1","0","0","3","0","1","0","","","1","","1","","40 20:28.753","7","0","80 01:20.728","2","0","0","0","2407","0","0","0","N","0","0","0","2","02407","0","","1.0","","9","N","N","","0","","0","1","1","","3","Y","","2","1","0","0","0","0","0","2","0","2","","","","N","","","","","","","","","",""
"2011123319","","1","0","0","0","0","0","0","0","0","7","0","","02","11","2011","2","40.578613","-79.823588","","11","0","0","0","0","0","0","0","0","","0","0","0","","","1","","0","","40 34:43.008","","0","79 49:24.915","4","0","0","0","2209","0","0","0","N","0","0","0","1","02209","1","","2.0","","1","N","N","","0","","0","0","0","","0","","","1","1","0","0","0","0","0","2","0","1","","","","N","","","","","","","","","",""
"2011122497","","2","0","0","0","0","0","0","0","0","4","0","","02","11","2011","1","40.335855","-79.947641","","11","0","0","0","0","0","1","0","0","1","0","0","0","","","0","","0","","40 20:09.077","2","0","79 56:51.508","0","0","0","0","2454","0","0","0","N","0","0","0","6","02454","0","","1.0","","9","N","N","","1","","0","0","0","","0","N","","3","0","0","0","0","0","0","2","0","3","","","","N","","","","","","","","","",""
"2011134378","","0","0","0","0","0","0","0","0","0","1","0","","02","12","2011","3","40.428809","-79.984097","","11","0","0","1","0","0","0","0","0","","0","0","0","","","2","","1","","40 25:43.711","","0","79 59:02.750","4","0","0","0","2301","0","0","0","N","0","0","0","4","02301","2","","1.0","","9","N","N","","0","","0","0","2","","2","","","2","2","0","0","0","0","0","2","0","2","","","","N","","","","","","","","","",""
"2011134379","","1","0","0","0","0","0","0","0","0","4","0","","02","12","2011","2","40.300437","-79.922685","","11","0","0","0","0","0","0","1","0","","0","0","0","","","0","","0","","40 18:01.573","","0","79 55:21.666","0","0","0","0","2440","0","0","0","N","0","0","0","2","02440","0","","1.0","","1","N","N","","0","","0","0","1","","0","","","2","0","0","0","0","0","0","2","0","2","","","","N","","","","","","","","","",""
"2011121792","","1","0","0","0","0","0","0","0","0","4","0","","02","11","2011","5","40.444202","-80.028173","","11","0","0","0","0","0","0","0","0","2","0","0","0","","","0","","1","","40 26:39.126","2","8","80 01:41.424","0","0","0","0","2301","0","0","0","N","0","0","0","5","02301","0","","1.0","","1","N","N","","1","","0","0","0","","2","N","","2","0","0","0","0","0","0","2","0","2","","","","N","","","","","","","","","",""
"2011135791","","0","0","0","0","0","0","0","0","0","6","0","","02","12","2011","5","40.631302","-79.880752","","11","0","0","0","0","0","0","0","0","","0","0","0","","","0","","0","","40 37:52.687","","0","79 52:50.707","0","0","0","0","2220","0","0","0","N","0","0","0","1","02220","0","","5.0","","2","N","N","","0","","0","0","1","","0","","","2","0","0","0","0","0","0","2","1","2","","05","","N","","","","","","","","","",""
"2011133687","","2","0","0","0","0","0","0","0","0","4","0","","02","12","2011","1","40.443204","-80.000338","","11","0","0","0","0","0","2","0","0","","0","0","0","","","2","","1","","40 26:35.534","","0","80 00:01.216","8","0","0","0","2301","0","0","0","N","0","0","0","4","02301","0","","1.0","","1","N","N","","0","","0","0","0","","2","","","2","2","0","0","0","2","0","2","0","2","","","","N","","","","","","","","","",""
"2011134230","","1","0","0","0","0","0","0","0","0","7","0","","02","12","2011","3","40.368691","-79.891695","","11","0","0","0","0","0","0","0","0","1","0","0","0","","","0","","3","","40 22:07.287","1","0","79 53:30.102","0","0","0","0","2473","0","0","0","N","0","0","0","1","02473","0","","2.0","","9","N","N","","0","","0","0","0","","0","Y","","2","0","0","0","0","0","0","2","0","1","","","","N","","","","","","","","","",""
"2011134294","","0","0","0","0","0","0","0","0","0","7","0","","02","12","2011","1","40.445304","-79.848817","","11","0","0","0","0","0","0","0","0","","0","0","0","","","0","","0","","40 26:43.096","","3","79 50:55.742","0","0","0","0","2419","0","0","0","N","0","0","0","1","68B03","0","","4.0","","2","N","N","","0","","0","0","1","","0","","","1","0","0","0","0","0","0","2","0","1","","","","N","","","","","","","","","",""
"2011133688","","2","0","0","0","0","0","0","0","0","5","0","","02","12","2011","5","40.409949","-80.031637","","11","0","0","1","0","0","1","0","0","","0","0","0","","","1","","2","","40 24:35.818","","0","80 01:53.894","3","0","0","0","2301","0","0","0","N","0","0","0","4","02301","0","","1.0","","1","N","N","","0","","1","0","0","","0","","","2","1","2","0","0","0","0","2","0","2","","","","N","","","","","","","","","",""
"2011135204","","2","0","0","0","0","0","0","0","0","5","0","","02","12","2011","5","40.398588","-79.999955","","11","0","0","0","0","0","0","0","0","1","0","0","0","","","0","","0","","40 23:54.916","1","7","79 59:59.837","0","0","0","0","2301","0","0","0","N","0","0","0","2","02301","0","","1.0","","1","N","N","","0","","0","0","0","","0","N","","2","0","0","0","0","0","0","2","0","2","","","","N","","","","","","","","","",""
"2011121742","","2","0","0","0","0","0","0","0","0","1","0","","02","11","2011","2","40.355456","-80.030995","","11","0","0","0","0","0","3","0","0","","0","0","0","","","1","","0","","40 21:19.640","","3","80 01:51.581","8","0","0","0","2407","0","0","0","N","0","0","0","4","02407","0","","1.0","","1","N","N","","1","","0","0","1","","0","","","4","1","0","0","0","1","0","2","0","4","","","","N","","","","","","","","","",""