"CRN","ARRIVAL_TM","AUTOMOBILE_COUNT","BELTED_DEATH_COUNT","BELTED_SUSP_SERIOUS_INJ_COUNT","BICYCLE_COUNT","BICYCLE_DEATH_COUNT","BICYCLE_SUSP_SERIOUS_INJ_COUNT","BUS_COUNT","CHLDPAS_DEATH_COUNT","CHLDPAS_SUSP_SERIOUS_INJ_COUNT","COLLISION_TYPE","COMM_VEH_COUNT","CONS_ZONE_SPD_LIM","COUNTY","CRASH_MONTH","CRASH_YEAR","DAY_OF_WEEK","DEC_LATITUDE","DEC_LONGITUDE","DISPATCH_TM","DISTRICT","DRIVER_COUNT_16YR","DRIVER_COUNT_17YR","DRIVER_COUNT_18YR","DRIVER_COUNT_19YR","DRIVER_COUNT_20YR","DRIVER_COUNT_50_64YR","DRIVER_COUNT_65_74YR","DRIVER_COUNT_75PLUS","EST_HRS_CLOSED","FATAL_COUNT","HEAVY_TRUCK_COUNT","HORSE_BUGGY_COUNT","HOUR_OF_DAY","ILLUMINATION","INJURY_COUNT","INTERSECTION_RELATED","INTERSECT_TYPE","LANE_CLOSED","LATITUDE","LN_CLOSE_DIR","LOCATION_TYPE","LONGITUDE","MAX_SEVERITY_LEVEL","MCYCLE_DEATH_COUNT","MCYCLE_SUSP_SERIOUS_INJ_COUNT","MOTORCYCLE_COUNT","MUNICIPALITY","NONMOTR_COUNT","NONMOTR_DEATH_COUNT","NONMOTR_SUSP_SERIOUS_INJ_COUNT","NTFY_HIWY_MAINT","PED_COUNT","PED_DEATH_COUNT","PED_SUSP_SERIOUS_INJ_COUNT","PERSON_COUNT","POLICE_AGCY","POSSIBLE_INJ_COUNT","RDWY_SURF_TYPE_CD","RELATION_TO_ROAD","ROADWAY_CLEARED","ROAD_CONDITION","SCH_BUS_IND","SCH_ZONE_IND","SECONDARY_CRASH","SMALL_TRUCK_COUNT","SPEC_JURIS_CD","SUSP_MINOR_INJ_COUNT","SUSP_SERIOUS_INJ_COUNT","SUV_COUNT","TCD_FUNC_CD","TCD_TYPE","TFC_DETOUR_IND","TIME_OF_DAY","TOTAL_UNITS","TOT_INJ_COUNT","UNBELTED_OCC_COUNT","UNB_DEATH_COUNT","UNB_SUSP_SERIOUS_INJ_COUNT","UNK_INJ_DEG_COUNT","UNK_INJ_PER_COUNT","URBAN_RURAL","VAN_COUNT","VEHICLE_COUNT","WEATHER1","WEATHER2","WORKERS_PRES","WORK_ZONE_IND","WORK_ZONE_LOC","WORK_ZONE_TYPE","WZ_CLOSE_DETOUR","WZ_FLAGGER","WZ_LAW_OFFCR_IND","WZ_LN_CLOSURE","WZ_MOVING","WZ_OTHER","WZ_SHLDER_MDN","WZ_WORKERS_INJ_KILLED"
"2011121795","","2","0","0","0","0","0","0","0","0","2","0","","02","11","2011","6","40.424795","-79.974205","","11","0","0","0","0","0","1","0","0","","0","0","0","","","0","","0","","40 25:29.262","","0","79 58:27.138","0","0","0","0","2301","0","0","0","N","0","0","0","1","02301","0","","2.0","","1","N","N","","0","","0","0","0","","0","","","2","0","0","0","0","0","0","2","0","2","","","","N","","","","","","","","","",""
"2011134987","","2","0","0","0","0","0","0","0","0","4","0","","02","12","2011","4","40.4488","-79.987519","","11","0","0","0","0","0","0","1","0","","0","0","0","","","0","","1","","40 26:55.680","","0","79 59:15.070","9","0","0","0","2301","0","0","0","N","0","0","0","2","02301","0","","1.0","","9","N","N","","0","","0","0","0","","2","","","2","0","0","0","0","0","1","2","0","2","","","","N","","","","","","","","","",""
"2011135793","","1","0","0","0","0","0","0","0","0","7","0","","02","12","2011","7","40.352591","-79.841527","","11","0","0","0","0","0","0","0","0","","0","0","0","","","0","","0","","40 21:09.329","","2","79 50:29.496","0","0","0","0","2304","0","0","0","N","0","0","0","2","02304","0","","7.0","","9","N","N","","0","","0","0","0","","0","","","1","0","0","0","0","0","0","2","0","1","","","","N","","","","","","","","","",""
"2011121743","","0","0","0","0","0","0","0","0","0","1","0","","02","11","2011","2","40.466374","-79.846871","","11","0","0","0","0","0","1","0","0","","0","0","0","","","0","","0","","40 27:58.945","","0","79 50:48.736","0","0","0","0","2113","0","0","0","N","0","0","0","2","02113","0","","1.0","","1","N","N","","0","","0","0","2","","0","","","2","0","0","0","0","0","0","2","0","2","","","","N","","","","","","","","","",""
"2011123258","","2","0","0","0","0","0","0","0","0","1","0","","02","11","2011","4","40.42994","-80.028681","","11","0","0","0","0","0","1","0","0","","0","0","0","","","0","","0","","40 25:47.783","","2","80 01:43.251","0","0","0","0","2301","0","0","0","N","0","0","0","2","02301","0","","1.0","","9","N","N","","0","","0","0","0","","4","","","2","0","0","0","0","0","0","2","0","2","","","","N","","","","","","","","","",""
"2011122518","","2","0","0","0","0","0","0","0","0","1","0","","02","11","2011","2","40.37249","-79.844151","","11","0","0","0","0","0","0","0","0","1","0","0","0","","","1","","0","","40 22:20.965","1","0","79 50:38.942","4","0","0","0","2303","0","0","0","N","0","0","0","5","02303","1","","1.0","","9","N","N","","0","","0","0","0","","0","Y","","2","1","2","0","0","0","0","2","0","2","","","","N","","","","","","","","","",""
"2011121796","","1","0","0","0","0","0","0","0","0","7","0","","02","11","2011","7","40.384118","-79.989022","","11","0","0","1","0","0","0","0","0","1","0","0","0","","","0","","0","","40 23:02.824","1","0","79 59:20.479","0","0","0","0","2301","0","0","0","N","0","0","0","1","02301","0","","4.0","","1","N","N","","0","","0","0","0","","0","N","","1","0","0","0","0","0","0","2","0","1","","","","N","","","","","","","","","",""
"2011134232","","1","0","0","0","0","0","0","0","0","1","0","","02","12","2011","2","40.350661","-80.164967","","11","0","0","1","0","0","0","0","0","","0","0","0","","","0","","0","","40 21:02.379","","0","80 09:53.880","9","0","0","0","2119","0","0","0","Y","0","0","0","1","02119","0","","2.0","","1","N","N","","0","","0","0","1","","0","","","2","0","0","0","0","0","1","2","0","2","","","","N","","","","","","","","","",""
"2011134988","","1","0","0","0","0","0","0","0","0","99","0","","02","12","2011","3","40.551666","-80.149544","","11","0","0","0","0","0","0","0","0","","0","0","0","","","0","","0","","40 33:05.996","","0","80 08:58.360","0","0","0","0","2459","0","0","0","N","0","0","0","1","02459","0","","1.0","","1","N","N","","0","","0","0","0","","0","","","1","0","0","0","0","0","0","1","0","1","","","","N","","","","","","","","","",""
"2011133543","","2","0","0","0","0","0","0","0","0","2","0","","02","12","2011","7","","","","11","0","0","0","0","0","0","0","0","2","0","0","0","","","0","","2","","","6","3","","0","0","0","0","2301","0","0","0","N","0","0","0","2","02301","0","","1.0","","2","N","N","","0","","0","0","0","","0","N","","2","0","0","0","0","0","0","1","0","2","","","","N","","","","","","","","","",""
"2011133691","","2","0","0","0","0","0","0","0","0","4","0","","02","12","2011","2","40.350066","-79.894216","","11","0","0","0","0","0","0","0","0","1","0","0","0","","","3","","2","","40 21:00.236","2","0","79 53:39.176","8","0","0","0","2423","0","0","0","N","0","0","0","3","02304","0","","1.0","","1","N","N","","0","","0","0","0","","3","N","","2","3","0","0","0","3","0","2","0","2","","","","N","","","","","","","","","",""
"2011135206","","0","0","0","0","0","0","0","0","0","7","0","","02","12","2011","2","40.328498","-80.147825","","11","0","0","0","0","0","1","0","0","","0","0","0","","","1","","3","","40 19:42.592","","0","80 08:52.170","8","0","0","0","2119","0","0","0","N","0","0","0","1","02119","0","","4.0","","1","N","N","","0","","0","0","0","","0","","","1","1","0","0","0","1","0","2","1","1","","","","N","","","","","","","","","",""
"2011122519","","2","0","0","0","0","0","0","0","0","4","0","","02","11","2011","2","40.453297","-79.947387","","11","0","0","0","0","0","0","0","0","","0","0","0","","","0","","1","","40 27:11.869","","0","79 56:50.593","0","0","0","0","2301","0","0","0","N","0","0","0","2","02301","0","","1.0","","9","N","N","","0","","0","0","0","","2","","","2","0","0","0","0","0","0","2","0","2","","","","N","","","","","","","","","",""
"2011134989","","0","0","0","0","0","0","0","0","0","4","0","","02","12","2011","4","40.579072","-79.968833","","11","0","0","0","0","0","0","0","0","","0","0","0","","","0","","2","","40 34:44.660","","0","79 58:07.800","0","0","0","0","2207","0","0","0","N","0","0","0","2","02207","0","","1.0","","1","N","N","","0","","0","0","2","","3","","","2","0","0","0","0","0","0","2","0","2","","","","N","","","","","","","","","",""
"2011133605","","0","0","0","0","0","0","0","0","0","7","0","","02","11","2011","2","40.411551","-80.076014","","11","0","0","0","0","0","0","0","0","","0","0","0","","","0","","0","","40 24:41.582","","0","80 04:33.652","0","0","0","0","2117","0","0","0","Y","0","0","0","1","68B03","0","","2.0","","9","N","N","","1","","0","0","0","","0","","","1","0","0","0","0","0","0","2","0","1","","","","N","","","","","","","","","",""
"2011133692","","0","0","0","0","0","0","0","0","0","4","0","","02","12","2011","2","40.407296","-80.033579","","11","0","0","0","0","0","1","0","0","1","0","0","0","","","1","","1","","40 24:26.264","1","0","80 02:00.884","4","0","0","0","2301","0","0","0","N","0","0","0","2","02301","1","","1.0","","1","N","N","","0","","0","0","2","","2","Y","","2","1","0","0","0","0","0","2","0","2","","","","N","","","","","","","","","",""
"2011134446","","1","0","0","0","0","0","0","0","0","1","1","","02","11","2011","6","40.612807","-80.094955","","11","0","0","0","0","0","1","0","0","3","1","1","0","","","1","","0","","40 36:46.104","1","0","80 05:41.838","1","0","0","0","2481","0","0","0","Y","0","0","0","2","68B03","1","2","1.0","","1","N","N","","0","0","0","0","0","","0","N","","2","1","1","1","0","0","0","2","0","2","","","","N","","","","","","","","","",""
"2011133545","","1","0","0","0","0","0","0","0","0","7","0","","02","12","2011","1","40.423727","-79.997488","","11","0","0","0","0","0","0","0","0","","0","0","0","","","1","","2","","40 25:25.417","","0","79 59:50.956","8","0","0","0","2301","0","0","0","N","0","0","0","1","02301","0","","2.0","","1","N","N","","0","","0","0","0","","3","","","1","1","0","0","0","1","0","2","0","1","","","","N","","","","","","","","","",""
"2011133606","","1","0","0","0","0","0","0","0","0","1","0","","02","11","2011","3","40.417052","-80.05693","","11","0","0","0","0","0","1","0","0","2","0","0","0","","","1","","0","","40 25:01.386","3","0","80 03:24.948","4","0","0","0","2435","0","0","0","N","0","0","0","6","68B03","1","","1.0","","1","N","N","","0","","0","0","2","","0","N","","3","1","0","0","0","0","0","2","0","3","","","","N","","","","","","","","","",""
"2011133693","","0","0","0","0","0","0","0","0","0","1","0","","02","12","2011","1","40.462655","-79.803993","","11","0","0","0","0","0","1","0","0","2","0","0","0","","","0","","0","","40 27:45.558","4","0","79 48:14.374","0","0","0","0","2113","0","0","0","N","0","0","0","1","02113","0","","2.0","","1","N","N","","0","","0","0","1","","0","N","","2","0","0","0","0","0","0","2","1","2","","","","N","","","","","","","","","",""
"2011123247","","1","0","0","0","0","0","0","0","0","7","0","","02","11","2011","2","40.44647","-79.982504","","11","0","0","0","0","0","0","0","1","","0","0","0","","","0","","0","","40 26:47.293","","0","79 58:57.013","0","0","0","0","2301","0","0","0","N","0","0","0","1","02301","0","","5.0","","1","N","N","","0","","0","0","0","","3","","","1","0","0","0","0","0","0","2","0","1","","","","N","","","","","","","","","",""
"2011134300","","0","0","0","0","0","0","0","0","0","7","0","","02","12","2011","1","40.53483","-79.845869","","11","0","0","0","0","0","0","0","0","1","0","0","0","","","0","","0","","40 32:05.389","2","3","79 50:45.129","0","0","0","0","2208","0","0","0","Y","0","0","0","1","68D02","0","","4.0","","2","N","N","","0","","0","0","1","","0","N","","1","0","0","0","0","0","0","2","0","1","","","","N","","","","","","","","","",""
"2011133607","","1","0","0","0","0","0","0","0","0","1","0","","02","12","2011","5","40.442893","-79.763979","","11","0","0","0","0","0","1","0","0","","0","0","0","","","0","","0","","40 26:34.413","","0","79 45:50.326","0","0","0","0","2446","0","0","0","N","0","0","0","4","68B03","0","","1.0","","1","N","N","","0","","0","0","0","","0","","","2","0","0","0","0","0","0","2","1","2","","","","N","","","","","","","","","",""
"2011123262","","0","0","0","0","0","0","0","0","0","2","0","","02","11","2011","3","40.642143","-79.937438","","11","0","0","0","0","0","0","0","0","","0","0","0","","","0","","0","","40 38:31.716","","0","79 56:14.776","0","0","0","0","2217","0","0","0","N","0","0","0","2","02505","0","","1.0","","9","N","N","","0","","0","0","2","","0","","","2","0","0","0","0","0","0","2","0","2","","","","N","","","","","","","","","",""
"2011133547","","1","0","0","0","0","0","0","0","0","5","0","","02","12","2011","4","40.448227","-79.986908","","11","0","0","0","0","0","1","0","0","1","0","0","0","","","0","","2","","40 26:53.617","3","0","79 59:12.868","0","0","0","0","2301","0","0","0","N","0","0","0","2","02301","0","","1.0","","1","N","N","","1","","0","0","0","","2","N","","2","0","0","0","0","0","0","2","0","2","","","","N","","","","","","","","","",""
"2011133608","","1","0","0","0","0","0","0","0","0","7","0","","02","12","2011","7","40.519901","-80.057323","","11","0","0","0","0","0","0","0","0","","0","0","0","","","0","","0","","40 31:11.642","","0","80 03:26.362","0","0","0","0","2116","0","0","0","Y","0","0","0","1","68B03","0","","5.0","","9","N","N","","0","","0","0","0","","0","","","1","0","0","0","0","0","0","2","0","1","","","","N","","","","","","","","","",""
"2011134388","","3","0","0","0","0","0","0","0","0","1","0","","02","12","2011","3","40.432654","-79.799772","","11","0","0","0","0","0","1","0","0","1","0","0","0","","","0","","0","","40 25:57.554","3","3","79 47:59.178","0","0","0","0","2446","0","0","0","N","0","0","0","3","02446","0","","1.0","","9","N","N","","0","","0","0","0","","0","N","","3","0","0","0","0","0","0","2","0","3","","","","N","","","","","","","","","",""
"2011135144","","0","0","0","0","0","0","0","0","0","7","0","","02","12","2011","4","40.519964","-80.06421","","11","0","0","0","0","0","1","0","0","","0","0","0","","","0","","2","","40 31:11.870","","0","80 03:51.157","0","0","0","0","2215","0","0","0","N","0","0","0","1","02215","0","","4.0","","2","N","N","","0","","0","0","0","","0","","","1","0","0","0","0","0","0","2","1","1","","","","N","","","","","","","","","",""
"2011135210","","1","0","0","0","0","0","0","0","0","4","0","","02","12","2011","6","40.337404","-80.051167","","11","0","0","0","0","0","0","1","0","","0","0","0","","","0","","0","","40 20:14.656","","7","80 03:04.200","0","0","0","0","2407","0","0","0","N","0","0","0","2","02407","0","","1.0","","1","N","N","","0","","0","0","1","","0","","","2","0","0","0","0","0","0","2","0","2","","","","N","","","","","","","","","",""
"2011121407","","0","0","0","0","0","0","0","0","0","4","1","","02","10","2011","2","40.438694","-80.006438","","11","0","0","0","0","0","0","0","0","","0","1","0","","","1","","0","","40 26:19.300","","0","80 00:23.176","4","0","0","0","2301","0","0","0","Y","0","0","0","2","68B03","1","","1.0","","1","N","N","","2","","0","0","0","","0","","","3","1","0","0","0","0","0","2","0","3","","","","N","","","","","","","","","",""
"2011121408","","0","0","0","0","0","0","0","0","0","99","0","","02","11","2011","3","40.433349","-80.254732","","11","0","0","0","0","0","0","0","0","","0","0","0","","","0","","0","","40 26:00.058","","0","80 15:17.035","0","0","0","0","2214","0","0","0","N","0","0","0","3","68B03","0","","1.0","","9","N","N","","0","","0","0","1","","0","","","1","0","0","0","0","0","0","2","0","1","","","","N","","","","","","","","","",""
"2011121409","","1","0","0","0","0","0","0","0","0","99","0","","02","11","2011","5","40.594796","-80.094555","","11","0","0","0","0","0","1","0","0","1","0","0","0","","","0","","0","","40 35:41.267","1","0","80 05:40.397","0","0","0","0","2481","0","0","0","N","0","0","0","1","68B03","0","","1.0","","1","N","N","","0","","0","0","0","","0","N","","1","0","0","0","0","0","0","2","0","1","","","","N","","","","","","","","","",""
"2011122184","","1","0","0","0","0","0","0","0","0","1","0","","02","11","2011","3","40.463668","-79.705456","","11","0","0","0","0","0","0","0","0","","0","0","0","","","1","","1","","40 27:49.204","","0","79 42:19.641","4","0","0","0","2466","0","0","0","N","0","0","0","4","02466","1","","1.0","","9","N","N","","0","","0","0","1","","2","","","2","1","0","0","0","0","0","2","0","2","","","","N","","","","","","","","","",""
"2011122045","","2","0","0","0","0","0","0","0","0","4","0","","02","11","2011","6","40.428105","-79.934499","","11","0","0","0","0","0","0","0","0","1","0","0","0","","","0","","3","","40 25:41.177","4","8","79 56:04.195","0","0","0","0","2301","0","0","0","N","0","0","0","3","02301","0","","1.0","","1","N","N","","0","","0","0","0","","0","N","","2","0","0","0","0","0","0","2","0","2","","","","N","","","","","","","","","",""
"2011121346","","3","0","0","0","0","0","0","0","0","2","0","","02","11","2011","4","40.43791","-79.740084","","11","0","0","0","0","0","3","0","0","","0","0","0","","","2","","1","","40 26:16.476","","0","79 44:24.303","8","0","0","0","2446","0","0","0","N","0","0","0","3","02446","0","","1.0","","1","N","N","","0","","0","0","0","","2","","","3","2","0","0","0","2","0","2","0","3","","","","N","","","","","","","","","",""
"2011123675","","1","0","0","0","0","0","0","0","0","4","1","","02","11","2011","4","40.454169","-79.99145","","11","0","0","0","0","0","0","1","0","","0","1","0","","","0","","1","","40 27:15.008","","0","79 59:29.220","0","0","0","0","2301","0","0","0","N","0","0","0","2","02301","0","","1.0","","9","N","N","","0","","0","0","0","","3","","","2","0","0","0","0","0","0","2","0","2","","","","N","","","","","","","","","",""
"2011121410","","0","0","0","0","0","0","0","0","0","1","0","","02","11","2011","2","40.509608","-80.047659","","11","0","0","0","0","0","0","0","0","","0","0","0","","","0","","0","","40 30:34.588","","0","80 02:51.574","0","0","0","0","2116","0","0","0","N","0","0","0","2","68B03","0","","1.0","","1","N","N","","0","","0","0","1","","0","","","2","0","0","0","0","0","0","2","1","2","","","","N","","","","","","","","","",""
"2011122887","","1","0","0","0","0","0","0","0","0","2","0","","02","11","2011","6","40.561025","-80.039371","","11","0","0","0","0","0","0","0","0","2","0","0","0","","","5","","5","","40 33:39.689","5","0","80 02:21.737","8","0","0","0","2108","0","0","0","N","0","0","0","5","02108","0","","1.0","","1","N","N","","0","","0","0","1","","2","Y","","2","5","0","0","0","5","0","2","0","2","","","","N","","","","","","","","","",""
"2011123437","","1","0","0","0","0","0","0","0","0","7","0","","02","11","2011","6","40.467648","-80.083462","","11","0","0","0","0","0","1","0","0","3","0","0","0","","","0","","2","","40 28:03.532","5","0","80 05:00.463","0","0","0","0","2444","0","0","0","N","0","0","0","1","02444","0","","2.0","","1","N","N","","0","","0","0","0","","0","Y","","1","0","0","0","0","0","0","2","0","1","","","","N","","","","","","","","","",""
"2011124341","","1","0","0","0","0","0","0","0","0","1","0","","02","9","2011","6","40.431266","-79.872706","","11","0","0","0","0","0","0","0","0","","0","0","0","","","0","","0","","40 25:52.557","","0","79 52:21.743","0","0","0","0","2411","0","0","0","N","0","0","0","7","68B03","0","","1.0","","1","N","N","","0","","0","0","1","","0","","","2","0","0","0","0","0","0","2","0","2","","","","N","","","","","","","","","",""
"2011122046","","1","0","0","0","0","0","0","0","0","7","0","","02","11","2011","2","40.549886","-80.085481","","11","0","0","0","0","0","0","0","0","1","0","0","0","","","0","","0","","40 32:59.588","1","0","80 05:07.732","0","0","0","0","2215","0","0","0","N","0","0","0","1","02215","0","","2.0","","1","N","N","","0","","0","0","0","","0","N","","1","0","0","0","0","0","0","2","0","1","","","","N","","","","","","","","","",""
"2011122888","","1","0","0","0","0","0","0","0","0","4","0","","02","11","2011","1","40.582047","-80.038076","","11","0","1","0","0","0","0","0","0","2","0","0","0","","","0","","1","","40 34:55.369","1","0","80 02:17.073","0","0","0","0","2108","0","0","0","N","0","0","0","3","02108","0","","1.0","","1","N","N","","1","","0","0","0","","2","N","","2","0","0","0","0","0","0","2","0","2","","","","N","","","","","","","","","",""
"2011123690","","0","0","0","0","0","0","0","0","0","7","0","","02","11","2011","4","40.376688","-79.894312","","11","0","0","0","0","0","0","0","0","","0","0","0","","","0","","1","","40 22:36.077","","0","79 53:39.523","0","0","0","0","2473","0","0","0","N","0","0","0","2","02473","0","","5.0","","9","N","N","","0","","0","0","1","","2","","","1","0","0","0","0","0","0","2","0","1","","","","N","","","","","","","","","",""
"2011123438","","1","0","0","0","0","0","0","0","0","7","0","","02","11","2011","3","40.622911","-79.838359","","11","0","1","0","0","0","0","0","0","1","0","0","0","","","1","","0","","40 37:22.479","4","0","79 50:18.094","4","0","0","0","2220","0","0","0","N","0","0","0","1","02220","1","","4.0","","1","N","N","","0","","0","0","0","","0","N","","1","1","1","0","0","0","0","2","0","1","","","","N","","","","","","","","","",""
"2011123462","","2","0","0","0","0","0","0","0","0","4","0","","02","11","2011","3","40.434134","-79.752099","","11","0","0","0","0","0","1","0","0","","0","0","0","","","0","","0","","40 26:02.883","","0","79 45:07.555","0","0","0","0","2446","0","0","0","N","0","0","0","2","02446","0","","1.0","","1","N","N","","0","","0","0","0","","0","","","2","0","0","0","0","0","0","2","0","2","","","","N","","","","","","","","","",""
"2011124270","","0","0","0","0","0","0","0","0","0","8","0","","02","12","2011","5","40.429222","-79.996464","","11","0","0","0","0","0","0","0","0","","0","0","0","","","1","","0","","40 25:45.200","","0","79 59:47.271","8","0","0","0","2301","1","0","0","N","1","0","0","2","02301","0","","1.0","","1","N","N","","0","","0","0","0","","0","","","2","1","0","0","0","1","0","2","0","1","","","","N","","","","","","","","","",""
"2011122889","","2","0","0","0","0","0","0","0","0","4","0","","02","11","2011","3","40.465989","-80.135505","","11","0","0","0","0","0","0","0","0","","0","0","0","","","0","","2","","40 27:57.560","","0","80 08:07.818","0","0","0","0","2115","0","0","0","N","0","0","0","2","02115","0","","1.0","","9","N","N","","0","","0","0","0","","0","","","2","0","0","0","0","0","0","2","0","2","","","","N","","","","","","","","","",""
"2011122890","","0","0","0","0","0","0","0","0","0","4","0","","02","11","2011","3","40.430757","-80.134568","","11","0","0","0","0","0","1","0","0","1","0","0","0","","","0","","2","","40 25:50.725","1","0","80 08:04.444","0","0","0","0","2115","0","0","0","N","0","0","0","2","02115","0","","1.0","","9","N","N","","2","","0","0","0","","3","N","","2","0","0","0","0","0","0","2","0","2","","","","N","","","","","","","","","",""
"2011123692","","2","0","0","0","0","0","0","0","0","4","0","","02","11","2011","4","40.448785","-79.9101","","11","0","0","0","0","0","0","0","0","","0","0","0","","","0","","1","","40 26:55.627","","0","79 54:36.360","0","0","0","0","2301","0","0","0","N","0","0","0","2","02301","0","","1.0","","9","N","N","","0","","0","0","0","","2","","","2","0","0","0","0","0","0","2","0","2","","","","N","","","","","","","","","",""
"2011123441","","2","0","0","0","0","0","0","0","0","4","0","","02","11","2011","3","40.342596","-79.964654","","11","0","0","0","0","0","0","0","0","1","0","0","0","","","0","","1","","40 20:33.344","4","0","79 57:52.756","0","0","0","0","2454","0","0","0","N","0","0","0","3","02454","0","","1.0","","1","N","N","","0","","0","0","0","","0","N","","2","0","0","0","0","0","0","2","0","2","","","","N","","","","","","","","","",""
"2011121351","","1","0","0","0","0","0","0","0","0","4","0","","02","11","2011","3","40.445428","-79.957756","","11","0","0","0","0","0","1","0","0","3","0","0","0","","","0","","0","","40 26:43.540","1","0","79 57:27.920","0","0","0","0","2301","0","0","0","N","0","0","0","2","02506","0","","1.0","","9","N","N","","0","","0","0","0","","0","N","","2","0","0","0","0","0","0","2","1","2","","","","N","","","","","","","","","",""
"2011123679","","1","0","0","0","0","0","0","0","0","5","0","","02","11","2011","7","40.521782","-80.005197","","11","0","0","0","0","0","2","0","0","","0","0","0","","","0","","1","","40 31:18.414","","0","80 00:18.708","0","0","0","0","2116","0","0","0","N","0","0","0","3","02116","0","","1.0","","9","N","N","","0","","0","0","0","","2","","","2","0","0","0","0","0","0","2","1","2","","","","N","","","","","","","","","",""
"2011122891","","1","0","0","0","0","0","0","0","0","7","0","","02","11","2011","2","40.457491","-80.143747","","11","0","0","0","0","0","0","0","0","","0","0","0","","","0","","2","","40 27:26.969","","0","80 08:37.488","0","0","0","0","2115","0","0","0","N","0","0","0","1","02115","0","","4.0","","9","N","N","","0","","0","0","0","","0","","","1","0","0","0","0","0","0","2","0","1","","05","","N","","","","","","","","","",""
"2011123693","","1","0","0","0","0","0","0","0","0","4","0","","02","11","2011","4","40.333537","-80.133396","","11","0","0","0","0","0","0","0","1","1","0","0","0","","","1","","2","","40 20:00.732","5","0","80 08:00.226","4","0","0","0","2119","0","0","0","N","0","0","0","3","02119","1","","1.0","","9","N","N","","0","","0","0","1","","3","Y","","2","1","0","0","0","0","0","2","0","2","","","","N","","","","","","","","","",""
"2011121426","","0","0","0","0","0","0","0","0","0","7","0","","02","11","2011","3","40.491044","-79.886364","","11","0","0","0","0","0","0","0","0","","0","0","0","","","2","","0","","40 29:27.758","","0","79 53:10.912","4","0","0","0","2112","0","0","0","N","0","0","0","3","68D02","2","","2.0","","9","N","N","","0","","0","0","1","","0","","","1","2","0","0","0","0","0","2","0","1","","","","N","","","","","","","","","",""
"2011121878","","1","0","0","0","0","0","0","0","0","7","0","","02","11","2011","4","40.523608","-79.819044","","11","0","0","0","0","0","0","0","0","","0","0","0","","","1","","0","","40 31:24.990","","3","79 49:08.557","8","0","0","0","2466","0","0","0","N","0","0","0","1","68T02","0","","3.0","","9","N","N","","0","","0","0","0","","0","","","1","1","1","0","0","1","0","2","0","1","","","","N","","","","","","","","","",""
"2011124273","","1","0","0","0","0","0","0","0","0","1","0","","02","11","2011","4","40.493917","-79.860915","","11","0","0","0","0","0","0","0","0","","0","0","0","","","0","","2","","40 29:38.102","","0","79 51:39.294","9","0","0","0","2408","0","0","0","N","0","0","0","2","02408","0","","1.0","","1","N","N","","0","","0","0","0","","0","","","2","0","0","0","0","0","2","2","0","2","","","","N","","","","","","","","","",""
"2011122892","","2","0","0","0","0","0","0","0","0","1","0","","02","11","2011","5","40.518635","-80.222871","","11","0","0","0","1","0","0","1","0","","0","0","0","","","0","","2","","40 31:07.085","","0","80 13:22.334","0","0","0","0","2213","0","0","0","N","0","0","0","2","02213","0","","1.0","","1","N","N","","0","","0","0","0","","0","","","2","0","0","0","0","0","0","2","0","2","","","","N","","","","","","","","","",""
"2011121353","","2","0","0","0","0","0","0","0","0","1","0","","02","11","2011","4","40.347124","-79.834327","","11","0","0","0","0","0","2","0","0","","0","0","0","","","3","","2","","40 20:49.646","","0","79 50:03.577","8","0","0","0","2304","0","0","0","N","0","0","0","3","02304","0","","1.0","","1","N","N","","0","","0","0","0","","3","","","2","3","0","0","0","3","0","2","0","2","","","","N","","","","","","","","","",""
"2011122893","","2","0","0","0","0","0","0","0","0","1","0","","02","11","2011","5","40.519726","-80.217799","","11","0","0","0","0","0","1","0","0","2","0","0","0","","","2","","1","","40 31:11.012","2","0","80 13:04.075","4","0","0","0","2213","0","0","0","N","0","0","0","3","02213","1","","1.0","","1","N","N","","0","","0","0","1","","2","N","","3","2","0","0","0","1","0","2","0","3","","","","N","","","","","","","","","",""
"2011122053","","0","0","0","0","0","0","0","0","0","4","0","","02","11","2011","7","40.469163","-79.859833","","11","0","0","0","0","0","0","0","0","","0","0","0","","","0","","0","","40 28:08.987","","7","79 51:35.399","0","0","0","0","2113","0","0","0","N","0","0","0","6","02113","0","","1.0","","1","N","N","","0","","0","0","2","","0","","","2","0","0","0","0","0","0","2","0","2","","","","N","","","","","","","","","",""
"2011122894","","1","0","0","0","0","0","0","0","0","99","0","","02","11","2011","6","40.524155","-80.178735","","11","0","0","0","0","0","1","0","0","","0","0","0","","","1","","0","","40 31:26.959","","0","80 10:43.446","8","0","0","0","2213","0","0","0","N","0","0","0","1","02213","0","","1.0","","1","N","N","","0","","0","0","0","","0","","","1","1","0","0","0","1","0","2","0","1","","","","N","","","","","","","","","",""
"2011122194","","2","0","0","0","0","0","0","0","0","1","0","","02","11","2011","7","40.429286","-79.999241","","11","0","0","0","0","0","0","0","0","1","0","0","0","","","0","","10","","40 25:45.428","2","3","79 59:57.266","0","0","0","0","2301","0","0","0","N","0","0","0","3","02301","0","","1.0","","1","N","N","","0","","0","0","0","","0","N","","2","0","0","0","0","0","0","2","0","2","","","","N","","","","","","","","","",""