"CRN","ARRIVAL_TM","AUTOMOBILE_COUNT","BELTED_DEATH_COUNT","BELTED_SUSP_SERIOUS_INJ_COUNT","BICYCLE_COUNT","BICYCLE_DEATH_COUNT","BICYCLE_SUSP_SERIOUS_INJ_COUNT","BUS_COUNT","CHLDPAS_DEATH_COUNT","CHLDPAS_SUSP_SERIOUS_INJ_COUNT","COLLISION_TYPE","COMM_VEH_COUNT","CONS_ZONE_SPD_LIM","COUNTY","CRASH_MONTH","CRASH_YEAR","DAY_OF_WEEK","DEC_LATITUDE","DEC_LONGITUDE","DISPATCH_TM","DISTRICT","DRIVER_COUNT_16YR","DRIVER_COUNT_17YR","DRIVER_COUNT_18YR","DRIVER_COUNT_19YR","DRIVER_COUNT_20YR","DRIVER_COUNT_50_64YR","DRIVER_COUNT_65_74YR","DRIVER_COUNT_75PLUS","EST_HRS_CLOSED","FATAL_COUNT","HEAVY_TRUCK_COUNT","HORSE_BUGGY_COUNT","HOUR_OF_DAY","ILLUMINATION","INJURY_COUNT","INTERSECTION_RELATED","INTERSECT_TYPE","LANE_CLOSED","LATITUDE","LN_CLOSE_DIR","LOCATION_TYPE","LONGITUDE","MAX_SEVERITY_LEVEL","MCYCLE_DEATH_COUNT","MCYCLE_SUSP_SERIOUS_INJ_COUNT","MOTORCYCLE_COUNT","MUNICIPALITY","NONMOTR_COUNT","NONMOTR_DEATH_COUNT","NONMOTR_SUSP_SERIOUS_INJ_COUNT","NTFY_HIWY_MAINT","PED_COUNT","PED_DEATH_COUNT","PED_SUSP_SERIOUS_INJ_COUNT","PERSON_COUNT","POLICE_AGCY","POSSIBLE_INJ_COUNT","RDWY_SURF_TYPE_CD","RELATION_TO_ROAD","ROADWAY_CLEARED","ROAD_CONDITION","SCH_BUS_IND","SCH_ZONE_IND","SECONDARY_CRASH","SMALL_TRUCK_COUNT","SPEC_JURIS_CD","SUSP_MINOR_INJ_COUNT","SUSP_SERIOUS_INJ_COUNT","SUV_COUNT","TCD_FUNC_CD","TCD_TYPE","TFC_DETOUR_IND","TIME_OF_DAY","TOTAL_UNITS","TOT_INJ_COUNT","UNBELTED_OCC_COUNT","UNB_DEATH_COUNT","UNB_SUSP_SERIOUS_INJ_COUNT","UNK_INJ_DEG_COUNT","UNK_INJ_PER_COUNT","URBAN_RURAL","VAN_COUNT","VEHICLE_COUNT","WEATHER1","WEATHER2","WORKERS_PRES","WORK_ZONE_IND","WORK_ZONE_LOC","WORK_ZONE_TYPE","WZ_CLOSE_DETOUR","WZ_FLAGGER","WZ_LAW_OFFCR_IND","WZ_LN_CLOSURE","WZ_MOVING","WZ_OTHER","WZ_SHLDER_MDN","WZ_WORKERS_INJ_KILLED"
"2011122895","","2","0","0","0","0","0","0","0","0","4","0","","02","11","2011","2","40.502337","-80.221985","","11","0","0","0","0","0","0","1","0","","0","0","0","","","2","","0","","40 30:08.412","","0","80 13:19.146","4","0","0","0","2213","0","0","0","N","0","0","0","3","02213","2","","1.0","","9","N","N","","0","","0","0","0","","0","","","2","2","0","0","0","0","0","2","0","2","","","","N","","","","","","","","","",""
"2011122195","","2","0","0","0","0","0","0","0","0","4","0","","02","11","2011","7","40.448921","-79.946697","","11","0","0","0","0","0","1","0","0","","0","0","0","","","0","","2","","40 26:56.115","","0","79 56:48.109","0","0","0","0","2301","0","0","0","N","0","0","0","4","02301","0","","1.0","","1","N","N","","0","","0","0","0","","3","","","2","0","0","0","0","0","0","2","0","2","","","","N","","","","","","","","","",""
"2011121968","","1","0","0","0","0","0","0","0","0","7","0","","02","11","2011","5","40.400403","-80.031436","","11","0","0","0","0","0","0","0","0","","0","0","0","","","0","","2","","40 24:01.450","","0","80 01:53.169","0","0","0","0","2301","0","0","0","N","0","0","0","1","02301","0","","5.0","","1","N","N","","0","","0","0","0","","0","","","1","0","1","0","0","0","0","2","0","1","","","","N","","","","","","","","","",""
"2011122055","","2","0","0","0","0","0","0","0","0","1","0","","02","11","2011","7","40.469196","-80.035698","","11","0","0","0","0","0","0","0","0","2","0","0","0","","","0","","0","","40 28:09.105","1","0","80 02:08.513","0","0","0","0","2301","0","0","0","N","0","0","0","1","02301","0","","4.0","","1","N","N","","0","","0","0","1","","0","Y","","3","0","0","0","0","0","0","2","0","3","","","","N","","","","","","","","","",""
"2011122896","","2","0","0","0","0","0","0","0","0","1","0","","02","11","2011","4","40.457812","-80.174689","","11","0","0","0","0","0","1","0","0","","0","0","0","","","2","","0","","40 27:28.122","","0","80 10:28.880","4","0","0","0","2213","0","0","0","N","0","0","0","3","02213","2","","1.0","","1","N","N","","0","","0","0","0","","2","","","3","2","0","0","0","0","0","2","1","3","","","","N","","","","","","","","","",""
"2011123471","","2","0","0","0","0","0","0","0","0","4","0","","02","11","2011","7","40.521782","-80.005197","","11","1","0","0","0","0","0","0","0","","0","0","0","","","0","","1","","40 31:18.414","","0","80 00:18.708","0","0","0","0","2116","0","0","0","N","0","0","0","2","02116","0","","1.0","","9","N","N","","0","","0","0","0","","2","","","2","0","0","0","0","0","0","2","0","2","","","","N","","","","","","","","","",""
"2011121358","","3","0","0","0","0","0","0","0","0","1","0","","02","11","2011","3","40.561302","-80.013095","","11","0","0","0","0","0","1","0","0","1","0","0","0","","","1","","1","","40 33:40.688","1","0","80 00:47.142","4","0","0","0","2108","0","0","0","N","0","0","0","3","02108","1","","1.0","","1","N","N","","0","","0","0","0","","2","N","","3","1","0","0","0","0","0","2","0","3","","","","N","","","","","","","","","",""
"2011122897","","2","0","0","0","0","0","0","0","0","1","0","","02","11","2011","6","40.355851","-80.028223","","11","0","0","0","0","0","0","0","1","","0","0","0","","","0","","2","","40 21:21.063","","0","80 01:41.601","0","0","0","0","2407","0","0","0","N","0","0","0","2","02407","0","","1.0","","1","N","N","","0","","0","0","0","","2","","","2","0","0","0","0","0","0","2","0","2","","","","N","","","","","","","","","",""
"2011122733","","1","0","0","0","0","0","0","0","0","1","0","","02","11","2011","5","40.388205","-80.089851","","11","0","0","0","1","0","1","0","0","","0","0","0","","","2","","1","","40 23:17.538","","0","80 05:23.463","3","0","0","0","2437","0","0","0","N","0","0","0","2","02437","1","","1.0","","9","N","N","","1","","1","0","0","","2","","","2","2","0","0","0","0","0","2","0","2","","","","N","","","","","","","","","",""
"2011121359","","1","0","0","0","0","0","0","0","0","99","0","","02","11","2011","3","40.60238","-80.034701","","11","0","0","0","0","0","0","0","0","","0","0","0","","","0","","0","","40 36:08.567","","0","80 02:04.925","0","0","0","0","2108","0","0","0","N","0","0","0","1","02108","0","","1.0","","1","N","N","","0","","0","0","0","","0","","","1","0","0","0","0","0","0","2","0","1","","","","N","","","","","","","","","",""
"2011122898","","1","0","0","0","0","0","0","0","0","4","0","","02","11","2011","3","40.34132","-80.022424","","11","0","0","0","0","0","2","0","0","1","0","0","0","","","0","","1","","40 20:28.753","6","0","80 01:20.728","0","0","0","0","2407","0","0","0","N","0","0","0","3","02407","0","","1.0","","9","N","N","","1","","0","0","0","","3","N","","2","0","0","0","0","0","0","2","0","2","","","","N","","","","","","","","","",""
"2011123473","","0","0","0","0","0","0","0","0","0","7","0","","02","11","2011","1","40.63261","-79.995622","","11","0","0","0","1","0","0","0","0","1","0","0","0","","","0","","0","","40 37:57.397","6","0","79 59:44.240","0","0","0","0","2216","0","0","0","N","0","0","0","1","02505","0","","5.0","","1","N","N","","1","","0","0","0","","0","N","","1","0","0","0","0","0","0","1","0","1","","","","N","","","","","","","","","",""
"2011121360","","2","0","0","0","0","0","0","0","0","1","0","","02","11","2011","3","40.519771","-80.217904","","11","0","0","0","1","1","0","0","0","","0","0","0","","","0","","1","","40 31:11.175","","0","80 13:04.453","0","0","0","0","2213","0","0","0","N","0","0","0","3","02213","0","","1.0","","9","N","N","","0","","0","0","0","","2","","","2","0","0","0","0","0","0","2","0","2","","","","N","","","","","","","","","",""
"2011122120","","0","0","0","0","0","0","0","0","0","5","0","","02","11","2011","5","40.560118","-79.84985","","11","0","0","0","0","0","1","1","0","1","0","0","0","","","0","","0","","40 33:36.425","4","0","79 50:59.460","0","0","0","0","2208","0","0","0","N","0","0","0","8","68T02","0","","1.0","","1","N","N","","0","","0","0","1","","0","N","","2","0","0","0","0","0","0","2","1","2","","","","N","","","","","","","","","",""
"2011122899","","0","0","0","0","0","0","0","0","0","4","0","","02","11","2011","1","40.346207","-80.04827","","11","0","0","0","0","0","0","1","0","","0","0","0","","","0","","0","","40 20:46.344","","7","80 02:53.771","0","0","0","0","2407","0","0","0","N","0","0","0","4","02407","0","","1.0","","1","N","N","","1","","0","0","0","","3","","","2","0","0","0","0","0","0","2","1","2","","","","N","","","","","","","","","",""
"2011123389","","1","0","0","0","0","0","0","0","0","1","0","","02","11","2011","4","40.434951","-79.966197","","11","0","0","0","0","0","1","0","0","1","0","0","0","","","1","","0","","40 26:05.822","4","0","79 57:58.309","4","0","0","0","2301","0","0","0","N","0","0","0","2","68B03","1","","1.0","","1","N","N","","1","","0","0","0","","0","N","","2","1","0","0","0","0","0","2","0","2","","","","N","","","","","","","","","",""
"2011121910","","2","0","0","0","0","0","1","0","0","1","1","","02","11","2011","6","40.442831","-80.042428","","11","0","0","0","0","0","2","0","0","","0","0","0","","","0","","2","","40 26:34.191","","0","80 02:32.740","0","0","0","0","2301","0","0","0","N","0","0","0","3","02503","0","","1.0","","1","N","N","","0","","0","0","0","","2","","","3","0","0","0","0","0","0","2","0","3","","","","N","","","","","","","","","",""
"2011121992","","1","0","0","0","0","0","0","0","0","7","0","","02","11","2011","6","40.526589","-80.159019","","11","0","0","0","0","0","1","0","0","2","0","0","0","","","1","","1","","40 31:35.721","1","0","80 09:32.468","8","0","0","0","2436","0","0","0","N","0","0","0","1","68B03","0","","1.0","","1","N","N","","0","","0","0","0","","2","N","","1","1","0","0","0","1","0","2","0","1","","","","N","","","","","","","","","",""
"2011121361","","1","0","0","0","0","0","0","0","0","8","0","","02","11","2011","3","40.396457","-80.035337","","11","0","0","0","0","0","0","0","1","2","0","0","0","","","2","","2","","40 23:47.245","6","0","80 02:07.213","4","0","0","0","2422","2","0","0","N","2","0","0","3","02422","1","","1.0","","9","N","N","","0","","0","0","0","","0","Y","","3","2","0","0","0","1","0","2","0","1","","","","N","","","","","","","","","",""
"2011122900","","2","0","0","0","0","0","0","0","0","4","0","","02","11","2011","1","40.34132","-80.022424","","11","0","0","0","0","0","0","1","0","1","0","0","0","","","0","","1","","40 20:28.753","4","0","80 01:20.728","0","0","0","0","2407","0","0","0","N","0","0","0","4","02407","0","","1.0","","9","N","N","","0","","0","0","0","","3","N","","2","0","1","0","0","0","0","2","0","2","","","","N","","","","","","","","","",""
"2011122670","","1","0","0","0","0","0","0","0","0","5","1","","02","11","2011","2","40.345862","-79.957748","","11","0","0","0","0","0","1","0","0","","0","1","0","","","0","","0","","40 20:45.102","","0","79 57:27.894","0","0","0","0","2473","0","0","0","N","0","0","0","2","02473","0","","1.0","","9","N","N","","0","","0","0","0","","0","","","2","0","0","0","0","0","0","2","0","2","","","","N","","","","","","","","","",""
"2011121993","","2","0","0","0","0","0","0","0","0","1","1","","02","11","2011","3","40.416943","-80.08646","","11","0","0","0","0","0","1","0","0","1","0","1","0","","","3","","0","","40 25:00.996","3","0","80 05:11.255","4","0","0","0","2415","0","0","0","N","0","0","0","5","68B03","3","","1.0","","9","N","N","","0","","0","0","1","","0","N","","4","3","0","0","0","0","0","2","0","4","","","","N","","","","","","","","","",""
"2011121994","","0","0","0","0","0","0","0","0","0","1","0","","02","11","2011","3","40.431109","-80.137076","","11","0","0","0","0","0","2","0","0","","0","0","0","","","0","","0","","40 25:51.992","","0","80 08:13.474","0","0","0","0","2115","0","0","0","N","0","0","0","3","68B03","0","","1.0","","9","N","N","","0","","0","0","1","","0","","","2","0","0","0","0","0","0","2","1","2","","","","N","","","","","","","","","",""
"2011122062","","1","0","0","0","0","0","0","0","0","7","0","","02","11","2011","3","40.429546","-79.863575","","11","0","0","0","0","0","0","0","0","","0","0","0","","","0","","2","","40 25:46.366","","0","79 51:48.870","0","0","0","0","2431","0","0","0","Y","0","0","0","1","02431","0","","3.0","","9","N","N","","0","","0","0","0","","0","","","1","0","0","0","0","0","0","2","0","1","","","","N","","","","","","","","","",""
"2011124287","","2","0","0","0","0","0","0","0","0","1","0","","02","12","2011","5","40.436794","-79.758208","","11","0","0","0","0","0","1","0","0","1","0","0","0","","","0","","2","","40 26:12.457","2","0","79 45:29.547","0","0","0","0","2446","0","0","0","N","0","0","0","2","02446","0","","1.0","","1","N","N","","0","","0","0","0","","2","Y","","2","0","0","0","0","0","0","2","0","2","","","","N","","","","","","","","","",""
"2011124288","","0","0","0","0","0","0","0","0","0","2","0","","02","11","2011","3","40.377013","-79.816255","","11","0","0","0","0","0","1","0","0","","0","0","0","","","1","","2","","40 22:37.245","","0","79 48:58.518","8","0","0","0","2111","0","0","0","N","0","0","0","1","02111","0","","1.0","","1","N","N","","0","","0","0","2","","0","","","2","1","0","0","0","1","0","2","0","2","","","","N","","","","","","","","","",""
"2011122064","","0","0","0","0","0","0","0","0","0","7","0","","02","11","2011","7","40.512603","-79.993342","","11","0","0","0","0","0","1","0","0","1","0","0","0","","","0","","0","","40 30:45.370","2","0","79 59:36.030","0","0","0","0","2116","0","0","0","N","0","0","0","1","02116","0","","2.0","","1","N","N","","0","","0","0","1","","0","N","","1","0","0","0","0","0","0","2","0","1","","","","N","","","","","","","","","",""
"2011122139","","1","0","0","0","0","0","0","0","0","4","0","","02","11","2011","6","40.454116","-80.064325","","11","0","0","0","0","0","0","0","0","","0","0","0","","","0","","1","","40 27:14.817","","0","80 03:51.570","0","0","0","0","2301","0","0","0","N","0","0","0","3","02301","0","","1.0","","1","N","N","","0","","0","0","1","","0","","","2","0","0","0","0","0","0","2","0","2","","","","N","","","","","","","","","",""
"2011121979","","0","0","0","0","0","0","0","0","0","4","0","","02","11","2011","6","40.440684","-79.767465","","11","0","0","0","0","1","0","1","0","1","0","0","0","","","1","","2","","40 26:26.462","1","0","79 46:02.874","3","0","0","1","2446","0","0","0","N","0","0","0","2","02446","0","","1.0","","1","N","N","","0","","1","0","1","","3","Y","","2","1","0","0","0","0","0","2","0","2","","","","N","","","","","","","","","",""
"2011122065","","1","0","0","0","0","0","0","0","0","4","0","","02","11","2011","7","40.637419","-79.715361","","11","0","0","0","0","0","0","0","0","","0","0","0","","","0","","10","","40 38:14.708","","0","79 42:55.301","0","0","0","0","2106","0","0","0","N","0","0","0","2","02106","0","","9.0","","1","N","N","","1","","0","0","0","","0","","","2","0","0","0","0","0","0","2","0","2","","","","N","","","","","","","","","",""
"2011123644","","1","0","0","0","0","0","0","0","0","1","0","","02","11","2011","4","40.486249","-79.814722","","11","0","0","0","0","0","0","1","1","1","0","0","0","","","2","","2","","40 29:10.495","3","0","79 48:52.998","8","0","0","0","2113","0","0","0","N","0","0","0","2","02113","0","","1.0","","9","N","N","","0","","0","0","1","","0","N","","2","2","0","0","0","2","0","2","0","2","","","","N","","","","","","","","","",""
"2011124302","","0","0","0","0","0","0","0","0","0","4","0","","02","11","2011","4","40.280097","-79.954678","","11","0","0","0","0","0","0","0","1","1","0","0","0","","","0","","1","","40 16:48.348","1","0","79 57:16.841","0","0","0","0","2440","0","0","0","N","0","0","0","2","02440","0","","1.0","","1","N","N","","1","","0","0","0","","3","N","","2","0","0","0","0","0","0","2","1","2","","","","N","","","","","","","","","",""
"2011122678","","1","0","0","0","0","0","0","0","0","7","0","","02","11","2011","2","40.408856","-80.081097","","11","1","0","0","0","0","0","0","0","","0","0","0","","","0","","1","","40 24:31.883","","0","80 04:51.949","0","0","0","0","2415","0","0","0","N","0","0","0","1","02415","0","","4.0","","9","N","N","","0","","0","0","0","","2","","","1","0","0","0","0","0","0","2","0","1","","","","N","","","","","","","","","",""
"2011123632","","2","0","0","0","0","0","0","0","0","1","0","","02","11","2011","4","40.442442","-80.00323","","11","0","0","0","0","0","1","0","0","","0","0","0","","","0","","1","","40 26:32.791","","0","80 00:11.628","0","0","0","0","2301","0","0","0","N","0","0","0","2","02301","0","","1.0","","9","N","N","","0","","0","0","0","","2","","","2","0","0","0","0","0","0","2","0","2","","","","N","","","","","","","","","",""
"2011121847","","1","0","0","0","0","0","0","0","0","7","0","","02","11","2011","1","40.531971","-80.126413","","11","0","0","0","0","0","0","0","0","","0","0","0","","","0","","0","","40 31:55.096","","3","80 07:35.085","0","0","0","0","2125","0","0","0","N","0","0","0","1","68B03","0","","3.0","","1","N","N","","0","","0","0","0","","0","","","1","0","0","0","0","0","0","2","0","1","","","","N","","","","","","","","","",""
"2011124169","","1","0","0","0","0","0","0","0","0","7","0","","02","12","2011","5","40.434776","-79.973129","","11","0","0","0","0","0","0","0","0","","0","0","0","","","0","","0","","40 26:05.193","","3","79 58:23.266","0","0","0","0","2301","0","0","0","N","0","0","0","2","02301","0","","2.0","","1","N","N","","0","","0","0","0","","0","","","1","0","0","0","0","0","0","2","0","1","","","","N","","","","","","","","","",""
"2011122143","","0","0","0","0","0","0","0","0","0","7","0","","02","11","2011","6","40.36035","-79.907707","","11","0","0","0","1","0","0","0","0","1","0","0","0","","","2","","0","","40 21:37.260","1","0","79 54:27.745","3","0","0","0","2473","0","0","0","N","0","0","0","2","02473","1","","2.0","","1","N","N","","0","","1","0","1","","0","Y","","1","2","0","0","0","0","0","2","0","1","","","","N","","","","","","","","","",""
"2011122210","","1","0","0","0","0","0","0","0","0","4","0","","02","11","2011","7","40.366053","-79.870194","","11","0","1","0","0","0","0","0","0","1","0","0","0","","","0","","0","","40 21:57.789","2","0","79 52:12.699","0","0","0","0","2473","0","0","0","N","0","0","0","1","02473","0","","1.0","","1","N","N","","0","","0","0","1","","0","N","","2","0","0","0","0","0","0","2","0","2","","","","N","","","","","","","","","",""
"2011121848","","2","0","0","0","0","0","0","0","0","1","0","","02","11","2011","4","40.427154","-79.891486","","11","0","0","0","0","0","0","0","0","2","0","0","0","","","1","","0","","40 25:37.754","4","0","79 53:29.351","4","0","0","0","2301","0","0","0","N","0","0","0","3","68B03","1","","1.0","","1","N","N","","1","","0","0","0","","0","N","","3","1","1","0","0","0","0","2","0","3","","","","N","","","","","","","","","",""
"2011124293","","1","0","0","0","0","0","0","0","0","4","0","","02","12","2011","5","40.450266","-80.25171","","11","0","0","0","0","0","0","0","0","1","0","0","0","","","0","","0","","40 27:00.959","1","0","80 15:06.157","0","0","0","0","2203","0","0","0","N","0","0","0","1","02203","0","","1.0","","1","N","N","","1","","0","0","0","","0","N","","2","0","0","0","0","0","0","2","0","2","","","","N","","","","","","","","","",""
"2011121317","","1","0","0","0","0","0","0","0","0","4","1","","02","11","2011","3","40.370555","-79.9823","","11","0","0","0","0","0","0","1","0","3","0","1","0","","","2","","10","","40 22:13.997","2","7","79 58:56.280","8","0","0","0","2413","0","0","0","N","0","0","0","2","02413","0","","1.0","","9","N","N","","0","","0","0","0","","0","N","","2","2","0","0","0","2","0","2","0","2","","","","N","","","","","","","","","",""
"2011122145","","0","0","0","0","0","0","0","0","0","7","0","","02","11","2011","3","40.525935","-79.95044","","11","0","0","0","0","0","0","0","0","","0","0","0","","","0","","0","","40 31:33.367","","0","79 57:01.585","0","0","0","0","2118","0","0","0","N","0","0","0","1","02118","0","","2.0","","9","N","N","","1","","0","0","0","","0","","","1","0","0","0","0","0","0","2","0","1","","","","N","","","","","","","","","",""
"2011122697","","1","0","0","0","0","0","0","0","0","7","0","","02","11","2011","2","40.388089","-79.812797","","11","0","0","0","0","0","0","0","0","","0","0","0","","","0","","0","","40 23:17.120","","0","79 48:46.070","0","0","0","0","2479","0","0","0","N","0","0","0","1","02111","0","","5.0","","9","N","N","","0","","0","0","0","","3","","","1","0","0","0","0","0","0","2","0","1","","","","N","","","","","","","","","",""
"2011123502","","1","0","0","0","0","0","0","0","0","7","0","","02","11","2011","3","40.230889","-79.865083","","11","0","0","0","0","0","0","0","0","3","0","0","0","","","0","","0","","40 13:51.200","6","0","79 51:54.300","0","0","0","0","2204","0","0","0","N","0","0","0","1","02204","0","","5.0","","9","N","N","","0","","0","0","0","","0","Y","","1","0","0","0","0","0","0","1","0","1","","","","N","","","","","","","","","",""
"2011122684","","2","0","0","0","0","0","0","0","0","4","0","","02","11","2011","2","40.396242","-79.998126","","11","0","0","0","0","0","0","0","1","1","0","0","0","","","2","","1","","40 23:46.470","1","0","79 59:53.254","8","0","0","0","2301","0","0","0","N","0","0","0","3","02301","0","","1.0","","1","N","N","","0","","0","0","0","","2","N","","2","2","0","0","0","2","0","2","0","2","","","","N","","","","","","","","","",""
"2011122072","","1","0","0","0","0","0","0","0","0","1","0","","02","11","2011","2","40.4289","-79.932028","","11","0","0","0","0","0","0","0","0","","0","0","0","","","0","","6","","40 25:44.039","","2","79 55:55.300","0","0","0","0","2301","0","0","0","N","0","0","0","4","68B03","0","","7.0","","9","N","N","","1","","0","0","0","","3","","","2","0","0","0","0","0","0","2","0","2","","","","N","","","","","","","","","",""
"2011121320","","2","0","0","0","0","0","0","0","0","1","0","","02","11","2011","4","40.441341","-79.991961","","11","0","0","0","0","0","1","0","0","","0","0","0","","","1","","3","","40 26:28.828","","8","79 59:31.058","4","0","0","0","2301","0","0","0","N","0","0","0","2","02301","1","","1.0","","1","N","N","","0","","0","0","0","","2","","","2","1","0","0","0","0","0","2","0","2","","","","N","","","","","","","","","",""
"2011123718","","2","0","0","0","0","0","0","0","0","1","0","","02","11","2011","1","40.439486","-80.07588","","11","0","0","0","0","0","1","0","0","","0","0","0","","","1","","1","","40 26:22.150","","0","80 04:33.168","4","0","0","0","2421","0","0","0","N","0","0","0","3","02421","1","","1.0","","9","N","N","","0","","0","0","0","","0","","","2","1","0","0","0","0","0","2","0","2","","","","N","","","","","","","","","",""
"2011123504","","2","0","0","0","0","0","0","0","0","4","0","","02","11","2011","3","40.628916","-79.718986","","11","0","0","0","0","0","0","0","1","","0","0","0","","","1","","2","","40 37:44.097","","0","79 43:08.351","4","0","0","0","2106","0","0","0","N","0","0","0","5","02106","1","","1.0","","1","N","N","","0","","0","0","0","","0","","","2","1","1","0","0","0","0","2","0","2","","","","N","","","","","","","","","",""
"2011124310","","2","0","0","0","0","0","0","0","0","1","1","","02","12","2011","5","40.438609","-79.962831","","11","0","0","0","0","0","1","0","0","1","0","1","0","","","0","","0","","40 26:18.992","4","0","79 57:46.191","0","0","0","0","2301","0","0","0","N","0","0","0","3","02301","0","","1.0","","2","N","N","","0","","0","0","0","","0","N","","3","0","0","0","0","0","0","2","0","3","","","","N","","","","","","","","","",""
"2011124311","","2","0","0","0","0","0","0","0","0","2","0","","02","12","2011","5","40.429524","-79.925295","","11","0","0","0","0","0","0","0","0","","0","0","0","","","0","","0","","40 25:46.286","","0","79 55:31.062","9","0","0","0","2301","0","0","0","N","0","0","0","1","02301","0","","6.0","","1","N","N","","0","","0","0","0","","0","","","2","0","0","0","0","0","1","2","0","2","","","","N","","","","","","","","","",""
"2011121323","","1","0","0","0","0","0","0","0","0","4","0","","02","11","2011","4","40.412373","-80.010533","","11","0","0","0","0","0","1","1","0","2","0","0","0","","","0","","2","","40 24:44.543","2","0","80 00:37.920","0","0","0","0","2301","0","0","0","N","0","0","0","3","02301","0","","1.0","","1","N","N","","0","","0","0","1","","0","N","","2","0","0","0","0","0","0","2","0","2","","","","N","","","","","","","","","",""
"2011122149","","1","0","0","0","0","0","0","0","0","1","0","","02","11","2011","6","40.34889","-79.939012","","11","0","0","0","0","0","2","0","0","","0","0","0","","","1","","2","","40 20:56.003","","0","79 56:20.443","3","0","0","0","2473","0","0","0","N","0","0","0","3","02473","0","","1.0","","1","N","N","","0","","1","0","0","","2","","","2","1","0","0","0","0","0","2","1","2","","","","N","","","","","","","","","",""
"2011121940","","2","0","0","0","0","0","0","0","0","4","0","","02","11","2011","6","40.450657","-79.927217","","11","0","0","0","0","0","1","0","0","","0","0","0","","","0","","0","","40 27:02.365","","7","79 55:37.981","0","0","0","0","2301","0","0","0","N","0","0","0","3","02301","0","","1.0","","1","N","N","","0","","0","0","0","","0","","","2","0","0","0","0","0","0","2","0","2","","","","N","","","","","","","","","",""
"2011124180","","2","0","0","0","0","0","0","0","0","4","0","","02","12","2011","5","40.476832","-79.759953","","11","0","0","0","0","0","0","1","1","","0","0","0","","","0","","0","","40 28:36.594","","7","79 45:35.830","0","0","0","0","2466","0","0","0","N","0","0","0","3","02466","0","","1.0","","1","N","N","","0","","0","0","0","","3","","","2","0","0","0","0","0","0","2","0","2","","","","N","","","","","","","","","",""
"2011124115","","2","0","0","0","0","0","0","0","0","1","0","","02","10","2011","1","40.458338","-79.999318","","11","0","0","0","0","0","1","0","0","","0","0","0","","","0","","2","","40 27:30.018","","2","79 59:57.543","0","0","0","0","2301","0","0","0","N","0","0","0","8","68B03","0","","1.0","","1","N","N","","0","","0","0","0","","3","","","2","0","0","0","0","0","0","2","0","2","","","","N","","","","","","","","","",""
"2011121942","","1","0","0","0","0","0","0","0","0","1","0","","02","11","2011","6","40.492791","-80.062264","","11","0","0","0","0","0","0","0","1","","0","0","0","","","0","","0","","40 29:34.048","","7","80 03:44.151","0","0","0","0","2404","0","0","0","N","0","0","0","5","02404","0","","1.0","","1","N","N","","0","","0","0","0","","0","","","2","0","0","0","0","0","0","2","1","2","","","","N","","","","","","","","","",""
"2011124183","","1","0","0","0","0","0","0","0","0","1","0","","02","11","2011","4","40.576442","-80.025972","","11","0","0","0","0","0","0","0","0","1","0","0","0","","","0","","1","","40 34:35.192","2","0","80 01:33.499","0","0","0","0","2108","0","0","0","N","0","0","0","2","02108","0","","1.0","","1","N","N","","1","","0","0","0","","2","N","","2","0","0","0","0","0","0","2","0","2","","","","N","","","","","","","","","",""
"2011121930","","1","0","0","0","0","0","0","0","0","8","0","","02","11","2011","6","40.470829","-79.960616","","11","0","0","0","0","0","0","0","0","","0","0","0","","","1","","1","","40 28:14.984","","0","79 57:38.217","8","0","0","0","2301","1","0","0","N","1","0","0","2","02301","0","","1.0","","1","N","N","","0","","0","0","0","","0","","","2","1","0","0","0","1","0","2","0","1","","","","N","","","","","","","","","",""
"2011121944","","1","0","0","0","0","0","0","0","0","2","0","","02","11","2011","6","40.56794","-79.794933","","11","0","0","0","0","0","0","0","0","2","0","0","0","","","2","","0","","40 34:04.583","1","0","79 47:41.759","3","0","0","0","2206","0","0","0","N","0","0","0","3","02206","0","","1.0","","1","N","N","","1","","1","0","0","","0","Y","","2","2","0","0","0","1","0","1","0","2","","","","N","","","","","","","","","",""
"2011121328","","2","0","0","0","0","0","0","0","0","4","0","","02","11","2011","4","40.552771","-80.022695","","11","0","0","0","0","0","1","0","0","1","0","0","0","","","0","","0","","40 33:09.975","4","7","80 01:21.702","0","0","0","0","2116","0","0","0","N","0","0","0","2","02116","0","","1.0","","1","N","N","","0","","0","0","0","","0","N","","2","0","0","0","0","0","0","2","0","2","","","","N","","","","","","","","","",""
"2011121933","","1","0","0","0","0","0","0","0","0","7","0","","02","11","2011","6","40.546744","-79.949493","","11","0","0","0","0","0","0","0","0","1","0","0","0","","","1","","0","","40 32:48.280","4","0","79 56:58.173","4","0","0","0","2118","0","0","0","N","0","0","0","3","02118","1","","2.0","","1","N","N","","0","","0","0","0","","0","N","","1","1","0","0","0","0","0","2","0","1","","","","N","","","","","","","","","",""
"2011124252","","0","0","0","0","0","0","0","0","0","4","0","","02","11","2011","1","40.475508","-80.086308","","11","0","0","0","0","0","0","0","0","1","0","0","0","","","1","","0","","40 28:31.830","6","0","80 05:10.710","3","0","0","0","2126","0","0","0","N","0","0","0","3","02126","0","","1.0","","1","N","N","","2","","1","0","0","","0","Y","","2","1","1","0","0","0","0","2","0","2","","","","N","","","","","","","","","",""