"CRN","ARRIVAL_TM","AUTOMOBILE_COUNT","BELTED_DEATH_COUNT","BELTED_SUSP_SERIOUS_INJ_COUNT","BICYCLE_COUNT","BICYCLE_DEATH_COUNT","BICYCLE_SUSP_SERIOUS_INJ_COUNT","BUS_COUNT","CHLDPAS_DEATH_COUNT","CHLDPAS_SUSP_SERIOUS_INJ_COUNT","COLLISION_TYPE","COMM_VEH_COUNT","CONS_ZONE_SPD_LIM","COUNTY","CRASH_MONTH","CRASH_YEAR","DAY_OF_WEEK","DEC_LATITUDE","DEC_LONGITUDE","DISPATCH_TM","DISTRICT","DRIVER_COUNT_16YR","DRIVER_COUNT_17YR","DRIVER_COUNT_18YR","DRIVER_COUNT_19YR","DRIVER_COUNT_20YR","DRIVER_COUNT_50_64YR","DRIVER_COUNT_65_74YR","DRIVER_COUNT_75PLUS","EST_HRS_CLOSED","FATAL_COUNT","HEAVY_TRUCK_COUNT","HORSE_BUGGY_COUNT","HOUR_OF_DAY","ILLUMINATION","INJURY_COUNT","INTERSECTION_RELATED","INTERSECT_TYPE","LANE_CLOSED","LATITUDE","LN_CLOSE_DIR","LOCATION_TYPE","LONGITUDE","MAX_SEVERITY_LEVEL","MCYCLE_DEATH_COUNT","MCYCLE_SUSP_SERIOUS_INJ_COUNT","MOTORCYCLE_COUNT","MUNICIPALITY","NONMOTR_COUNT","NONMOTR_DEATH_COUNT","NONMOTR_SUSP_SERIOUS_INJ_COUNT","NTFY_HIWY_MAINT","PED_COUNT","PED_DEATH_COUNT","PED_SUSP_SERIOUS_INJ_COUNT","PERSON_COUNT","POLICE_AGCY","POSSIBLE_INJ_COUNT","RDWY_SURF_TYPE_CD","RELATION_TO_ROAD","ROADWAY_CLEARED","ROAD_CONDITION","SCH_BUS_IND","SCH_ZONE_IND","SECONDARY_CRASH","SMALL_TRUCK_COUNT","SPEC_JURIS_CD","SUSP_MINOR_INJ_COUNT","SUSP_SERIOUS_INJ_COUNT","SUV_COUNT","TCD_FUNC_CD","TCD_TYPE","TFC_DETOUR_IND","TIME_OF_DAY","TOTAL_UNITS","TOT_INJ_COUNT","UNBELTED_OCC_COUNT","UNB_DEATH_COUNT","UNB_SUSP_SERIOUS_INJ_COUNT","UNK_INJ_DEG_COUNT","UNK_INJ_PER_COUNT","URBAN_RURAL","VAN_COUNT","VEHICLE_COUNT","WEATHER1","WEATHER2","WORKERS_PRES","WORK_ZONE_IND","WORK_ZONE_LOC","WORK_ZONE_TYPE","WZ_CLOSE_DETOUR","WZ_FLAGGER","WZ_LAW_OFFCR_IND","WZ_LN_CLOSURE","WZ_MOVING","WZ_OTHER","WZ_SHLDER_MDN","WZ_WORKERS_INJ_KILLED"
"2011118790","","1","0","0","0","0","0","0","0","0","1","0","45","02","11","2011","3","40.655438","-80.092966","","11","0","0","0","0","0","0","0","0","","0","0","0","","","0","","0","","40 39:19.576","","0","80 05:34.678","0","0","0","0","2212","0","0","0","N","0","0","0","3","68B03","0","","1.0","","1","N","N","","0","","0","0","1","","0","","","2","0","0","0","0","0","0","2","0","2","","","Y","Y","4","1","N","N","Y","Y","N","N","N",""
"2011121222","","0","0","0","0","0","0","0","0","0","7","1","","02","11","2011","3","40.573965","-79.863551","","11","0","0","0","0","0","1","0","0","2","0","1","0","","","0","","0","","40 34:26.275","3","0","79 51:48.785","0","0","0","0","2209","0","0","0","N","0","0","0","1","68T02","0","","2.0","","1","N","N","","0","","0","0","0","","0","N","","1","0","0","0","0","0","0","2","0","1","","","","N","","","","","","","","","",""
"2011120482","","1","0","0","0","0","0","0","0","0","1","0","","02","11","2011","2","40.47767","-79.759271","","11","0","0","0","0","0","1","0","0","","0","0","0","","","1","","3","","40 28:39.613","","0","79 45:33.376","4","0","0","0","2466","0","0","0","N","0","0","0","3","02466","1","","1.0","","9","N","N","","0","","0","0","1","","0","","","2","1","0","0","0","0","0","2","0","2","","","","N","","","","","","","","","",""
"2011119025","","1","0","0","0","0","0","0","0","0","1","0","","02","11","2011","6","40.407327","-79.890172","","11","0","0","0","0","0","0","0","0","","0","0","0","","","0","","2","","40 24:26.378","","0","79 53:24.619","0","0","0","0","2448","0","0","0","N","0","0","0","2","02448","0","","1.0","","1","N","N","","0","","0","0","1","","2","","","2","0","0","0","0","0","0","2","0","2","","","","N","","","","","","","","","",""
"2011118352","","2","0","1","0","0","0","0","0","0","1","0","","02","11","2011","7","40.603356","-80.050057","","11","0","0","0","0","0","0","1","0","1","0","0","0","","","2","","0","","40 36:12.081","1","0","80 03:00.206","2","0","0","0","2108","0","0","0","N","0","0","0","4","02108","1","","1.0","","1","N","N","","0","","0","1","0","","0","N","","2","2","0","0","0","0","0","2","0","2","","","","N","","","","","","","","","",""
"2011118364","","0","0","0","0","0","0","0","0","0","4","0","","02","11","2011","2","40.574391","-80.016529","","11","0","0","0","0","0","1","0","1","","0","0","0","","","0","","1","","40 34:27.807","","0","80 00:59.504","0","0","0","0","2108","0","0","0","N","0","0","0","2","02108","0","","1.0","","1","N","N","","0","","0","0","1","","3","","","2","0","0","0","0","0","0","2","1","2","","","","N","","","","","","","","","",""
"2011118791","","2","0","0","0","0","0","0","0","0","1","0","","02","11","2011","3","40.621066","-80.096022","","11","0","0","0","0","0","0","0","0","2","0","0","0","","","0","","0","","40 37:15.836","1","0","80 05:45.680","0","0","0","0","2212","0","0","0","N","0","0","0","2","68B03","0","","1.0","","9","N","N","","0","","0","0","0","","0","N","","2","0","0","0","0","0","0","2","0","2","","","","N","","","","","","","","","",""
"2011119026","","2","0","0","0","0","0","0","0","0","5","0","","02","11","2011","6","40.429543","-79.97753","","11","0","0","0","0","0","1","0","0","1","0","0","0","","","0","","0","","40 25:46.354","2","0","79 58:39.108","0","0","0","0","2301","0","0","0","N","0","0","0","2","02301","0","","1.0","","1","N","N","","0","","0","0","0","","0","N","","2","0","1","0","0","0","0","2","0","2","","","","N","","","","","","","","","",""
"2011119781","","0","0","0","0","0","0","0","0","0","99","0","","02","11","2011","7","40.4252","-79.946977","","11","0","0","0","0","0","0","0","0","","0","0","0","","","0","","2","","40 25:30.720","","0","79 56:49.117","0","0","0","0","2301","0","0","0","N","0","0","0","1","02301","0","","1.0","","1","N","N","","0","","0","0","1","","3","","","1","0","0","0","0","0","0","2","0","1","","","","N","","","","","","","","","",""
"2011118353","","2","0","0","0","0","0","0","0","0","2","0","","02","11","2011","3","40.558055","-80.026832","","11","0","0","0","0","0","0","0","0","1","0","0","0","","","0","","2","","40 33:28.998","3","0","80 01:36.594","0","0","0","0","2108","0","0","0","N","0","0","0","2","02108","0","","1.0","","1","N","N","","0","","0","0","0","","0","N","","2","0","0","0","0","0","0","2","0","2","","","","N","","","","","","","","","",""
"2011118792","","2","0","0","0","0","0","0","0","0","1","0","","02","11","2011","5","40.425012","-80.118633","","11","0","0","0","0","0","1","1","0","2","0","0","0","","","0","","0","","40 25:30.044","3","0","80 07:07.078","0","0","0","0","2102","0","0","0","N","0","0","0","3","68B03","0","","1.0","","1","N","N","","0","","0","0","0","","0","N","","2","0","0","0","0","0","0","2","0","2","","","","N","","","","","","","","","",""
"2011120484","","1","0","0","0","0","0","0","0","0","4","0","","02","11","2011","2","40.386774","-80.045237","","11","0","0","0","0","0","2","0","0","2","0","0","0","","","0","","1","","40 23:12.386","6","0","80 02:42.853","0","0","0","0","2109","0","0","0","N","0","0","0","2","02109","0","","1.0","","1","N","N","","1","","0","0","0","","3","Y","","2","0","0","0","0","0","0","2","0","2","","","","N","","","","","","","","","",""
"2011118354","","0","0","0","0","0","0","0","0","0","0","0","","02","11","2011","7","40.591087","-80.022253","","11","1","0","0","0","0","0","0","0","2","0","0","0","","","2","","0","","40 35:27.913","5","0","80 01:20.112","4","0","0","0","2108","0","0","0","N","0","0","0","2","02108","2","","2.0","","9","N","N","","0","","0","0","1","","0","Y","","1","2","0","0","0","0","0","2","0","1","","","","N","","","","","","","","","",""
"2011118366","","0","0","0","0","0","0","0","0","0","7","0","","02","11","2011","1","40.503651","-80.081082","","11","0","0","0","0","0","0","0","0","","0","0","0","","","1","","3","","40 30:13.144","","0","80 04:51.896","4","0","0","0","2405","0","0","0","N","0","0","0","2","02215","1","","2.0","","9","N","N","","0","","0","0","1","","0","","","1","1","0","0","0","0","0","2","0","1","","","","N","","","","","","","","","",""
"2011120485","","1","0","0","0","0","0","0","0","0","1","0","","02","10","2011","5","40.371342","-79.789028","","11","0","0","0","0","0","0","1","0","2","0","0","0","","","1","","2","","40 22:16.832","3","0","79 47:20.502","4","0","0","0","2111","0","0","0","N","0","0","0","3","02111","1","","1.0","","1","N","N","","0","","0","0","1","","0","N","","2","1","1","0","0","0","0","2","0","2","","","","N","","","","","","","","","",""
"2011118355","","1","0","0","0","0","0","0","0","0","2","0","","02","11","2011","5","40.567388","-80.00696","","11","0","0","0","0","0","1","0","0","","0","0","0","","","0","","1","","40 34:02.595","","0","80 00:25.056","0","0","0","0","2108","0","0","0","N","0","0","0","4","02108","0","","1.0","","9","N","N","","0","","0","0","1","","2","","","2","0","0","0","0","0","0","2","0","2","","","","N","","","","","","","","","",""
"2011120602","","2","0","0","0","0","0","0","0","0","1","0","","02","10","2011","6","40.4289","-79.932028","","11","0","0","0","0","0","1","0","0","","0","0","0","","","1","","6","","40 25:44.039","","2","79 55:55.300","4","0","0","0","2301","0","0","0","N","0","0","0","2","68B03","1","","1.0","","1","N","N","","0","","0","0","0","","3","","","2","1","0","0","0","0","0","2","0","2","","","","N","","","","","","","","","",""
"2011119872","","1","0","0","0","0","0","0","0","0","4","0","","02","11","2011","1","40.452332","-79.933456","","11","0","0","0","0","0","0","0","0","","0","0","0","","","0","","0","","40 27:08.395","","7","79 56:00.441","0","0","0","0","2301","0","0","0","N","0","0","0","2","02301","0","","1.0","","1","N","N","","0","","0","0","1","","3","","","2","0","0","0","0","0","0","2","0","2","","","","N","","","","","","","","","",""
"2011118794","","0","0","0","0","0","0","0","0","0","1","0","","02","11","2011","6","40.428784","-80.13171","","11","0","0","0","0","0","0","1","0","1","0","0","0","","","2","","0","","40 25:43.622","4","0","80 07:54.157","8","0","0","0","2102","0","0","0","N","0","0","0","3","68B03","0","","1.0","","1","N","N","","0","","0","0","2","","0","N","","2","2","0","0","0","2","0","2","0","2","","","","N","","","","","","","","","",""
"2011119538","","2","0","0","0","0","0","0","0","0","1","0","","02","9","2011","3","40.537604","-80.272132","","11","0","0","0","0","0","0","1","0","","0","0","0","","","1","","0","","40 32:15.375","","0","80 16:19.675","4","0","0","0","2203","0","0","0","N","0","0","0","4","68B03","1","","1.0","","1","N","N","","0","","0","0","0","","0","","","2","1","0","0","0","0","0","1","0","2","","","","N","","","","","","","","","",""
"2011120486","","0","0","0","0","0","0","0","0","0","7","0","","02","11","2011","2","40.429155","-79.838326","","11","0","0","1","0","0","1","0","0","2","0","0","0","","","1","","2","","40 25:44.957","1","0","79 50:17.973","8","0","0","0","2419","0","0","0","N","0","0","0","2","02419","0","","5.0","","1","N","N","","1","","0","0","0","","0","Y","","2","1","0","0","0","1","0","2","1","2","","","","N","","","","","","","","","",""
"2011119784","","1","0","0","0","0","0","0","0","0","2","0","40","02","11","2011","7","40.653964","-79.838761","","11","0","0","0","0","0","0","0","0","2","0","0","0","","","0","","1","","40 39:14.269","1","0","79 50:19.541","0","0","0","0","2220","0","0","0","N","0","0","0","4","02220","0","","1.0","","1","N","N","","0","","0","0","1","","3","Y","","2","0","0","0","0","0","0","1","0","2","","","N","Y","4","2","","","N","Y","","","",""
"2011120603","","1","0","0","0","0","0","0","0","0","7","0","","02","10","2011","1","40.618152","-80.096014","","11","0","0","0","0","0","1","0","0","2","0","0","0","","","2","","0","","40 37:05.348","2","0","80 05:45.650","8","0","0","0","2212","0","0","0","Y","0","0","0","2","68B03","0","","2.0","","1","N","N","","0","","0","0","0","","0","N","","1","2","2","0","0","2","0","2","0","1","","","","N","","","","","","","","","",""
"2011118795","","3","0","0","0","0","0","0","0","0","1","0","","02","11","2011","3","40.417028","-80.08658","","11","0","0","0","0","0","0","0","0","1","0","0","0","","","0","","0","","40 25:01.299","3","0","80 05:11.689","0","0","0","0","2415","0","0","0","N","0","0","0","3","68B03","0","","1.0","","9","N","N","","0","","0","0","0","","0","N","","3","0","0","0","0","0","0","2","0","3","","","","N","","","","","","","","","",""
"2011119539","","1","0","0","0","0","0","0","0","0","99","0","","02","11","2011","3","40.471431","-80.210046","","11","0","0","0","0","0","0","0","0","","0","0","0","","","0","","0","","40 28:17.153","","0","80 12:36.166","0","0","0","0","2203","0","0","0","N","0","0","0","1","68B03","0","","1.0","","1","N","N","","0","","0","0","0","","0","","","1","0","0","0","0","0","0","2","0","1","","","","N","","","","","","","","","",""
"2011119613","","1","0","0","0","0","0","0","0","0","1","0","","02","11","2011","5","40.546137","-80.016944","","11","0","0","0","0","1","1","0","0","2","0","0","0","","","1","","0","","40 32:46.093","1","0","80 01:00.999","8","0","0","0","2116","0","0","0","","0","0","0","3","02116","0","","1.0","","1","","","","0","","0","0","2","","0","N","","3","1","0","0","0","1","0","2","0","3","","","","N","","","","","","","","","",""
"2011120488","","0","0","0","0","0","0","0","0","0","8","0","","02","11","2011","2","40.455059","-79.9415","","11","0","0","0","0","0","0","0","0","1","0","0","0","","","1","","1","","40 27:18.212","4","0","79 56:29.400","3","0","0","0","2301","1","0","0","N","1","0","0","2","02301","0","","1.0","","1","N","N","","0","","1","0","1","","2","N","","2","1","0","0","0","0","0","2","0","1","","","","N","","","","","","","","","",""
"2011120604","","1","0","0","0","0","0","0","0","0","7","0","","02","10","2011","2","40.428578","-79.936387","","11","0","1","0","0","0","0","0","0","","0","0","0","","","1","","0","","40 25:42.880","","0","79 56:10.992","3","0","0","0","2301","0","0","0","N","0","0","0","1","68B03","0","","4.0","","1","N","N","","0","","1","0","0","","0","","","1","1","0","0","0","0","0","2","0","1","","","","N","","","","","","","","","",""
"2011119540","","4","0","0","0","0","0","0","0","0","1","0","","02","11","2011","6","40.416846","-80.057365","","11","0","0","0","0","0","1","0","0","1","0","0","0","","","0","","0","","40 25:00.646","3","0","80 03:26.515","0","0","0","0","2435","0","0","0","N","0","0","0","5","68B03","0","","1.0","","1","N","N","","0","","0","0","0","","0","N","","4","0","0","0","0","0","0","2","0","4","","","","N","","","","","","","","","",""
"2011121298","","2","0","0","0","0","0","0","0","0","1","0","","02","11","2011","4","40.448912","-79.932571","","11","0","0","0","0","0","0","0","0","","0","0","0","","","0","","2","","40 26:56.083","","0","79 55:57.255","0","0","0","0","2301","0","0","0","N","0","0","0","5","02301","0","","1.0","","9","N","N","","0","","0","0","0","","0","","","2","0","0","0","0","0","0","2","0","2","","","","N","","","","","","","","","",""
"2011120605","","2","0","0","0","0","0","0","0","0","1","0","","02","10","2011","4","40.44866","-80.006623","","11","0","0","0","0","0","1","0","0","","0","0","0","","","2","","6","","40 26:55.176","","2","80 00:23.843","8","0","0","0","2301","0","0","0","N","0","0","0","2","68B03","0","","1.0","","9","N","N","","0","","0","0","0","","4","","","2","2","0","0","0","2","0","2","0","2","","","","N","","","","","","","","","",""
"2011119541","","2","0","0","0","0","0","0","0","0","1","0","","02","11","2011","2","40.424715","-80.113528","","11","0","0","0","0","0","0","0","0","1","0","0","0","","","2","","0","","40 25:28.975","3","0","80 06:48.701","4","0","0","0","2102","0","0","0","N","0","0","0","2","68B03","2","","1.0","","9","N","N","","0","","0","0","0","","0","N","","2","2","1","0","0","0","0","2","0","2","","","","N","","","","","","","","","",""
"2011119876","","1","0","0","0","0","0","0","0","0","4","0","","02","11","2011","1","40.465747","-79.942732","","11","0","0","0","0","0","0","0","0","","0","0","0","","","1","","1","","40 27:56.689","","0","79 56:33.835","3","0","0","0","2301","0","0","0","N","0","0","0","2","02301","0","","1.0","","1","N","N","","0","","1","0","1","","3","","","2","1","0","0","0","0","1","2","0","2","","","","N","","","","","","","","","",""
"2011119542","","1","0","0","0","0","0","0","0","0","1","0","","02","11","2011","4","40.427768","-79.890323","","11","0","0","0","0","0","2","0","0","","0","0","0","","","0","","0","","40 25:39.966","","0","79 53:25.162","0","0","0","0","2426","0","0","0","N","0","0","0","4","68B03","0","","1.0","","9","N","N","","0","","0","0","2","","0","","","3","0","0","0","0","0","0","2","0","3","","","","N","","","","","","","","","",""
"2011121230","","1","0","0","0","0","0","0","0","0","1","0","","02","11","2011","2","40.433358","-79.797696","","11","0","0","0","1","0","1","0","0","","0","0","0","","","1","","0","","40 26:00.088","","7","79 47:51.706","3","0","0","0","2446","0","0","0","N","0","0","0","2","02446","0","","1.0","","1","N","N","","0","","1","0","1","","0","","","2","1","0","0","0","0","0","2","0","2","","","","N","","","","","","","","","",""
"2011121300","","1","0","0","0","0","0","0","0","0","1","0","","02","11","2011","4","40.467216","-80.10615","","11","0","0","0","0","0","0","0","0","","0","0","0","","","0","","10","","40 28:01.977","","0","80 06:22.140","0","0","0","0","2126","0","0","0","N","0","0","0","2","02126","0","","1.0","","9","N","N","","0","","0","0","1","","0","","","2","0","0","0","0","0","0","2","0","2","","","","N","","","","","","","","","",""
"2011119543","","2","0","0","0","0","0","0","0","0","1","0","","02","11","2011","5","40.418686","-80.053525","","11","0","0","0","0","0","0","1","0","","0","0","0","","","0","","0","","40 25:07.271","","0","80 03:12.691","0","0","0","0","2435","0","0","0","N","0","0","0","3","68B03","0","","1.0","","1","N","N","","0","","0","0","0","","0","","","2","0","0","0","0","0","0","2","0","2","","","","N","","","","","","","","","",""
"2011119752","","0","0","0","0","0","0","0","0","0","5","0","","02","11","2011","7","40.488524","-80.011228","","11","0","0","0","0","0","0","0","0","","0","0","0","","","0","","0","","40 29:18.686","","0","80 00:40.420","0","0","0","0","2301","0","0","0","N","0","0","0","2","02301","0","","1.0","","1","N","N","","0","","0","0","2","","0","","","2","0","0","0","0","0","0","2","0","2","","","","N","","","","","","","","","",""
"2011118374","","2","0","0","0","0","0","0","0","0","1","0","","02","11","2011","2","40.300226","-80.030106","","11","0","0","1","0","0","0","0","1","","0","0","0","","","1","","0","","40 18:00.813","","0","80 01:48.381","8","0","0","0","2407","0","0","0","N","0","0","0","3","02407","0","","1.0","","1","N","N","","0","","0","0","1","","0","","","3","1","0","0","0","1","1","2","0","3","","","","N","","","","","","","","","",""
"2011119544","","3","0","0","0","0","0","0","0","0","1","0","","02","11","2011","5","40.419481","-80.051893","","11","0","0","0","0","0","0","0","0","","0","0","0","","","1","","0","","40 25:10.130","","0","80 03:06.813","4","0","0","0","2435","0","0","0","N","0","0","0","3","68B03","1","","1.0","","1","N","N","","0","","0","0","0","","0","","","3","1","1","0","0","0","0","2","0","3","","","","N","","","","","","","","","",""
"2011121302","","1","0","0","0","0","0","0","0","0","1","1","","02","11","2011","4","40.427034","-79.938467","","11","0","0","1","0","0","0","0","0","","0","1","0","","","0","","0","","40 25:37.324","","0","79 56:18.480","0","0","0","0","2301","0","0","0","N","0","0","0","2","02301","0","","1.0","","1","N","N","","0","","0","0","0","","0","","","2","0","0","0","0","0","0","2","0","2","","","","N","","","","","","","","","",""
"2011119754","","2","0","0","0","0","0","0","0","0","4","0","","02","11","2011","7","40.325914","-79.839452","","11","0","0","0","0","0","0","0","0","2","0","0","0","","","1","","2","","40 19:33.291","1","0","79 50:22.028","3","0","0","0","2304","0","0","0","N","0","0","0","5","02304","0","","1.0","","1","N","N","","0","","1","0","0","","0","N","","2","1","5","0","0","0","0","2","0","2","","","","N","","","","","","","","","",""
"2011119794","","1","0","0","0","0","0","0","0","0","1","0","","02","11","2011","7","40.362366","-79.931995","","11","0","0","0","0","0","0","1","0","","0","0","0","","","0","","1","","40 21:44.516","","0","79 55:55.181","0","0","0","0","2473","0","0","0","N","0","0","0","3","02473","0","","1.0","","1","N","N","","0","","0","0","1","","2","","","2","0","0","0","0","0","0","2","0","2","","","","N","","","","","","","","","",""
"2011120494","","1","0","0","0","0","0","0","0","0","6","0","","02","11","2011","2","40.552806","-79.971483","","11","0","0","0","1","0","0","0","0","1","0","0","0","","","0","","0","","40 33:10.103","5","0","79 58:17.337","0","0","0","0","2118","0","0","0","N","0","0","0","3","02118","0","","1.0","","1","N","N","","0","","0","0","0","","0","N","","2","0","0","0","0","0","0","2","1","2","","","","N","","","","","","","","","",""
"2011119819","","1","0","0","0","0","0","0","0","0","7","0","","02","11","2011","6","40.432616","-80.140328","","11","0","0","0","0","0","0","0","0","","0","0","0","","","0","","0","","40 25:57.417","","0","80 08:25.181","0","0","0","0","2115","0","0","0","N","0","0","0","1","68B03","0","","2.0","","1","N","N","","0","","0","0","0","","0","","","1","0","0","0","0","0","0","2","0","1","","","","N","","","","","","","","","",""
"2011119883","","1","0","0","0","0","0","0","0","0","4","0","","02","11","2011","7","40.367734","-79.779388","","11","0","0","0","0","0","1","0","0","","0","0","0","","","0","","0","","40 22:03.844","","0","79 46:45.795","0","0","0","0","2111","0","0","0","N","0","0","0","2","02111","0","","1.0","","1","N","N","","0","","0","0","0","","0","","","2","0","0","0","0","0","0","2","1","2","","","","N","","","","","","","","","",""
"2011120496","","2","0","0","0","0","0","0","0","0","4","0","","02","10","2011","5","40.383138","-79.827649","","11","0","0","0","0","0","1","0","0","2","0","0","0","","","0","","1","","40 22:59.298","4","0","79 49:39.538","0","0","0","0","2111","0","0","0","N","0","0","0","3","02111","0","","1.0","","1","N","N","","0","","0","0","0","","2","N","","2","0","0","0","0","0","0","2","0","2","","","","N","","","","","","","","","",""
"2011119797","","1","0","0","0","0","0","0","0","0","1","0","","02","11","2011","1","40.396195","-80.023707","","11","0","0","0","0","0","0","0","0","","0","0","0","","","1","","1","","40 23:46.302","","0","80 01:25.345","4","0","0","1","2301","0","0","0","N","0","0","0","3","02301","1","","1.0","","1","N","N","","0","","0","0","0","","2","","","2","1","0","0","0","0","0","2","0","2","","","","N","","","","","","","","","",""
"2011119884","","1","0","0","0","0","0","0","0","0","1","0","","02","11","2011","1","40.463882","-79.931516","","11","0","0","0","0","0","0","0","0","","0","0","0","","","0","","0","","40 27:49.975","","0","79 55:53.457","0","0","0","0","2301","0","0","0","N","0","0","0","2","02301","0","","1.0","","1","N","N","","1","","0","0","0","","0","","","2","0","0","0","0","0","0","2","0","2","","","","N","","","","","","","","","",""
"2011121236","","1","0","0","0","0","0","0","0","0","7","0","","02","11","2011","3","40.409618","-79.983312","","11","0","0","0","0","0","0","0","0","","0","0","0","","","0","","0","","40 24:34.624","","0","79 58:59.923","0","0","0","0","2447","0","0","0","N","0","0","0","0","02447","0","","5.0","","98","N","N","","0","","0","0","0","","0","","","1","0","0","0","0","0","0","2","0","1","","","","N","","","","","","","","","",""
"2011120497","","2","0","0","0","0","0","0","0","0","4","0","","02","11","2011","2","40.38128","-79.976168","","11","0","0","0","0","0","0","0","0","2","0","0","0","","","0","","2","","40 22:52.608","2","0","79 58:34.204","0","0","0","0","2413","0","0","0","N","0","0","0","2","02413","0","","1.0","","1","N","N","","0","","0","0","0","","0","Y","","2","0","0","0","0","0","0","2","0","2","","","","N","","","","","","","","","",""
"2011118314","0621","0","0","0","0","0","0","0","0","0","99","0","","02","11","2011","4","40.270133","-79.796264","0614","11","0","0","0","0","0","0","0","0","","0","0","0","","","0","","0","","40 16:12.480","","0","79 47:46.550","0","0","0","0","2105","0","0","0","N","0","0","0","1","02105","0","","1.0","","1","N","N","","0","","0","0","1","","0","","","1","0","0","0","0","0","0","2","0","1","","","","N","","","","","","","","","",""
"2011119886","1335","2","0","0","0","0","0","0","0","0","2","0","","02","11","2011","6","40.535943","-79.841703","1330","11","0","0","0","1","0","1","0","0","","0","0","0","","","0","","0","","40 32:09.393","","7","79 50:30.132","0","0","0","0","2208","0","0","0","N","0","0","0","2","02208","0","","1.0","","1","N","N","","0","","0","0","0","","0","","","2","0","1","0","0","0","0","2","0","2","","","","N","","","","","","","","","",""
"2011119799","0019","2","0","0","0","0","0","0","0","0","2","0","","02","11","2011","4","40.418456","-79.880973","0016","11","0","0","0","0","0","0","0","0","1","0","0","0","","","1","","2","","40 25:06.441","1","0","79 52:51.502","4","0","0","0","2463","0","0","0","N","0","0","0","4","02463","1","","1.0","","1","N","N","","0","","0","0","0","","0","N","","2","1","0","0","0","0","0","2","0","2","","","","N","","","","","","","","","",""
"2011119697","1151","1","0","0","0","0","0","0","0","0","4","0","","02","11","2011","4","40.379122","-80.110185","1146","11","0","0","0","0","0","0","0","0","1","0","0","0","","","1","","0","","40 22:44.839","3","7","80 06:36.666","4","0","0","0","2102","0","0","0","N","0","0","0","2","02102","1","","1.0","","9","N","N","","1","","0","0","0","","3","N","","2","1","0","0","0","0","0","2","0","2","","","","N","","","","","","","","","",""
"2011120515","2206","1","0","0","0","0","0","0","0","0","1","0","","02","11","2011","4","40.444582","-79.942971","2206","11","0","0","0","0","0","0","0","0","2","0","0","0","","","0","","2","","40 26:40.494","3","0","79 56:34.697","0","0","0","0","2301","0","0","0","N","0","0","0","2","02301","0","","1.0","","1","N","N","","0","","0","0","1","","2","N","","2","0","0","0","0","0","0","2","0","2","","","","N","","","","","","","","","",""
"2011119802","0216","1","0","0","0","0","0","0","0","0","7","0","","02","11","2011","1","40.442196","-79.983277","0216","11","0","0","0","0","0","0","0","0","","0","0","0","","","0","","1","","40 26:31.905","","0","79 58:59.797","0","0","0","0","2301","0","0","0","N","0","0","0","1","02301","0","","5.0","","1","N","N","","0","","0","0","1","","0","","","2","0","0","0","0","0","0","2","0","2","","","","N","","","","","","","","","",""
"2011119065","0004","1","0","0","0","0","0","0","0","0","7","0","","02","9","2011","7","40.434515","-80.144036","2345","11","0","0","0","0","1","0","0","0","","0","0","0","","","2","","0","","40 26:04.253","","0","80 08:38.529","3","0","0","0","2115","0","0","0","N","0","0","0","2","68B03","1","","4.0","","1","N","N","","0","","1","0","0","","0","","","1","2","2","0","0","0","0","2","0","1","","","","N","","","","","","","","","",""
"2011120502","1749","2","0","0","0","0","0","0","0","0","1","0","","02","11","2011","1","40.491962","-79.938344","1748","11","0","1","0","0","0","0","0","1","2","0","0","0","","","2","","0","","40 29:31.063","2","3","79 56:18.040","4","0","0","0","2461","0","0","0","N","0","0","0","3","02461","2","","1.0","","1","N","N","","0","","0","0","0","","0","Y","","3","2","0","0","0","0","0","2","0","2","","","","N","","","","","","","","","",""
"2011119066","0456","1","0","0","0","0","0","0","0","0","7","0","","02","9","2011","5","40.372341","-80.108906","0435","11","0","0","0","0","0","0","0","0","","0","0","0","","","0","","0","","40 22:20.427","","0","80 06:32.061","0","0","0","0","2102","0","0","0","N","0","0","0","1","68B03","0","","4.0","","1","N","N","","0","","0","0","0","","0","","","1","0","0","0","0","0","0","2","0","1","","","","N","","","","","","","","","",""
"2011120503","0435","1","0","0","0","0","0","0","0","0","7","0","","02","11","2011","2","40.561721","-79.79383","0432","11","0","0","0","1","0","0","0","0","","0","0","0","","","0","","0","","40 33:42.197","","0","79 47:37.789","0","0","0","0","2121","0","0","0","N","0","0","0","1","02121","0","","5.0","","9","N","N","","0","","0","0","0","","0","","","1","0","0","0","0","0","0","2","0","1","","","","N","","","","","","","","","",""
"2011118321","0646","1","0","0","0","0","0","0","0","0","4","0","","02","11","2011","5","40.445762","-79.992392","0634","11","0","0","0","0","0","1","0","0","","0","0","0","","","0","","1","","40 26:44.743","","0","79 59:32.611","0","0","0","0","2301","0","0","0","N","0","0","0","2","02301","0","","1.0","","1","N","N","","0","","0","0","0","","2","","","2","0","0","0","0","0","0","2","1","2","","","","N","","","","","","","","","",""